Tarih,NoktaId,NoktaAdi,HealthFactor,NextHealthFactor,FutureDeltaHF,HorizonDays,TrendLabel,Model,PredictedTrend,Probability_Drop,Probability_Stable,Probability_Rise
2026-05-20,2.000000,YENİŞEHİR,89.171251,89.416424,0.245173,21.000000,Rise,Extra Trees,Rise,0.265610,0.201165,0.533225
2026-06-10,2.000000,YENİŞEHİR,89.416424,89.532934,0.116509,14.000000,Rise,Extra Trees,Drop,0.467228,0.152685,0.380088
2026-06-24,2.000000,YENİŞEHİR,89.532934,89.481268,-0.051665,14.000000,Drop,Extra Trees,Drop,0.485275,0.192487,0.322238
2026-07-08,2.000000,YENİŞEHİR,89.481268,89.630209,0.148941,21.000000,Rise,Extra Trees,Drop,0.501943,0.204921,0.293137
2026-05-20,3.000000,KONAK,88.916794,89.344710,0.427916,21.000000,Rise,Extra Trees,Rise,0.128192,0.168431,0.703378
2026-06-10,3.000000,KONAK,89.344710,89.501654,0.156944,14.000000,Rise,Extra Trees,Drop,0.432838,0.164832,0.402330
2026-06-24,3.000000,KONAK,89.501654,89.434766,-0.066888,14.000000,Drop,Extra Trees,Drop,0.423576,0.189084,0.387340
2026-07-08,3.000000,KONAK,89.434766,89.614325,0.179559,21.000000,Rise,Extra Trees,Drop,0.487016,0.220949,0.292035
2026-05-20,4.000000,GÜZELBAHÇE,89.607465,89.803805,0.196340,21.000000,Rise,Extra Trees,Rise,0.331829,0.308035,0.360135
2026-06-10,4.000000,GÜZELBAHÇE,89.803805,89.682425,-0.121380,14.000000,Drop,Extra Trees,Drop,0.476379,0.261978,0.261643
2026-06-24,4.000000,GÜZELBAHÇE,89.682425,89.862392,0.179967,14.000000,Rise,Extra Trees,Stable,0.305986,0.358696,0.335318
2026-07-08,4.000000,GÜZELBAHÇE,89.862392,89.786163,-0.076229,21.000000,Drop,Extra Trees,Drop,0.384831,0.357277,0.257892
2026-05-20,5.000000,NARLIDERE,89.622811,89.835110,0.212300,21.000000,Rise,Extra Trees,Rise,0.333320,0.308170,0.358510
2026-06-10,5.000000,NARLIDERE,89.835110,89.669981,-0.165129,14.000000,Drop,Extra Trees,Drop,0.491446,0.257230,0.251324
2026-06-24,5.000000,NARLIDERE,89.669981,89.913736,0.243755,14.000000,Rise,Extra Trees,Rise,0.303867,0.336626,0.359507
2026-07-08,5.000000,NARLIDERE,89.913736,89.807076,-0.106660,21.000000,Drop,Extra Trees,Drop,0.397024,0.350908,0.252067
2026-05-20,6.000000,BALÇOVA,89.609173,89.781806,0.172633,21.000000,Rise,Extra Trees,Drop,0.355415,0.330401,0.314183
2026-06-10,6.000000,BALÇOVA,89.781806,89.582532,-0.199274,14.000000,Drop,Extra Trees,Drop,0.473198,0.263491,0.263311
2026-06-24,6.000000,BALÇOVA,89.582532,89.894872,0.312340,14.000000,Rise,Extra Trees,Rise,0.282871,0.322933,0.394196
2026-05-20,7.000000,ÜÇKUYULAR,89.609897,89.791530,0.181633,21.000000,Rise,Extra Trees,Drop,0.362811,0.292045,0.345144
2026-06-10,7.000000,ÜÇKUYULAR,89.791530,89.610459,-0.181071,14.000000,Drop,Extra Trees,Drop,0.481190,0.236000,0.282810
2026-06-24,7.000000,ÜÇKUYULAR,89.610459,89.911785,0.301326,14.000000,Rise,Extra Trees,Rise,0.304111,0.303016,0.392873
2026-07-08,7.000000,ÜÇKUYULAR,89.911785,89.819160,-0.092625,21.000000,Drop,Extra Trees,Drop,0.405968,0.346212,0.247819
2026-05-20,8.000000,GÜZELYALI,89.599758,89.779916,0.180158,21.000000,Rise,Extra Trees,Rise,0.333836,0.287032,0.379133
2026-06-10,8.000000,GÜZELYALI,89.779916,89.672145,-0.107771,14.000000,Drop,Extra Trees,Drop,0.452826,0.238814,0.308361
2026-06-24,8.000000,GÜZELYALI,89.672145,89.900279,0.228134,14.000000,Rise,Extra Trees,Rise,0.324224,0.303405,0.372371
2026-07-08,8.000000,GÜZELYALI,89.900279,89.800038,-0.100242,21.000000,Drop,Extra Trees,Drop,0.402328,0.343432,0.254240
2026-05-20,9.000000,HATAY,89.931407,90.501942,0.570536,21.000000,Rise,Extra Trees,Drop,0.453324,0.224338,0.322339
2026-06-10,9.000000,HATAY,90.501942,90.032400,-0.469542,14.000000,Drop,Extra Trees,Drop,0.596525,0.292625,0.110850
2026-06-24,9.000000,HATAY,90.032400,90.219082,0.186682,14.000000,Rise,Extra Trees,Rise,0.339499,0.320527,0.339974
2026-05-20,11.000000,YEŞİLYURT,89.931889,90.514492,0.582602,21.000000,Rise,Extra Trees,Drop,0.428046,0.246488,0.325466
2026-06-10,11.000000,YEŞİLYURT,90.514492,90.028834,-0.485658,14.000000,Drop,Extra Trees,Drop,0.587614,0.301883,0.110504
2026-06-24,11.000000,YEŞİLYURT,90.028834,90.207656,0.178822,14.000000,Rise,Extra Trees,Drop,0.359430,0.310498,0.330072
2026-05-20,13.000000,KARABAĞLAR,89.926412,90.516418,0.590005,21.000000,Rise,Extra Trees,Drop,0.402748,0.248341,0.348911
2026-06-10,13.000000,KARABAĞLAR,90.516418,90.023598,-0.492820,14.000000,Drop,Extra Trees,Drop,0.595776,0.292051,0.112173
2026-06-24,13.000000,KARABAĞLAR,90.023598,90.204064,0.180466,14.000000,Rise,Extra Trees,Rise,0.335427,0.316069,0.348504
2026-05-20,14.000000,ESKİ İZMİR,89.945390,90.506369,0.560980,21.000000,Rise,Extra Trees,Drop,0.428405,0.249077,0.322518
2026-06-10,14.000000,ESKİ İZMİR,90.506369,90.025689,-0.480680,14.000000,Drop,Extra Trees,Drop,0.598615,0.289257,0.112128
2026-06-24,14.000000,ESKİ İZMİR,90.025689,90.222125,0.196436,14.000000,Rise,Extra Trees,Drop,0.358453,0.299771,0.341775
2026-07-08,14.000000,ESKİ İZMİR,90.222125,90.196727,-0.025398,21.000000,Stable,Extra Trees,Drop,0.403820,0.389894,0.206286
2026-05-20,15.000000,GAZİEMİR,89.928478,90.501369,0.572891,21.000000,Rise,Extra Trees,Drop,0.409592,0.241454,0.348954
2026-06-10,15.000000,GAZİEMİR,90.501369,90.038934,-0.462435,14.000000,Drop,Extra Trees,Drop,0.613682,0.272836,0.113482
2026-06-24,15.000000,GAZİEMİR,90.038934,90.241629,0.202694,14.000000,Rise,Extra Trees,Drop,0.362435,0.284190,0.353376
2026-07-08,15.000000,GAZİEMİR,90.241629,90.191809,-0.049820,21.000000,Stable,Extra Trees,Drop,0.416985,0.377600,0.205415
2026-05-20,16.000000,GEDİZ,88.642344,90.442743,1.800399,21.000000,Rise,Extra Trees,Rise,0.074533,0.104438,0.821029
2026-06-10,16.000000,GEDİZ,90.442743,90.397690,-0.045053,14.000000,Stable,Extra Trees,Drop,0.735934,0.169777,0.094289
2026-06-24,16.000000,GEDİZ,90.397690,90.424392,0.026702,14.000000,Stable,Extra Trees,Drop,0.590123,0.220694,0.189183
2026-07-08,16.000000,GEDİZ,90.424392,90.298275,-0.126116,21.000000,Drop,Extra Trees,Drop,0.517496,0.312322,0.170182
2026-05-20,17.000000,ŞİRİNYER,88.722518,90.463307,1.740789,21.000000,Rise,Extra Trees,Rise,0.074354,0.106128,0.819518
2026-06-10,17.000000,ŞİRİNYER,90.463307,90.395705,-0.067602,14.000000,Drop,Extra Trees,Drop,0.739341,0.169800,0.090859
2026-06-24,17.000000,ŞİRİNYER,90.395705,90.448692,0.052987,14.000000,Rise,Extra Trees,Drop,0.575111,0.232592,0.192296
2026-07-08,17.000000,ŞİRİNYER,90.448692,90.313001,-0.135691,21.000000,Drop,Extra Trees,Drop,0.508145,0.320225,0.171630
2026-05-20,18.000000,BUCA,88.740093,90.440112,1.700019,21.000000,Rise,Extra Trees,Rise,0.078108,0.110855,0.811036
2026-06-10,18.000000,BUCA,90.440112,90.417150,-0.022962,14.000000,Stable,Extra Trees,Drop,0.736154,0.165717,0.098129
2026-06-24,18.000000,BUCA,90.417150,90.441345,0.024195,14.000000,Stable,Extra Trees,Drop,0.598514,0.207064,0.194422
2026-05-20,19.000000,GÜLÇEŞME,88.669766,90.442406,1.772641,21.000000,Rise,Extra Trees,Rise,0.095227,0.092391,0.812382
2026-06-10,19.000000,GÜLÇEŞME,90.442406,90.407802,-0.034604,14.000000,Stable,Extra Trees,Drop,0.719719,0.160247,0.120034
2026-06-24,19.000000,GÜLÇEŞME,90.407802,90.443230,0.035428,14.000000,Stable,Extra Trees,Drop,0.568346,0.204085,0.227569
2026-07-08,19.000000,GÜLÇEŞME,90.443230,90.319854,-0.123376,21.000000,Drop,Extra Trees,Drop,0.498374,0.304328,0.197297
2026-05-20,20.000000,GÜLTEPE,88.562435,89.468806,0.906371,21.000000,Rise,Extra Trees,Rise,0.086414,0.081880,0.831705
2026-06-10,20.000000,GÜLTEPE,89.468806,89.265996,-0.202810,14.000000,Drop,Extra Trees,Drop,0.467298,0.136607,0.396095
2026-06-24,20.000000,GÜLTEPE,89.265996,90.444880,1.178884,14.000000,Rise,Extra Trees,Rise,0.312736,0.155302,0.531961
2026-07-08,20.000000,GÜLTEPE,90.444880,90.037716,-0.407164,21.000000,Drop,Extra Trees,Drop,0.624778,0.244706,0.130516
2026-05-20,21.000000,ALTINDAĞ,90.143620,90.477106,0.333487,21.000000,Rise,Extra Trees,Drop,0.394735,0.221190,0.384075
2026-06-10,21.000000,ALTINDAĞ,90.477106,90.376517,-0.100589,14.000000,Drop,Extra Trees,Drop,0.577848,0.243211,0.178942
2026-06-24,21.000000,ALTINDAĞ,90.376517,90.053871,-0.322646,14.000000,Drop,Extra Trees,Drop,0.498129,0.287931,0.213940
2026-07-08,21.000000,ALTINDAĞ,90.053871,90.286260,0.232389,21.000000,Rise,Extra Trees,Rise,0.345927,0.283835,0.370238
2026-05-20,22.000000,ÇAMDİBİ,90.154959,90.478890,0.323931,21.000000,Rise,Extra Trees,Drop,0.605938,0.145539,0.248522
2026-06-10,22.000000,ÇAMDİBİ,90.478890,90.290197,-0.188693,14.000000,Drop,Extra Trees,Drop,0.634196,0.173071,0.192734
2026-06-24,22.000000,ÇAMDİBİ,90.290197,90.025515,-0.264682,14.000000,Drop,Extra Trees,Drop,0.475952,0.281857,0.242192
2026-07-08,22.000000,ÇAMDİBİ,90.025515,90.114344,0.088829,21.000000,Rise,Extra Trees,Rise,0.361480,0.260467,0.378053
2026-05-20,23.000000,IŞIKKENT,90.153745,90.469253,0.315508,21.000000,Rise,Extra Trees,Drop,0.410078,0.218388,0.371533
2026-06-10,23.000000,IŞIKKENT,90.469253,90.283286,-0.185967,14.000000,Drop,Extra Trees,Drop,0.582456,0.249676,0.167868
2026-06-24,23.000000,IŞIKKENT,90.283286,89.984217,-0.299069,14.000000,Drop,Extra Trees,Drop,0.456744,0.328196,0.215059
2026-07-08,23.000000,IŞIKKENT,89.984217,90.293613,0.309396,21.000000,Rise,Extra Trees,Rise,0.366212,0.249304,0.384484
2026-05-20,24.000000,PINARBAŞI,90.127186,90.418798,0.291612,21.000000,Rise,Extra Trees,Drop,0.403405,0.219065,0.377530
2026-06-10,24.000000,PINARBAŞI,90.418798,90.299425,-0.119373,14.000000,Drop,Extra Trees,Drop,0.569825,0.258575,0.171599
2026-06-24,24.000000,PINARBAŞI,90.299425,90.063102,-0.236323,14.000000,Drop,Extra Trees,Drop,0.475111,0.315525,0.209364
2026-05-20,25.000000,EVKA-3,90.141286,90.219872,0.078586,21.000000,Rise,Extra Trees,Drop,0.547075,0.166699,0.286227
2026-06-10,25.000000,EVKA-3,90.219872,90.382894,0.163022,14.000000,Rise,Extra Trees,Drop,0.494245,0.260088,0.245666
2026-06-24,25.000000,EVKA-3,90.382894,89.940551,-0.442343,14.000000,Drop,Extra Trees,Drop,0.541606,0.268163,0.190230
2026-07-08,25.000000,EVKA-3,89.940551,90.273312,0.332761,21.000000,Rise,Extra Trees,Rise,0.366997,0.259811,0.373192
2026-05-20,26.000000,BORNOVA,90.158683,90.243283,0.084600,21.000000,Rise,Extra Trees,Drop,0.553174,0.190959,0.255866
2026-06-10,26.000000,BORNOVA,90.243283,90.406226,0.162943,14.000000,Rise,Extra Trees,Drop,0.515326,0.253815,0.230859
2026-06-24,26.000000,BORNOVA,90.406226,90.065401,-0.340826,14.000000,Drop,Extra Trees,Drop,0.546090,0.285070,0.168839
2026-07-08,26.000000,BORNOVA,90.065401,90.286403,0.221003,21.000000,Rise,Extra Trees,Drop,0.358568,0.292853,0.348580
2026-05-20,27.000000,ATATÜRK MAH,90.124933,89.395165,-0.729768,21.000000,Drop,Extra Trees,Drop,0.637413,0.167621,0.194966
2026-06-10,27.000000,ATATÜRK MAH,89.395165,89.586334,0.191169,14.000000,Rise,Extra Trees,Rise,0.345911,0.245167,0.408922
2026-06-24,27.000000,ATATÜRK MAH,89.586334,90.101601,0.515267,14.000000,Rise,Extra Trees,Drop,0.531881,0.135982,0.332137
2026-07-08,27.000000,ATATÜRK MAH,90.101601,89.488579,-0.613022,21.000000,Drop,Extra Trees,Drop,0.644541,0.172286,0.183173
2026-05-20,28.000000,OSMANGAZİ,90.154709,89.419043,-0.735666,21.000000,Drop,Extra Trees,Drop,0.644807,0.129091,0.226102
2026-06-10,28.000000,OSMANGAZİ,89.419043,89.558425,0.139382,14.000000,Rise,Extra Trees,Rise,0.333030,0.252856,0.414114
2026-06-24,28.000000,OSMANGAZİ,89.558425,89.570017,0.011592,14.000000,Stable,Extra Trees,Rise,0.433205,0.114176,0.452619
2026-07-08,28.000000,OSMANGAZİ,89.570017,89.499949,-0.070068,21.000000,Drop,Extra Trees,Drop,0.513079,0.152412,0.334509
2026-05-20,29.000000,ÖZKANLAR,90.149269,89.412169,-0.737100,21.000000,Drop,Extra Trees,Drop,0.628414,0.137385,0.234200
2026-06-10,29.000000,ÖZKANLAR,89.412169,89.556976,0.144806,14.000000,Rise,Extra Trees,Rise,0.323165,0.259330,0.417505
2026-06-24,29.000000,ÖZKANLAR,89.556976,89.107580,-0.449396,14.000000,Drop,Extra Trees,Rise,0.418216,0.118440,0.463343
2026-07-08,29.000000,ÖZKANLAR,89.107580,89.591852,0.484273,21.000000,Rise,Extra Trees,Rise,0.283067,0.185866,0.531067
2026-05-20,30.000000,MANAVKUYU,90.149821,89.323244,-0.826577,21.000000,Drop,Extra Trees,Drop,0.645904,0.170086,0.184010
2026-06-10,30.000000,MANAVKUYU,89.323244,89.506124,0.182880,14.000000,Rise,Extra Trees,Rise,0.315396,0.262084,0.422520
2026-06-24,30.000000,MANAVKUYU,89.506124,88.664931,-0.841193,14.000000,Drop,Extra Trees,Drop,0.492814,0.118843,0.388344
2026-07-08,30.000000,MANAVKUYU,88.664931,89.485632,0.820702,21.000000,Rise,Extra Trees,Rise,0.169838,0.208251,0.621910
2026-05-20,32.000000,EGEKENT,88.861258,88.997606,0.136348,21.000000,Rise,Extra Trees,Rise,0.141459,0.188948,0.669592
2026-06-10,32.000000,EGEKENT,88.997606,89.066391,0.068785,14.000000,Rise,Extra Trees,Rise,0.289867,0.127146,0.582987
2026-06-24,32.000000,EGEKENT,89.066391,89.056502,-0.009889,14.000000,Stable,Extra Trees,Rise,0.266762,0.102352,0.630885
2026-07-08,32.000000,EGEKENT,89.056502,89.315416,0.258914,21.000000,Rise,Extra Trees,Rise,0.263322,0.090784,0.645894
2026-05-20,33.000000,BALATÇIK,88.842834,89.050214,0.207380,21.000000,Rise,Extra Trees,Rise,0.142846,0.188703,0.668451
2026-06-10,33.000000,BALATÇIK,89.050214,89.057845,0.007631,14.000000,Stable,Extra Trees,Rise,0.316026,0.135196,0.548778
2026-06-24,33.000000,BALATÇIK,89.057845,89.114467,0.056622,14.000000,Rise,Extra Trees,Rise,0.270451,0.095950,0.633598
2026-07-08,33.000000,BALATÇIK,89.114467,89.297267,0.182800,21.000000,Rise,Extra Trees,Rise,0.281492,0.099667,0.618841
2026-05-20,34.000000,ÇİĞLİ,88.864846,89.424137,0.559291,21.000000,Rise,Extra Trees,Rise,0.147136,0.200818,0.652046
2026-06-10,34.000000,ÇİĞLİ,89.424137,89.540205,0.116068,14.000000,Rise,Extra Trees,Rise,0.421308,0.155536,0.423155
2026-06-24,34.000000,ÇİĞLİ,89.540205,89.009229,-0.530976,14.000000,Drop,Extra Trees,Drop,0.555084,0.139781,0.305135
2026-07-08,34.000000,ÇİĞLİ,89.009229,89.493153,0.483924,21.000000,Rise,Extra Trees,Rise,0.206881,0.158812,0.634307
2026-05-20,35.000000,BOSTANLI,89.302504,89.293782,-0.008722,21.000000,Stable,Extra Trees,Rise,0.367879,0.157857,0.474264
2026-06-10,35.000000,BOSTANLI,89.293782,89.524071,0.230288,14.000000,Rise,Extra Trees,Rise,0.366071,0.168240,0.465689
2026-06-24,35.000000,BOSTANLI,89.524071,89.502685,-0.021385,14.000000,Stable,Extra Trees,Drop,0.515206,0.159213,0.325581
2026-07-08,35.000000,BOSTANLI,89.502685,89.510151,0.007466,21.000000,Stable,Extra Trees,Drop,0.486832,0.148534,0.364635
2026-05-20,36.000000,ŞEMİKLER,89.309022,89.499476,0.190454,21.000000,Rise,Extra Trees,Rise,0.310901,0.132573,0.556526
2026-06-10,36.000000,ŞEMİKLER,89.499476,89.648444,0.148968,14.000000,Rise,Extra Trees,Drop,0.503199,0.122190,0.374611
2026-06-24,36.000000,ŞEMİKLER,89.648444,89.456349,-0.192095,14.000000,Drop,Extra Trees,Drop,0.571371,0.135163,0.293466
2026-05-20,37.000000,KARŞIYAKA,89.273294,89.505199,0.231905,21.000000,Rise,Extra Trees,Rise,0.307725,0.125459,0.566815
2026-06-10,37.000000,KARŞIYAKA,89.505199,89.457424,-0.047775,14.000000,Stable,Extra Trees,Drop,0.509914,0.119092,0.370993
2026-06-24,37.000000,KARŞIYAKA,89.457424,89.465697,0.008272,14.000000,Stable,Extra Trees,Drop,0.453928,0.168222,0.377850
2026-05-20,38.000000,EVKA-2,89.293664,89.496360,0.202696,21.000000,Rise,Extra Trees,Rise,0.315791,0.133796,0.550413
2026-06-10,38.000000,EVKA-2,89.496360,89.561680,0.065320,14.000000,Rise,Extra Trees,Drop,0.505078,0.125157,0.369764
2026-06-24,38.000000,EVKA-2,89.561680,89.491606,-0.070074,14.000000,Drop,Extra Trees,Drop,0.537845,0.147047,0.315108
2026-07-08,38.000000,EVKA-2,89.491606,89.468740,-0.022866,21.000000,Stable,Extra Trees,Drop,0.456178,0.140994,0.402828
2026-05-20,39.000000,ÖRNEKKÖY,89.332656,89.454102,0.121447,21.000000,Rise,Extra Trees,Rise,0.320928,0.176191,0.502881
2026-06-10,39.000000,ÖRNEKKÖY,89.454102,89.628032,0.173930,14.000000,Rise,Extra Trees,Drop,0.433461,0.163575,0.402964
2026-06-24,39.000000,ÖRNEKKÖY,89.628032,89.494766,-0.133266,14.000000,Drop,Extra Trees,Drop,0.515337,0.142439,0.342224
2026-07-08,39.000000,ÖRNEKKÖY,89.494766,89.454838,-0.039928,21.000000,Stable,Extra Trees,Drop,0.467059,0.153751,0.379190
2026-05-20,40.000000,GÜMÜŞPALA,89.307299,89.464148,0.156850,21.000000,Rise,Extra Trees,Rise,0.310999,0.130984,0.558017
2026-06-10,40.000000,GÜMÜŞPALA,89.464148,89.415235,-0.048913,14.000000,Stable,Extra Trees,Drop,0.492485,0.140798,0.366718
2026-06-24,40.000000,GÜMÜŞPALA,89.415235,89.483664,0.068428,14.000000,Rise,Extra Trees,Rise,0.415097,0.166138,0.418765
2026-07-08,40.000000,GÜMÜŞPALA,89.483664,89.218378,-0.265286,21.000000,Drop,Extra Trees,Drop,0.470857,0.154834,0.374309
2026-06-04,41.000000,DOĞANÇAY,89.058864,89.362006,0.303142,13.000000,Rise,Extra Trees,Rise,0.273901,0.147753,0.578347
2026-06-17,41.000000,DOĞANÇAY,89.362006,89.415040,0.053035,14.000000,Rise,Extra Trees,Rise,0.365366,0.163786,0.470848
2026-07-01,41.000000,DOĞANÇAY,89.415040,89.329287,-0.085753,21.000000,Drop,Extra Trees,Drop,0.498494,0.164472,0.337034
2026-06-04,42.000000,YAMANLAR,89.075125,89.363758,0.288632,13.000000,Rise,Extra Trees,Rise,0.277556,0.150051,0.572393
2026-06-17,42.000000,YAMANLAR,89.363758,89.386642,0.022884,14.000000,Stable,Extra Trees,Rise,0.395887,0.161869,0.442244
2026-07-01,42.000000,YAMANLAR,89.386642,89.437806,0.051165,21.000000,Rise,Extra Trees,Drop,0.485533,0.159774,0.354694
2026-06-04,43.000000,POSTACI MAH,89.073014,89.377027,0.304013,13.000000,Rise,Extra Trees,Rise,0.264962,0.167813,0.567226
2026-06-17,43.000000,POSTACI MAH,89.377027,89.181770,-0.195257,14.000000,Drop,Extra Trees,Rise,0.410979,0.155964,0.433057
2026-07-01,43.000000,POSTACI MAH,89.181770,89.324150,0.142380,21.000000,Rise,Extra Trees,Rise,0.321797,0.192352,0.485851
2026-06-04,44.000000,YAMAÇ MAH,89.086614,89.518952,0.432337,13.000000,Rise,Extra Trees,Rise,0.251830,0.184060,0.564110
2026-06-17,44.000000,YAMAÇ MAH,89.518952,89.393585,-0.125366,14.000000,Drop,Extra Trees,Drop,0.511696,0.177882,0.310422
2026-07-01,44.000000,YAMAÇ MAH,89.393585,89.438888,0.045303,21.000000,Stable,Extra Trees,Drop,0.462770,0.172094,0.365136
2026-06-04,45.000000,CUMHURİYET MAH,89.082872,89.351989,0.269118,13.000000,Rise,Extra Trees,Rise,0.248723,0.177142,0.574136
2026-06-17,45.000000,CUMHURİYET MAH,89.351989,89.397496,0.045507,14.000000,Stable,Extra Trees,Rise,0.373399,0.156629,0.469972
2026-06-04,46.000000,GÜZELTEPE,89.064494,89.360344,0.295850,13.000000,Rise,Extra Trees,Rise,0.260807,0.184793,0.554400
2026-06-17,46.000000,GÜZELTEPE,89.360344,89.407684,0.047340,14.000000,Stable,Extra Trees,Rise,0.397060,0.169622,0.433319
2026-07-01,46.000000,GÜZELTEPE,89.407684,89.194344,-0.213339,21.000000,Drop,Extra Trees,Drop,0.498966,0.165183,0.335851
2026-06-04,47.000000,EVKA-5,88.902479,88.990538,0.088058,13.000000,Rise,Extra Trees,Rise,0.219928,0.121284,0.658788
2026-06-17,47.000000,EVKA-5,88.990538,89.111454,0.120916,14.000000,Rise,Extra Trees,Rise,0.224720,0.096022,0.679257
2026-07-01,47.000000,EVKA-5,89.111454,89.201736,0.090283,21.000000,Rise,Extra Trees,Rise,0.316127,0.093883,0.589990
2026-06-04,48.000000,EGEKENT-2,89.082733,88.964341,-0.118392,13.000000,Drop,Extra Trees,Rise,0.299045,0.122123,0.578832
2026-06-17,48.000000,EGEKENT-2,88.964341,89.141099,0.176758,14.000000,Rise,Extra Trees,Rise,0.211020,0.094187,0.694793
2026-07-01,48.000000,EGEKENT-2,89.141099,89.213357,0.072258,21.000000,Rise,Extra Trees,Rise,0.343804,0.108630,0.547565
2026-06-04,49.000000,ALAYBEY,89.054520,89.359409,0.304889,13.000000,Rise,Extra Trees,Rise,0.300908,0.125853,0.573239
2026-06-17,49.000000,ALAYBEY,89.359409,89.375398,0.015989,14.000000,Stable,Extra Trees,Drop,0.437233,0.146736,0.416031
2026-06-04,50.000000,CENGİZHAN,89.039203,89.409519,0.370315,13.000000,Rise,Extra Trees,Rise,0.300846,0.110435,0.588719
2026-06-17,50.000000,CENGİZHAN,89.409519,89.391891,-0.017628,14.000000,Stable,Extra Trees,Drop,0.466433,0.146971,0.386595
2026-06-04,51.000000,ÇAY MAH,89.072115,89.260812,0.188696,13.000000,Rise,Extra Trees,Rise,0.304965,0.129801,0.565234
2026-06-17,51.000000,ÇAY MAH,89.260812,89.376194,0.115383,14.000000,Rise,Extra Trees,Rise,0.385051,0.148321,0.466628
2026-07-01,51.000000,ÇAY MAH,89.376194,89.322847,-0.053348,21.000000,Drop,Extra Trees,Drop,0.492130,0.143325,0.364545
2026-06-04,52.000000,İZYUVA,90.442600,90.429173,-0.013427,13.000000,Stable,Extra Trees,Drop,0.700061,0.171001,0.128938
2026-06-17,52.000000,İZYUVA,90.429173,90.025752,-0.403421,14.000000,Drop,Extra Trees,Drop,0.627117,0.189387,0.183496
2026-07-01,52.000000,İZYUVA,90.025752,90.298684,0.272933,21.000000,Rise,Extra Trees,Stable,0.319820,0.370806,0.309374
2026-06-04,53.000000,NALDÖKEN,90.440480,90.328245,-0.112235,13.000000,Drop,Extra Trees,Drop,0.680694,0.172094,0.147212
2026-06-17,53.000000,NALDÖKEN,90.328245,90.021296,-0.306948,14.000000,Drop,Extra Trees,Drop,0.554015,0.234875,0.211110
2026-06-04,54.000000,YEŞİLÇAM,90.271522,90.434984,0.163462,13.000000,Rise,Extra Trees,Drop,0.483765,0.340009,0.176225
2026-06-17,54.000000,YEŞİLÇAM,90.434984,90.319239,-0.115745,14.000000,Drop,Extra Trees,Drop,0.571811,0.290638,0.137550
2026-07-01,54.000000,YEŞİLÇAM,90.319239,90.323842,0.004603,21.000000,Stable,Extra Trees,Drop,0.520981,0.311175,0.167844
2026-06-04,55.000000,MEVLANA,90.447434,90.436916,-0.010518,13.000000,Stable,Extra Trees,Drop,0.681685,0.188828,0.129487
2026-06-17,55.000000,MEVLANA,90.436916,90.022892,-0.414025,14.000000,Drop,Extra Trees,Drop,0.593521,0.205686,0.200793
2026-07-01,55.000000,MEVLANA,90.022892,90.203919,0.181028,21.000000,Rise,Extra Trees,Drop,0.348163,0.339157,0.312681
2026-06-04,56.000000,YEŞİLOVA,90.438316,90.440337,0.002021,13.000000,Stable,Extra Trees,Drop,0.673561,0.196477,0.129962
2026-06-17,56.000000,YEŞİLOVA,90.440337,90.059599,-0.380738,14.000000,Drop,Extra Trees,Drop,0.598119,0.211165,0.190716
2026-06-04,57.000000,MERSİNLİ,90.440376,90.433964,-0.006412,13.000000,Stable,Extra Trees,Drop,0.672277,0.197955,0.129768
2026-06-17,57.000000,MERSİNLİ,90.433964,90.047468,-0.386496,14.000000,Drop,Extra Trees,Drop,0.592244,0.212406,0.195350
2026-07-01,57.000000,MERSİNLİ,90.047468,89.328785,-0.718682,21.000000,Drop,Extra Trees,Stable,0.309125,0.373306,0.317569
2026-06-04,59.000000,ÇANKAYA,89.245281,88.832177,-0.413105,13.000000,Drop,Extra Trees,Rise,0.399322,0.141479,0.459199
2026-06-17,59.000000,ÇANKAYA,88.832177,89.561406,0.729229,14.000000,Rise,Extra Trees,Rise,0.162402,0.152357,0.685241
2026-07-01,59.000000,ÇANKAYA,89.561406,89.354005,-0.207400,21.000000,Drop,Extra Trees,Drop,0.505063,0.241068,0.253868
2026-06-04,60.000000,TOROS,89.344212,89.193993,-0.150219,13.000000,Drop,Extra Trees,Rise,0.391189,0.196771,0.412040
2026-06-17,60.000000,TOROS,89.193993,88.824011,-0.369982,14.000000,Drop,Extra Trees,Rise,0.256949,0.154664,0.588387
2026-07-01,60.000000,TOROS,88.824011,89.081441,0.257430,21.000000,Rise,Extra Trees,Rise,0.135891,0.145165,0.718944
2026-06-04,61.000000,LEVENT,89.360412,89.312980,-0.047432,13.000000,Stable,Extra Trees,Drop,0.411264,0.183143,0.405593
2026-06-17,61.000000,LEVENT,89.312980,88.669362,-0.643618,14.000000,Drop,Extra Trees,Rise,0.304057,0.165883,0.530060
2026-06-04,62.000000,UFUK MAH,89.281626,89.125498,-0.156128,13.000000,Drop,Extra Trees,Rise,0.360129,0.171595,0.468277
2026-06-17,62.000000,UFUK MAH,89.125498,88.731345,-0.394154,14.000000,Drop,Extra Trees,Rise,0.238921,0.150378,0.610701
2026-07-01,62.000000,UFUK MAH,88.731345,89.115137,0.383793,21.000000,Rise,Extra Trees,Rise,0.120699,0.128060,0.751241
2026-06-04,63.000000,EVKA-1,89.378074,90.477154,1.099080,13.000000,Rise,Extra Trees,Rise,0.226371,0.131595,0.642033
2026-06-17,63.000000,EVKA-1,90.477154,90.343535,-0.133619,14.000000,Drop,Extra Trees,Drop,0.676244,0.210351,0.113405
2026-06-04,64.000000,ADATEPE,89.437635,90.484387,1.046751,13.000000,Rise,Extra Trees,Rise,0.257303,0.161679,0.581018
2026-06-17,64.000000,ADATEPE,90.484387,90.369527,-0.114860,14.000000,Drop,Extra Trees,Drop,0.677089,0.219060,0.103851
2026-06-04,65.000000,KURUÇEŞME,89.436478,90.501164,1.064686,13.000000,Rise,Extra Trees,Rise,0.240716,0.138870,0.620414
2026-06-17,65.000000,KURUÇEŞME,90.501164,90.390285,-0.110879,14.000000,Drop,Extra Trees,Drop,0.685776,0.207018,0.107206
2026-06-04,66.000000,KOZAĞAÇ,89.465241,90.478168,1.012927,13.000000,Rise,Extra Trees,Rise,0.246445,0.147373,0.606181
2026-06-17,66.000000,KOZAĞAÇ,90.478168,90.455477,-0.022691,14.000000,Stable,Extra Trees,Drop,0.676596,0.212035,0.111369
2026-06-04,67.000000,ÇAMLIKULE,89.407644,90.482684,1.075040,13.000000,Rise,Extra Trees,Rise,0.242194,0.150142,0.607664
2026-06-17,67.000000,ÇAMLIKULE,90.482684,90.352991,-0.129693,14.000000,Drop,Extra Trees,Drop,0.696979,0.198378,0.104643
2026-07-01,67.000000,ÇAMLIKULE,90.352991,90.588871,0.235880,21.000000,Rise,Extra Trees,Drop,0.571889,0.277498,0.150614
2026-06-04,68.000000,AKINCILAR,90.285488,90.492200,0.206712,13.000000,Rise,Extra Trees,Drop,0.491661,0.323571,0.184769
2026-06-17,68.000000,AKINCILAR,90.492200,90.358418,-0.133782,14.000000,Drop,Extra Trees,Drop,0.549938,0.312433,0.137629
2026-06-04,69.000000,UĞUR MUMCU MAH,90.067977,90.184638,0.116661,13.000000,Rise,Extra Trees,Drop,0.396919,0.336061,0.267020
2026-06-17,69.000000,UĞUR MUMCU MAH,90.184638,90.018328,-0.166310,14.000000,Drop,Extra Trees,Stable,0.356213,0.438123,0.205664
2026-06-04,70.000000,ÇAMLIK MAH,90.396654,90.191624,-0.205030,13.000000,Drop,Extra Trees,Drop,0.562835,0.311278,0.125887
2026-06-17,70.000000,ÇAMLIK MAH,90.191624,90.159806,-0.031818,14.000000,Stable,Extra Trees,Stable,0.377410,0.385433,0.237156
2026-07-01,70.000000,ÇAMLIK MAH,90.159806,90.609129,0.449323,21.000000,Rise,Extra Trees,Stable,0.365592,0.383627,0.250781
2026-06-04,71.000000,AKTEPE,90.400606,90.181423,-0.219182,13.000000,Drop,Extra Trees,Drop,0.562761,0.312110,0.125129
2026-06-17,71.000000,AKTEPE,90.181423,90.161013,-0.020410,14.000000,Stable,Extra Trees,Stable,0.365767,0.386970,0.247263
2026-06-04,72.000000,9 EYLÜL MAH,90.399705,90.198095,-0.201610,13.000000,Drop,Extra Trees,Drop,0.569536,0.304247,0.126216
2026-06-17,72.000000,9 EYLÜL MAH,90.198095,90.059552,-0.138543,14.000000,Drop,Extra Trees,Drop,0.396107,0.362248,0.241645
2026-07-01,72.000000,9 EYLÜL MAH,90.059552,90.249856,0.190304,21.000000,Rise,Extra Trees,Drop,0.362657,0.339588,0.297755
2026-06-04,73.000000,BEYAZEVLER,90.405535,90.195374,-0.210161,13.000000,Drop,Extra Trees,Drop,0.612447,0.275752,0.111801
2026-06-17,73.000000,BEYAZEVLER,90.195374,90.147701,-0.047673,14.000000,Stable,Extra Trees,Drop,0.397636,0.354386,0.247978
2026-07-01,73.000000,BEYAZEVLER,90.147701,90.247107,0.099406,21.000000,Rise,Extra Trees,Stable,0.364832,0.366849,0.268319
2026-06-04,74.000000,UZUNDERE,90.305774,90.175820,-0.129954,13.000000,Drop,Extra Trees,Drop,0.534927,0.320071,0.145002
2026-06-17,74.000000,UZUNDERE,90.175820,90.372471,0.196651,14.000000,Rise,Extra Trees,Stable,0.362186,0.407662,0.230152
2026-06-04,75.000000,CENNETÇEŞME,90.310137,90.184487,-0.125650,13.000000,Drop,Extra Trees,Drop,0.539938,0.314976,0.145086
2026-06-17,75.000000,CENNETÇEŞME,90.184487,90.410725,0.226237,14.000000,Rise,Extra Trees,Drop,0.388246,0.381087,0.230666
2026-07-01,75.000000,CENNETÇEŞME,90.410725,90.250829,-0.159896,21.000000,Drop,Extra Trees,Drop,0.537572,0.311688,0.150740
2026-06-04,76.000000,GÜZELBAHÇE,89.637776,89.749034,0.111258,13.000000,Rise,Extra Trees,Drop,0.383346,0.350543,0.266111
2026-06-17,76.000000,GÜZELBAHÇE,89.749034,89.611917,-0.137116,14.000000,Drop,Extra Trees,Drop,0.394958,0.346244,0.258798
2026-06-04,78.000000,İNCİRALTI,89.657211,89.744064,0.086852,13.000000,Rise,Extra Trees,Drop,0.373683,0.359018,0.267299
2026-06-17,78.000000,İNCİRALTI,89.744064,89.718473,-0.025590,14.000000,Stable,Extra Trees,Drop,0.384229,0.354842,0.260929
2026-07-01,78.000000,İNCİRALTI,89.718473,89.776903,0.058430,21.000000,Rise,Extra Trees,Stable,0.338454,0.381623,0.279923
2026-06-04,79.000000,ESENDERE,90.297540,90.175510,-0.122029,13.000000,Drop,Extra Trees,Drop,0.593573,0.273975,0.132452
2026-06-17,79.000000,ESENDERE,90.175510,90.386467,0.210957,14.000000,Rise,Extra Trees,Drop,0.383473,0.381783,0.234744
2026-06-04,80.000000,KADİFEKALE,89.925420,90.316613,0.391193,13.000000,Rise,Extra Trees,Drop,0.350746,0.317846,0.331409
2026-06-17,80.000000,KADİFEKALE,90.316613,90.451346,0.134733,14.000000,Rise,Extra Trees,Drop,0.524927,0.225493,0.249580
2026-07-01,80.000000,KADİFEKALE,90.451346,90.627083,0.175737,21.000000,Rise,Extra Trees,Drop,0.552867,0.287455,0.159678
2026-05-20,2.000000,YENİŞEHİR,89.171251,89.416424,0.245173,21.000000,Rise,Gradient Boosting,Rise,0.137966,0.198339,0.663695
2026-06-10,2.000000,YENİŞEHİR,89.416424,89.532934,0.116509,14.000000,Rise,Gradient Boosting,Drop,0.898187,0.041195,0.060618
2026-06-24,2.000000,YENİŞEHİR,89.532934,89.481268,-0.051665,14.000000,Drop,Gradient Boosting,Rise,0.391013,0.104574,0.504413
2026-07-08,2.000000,YENİŞEHİR,89.481268,89.630209,0.148941,21.000000,Rise,Gradient Boosting,Drop,0.767683,0.118156,0.114161
2026-05-20,3.000000,KONAK,88.916794,89.344710,0.427916,21.000000,Rise,Gradient Boosting,Rise,0.014261,0.044656,0.941083
2026-06-10,3.000000,KONAK,89.344710,89.501654,0.156944,14.000000,Rise,Gradient Boosting,Drop,0.886709,0.043891,0.069400
2026-06-24,3.000000,KONAK,89.501654,89.434766,-0.066888,14.000000,Drop,Gradient Boosting,Drop,0.772542,0.032535,0.194922
2026-07-08,3.000000,KONAK,89.434766,89.614325,0.179559,21.000000,Rise,Gradient Boosting,Drop,0.774990,0.096099,0.128911
2026-05-20,4.000000,GÜZELBAHÇE,89.607465,89.803805,0.196340,21.000000,Rise,Gradient Boosting,Drop,0.384469,0.238018,0.377513
2026-06-10,4.000000,GÜZELBAHÇE,89.803805,89.682425,-0.121380,14.000000,Drop,Gradient Boosting,Drop,0.760096,0.157503,0.082401
2026-06-24,4.000000,GÜZELBAHÇE,89.682425,89.862392,0.179967,14.000000,Rise,Gradient Boosting,Stable,0.268947,0.548524,0.182529
2026-07-08,4.000000,GÜZELBAHÇE,89.862392,89.786163,-0.076229,21.000000,Drop,Gradient Boosting,Stable,0.418547,0.419687,0.161767
2026-05-20,5.000000,NARLIDERE,89.622811,89.835110,0.212300,21.000000,Rise,Gradient Boosting,Stable,0.273384,0.486639,0.239977
2026-06-10,5.000000,NARLIDERE,89.835110,89.669981,-0.165129,14.000000,Drop,Gradient Boosting,Drop,0.717966,0.229067,0.052967
2026-06-24,5.000000,NARLIDERE,89.669981,89.913736,0.243755,14.000000,Rise,Gradient Boosting,Stable,0.267117,0.581226,0.151657
2026-07-08,5.000000,NARLIDERE,89.913736,89.807076,-0.106660,21.000000,Drop,Gradient Boosting,Drop,0.519866,0.421733,0.058401
2026-05-20,6.000000,BALÇOVA,89.609173,89.781806,0.172633,21.000000,Rise,Gradient Boosting,Stable,0.277751,0.523264,0.198984
2026-06-10,6.000000,BALÇOVA,89.781806,89.582532,-0.199274,14.000000,Drop,Gradient Boosting,Drop,0.633946,0.298308,0.067745
2026-06-24,6.000000,BALÇOVA,89.582532,89.894872,0.312340,14.000000,Rise,Gradient Boosting,Drop,0.380018,0.267764,0.352218
2026-05-20,7.000000,ÜÇKUYULAR,89.609897,89.791530,0.181633,21.000000,Rise,Gradient Boosting,Drop,0.484451,0.129760,0.385788
2026-06-10,7.000000,ÜÇKUYULAR,89.791530,89.610459,-0.181071,14.000000,Drop,Gradient Boosting,Drop,0.709908,0.215110,0.074982
2026-06-24,7.000000,ÜÇKUYULAR,89.610459,89.911785,0.301326,14.000000,Rise,Gradient Boosting,Rise,0.407090,0.158831,0.434078
2026-07-08,7.000000,ÜÇKUYULAR,89.911785,89.819160,-0.092625,21.000000,Drop,Gradient Boosting,Drop,0.728706,0.184201,0.087093
2026-05-20,8.000000,GÜZELYALI,89.599758,89.779916,0.180158,21.000000,Rise,Gradient Boosting,Rise,0.380701,0.186459,0.432840
2026-06-10,8.000000,GÜZELYALI,89.779916,89.672145,-0.107771,14.000000,Drop,Gradient Boosting,Drop,0.524111,0.350873,0.125016
2026-06-24,8.000000,GÜZELYALI,89.672145,89.900279,0.228134,14.000000,Rise,Gradient Boosting,Drop,0.491366,0.211729,0.296904
2026-07-08,8.000000,GÜZELYALI,89.900279,89.800038,-0.100242,21.000000,Drop,Gradient Boosting,Drop,0.621572,0.304450,0.073978
2026-05-20,9.000000,HATAY,89.931407,90.501942,0.570536,21.000000,Rise,Gradient Boosting,Drop,0.462222,0.095200,0.442577
2026-06-10,9.000000,HATAY,90.501942,90.032400,-0.469542,14.000000,Drop,Gradient Boosting,Drop,0.946332,0.032574,0.021094
2026-06-24,9.000000,HATAY,90.032400,90.219082,0.186682,14.000000,Rise,Gradient Boosting,Stable,0.336847,0.418502,0.244650
2026-05-20,11.000000,YEŞİLYURT,89.931889,90.514492,0.582602,21.000000,Rise,Gradient Boosting,Rise,0.257500,0.111808,0.630691
2026-06-10,11.000000,YEŞİLYURT,90.514492,90.028834,-0.485658,14.000000,Drop,Gradient Boosting,Drop,0.876999,0.079497,0.043504
2026-06-24,11.000000,YEŞİLYURT,90.028834,90.207656,0.178822,14.000000,Rise,Gradient Boosting,Stable,0.378427,0.471738,0.149835
2026-05-20,13.000000,KARABAĞLAR,89.926412,90.516418,0.590005,21.000000,Rise,Gradient Boosting,Rise,0.268477,0.117086,0.614438
2026-06-10,13.000000,KARABAĞLAR,90.516418,90.023598,-0.492820,14.000000,Drop,Gradient Boosting,Drop,0.876353,0.067278,0.056369
2026-06-24,13.000000,KARABAĞLAR,90.023598,90.204064,0.180466,14.000000,Rise,Gradient Boosting,Stable,0.333536,0.379365,0.287099
2026-05-20,14.000000,ESKİ İZMİR,89.945390,90.506369,0.560980,21.000000,Rise,Gradient Boosting,Rise,0.263371,0.115221,0.621408
2026-06-10,14.000000,ESKİ İZMİR,90.506369,90.025689,-0.480680,14.000000,Drop,Gradient Boosting,Drop,0.833274,0.096145,0.070581
2026-06-24,14.000000,ESKİ İZMİR,90.025689,90.222125,0.196436,14.000000,Rise,Gradient Boosting,Stable,0.341771,0.374677,0.283552
2026-07-08,14.000000,ESKİ İZMİR,90.222125,90.196727,-0.025398,21.000000,Stable,Gradient Boosting,Drop,0.895838,0.033792,0.070370
2026-05-20,15.000000,GAZİEMİR,89.928478,90.501369,0.572891,21.000000,Rise,Gradient Boosting,Rise,0.302175,0.047191,0.650633
2026-06-10,15.000000,GAZİEMİR,90.501369,90.038934,-0.462435,14.000000,Drop,Gradient Boosting,Drop,0.868341,0.057510,0.074149
2026-06-24,15.000000,GAZİEMİR,90.038934,90.241629,0.202694,14.000000,Rise,Gradient Boosting,Drop,0.453792,0.169717,0.376490
2026-07-08,15.000000,GAZİEMİR,90.241629,90.191809,-0.049820,21.000000,Stable,Gradient Boosting,Drop,0.931826,0.013117,0.055057
2026-05-20,16.000000,GEDİZ,88.642344,90.442743,1.800399,21.000000,Rise,Gradient Boosting,Rise,0.080361,0.009312,0.910326
2026-06-10,16.000000,GEDİZ,90.442743,90.397690,-0.045053,14.000000,Stable,Gradient Boosting,Drop,0.981980,0.012383,0.005636
2026-06-24,16.000000,GEDİZ,90.397690,90.424392,0.026702,14.000000,Stable,Gradient Boosting,Drop,0.956062,0.029366,0.014572
2026-07-08,16.000000,GEDİZ,90.424392,90.298275,-0.126116,21.000000,Drop,Gradient Boosting,Drop,0.873193,0.099507,0.027299
2026-05-20,17.000000,ŞİRİNYER,88.722518,90.463307,1.740789,21.000000,Rise,Gradient Boosting,Rise,0.015675,0.011130,0.973195
2026-06-10,17.000000,ŞİRİNYER,90.463307,90.395705,-0.067602,14.000000,Drop,Gradient Boosting,Drop,0.981503,0.013525,0.004972
2026-06-24,17.000000,ŞİRİNYER,90.395705,90.448692,0.052987,14.000000,Rise,Gradient Boosting,Drop,0.937562,0.047953,0.014486
2026-07-08,17.000000,ŞİRİNYER,90.448692,90.313001,-0.135691,21.000000,Drop,Gradient Boosting,Drop,0.764963,0.185893,0.049144
2026-05-20,18.000000,BUCA,88.740093,90.440112,1.700019,21.000000,Rise,Gradient Boosting,Rise,0.039630,0.013002,0.947368
2026-06-10,18.000000,BUCA,90.440112,90.417150,-0.022962,14.000000,Stable,Gradient Boosting,Drop,0.987459,0.008769,0.003772
2026-06-24,18.000000,BUCA,90.417150,90.441345,0.024195,14.000000,Stable,Gradient Boosting,Drop,0.943625,0.044261,0.012114
2026-05-20,19.000000,GÜLÇEŞME,88.669766,90.442406,1.772641,21.000000,Rise,Gradient Boosting,Rise,0.010475,0.009850,0.979676
2026-06-10,19.000000,GÜLÇEŞME,90.442406,90.407802,-0.034604,14.000000,Stable,Gradient Boosting,Drop,0.968703,0.025527,0.005769
2026-06-24,19.000000,GÜLÇEŞME,90.407802,90.443230,0.035428,14.000000,Stable,Gradient Boosting,Drop,0.939216,0.041402,0.019381
2026-07-08,19.000000,GÜLÇEŞME,90.443230,90.319854,-0.123376,21.000000,Drop,Gradient Boosting,Drop,0.888644,0.089422,0.021934
2026-05-20,20.000000,GÜLTEPE,88.562435,89.468806,0.906371,21.000000,Rise,Gradient Boosting,Rise,0.013984,0.012768,0.973249
2026-06-10,20.000000,GÜLTEPE,89.468806,89.265996,-0.202810,14.000000,Drop,Gradient Boosting,Drop,0.750921,0.018220,0.230860
2026-06-24,20.000000,GÜLTEPE,89.265996,90.444880,1.178884,14.000000,Rise,Gradient Boosting,Rise,0.298242,0.077906,0.623851
2026-07-08,20.000000,GÜLTEPE,90.444880,90.037716,-0.407164,21.000000,Drop,Gradient Boosting,Drop,0.922706,0.062732,0.014563
2026-05-20,21.000000,ALTINDAĞ,90.143620,90.477106,0.333487,21.000000,Rise,Gradient Boosting,Drop,0.720380,0.185682,0.093938
2026-06-10,21.000000,ALTINDAĞ,90.477106,90.376517,-0.100589,14.000000,Drop,Gradient Boosting,Drop,0.912832,0.080656,0.006511
2026-06-24,21.000000,ALTINDAĞ,90.376517,90.053871,-0.322646,14.000000,Drop,Gradient Boosting,Drop,0.870291,0.118432,0.011277
2026-07-08,21.000000,ALTINDAĞ,90.053871,90.286260,0.232389,21.000000,Rise,Gradient Boosting,Drop,0.767495,0.093922,0.138584
2026-05-20,22.000000,ÇAMDİBİ,90.154959,90.478890,0.323931,21.000000,Rise,Gradient Boosting,Drop,0.851363,0.088080,0.060557
2026-06-10,22.000000,ÇAMDİBİ,90.478890,90.290197,-0.188693,14.000000,Drop,Gradient Boosting,Drop,0.953381,0.043423,0.003196
2026-06-24,22.000000,ÇAMDİBİ,90.290197,90.025515,-0.264682,14.000000,Drop,Gradient Boosting,Drop,0.601101,0.364340,0.034560
2026-07-08,22.000000,ÇAMDİBİ,90.025515,90.114344,0.088829,21.000000,Rise,Gradient Boosting,Drop,0.589349,0.152596,0.258056
2026-05-20,23.000000,IŞIKKENT,90.153745,90.469253,0.315508,21.000000,Rise,Gradient Boosting,Drop,0.781449,0.116760,0.101791
2026-06-10,23.000000,IŞIKKENT,90.469253,90.283286,-0.185967,14.000000,Drop,Gradient Boosting,Drop,0.934758,0.056427,0.008815
2026-06-24,23.000000,IŞIKKENT,90.283286,89.984217,-0.299069,14.000000,Drop,Gradient Boosting,Drop,0.502804,0.455455,0.041742
2026-07-08,23.000000,IŞIKKENT,89.984217,90.293613,0.309396,21.000000,Rise,Gradient Boosting,Drop,0.788169,0.076215,0.135616
2026-05-20,24.000000,PINARBAŞI,90.127186,90.418798,0.291612,21.000000,Rise,Gradient Boosting,Drop,0.708250,0.133215,0.158535
2026-06-10,24.000000,PINARBAŞI,90.418798,90.299425,-0.119373,14.000000,Drop,Gradient Boosting,Drop,0.928856,0.061252,0.009892
2026-06-24,24.000000,PINARBAŞI,90.299425,90.063102,-0.236323,14.000000,Drop,Gradient Boosting,Drop,0.812164,0.164019,0.023817
2026-05-20,25.000000,EVKA-3,90.141286,90.219872,0.078586,21.000000,Rise,Gradient Boosting,Drop,0.907614,0.053889,0.038497
2026-06-10,25.000000,EVKA-3,90.219872,90.382894,0.163022,14.000000,Rise,Gradient Boosting,Drop,0.539085,0.430933,0.029982
2026-06-24,25.000000,EVKA-3,90.382894,89.940551,-0.442343,14.000000,Drop,Gradient Boosting,Drop,0.966263,0.029729,0.004008
2026-07-08,25.000000,EVKA-3,89.940551,90.273312,0.332761,21.000000,Rise,Gradient Boosting,Drop,0.483819,0.266806,0.249375
2026-05-20,26.000000,BORNOVA,90.158683,90.243283,0.084600,21.000000,Rise,Gradient Boosting,Drop,0.889010,0.062348,0.048642
2026-06-10,26.000000,BORNOVA,90.243283,90.406226,0.162943,14.000000,Rise,Gradient Boosting,Stable,0.440216,0.526270,0.033514
2026-06-24,26.000000,BORNOVA,90.406226,90.065401,-0.340826,14.000000,Drop,Gradient Boosting,Drop,0.946110,0.046553,0.007338
2026-07-08,26.000000,BORNOVA,90.065401,90.286403,0.221003,21.000000,Rise,Gradient Boosting,Drop,0.409533,0.309691,0.280775
2026-05-20,27.000000,ATATÜRK MAH,90.124933,89.395165,-0.729768,21.000000,Drop,Gradient Boosting,Drop,0.669399,0.124058,0.206543
2026-06-10,27.000000,ATATÜRK MAH,89.395165,89.586334,0.191169,14.000000,Rise,Gradient Boosting,Stable,0.196784,0.776907,0.026310
2026-06-24,27.000000,ATATÜRK MAH,89.586334,90.101601,0.515267,14.000000,Rise,Gradient Boosting,Drop,0.403514,0.236534,0.359951
2026-07-08,27.000000,ATATÜRK MAH,90.101601,89.488579,-0.613022,21.000000,Drop,Gradient Boosting,Drop,0.928728,0.041512,0.029760
2026-05-20,28.000000,OSMANGAZİ,90.154709,89.419043,-0.735666,21.000000,Drop,Gradient Boosting,Drop,0.893332,0.068078,0.038590
2026-06-10,28.000000,OSMANGAZİ,89.419043,89.558425,0.139382,14.000000,Rise,Gradient Boosting,Rise,0.256433,0.201021,0.542546
2026-06-24,28.000000,OSMANGAZİ,89.558425,89.570017,0.011592,14.000000,Stable,Gradient Boosting,Rise,0.214840,0.125419,0.659741
2026-07-08,28.000000,OSMANGAZİ,89.570017,89.499949,-0.070068,21.000000,Drop,Gradient Boosting,Drop,0.694832,0.074736,0.230432
2026-05-20,29.000000,ÖZKANLAR,90.149269,89.412169,-0.737100,21.000000,Drop,Gradient Boosting,Drop,0.871157,0.082231,0.046613
2026-06-10,29.000000,ÖZKANLAR,89.412169,89.556976,0.144806,14.000000,Rise,Gradient Boosting,Stable,0.133495,0.572704,0.293801
2026-06-24,29.000000,ÖZKANLAR,89.556976,89.107580,-0.449396,14.000000,Drop,Gradient Boosting,Rise,0.179678,0.130286,0.690037
2026-07-08,29.000000,ÖZKANLAR,89.107580,89.591852,0.484273,21.000000,Rise,Gradient Boosting,Rise,0.144233,0.049361,0.806406
2026-05-20,30.000000,MANAVKUYU,90.149821,89.323244,-0.826577,21.000000,Drop,Gradient Boosting,Drop,0.711894,0.098262,0.189844
2026-06-10,30.000000,MANAVKUYU,89.323244,89.506124,0.182880,14.000000,Rise,Gradient Boosting,Stable,0.087272,0.538023,0.374705
2026-06-24,30.000000,MANAVKUYU,89.506124,88.664931,-0.841193,14.000000,Drop,Gradient Boosting,Drop,0.602634,0.129194,0.268172
2026-07-08,30.000000,MANAVKUYU,88.664931,89.485632,0.820702,21.000000,Rise,Gradient Boosting,Rise,0.122083,0.292215,0.585702
2026-05-20,32.000000,EGEKENT,88.861258,88.997606,0.136348,21.000000,Rise,Gradient Boosting,Rise,0.012828,0.008058,0.979114
2026-06-10,32.000000,EGEKENT,88.997606,89.066391,0.068785,14.000000,Rise,Gradient Boosting,Rise,0.042187,0.006716,0.951097
2026-06-24,32.000000,EGEKENT,89.066391,89.056502,-0.009889,14.000000,Stable,Gradient Boosting,Rise,0.109066,0.010976,0.879958
2026-07-08,32.000000,EGEKENT,89.056502,89.315416,0.258914,21.000000,Rise,Gradient Boosting,Rise,0.043060,0.002531,0.954409
2026-05-20,33.000000,BALATÇIK,88.842834,89.050214,0.207380,21.000000,Rise,Gradient Boosting,Rise,0.015588,0.010560,0.973853
2026-06-10,33.000000,BALATÇIK,89.050214,89.057845,0.007631,14.000000,Stable,Gradient Boosting,Rise,0.083833,0.006470,0.909697
2026-06-24,33.000000,BALATÇIK,89.057845,89.114467,0.056622,14.000000,Rise,Gradient Boosting,Rise,0.119444,0.005766,0.874790
2026-07-08,33.000000,BALATÇIK,89.114467,89.297267,0.182800,21.000000,Rise,Gradient Boosting,Rise,0.056310,0.002121,0.941569
2026-05-20,34.000000,ÇİĞLİ,88.864846,89.424137,0.559291,21.000000,Rise,Gradient Boosting,Rise,0.011212,0.008504,0.980284
2026-06-10,34.000000,ÇİĞLİ,89.424137,89.540205,0.116068,14.000000,Rise,Gradient Boosting,Drop,0.631505,0.086537,0.281957
2026-06-24,34.000000,ÇİĞLİ,89.540205,89.009229,-0.530976,14.000000,Drop,Gradient Boosting,Drop,0.830448,0.023524,0.146028
2026-07-08,34.000000,ÇİĞLİ,89.009229,89.493153,0.483924,21.000000,Rise,Gradient Boosting,Rise,0.013369,0.010956,0.975675
2026-05-20,35.000000,BOSTANLI,89.302504,89.293782,-0.008722,21.000000,Stable,Gradient Boosting,Drop,0.847542,0.063741,0.088716
2026-06-10,35.000000,BOSTANLI,89.293782,89.524071,0.230288,14.000000,Rise,Gradient Boosting,Rise,0.181178,0.029893,0.788929
2026-06-24,35.000000,BOSTANLI,89.524071,89.502685,-0.021385,14.000000,Stable,Gradient Boosting,Drop,0.485865,0.207952,0.306184
2026-07-08,35.000000,BOSTANLI,89.502685,89.510151,0.007466,21.000000,Stable,Gradient Boosting,Drop,0.808634,0.047469,0.143897
2026-05-20,36.000000,ŞEMİKLER,89.309022,89.499476,0.190454,21.000000,Rise,Gradient Boosting,Drop,0.666592,0.033440,0.299969
2026-06-10,36.000000,ŞEMİKLER,89.499476,89.648444,0.148968,14.000000,Rise,Gradient Boosting,Drop,0.773615,0.007090,0.219295
2026-06-24,36.000000,ŞEMİKLER,89.648444,89.456349,-0.192095,14.000000,Drop,Gradient Boosting,Drop,0.725042,0.033178,0.241780
2026-05-20,37.000000,KARŞIYAKA,89.273294,89.505199,0.231905,21.000000,Rise,Gradient Boosting,Rise,0.387502,0.095506,0.516992
2026-06-10,37.000000,KARŞIYAKA,89.505199,89.457424,-0.047775,14.000000,Stable,Gradient Boosting,Drop,0.720338,0.016194,0.263468
2026-06-24,37.000000,KARŞIYAKA,89.457424,89.465697,0.008272,14.000000,Stable,Gradient Boosting,Drop,0.558785,0.106294,0.334920
2026-05-20,38.000000,EVKA-2,89.293664,89.496360,0.202696,21.000000,Rise,Gradient Boosting,Drop,0.650485,0.041245,0.308271
2026-06-10,38.000000,EVKA-2,89.496360,89.561680,0.065320,14.000000,Rise,Gradient Boosting,Drop,0.685028,0.010470,0.304502
2026-06-24,38.000000,EVKA-2,89.561680,89.491606,-0.070074,14.000000,Drop,Gradient Boosting,Drop,0.613559,0.071028,0.315413
2026-07-08,38.000000,EVKA-2,89.491606,89.468740,-0.022866,21.000000,Stable,Gradient Boosting,Drop,0.582374,0.033803,0.383823
2026-05-20,39.000000,ÖRNEKKÖY,89.332656,89.454102,0.121447,21.000000,Rise,Gradient Boosting,Rise,0.448726,0.097966,0.453307
2026-06-10,39.000000,ÖRNEKKÖY,89.454102,89.628032,0.173930,14.000000,Rise,Gradient Boosting,Rise,0.446361,0.058565,0.495075
2026-06-24,39.000000,ÖRNEKKÖY,89.628032,89.494766,-0.133266,14.000000,Drop,Gradient Boosting,Drop,0.608291,0.078440,0.313269
2026-07-08,39.000000,ÖRNEKKÖY,89.494766,89.454838,-0.039928,21.000000,Stable,Gradient Boosting,Drop,0.609452,0.119581,0.270968
2026-05-20,40.000000,GÜMÜŞPALA,89.307299,89.464148,0.156850,21.000000,Rise,Gradient Boosting,Drop,0.668918,0.055412,0.275669
2026-06-10,40.000000,GÜMÜŞPALA,89.464148,89.415235,-0.048913,14.000000,Stable,Gradient Boosting,Drop,0.686041,0.014176,0.299783
2026-06-24,40.000000,GÜMÜŞPALA,89.415235,89.483664,0.068428,14.000000,Rise,Gradient Boosting,Drop,0.743311,0.067094,0.189594
2026-07-08,40.000000,GÜMÜŞPALA,89.483664,89.218378,-0.265286,21.000000,Drop,Gradient Boosting,Drop,0.712186,0.081799,0.206016
2026-06-04,41.000000,DOĞANÇAY,89.058864,89.362006,0.303142,13.000000,Rise,Gradient Boosting,Rise,0.340339,0.072312,0.587349
2026-06-17,41.000000,DOĞANÇAY,89.362006,89.415040,0.053035,14.000000,Rise,Gradient Boosting,Rise,0.417963,0.046126,0.535911
2026-07-01,41.000000,DOĞANÇAY,89.415040,89.329287,-0.085753,21.000000,Drop,Gradient Boosting,Drop,0.835928,0.084085,0.079987
2026-06-04,42.000000,YAMANLAR,89.075125,89.363758,0.288632,13.000000,Rise,Gradient Boosting,Rise,0.150365,0.039685,0.809950
2026-06-17,42.000000,YAMANLAR,89.363758,89.386642,0.022884,14.000000,Stable,Gradient Boosting,Drop,0.763017,0.049458,0.187525
2026-07-01,42.000000,YAMANLAR,89.386642,89.437806,0.051165,21.000000,Rise,Gradient Boosting,Drop,0.634996,0.111782,0.253222
2026-06-04,43.000000,POSTACI MAH,89.073014,89.377027,0.304013,13.000000,Rise,Gradient Boosting,Rise,0.168224,0.039229,0.792547
2026-06-17,43.000000,POSTACI MAH,89.377027,89.181770,-0.195257,14.000000,Drop,Gradient Boosting,Drop,0.713698,0.076731,0.209572
2026-07-01,43.000000,POSTACI MAH,89.181770,89.324150,0.142380,21.000000,Rise,Gradient Boosting,Rise,0.098044,0.056510,0.845447
2026-06-04,44.000000,YAMAÇ MAH,89.086614,89.518952,0.432337,13.000000,Rise,Gradient Boosting,Rise,0.149045,0.054779,0.796176
2026-06-17,44.000000,YAMAÇ MAH,89.518952,89.393585,-0.125366,14.000000,Drop,Gradient Boosting,Drop,0.865170,0.061965,0.072865
2026-07-01,44.000000,YAMAÇ MAH,89.393585,89.438888,0.045303,21.000000,Stable,Gradient Boosting,Drop,0.735453,0.091369,0.173178
2026-06-04,45.000000,CUMHURİYET MAH,89.082872,89.351989,0.269118,13.000000,Rise,Gradient Boosting,Rise,0.160652,0.070425,0.768924
2026-06-17,45.000000,CUMHURİYET MAH,89.351989,89.397496,0.045507,14.000000,Stable,Gradient Boosting,Drop,0.723673,0.048390,0.227937
2026-06-04,46.000000,GÜZELTEPE,89.064494,89.360344,0.295850,13.000000,Rise,Gradient Boosting,Rise,0.366595,0.038682,0.594723
2026-06-17,46.000000,GÜZELTEPE,89.360344,89.407684,0.047340,14.000000,Stable,Gradient Boosting,Drop,0.728961,0.037449,0.233589
2026-07-01,46.000000,GÜZELTEPE,89.407684,89.194344,-0.213339,21.000000,Drop,Gradient Boosting,Drop,0.828311,0.031665,0.140024
2026-06-04,47.000000,EVKA-5,88.902479,88.990538,0.088058,13.000000,Rise,Gradient Boosting,Rise,0.084931,0.007052,0.908017
2026-06-17,47.000000,EVKA-5,88.990538,89.111454,0.120916,14.000000,Rise,Gradient Boosting,Rise,0.049910,0.003930,0.946160
2026-07-01,47.000000,EVKA-5,89.111454,89.201736,0.090283,21.000000,Rise,Gradient Boosting,Rise,0.197024,0.006409,0.796568
2026-06-04,48.000000,EGEKENT-2,89.082733,88.964341,-0.118392,13.000000,Drop,Gradient Boosting,Rise,0.250948,0.004897,0.744155
2026-06-17,48.000000,EGEKENT-2,88.964341,89.141099,0.176758,14.000000,Rise,Gradient Boosting,Rise,0.034712,0.005577,0.959711
2026-07-01,48.000000,EGEKENT-2,89.141099,89.213357,0.072258,21.000000,Rise,Gradient Boosting,Rise,0.293909,0.010641,0.695450
2026-06-04,49.000000,ALAYBEY,89.054520,89.359409,0.304889,13.000000,Rise,Gradient Boosting,Rise,0.277678,0.029083,0.693239
2026-06-17,49.000000,ALAYBEY,89.359409,89.375398,0.015989,14.000000,Stable,Gradient Boosting,Drop,0.623254,0.032941,0.343805
2026-06-04,50.000000,CENGİZHAN,89.039203,89.409519,0.370315,13.000000,Rise,Gradient Boosting,Rise,0.203999,0.019689,0.776313
2026-06-17,50.000000,CENGİZHAN,89.409519,89.391891,-0.017628,14.000000,Stable,Gradient Boosting,Drop,0.636310,0.041745,0.321945
2026-06-04,51.000000,ÇAY MAH,89.072115,89.260812,0.188696,13.000000,Rise,Gradient Boosting,Rise,0.404319,0.028302,0.567379
2026-06-17,51.000000,ÇAY MAH,89.260812,89.376194,0.115383,14.000000,Rise,Gradient Boosting,Drop,0.556944,0.054067,0.388989
2026-07-01,51.000000,ÇAY MAH,89.376194,89.322847,-0.053348,21.000000,Drop,Gradient Boosting,Drop,0.745728,0.043105,0.211167
2026-06-04,52.000000,İZYUVA,90.442600,90.429173,-0.013427,13.000000,Stable,Gradient Boosting,Drop,0.984173,0.013302,0.002526
2026-06-17,52.000000,İZYUVA,90.429173,90.025752,-0.403421,14.000000,Drop,Gradient Boosting,Drop,0.985490,0.011251,0.003259
2026-07-01,52.000000,İZYUVA,90.025752,90.298684,0.272933,21.000000,Rise,Gradient Boosting,Drop,0.820602,0.072948,0.106450
2026-06-04,53.000000,NALDÖKEN,90.440480,90.328245,-0.112235,13.000000,Drop,Gradient Boosting,Drop,0.982249,0.014593,0.003157
2026-06-17,53.000000,NALDÖKEN,90.328245,90.021296,-0.306948,14.000000,Drop,Gradient Boosting,Drop,0.968501,0.022244,0.009255
2026-06-04,54.000000,YEŞİLÇAM,90.271522,90.434984,0.163462,13.000000,Rise,Gradient Boosting,Drop,0.669144,0.269913,0.060943
2026-06-17,54.000000,YEŞİLÇAM,90.434984,90.319239,-0.115745,14.000000,Drop,Gradient Boosting,Drop,0.976682,0.018216,0.005102
2026-07-01,54.000000,YEŞİLÇAM,90.319239,90.323842,0.004603,21.000000,Stable,Gradient Boosting,Drop,0.906911,0.075465,0.017625
2026-06-04,55.000000,MEVLANA,90.447434,90.436916,-0.010518,13.000000,Stable,Gradient Boosting,Drop,0.976746,0.018412,0.004841
2026-06-17,55.000000,MEVLANA,90.436916,90.022892,-0.414025,14.000000,Drop,Gradient Boosting,Drop,0.953860,0.036331,0.009809
2026-07-01,55.000000,MEVLANA,90.022892,90.203919,0.181028,21.000000,Rise,Gradient Boosting,Stable,0.363594,0.510608,0.125798
2026-06-04,56.000000,YEŞİLOVA,90.438316,90.440337,0.002021,13.000000,Stable,Gradient Boosting,Drop,0.969845,0.025033,0.005121
2026-06-17,56.000000,YEŞİLOVA,90.440337,90.059599,-0.380738,14.000000,Drop,Gradient Boosting,Drop,0.937509,0.052181,0.010310
2026-06-04,57.000000,MERSİNLİ,90.440376,90.433964,-0.006412,13.000000,Stable,Gradient Boosting,Drop,0.948454,0.046538,0.005008
2026-06-17,57.000000,MERSİNLİ,90.433964,90.047468,-0.386496,14.000000,Drop,Gradient Boosting,Drop,0.922939,0.066912,0.010150
2026-07-01,57.000000,MERSİNLİ,90.047468,89.328785,-0.718682,21.000000,Drop,Gradient Boosting,Drop,0.685192,0.178726,0.136081
2026-06-04,59.000000,ÇANKAYA,89.245281,88.832177,-0.413105,13.000000,Drop,Gradient Boosting,Drop,0.466466,0.074355,0.459180
2026-06-17,59.000000,ÇANKAYA,88.832177,89.561406,0.729229,14.000000,Rise,Gradient Boosting,Rise,0.031420,0.042879,0.925701
2026-07-01,59.000000,ÇANKAYA,89.561406,89.354005,-0.207400,21.000000,Drop,Gradient Boosting,Drop,0.433193,0.274875,0.291931
2026-06-04,60.000000,TOROS,89.344212,89.193993,-0.150219,13.000000,Drop,Gradient Boosting,Drop,0.681058,0.132363,0.186579
2026-06-17,60.000000,TOROS,89.193993,88.824011,-0.369982,14.000000,Drop,Gradient Boosting,Rise,0.301237,0.025601,0.673162
2026-07-01,60.000000,TOROS,88.824011,89.081441,0.257430,21.000000,Rise,Gradient Boosting,Rise,0.041704,0.023573,0.934723
2026-06-04,61.000000,LEVENT,89.360412,89.312980,-0.047432,13.000000,Stable,Gradient Boosting,Drop,0.633100,0.166764,0.200135
2026-06-17,61.000000,LEVENT,89.312980,88.669362,-0.643618,14.000000,Drop,Gradient Boosting,Rise,0.256441,0.056458,0.687101
2026-06-04,62.000000,UFUK MAH,89.281626,89.125498,-0.156128,13.000000,Drop,Gradient Boosting,Drop,0.453335,0.168518,0.378148
2026-06-17,62.000000,UFUK MAH,89.125498,88.731345,-0.394154,14.000000,Drop,Gradient Boosting,Rise,0.168089,0.055711,0.776200
2026-07-01,62.000000,UFUK MAH,88.731345,89.115137,0.383793,21.000000,Rise,Gradient Boosting,Rise,0.012321,0.026142,0.961537
2026-06-04,63.000000,EVKA-1,89.378074,90.477154,1.099080,13.000000,Rise,Gradient Boosting,Rise,0.077961,0.049287,0.872752
2026-06-17,63.000000,EVKA-1,90.477154,90.343535,-0.133619,14.000000,Drop,Gradient Boosting,Drop,0.986016,0.009199,0.004784
2026-06-04,64.000000,ADATEPE,89.437635,90.484387,1.046751,13.000000,Rise,Gradient Boosting,Rise,0.302290,0.152681,0.545030
2026-06-17,64.000000,ADATEPE,90.484387,90.369527,-0.114860,14.000000,Drop,Gradient Boosting,Drop,0.982057,0.010807,0.007136
2026-06-04,65.000000,KURUÇEŞME,89.436478,90.501164,1.064686,13.000000,Rise,Gradient Boosting,Rise,0.327631,0.108577,0.563792
2026-06-17,65.000000,KURUÇEŞME,90.501164,90.390285,-0.110879,14.000000,Drop,Gradient Boosting,Drop,0.981722,0.012175,0.006102
2026-06-04,66.000000,KOZAĞAÇ,89.465241,90.478168,1.012927,13.000000,Rise,Gradient Boosting,Rise,0.227987,0.130796,0.641217
2026-06-17,66.000000,KOZAĞAÇ,90.478168,90.455477,-0.022691,14.000000,Stable,Gradient Boosting,Drop,0.975172,0.018184,0.006644
2026-06-04,67.000000,ÇAMLIKULE,89.407644,90.482684,1.075040,13.000000,Rise,Gradient Boosting,Rise,0.124474,0.098725,0.776802
2026-06-17,67.000000,ÇAMLIKULE,90.482684,90.352991,-0.129693,14.000000,Drop,Gradient Boosting,Drop,0.984142,0.009031,0.006827
2026-07-01,67.000000,ÇAMLIKULE,90.352991,90.588871,0.235880,21.000000,Rise,Gradient Boosting,Drop,0.945361,0.042403,0.012236
2026-06-04,68.000000,AKINCILAR,90.285488,90.492200,0.206712,13.000000,Rise,Gradient Boosting,Drop,0.638247,0.303635,0.058118
2026-06-17,68.000000,AKINCILAR,90.492200,90.358418,-0.133782,14.000000,Drop,Gradient Boosting,Drop,0.959591,0.032690,0.007718
2026-06-04,69.000000,UĞUR MUMCU MAH,90.067977,90.184638,0.116661,13.000000,Rise,Gradient Boosting,Stable,0.358319,0.496226,0.145455
2026-06-17,69.000000,UĞUR MUMCU MAH,90.184638,90.018328,-0.166310,14.000000,Drop,Gradient Boosting,Drop,0.602589,0.329463,0.067948
2026-06-04,70.000000,ÇAMLIK MAH,90.396654,90.191624,-0.205030,13.000000,Drop,Gradient Boosting,Drop,0.931477,0.052709,0.015814
2026-06-17,70.000000,ÇAMLIK MAH,90.191624,90.159806,-0.031818,14.000000,Stable,Gradient Boosting,Drop,0.527386,0.309269,0.163345
2026-07-01,70.000000,ÇAMLIK MAH,90.159806,90.609129,0.449323,21.000000,Rise,Gradient Boosting,Drop,0.579960,0.119086,0.300954
2026-06-04,71.000000,AKTEPE,90.400606,90.181423,-0.219182,13.000000,Drop,Gradient Boosting,Drop,0.917966,0.049647,0.032388
2026-06-17,71.000000,AKTEPE,90.181423,90.161013,-0.020410,14.000000,Stable,Gradient Boosting,Stable,0.345339,0.422820,0.231841
2026-06-04,72.000000,9 EYLÜL MAH,90.399705,90.198095,-0.201610,13.000000,Drop,Gradient Boosting,Drop,0.924245,0.052542,0.023213
2026-06-17,72.000000,9 EYLÜL MAH,90.198095,90.059552,-0.138543,14.000000,Drop,Gradient Boosting,Drop,0.481894,0.366102,0.152004
2026-07-01,72.000000,9 EYLÜL MAH,90.059552,90.249856,0.190304,21.000000,Rise,Gradient Boosting,Drop,0.622916,0.041889,0.335195
2026-06-04,73.000000,BEYAZEVLER,90.405535,90.195374,-0.210161,13.000000,Drop,Gradient Boosting,Drop,0.963975,0.014748,0.021277
2026-06-17,73.000000,BEYAZEVLER,90.195374,90.147701,-0.047673,14.000000,Stable,Gradient Boosting,Drop,0.737603,0.138688,0.123709
2026-07-01,73.000000,BEYAZEVLER,90.147701,90.247107,0.099406,21.000000,Rise,Gradient Boosting,Drop,0.740188,0.047062,0.212751
2026-06-04,74.000000,UZUNDERE,90.305774,90.175820,-0.129954,13.000000,Drop,Gradient Boosting,Drop,0.961498,0.031899,0.006603
2026-06-17,74.000000,UZUNDERE,90.175820,90.372471,0.196651,14.000000,Rise,Gradient Boosting,Drop,0.479118,0.286644,0.234237
2026-06-04,75.000000,CENNETÇEŞME,90.310137,90.184487,-0.125650,13.000000,Drop,Gradient Boosting,Drop,0.973015,0.016161,0.010824
2026-06-17,75.000000,CENNETÇEŞME,90.184487,90.410725,0.226237,14.000000,Rise,Gradient Boosting,Drop,0.496353,0.258732,0.244915
2026-07-01,75.000000,CENNETÇEŞME,90.410725,90.250829,-0.159896,21.000000,Drop,Gradient Boosting,Drop,0.957619,0.010099,0.032282
2026-06-04,76.000000,GÜZELBAHÇE,89.637776,89.749034,0.111258,13.000000,Rise,Gradient Boosting,Drop,0.484962,0.446624,0.068414
2026-06-17,76.000000,GÜZELBAHÇE,89.749034,89.611917,-0.137116,14.000000,Drop,Gradient Boosting,Drop,0.531792,0.376875,0.091333
2026-06-04,78.000000,İNCİRALTI,89.657211,89.744064,0.086852,13.000000,Rise,Gradient Boosting,Stable,0.357809,0.581390,0.060801
2026-06-17,78.000000,İNCİRALTI,89.744064,89.718473,-0.025590,14.000000,Stable,Gradient Boosting,Drop,0.518572,0.407523,0.073905
2026-07-01,78.000000,İNCİRALTI,89.718473,89.776903,0.058430,21.000000,Rise,Gradient Boosting,Stable,0.172224,0.741013,0.086764
2026-06-04,79.000000,ESENDERE,90.297540,90.175510,-0.122029,13.000000,Drop,Gradient Boosting,Drop,0.938769,0.052227,0.009004
2026-06-17,79.000000,ESENDERE,90.175510,90.386467,0.210957,14.000000,Rise,Gradient Boosting,Drop,0.762591,0.123300,0.114109
2026-06-04,80.000000,KADİFEKALE,89.925420,90.316613,0.391193,13.000000,Rise,Gradient Boosting,Drop,0.368553,0.311913,0.319533
2026-06-17,80.000000,KADİFEKALE,90.316613,90.451346,0.134733,14.000000,Rise,Gradient Boosting,Drop,0.982418,0.004434,0.013148
2026-07-01,80.000000,KADİFEKALE,90.451346,90.627083,0.175737,21.000000,Rise,Gradient Boosting,Drop,0.923414,0.063575,0.013011
2026-05-20,2.000000,YENİŞEHİR,89.171251,89.416424,0.245173,21.000000,Rise,Random Forest,Rise,0.201720,0.182594,0.615686
2026-06-10,2.000000,YENİŞEHİR,89.416424,89.532934,0.116509,14.000000,Rise,Random Forest,Drop,0.571421,0.077582,0.350997
2026-06-24,2.000000,YENİŞEHİR,89.532934,89.481268,-0.051665,14.000000,Drop,Random Forest,Drop,0.496546,0.127517,0.375937
2026-07-08,2.000000,YENİŞEHİR,89.481268,89.630209,0.148941,21.000000,Rise,Random Forest,Drop,0.621919,0.136091,0.241990
2026-05-20,3.000000,KONAK,88.916794,89.344710,0.427916,21.000000,Rise,Random Forest,Rise,0.087591,0.125387,0.787022
2026-06-10,3.000000,KONAK,89.344710,89.501654,0.156944,14.000000,Rise,Random Forest,Drop,0.537516,0.093685,0.368799
2026-06-24,3.000000,KONAK,89.501654,89.434766,-0.066888,14.000000,Drop,Random Forest,Drop,0.570884,0.092769,0.336347
2026-07-08,3.000000,KONAK,89.434766,89.614325,0.179559,21.000000,Rise,Random Forest,Drop,0.606088,0.146485,0.247426
2026-05-20,4.000000,GÜZELBAHÇE,89.607465,89.803805,0.196340,21.000000,Rise,Random Forest,Rise,0.344039,0.228198,0.427763
2026-06-10,4.000000,GÜZELBAHÇE,89.803805,89.682425,-0.121380,14.000000,Drop,Random Forest,Drop,0.634547,0.153275,0.212178
2026-06-24,4.000000,GÜZELBAHÇE,89.682425,89.862392,0.179967,14.000000,Rise,Random Forest,Rise,0.320934,0.253061,0.426005
2026-07-08,4.000000,GÜZELBAHÇE,89.862392,89.786163,-0.076229,21.000000,Drop,Random Forest,Drop,0.501863,0.224431,0.273706
2026-05-20,5.000000,NARLIDERE,89.622811,89.835110,0.212300,21.000000,Rise,Random Forest,Drop,0.369892,0.263143,0.366964
2026-06-10,5.000000,NARLIDERE,89.835110,89.669981,-0.165129,14.000000,Drop,Random Forest,Drop,0.647121,0.165153,0.187727
2026-06-24,5.000000,NARLIDERE,89.669981,89.913736,0.243755,14.000000,Rise,Random Forest,Rise,0.320151,0.283584,0.396265
2026-07-08,5.000000,NARLIDERE,89.913736,89.807076,-0.106660,21.000000,Drop,Random Forest,Drop,0.523694,0.257476,0.218830
2026-05-20,6.000000,BALÇOVA,89.609173,89.781806,0.172633,21.000000,Rise,Random Forest,Drop,0.454947,0.231755,0.313299
2026-06-10,6.000000,BALÇOVA,89.781806,89.582532,-0.199274,14.000000,Drop,Random Forest,Drop,0.641360,0.153572,0.205068
2026-06-24,6.000000,BALÇOVA,89.582532,89.894872,0.312340,14.000000,Rise,Random Forest,Rise,0.327101,0.187113,0.485786
2026-05-20,7.000000,ÜÇKUYULAR,89.609897,89.791530,0.181633,21.000000,Rise,Random Forest,Drop,0.453094,0.208236,0.338670
2026-06-10,7.000000,ÜÇKUYULAR,89.791530,89.610459,-0.181071,14.000000,Drop,Random Forest,Drop,0.638113,0.161409,0.200479
2026-06-24,7.000000,ÜÇKUYULAR,89.610459,89.911785,0.301326,14.000000,Rise,Random Forest,Rise,0.354586,0.214582,0.430832
2026-07-08,7.000000,ÜÇKUYULAR,89.911785,89.819160,-0.092625,21.000000,Drop,Random Forest,Drop,0.570291,0.195891,0.233818
2026-05-20,8.000000,GÜZELYALI,89.599758,89.779916,0.180158,21.000000,Rise,Random Forest,Rise,0.373038,0.235715,0.391247
2026-06-10,8.000000,GÜZELYALI,89.779916,89.672145,-0.107771,14.000000,Drop,Random Forest,Drop,0.589002,0.180836,0.230161
2026-06-24,8.000000,GÜZELYALI,89.672145,89.900279,0.228134,14.000000,Rise,Random Forest,Rise,0.348831,0.267960,0.383210
2026-07-08,8.000000,GÜZELYALI,89.900279,89.800038,-0.100242,21.000000,Drop,Random Forest,Drop,0.556728,0.210389,0.232884
2026-05-20,9.000000,HATAY,89.931407,90.501942,0.570536,21.000000,Rise,Random Forest,Drop,0.442194,0.186881,0.370926
2026-06-10,9.000000,HATAY,90.501942,90.032400,-0.469542,14.000000,Drop,Random Forest,Drop,0.770528,0.147064,0.082408
2026-06-24,9.000000,HATAY,90.032400,90.219082,0.186682,14.000000,Rise,Random Forest,Drop,0.391142,0.240210,0.368648
2026-05-20,11.000000,YEŞİLYURT,89.931889,90.514492,0.582602,21.000000,Rise,Random Forest,Rise,0.360723,0.196332,0.442945
2026-06-10,11.000000,YEŞİLYURT,90.514492,90.028834,-0.485658,14.000000,Drop,Random Forest,Drop,0.795891,0.130217,0.073891
2026-06-24,11.000000,YEŞİLYURT,90.028834,90.207656,0.178822,14.000000,Rise,Random Forest,Drop,0.386382,0.285433,0.328185
2026-05-20,13.000000,KARABAĞLAR,89.926412,90.516418,0.590005,21.000000,Rise,Random Forest,Rise,0.313254,0.178263,0.508484
2026-06-10,13.000000,KARABAĞLAR,90.516418,90.023598,-0.492820,14.000000,Drop,Random Forest,Drop,0.752203,0.162002,0.085796
2026-06-24,13.000000,KARABAĞLAR,90.023598,90.204064,0.180466,14.000000,Rise,Random Forest,Drop,0.406359,0.250046,0.343596
2026-05-20,14.000000,ESKİ İZMİR,89.945390,90.506369,0.560980,21.000000,Rise,Random Forest,Rise,0.363177,0.179882,0.456942
2026-06-10,14.000000,ESKİ İZMİR,90.506369,90.025689,-0.480680,14.000000,Drop,Random Forest,Drop,0.768980,0.149575,0.081444
2026-06-24,14.000000,ESKİ İZMİR,90.025689,90.222125,0.196436,14.000000,Rise,Random Forest,Drop,0.392870,0.251538,0.355592
2026-07-08,14.000000,ESKİ İZMİR,90.222125,90.196727,-0.025398,21.000000,Stable,Random Forest,Drop,0.557409,0.179332,0.263259
2026-05-20,15.000000,GAZİEMİR,89.928478,90.501369,0.572891,21.000000,Rise,Random Forest,Rise,0.323505,0.174163,0.502333
2026-06-10,15.000000,GAZİEMİR,90.501369,90.038934,-0.462435,14.000000,Drop,Random Forest,Drop,0.782903,0.127620,0.089477
2026-06-24,15.000000,GAZİEMİR,90.038934,90.241629,0.202694,14.000000,Rise,Random Forest,Drop,0.392598,0.230892,0.376511
2026-07-08,15.000000,GAZİEMİR,90.241629,90.191809,-0.049820,21.000000,Stable,Random Forest,Drop,0.599056,0.171190,0.229754
2026-05-20,16.000000,GEDİZ,88.642344,90.442743,1.800399,21.000000,Rise,Random Forest,Rise,0.135826,0.042958,0.821217
2026-06-10,16.000000,GEDİZ,90.442743,90.397690,-0.045053,14.000000,Stable,Random Forest,Drop,0.785662,0.107004,0.107333
2026-06-24,16.000000,GEDİZ,90.397690,90.424392,0.026702,14.000000,Stable,Random Forest,Drop,0.694058,0.134475,0.171467
2026-07-08,16.000000,GEDİZ,90.424392,90.298275,-0.126116,21.000000,Drop,Random Forest,Drop,0.668016,0.157810,0.174174
2026-05-20,17.000000,ŞİRİNYER,88.722518,90.463307,1.740789,21.000000,Rise,Random Forest,Rise,0.114920,0.035110,0.849970
2026-06-10,17.000000,ŞİRİNYER,90.463307,90.395705,-0.067602,14.000000,Drop,Random Forest,Drop,0.779065,0.115651,0.105284
2026-06-24,17.000000,ŞİRİNYER,90.395705,90.448692,0.052987,14.000000,Rise,Random Forest,Drop,0.696095,0.156702,0.147203
2026-07-08,17.000000,ŞİRİNYER,90.448692,90.313001,-0.135691,21.000000,Drop,Random Forest,Drop,0.664475,0.170516,0.165009
2026-05-20,18.000000,BUCA,88.740093,90.440112,1.700019,21.000000,Rise,Random Forest,Rise,0.110695,0.038311,0.850994
2026-06-10,18.000000,BUCA,90.440112,90.417150,-0.022962,14.000000,Stable,Random Forest,Drop,0.785961,0.110381,0.103658
2026-06-24,18.000000,BUCA,90.417150,90.441345,0.024195,14.000000,Stable,Random Forest,Drop,0.701966,0.153180,0.144854
2026-05-20,19.000000,GÜLÇEŞME,88.669766,90.442406,1.772641,21.000000,Rise,Random Forest,Rise,0.064735,0.041683,0.893582
2026-06-10,19.000000,GÜLÇEŞME,90.442406,90.407802,-0.034604,14.000000,Stable,Random Forest,Drop,0.807100,0.114423,0.078476
2026-06-24,19.000000,GÜLÇEŞME,90.407802,90.443230,0.035428,14.000000,Stable,Random Forest,Drop,0.673288,0.144889,0.181823
2026-07-08,19.000000,GÜLÇEŞME,90.443230,90.319854,-0.123376,21.000000,Drop,Random Forest,Drop,0.659694,0.164341,0.175965
2026-05-20,20.000000,GÜLTEPE,88.562435,89.468806,0.906371,21.000000,Rise,Random Forest,Rise,0.053640,0.045157,0.901203
2026-06-10,20.000000,GÜLTEPE,89.468806,89.265996,-0.202810,14.000000,Drop,Random Forest,Drop,0.563821,0.073488,0.362691
2026-06-24,20.000000,GÜLTEPE,89.265996,90.444880,1.178884,14.000000,Rise,Random Forest,Rise,0.378065,0.107222,0.514712
2026-07-08,20.000000,GÜLTEPE,90.444880,90.037716,-0.407164,21.000000,Drop,Random Forest,Drop,0.687738,0.167900,0.144363
2026-05-20,21.000000,ALTINDAĞ,90.143620,90.477106,0.333487,21.000000,Rise,Random Forest,Drop,0.538082,0.191787,0.270131
2026-06-10,21.000000,ALTINDAĞ,90.477106,90.376517,-0.100589,14.000000,Drop,Random Forest,Drop,0.772784,0.126405,0.100811
2026-06-24,21.000000,ALTINDAĞ,90.376517,90.053871,-0.322646,14.000000,Drop,Random Forest,Drop,0.642379,0.175466,0.182154
2026-07-08,21.000000,ALTINDAĞ,90.053871,90.286260,0.232389,21.000000,Rise,Random Forest,Drop,0.528474,0.127162,0.344365
2026-05-20,22.000000,ÇAMDİBİ,90.154959,90.478890,0.323931,21.000000,Rise,Random Forest,Drop,0.763614,0.083479,0.152906
2026-06-10,22.000000,ÇAMDİBİ,90.478890,90.290197,-0.188693,14.000000,Drop,Random Forest,Drop,0.799660,0.109556,0.090784
2026-06-24,22.000000,ÇAMDİBİ,90.290197,90.025515,-0.264682,14.000000,Drop,Random Forest,Drop,0.642146,0.176556,0.181298
2026-07-08,22.000000,ÇAMDİBİ,90.025515,90.114344,0.088829,21.000000,Rise,Random Forest,Drop,0.535504,0.112696,0.351800
2026-05-20,23.000000,IŞIKKENT,90.153745,90.469253,0.315508,21.000000,Rise,Random Forest,Drop,0.546147,0.189543,0.264310
2026-06-10,23.000000,IŞIKKENT,90.469253,90.283286,-0.185967,14.000000,Drop,Random Forest,Drop,0.775399,0.118769,0.105833
2026-06-24,23.000000,IŞIKKENT,90.283286,89.984217,-0.299069,14.000000,Drop,Random Forest,Drop,0.538638,0.274731,0.186630
2026-07-08,23.000000,IŞIKKENT,89.984217,90.293613,0.309396,21.000000,Rise,Random Forest,Drop,0.536221,0.096833,0.366946
2026-05-20,24.000000,PINARBAŞI,90.127186,90.418798,0.291612,21.000000,Rise,Random Forest,Drop,0.530307,0.192042,0.277651
2026-06-10,24.000000,PINARBAŞI,90.418798,90.299425,-0.119373,14.000000,Drop,Random Forest,Drop,0.766604,0.128559,0.104837
2026-06-24,24.000000,PINARBAŞI,90.299425,90.063102,-0.236323,14.000000,Drop,Random Forest,Drop,0.596174,0.233720,0.170105
2026-05-20,25.000000,EVKA-3,90.141286,90.219872,0.078586,21.000000,Rise,Random Forest,Drop,0.712209,0.109533,0.178259
2026-06-10,25.000000,EVKA-3,90.219872,90.382894,0.163022,14.000000,Rise,Random Forest,Drop,0.538737,0.252103,0.209159
2026-06-24,25.000000,EVKA-3,90.382894,89.940551,-0.442343,14.000000,Drop,Random Forest,Drop,0.768705,0.113809,0.117486
2026-07-08,25.000000,EVKA-3,89.940551,90.273312,0.332761,21.000000,Rise,Random Forest,Drop,0.448853,0.156821,0.394326
2026-05-20,26.000000,BORNOVA,90.158683,90.243283,0.084600,21.000000,Rise,Random Forest,Drop,0.731193,0.113116,0.155691
2026-06-10,26.000000,BORNOVA,90.243283,90.406226,0.162943,14.000000,Rise,Random Forest,Drop,0.545337,0.251215,0.203448
2026-06-24,26.000000,BORNOVA,90.406226,90.065401,-0.340826,14.000000,Drop,Random Forest,Drop,0.767600,0.121548,0.110852
2026-07-08,26.000000,BORNOVA,90.065401,90.286403,0.221003,21.000000,Rise,Random Forest,Drop,0.465460,0.175117,0.359422
2026-05-20,27.000000,ATATÜRK MAH,90.124933,89.395165,-0.729768,21.000000,Drop,Random Forest,Drop,0.649456,0.159993,0.190551
2026-06-10,27.000000,ATATÜRK MAH,89.395165,89.586334,0.191169,14.000000,Rise,Random Forest,Rise,0.392988,0.206521,0.400491
2026-06-24,27.000000,ATATÜRK MAH,89.586334,90.101601,0.515267,14.000000,Rise,Random Forest,Drop,0.635462,0.094012,0.270526
2026-07-08,27.000000,ATATÜRK MAH,90.101601,89.488579,-0.613022,21.000000,Drop,Random Forest,Drop,0.751942,0.102855,0.145203
2026-05-20,28.000000,OSMANGAZİ,90.154709,89.419043,-0.735666,21.000000,Drop,Random Forest,Drop,0.784944,0.085502,0.129554
2026-06-10,28.000000,OSMANGAZİ,89.419043,89.558425,0.139382,14.000000,Rise,Random Forest,Rise,0.371206,0.199456,0.429338
2026-06-24,28.000000,OSMANGAZİ,89.558425,89.570017,0.011592,14.000000,Stable,Random Forest,Rise,0.454446,0.076199,0.469355
2026-07-08,28.000000,OSMANGAZİ,89.570017,89.499949,-0.070068,21.000000,Drop,Random Forest,Drop,0.586921,0.147289,0.265790
2026-05-20,29.000000,ÖZKANLAR,90.149269,89.412169,-0.737100,21.000000,Drop,Random Forest,Drop,0.781145,0.084831,0.134024
2026-06-10,29.000000,ÖZKANLAR,89.412169,89.556976,0.144806,14.000000,Rise,Random Forest,Rise,0.364515,0.199110,0.436375
2026-06-24,29.000000,ÖZKANLAR,89.556976,89.107580,-0.449396,14.000000,Drop,Random Forest,Drop,0.468125,0.066280,0.465596
2026-07-08,29.000000,ÖZKANLAR,89.107580,89.591852,0.484273,21.000000,Rise,Random Forest,Rise,0.307654,0.069929,0.622417
2026-05-20,30.000000,MANAVKUYU,90.149821,89.323244,-0.826577,21.000000,Drop,Random Forest,Drop,0.701198,0.136317,0.162485
2026-06-10,30.000000,MANAVKUYU,89.323244,89.506124,0.182880,14.000000,Rise,Random Forest,Rise,0.312988,0.238798,0.448214
2026-06-24,30.000000,MANAVKUYU,89.506124,88.664931,-0.841193,14.000000,Drop,Random Forest,Drop,0.550479,0.080965,0.368556
2026-07-08,30.000000,MANAVKUYU,88.664931,89.485632,0.820702,21.000000,Rise,Random Forest,Rise,0.193736,0.139733,0.666531
2026-05-20,32.000000,EGEKENT,88.861258,88.997606,0.136348,21.000000,Rise,Random Forest,Rise,0.138988,0.108125,0.752887
2026-06-10,32.000000,EGEKENT,88.997606,89.066391,0.068785,14.000000,Rise,Random Forest,Rise,0.274481,0.082911,0.642608
2026-06-24,32.000000,EGEKENT,89.066391,89.056502,-0.009889,14.000000,Stable,Random Forest,Rise,0.232191,0.064164,0.703645
2026-07-08,32.000000,EGEKENT,89.056502,89.315416,0.258914,21.000000,Rise,Random Forest,Rise,0.247129,0.064137,0.688734
2026-05-20,33.000000,BALATÇIK,88.842834,89.050214,0.207380,21.000000,Rise,Random Forest,Rise,0.159751,0.116146,0.724102
2026-06-10,33.000000,BALATÇIK,89.050214,89.057845,0.007631,14.000000,Stable,Random Forest,Rise,0.298723,0.085650,0.615627
2026-06-24,33.000000,BALATÇIK,89.057845,89.114467,0.056622,14.000000,Rise,Random Forest,Rise,0.220836,0.045932,0.733232
2026-07-08,33.000000,BALATÇIK,89.114467,89.297267,0.182800,21.000000,Rise,Random Forest,Rise,0.307218,0.061572,0.631210
2026-05-20,34.000000,ÇİĞLİ,88.864846,89.424137,0.559291,21.000000,Rise,Random Forest,Rise,0.151495,0.102973,0.745531
2026-06-10,34.000000,ÇİĞLİ,89.424137,89.540205,0.116068,14.000000,Rise,Random Forest,Drop,0.482118,0.101747,0.416135
2026-06-24,34.000000,ÇİĞLİ,89.540205,89.009229,-0.530976,14.000000,Drop,Random Forest,Drop,0.593120,0.071651,0.335229
2026-07-08,34.000000,ÇİĞLİ,89.009229,89.493153,0.483924,21.000000,Rise,Random Forest,Rise,0.230239,0.105815,0.663945
2026-05-20,35.000000,BOSTANLI,89.302504,89.293782,-0.008722,21.000000,Stable,Random Forest,Rise,0.418200,0.098284,0.483516
2026-06-10,35.000000,BOSTANLI,89.293782,89.524071,0.230288,14.000000,Rise,Random Forest,Drop,0.469081,0.090599,0.440321
2026-06-24,35.000000,BOSTANLI,89.524071,89.502685,-0.021385,14.000000,Stable,Random Forest,Drop,0.547331,0.100428,0.352241
2026-07-08,35.000000,BOSTANLI,89.502685,89.510151,0.007466,21.000000,Stable,Random Forest,Drop,0.573659,0.108805,0.317536
2026-05-20,36.000000,ŞEMİKLER,89.309022,89.499476,0.190454,21.000000,Rise,Random Forest,Rise,0.401817,0.064597,0.533585
2026-06-10,36.000000,ŞEMİKLER,89.499476,89.648444,0.148968,14.000000,Rise,Random Forest,Drop,0.604157,0.067313,0.328530
2026-06-24,36.000000,ŞEMİKLER,89.648444,89.456349,-0.192095,14.000000,Drop,Random Forest,Drop,0.622361,0.068709,0.308930
2026-05-20,37.000000,KARŞIYAKA,89.273294,89.505199,0.231905,21.000000,Rise,Random Forest,Rise,0.368698,0.069564,0.561737
2026-06-10,37.000000,KARŞIYAKA,89.505199,89.457424,-0.047775,14.000000,Stable,Random Forest,Drop,0.585139,0.071162,0.343699
2026-06-24,37.000000,KARŞIYAKA,89.457424,89.465697,0.008272,14.000000,Stable,Random Forest,Drop,0.546622,0.085515,0.367863
2026-05-20,38.000000,EVKA-2,89.293664,89.496360,0.202696,21.000000,Rise,Random Forest,Rise,0.421469,0.067344,0.511186
2026-06-10,38.000000,EVKA-2,89.496360,89.561680,0.065320,14.000000,Rise,Random Forest,Drop,0.587023,0.068398,0.344578
2026-06-24,38.000000,EVKA-2,89.561680,89.491606,-0.070074,14.000000,Drop,Random Forest,Drop,0.563092,0.092318,0.344590
2026-07-08,38.000000,EVKA-2,89.491606,89.468740,-0.022866,21.000000,Stable,Random Forest,Drop,0.455007,0.130534,0.414458
2026-05-20,39.000000,ÖRNEKKÖY,89.332656,89.454102,0.121447,21.000000,Rise,Random Forest,Rise,0.419884,0.125530,0.454586
2026-06-10,39.000000,ÖRNEKKÖY,89.454102,89.628032,0.173930,14.000000,Rise,Random Forest,Drop,0.538187,0.087445,0.374368
2026-06-24,39.000000,ÖRNEKKÖY,89.628032,89.494766,-0.133266,14.000000,Drop,Random Forest,Drop,0.534412,0.089373,0.376215
2026-07-08,39.000000,ÖRNEKKÖY,89.494766,89.454838,-0.039928,21.000000,Stable,Random Forest,Drop,0.513303,0.126792,0.359905
2026-05-20,40.000000,GÜMÜŞPALA,89.307299,89.464148,0.156850,21.000000,Rise,Random Forest,Rise,0.398796,0.067244,0.533960
2026-06-10,40.000000,GÜMÜŞPALA,89.464148,89.415235,-0.048913,14.000000,Stable,Random Forest,Drop,0.592367,0.063480,0.344153
2026-06-24,40.000000,GÜMÜŞPALA,89.415235,89.483664,0.068428,14.000000,Rise,Random Forest,Drop,0.519418,0.100047,0.380535
2026-07-08,40.000000,GÜMÜŞPALA,89.483664,89.218378,-0.265286,21.000000,Drop,Random Forest,Drop,0.510398,0.109762,0.379840
2026-06-04,41.000000,DOĞANÇAY,89.058864,89.362006,0.303142,13.000000,Rise,Random Forest,Rise,0.174525,0.078368,0.747107
2026-06-17,41.000000,DOĞANÇAY,89.362006,89.415040,0.053035,14.000000,Rise,Random Forest,Drop,0.474819,0.085580,0.439601
2026-07-01,41.000000,DOĞANÇAY,89.415040,89.329287,-0.085753,21.000000,Drop,Random Forest,Drop,0.666422,0.094131,0.239447
2026-06-04,42.000000,YAMANLAR,89.075125,89.363758,0.288632,13.000000,Rise,Random Forest,Rise,0.209495,0.047378,0.743127
2026-06-17,42.000000,YAMANLAR,89.363758,89.386642,0.022884,14.000000,Stable,Random Forest,Drop,0.551869,0.090234,0.357897
2026-07-01,42.000000,YAMANLAR,89.386642,89.437806,0.051165,21.000000,Rise,Random Forest,Drop,0.556747,0.094776,0.348477
2026-06-04,43.000000,POSTACI MAH,89.073014,89.377027,0.304013,13.000000,Rise,Random Forest,Rise,0.223919,0.054538,0.721544
2026-06-17,43.000000,POSTACI MAH,89.377027,89.181770,-0.195257,14.000000,Drop,Random Forest,Drop,0.547182,0.101940,0.350879
2026-07-01,43.000000,POSTACI MAH,89.181770,89.324150,0.142380,21.000000,Rise,Random Forest,Rise,0.254022,0.091953,0.654025
2026-06-04,44.000000,YAMAÇ MAH,89.086614,89.518952,0.432337,13.000000,Rise,Random Forest,Rise,0.196309,0.064944,0.738747
2026-06-17,44.000000,YAMAÇ MAH,89.518952,89.393585,-0.125366,14.000000,Drop,Random Forest,Drop,0.701087,0.123669,0.175244
2026-07-01,44.000000,YAMAÇ MAH,89.393585,89.438888,0.045303,21.000000,Stable,Random Forest,Drop,0.585993,0.136000,0.278008
2026-06-04,45.000000,CUMHURİYET MAH,89.082872,89.351989,0.269118,13.000000,Rise,Random Forest,Rise,0.185042,0.065318,0.749640
2026-06-17,45.000000,CUMHURİYET MAH,89.351989,89.397496,0.045507,14.000000,Stable,Random Forest,Drop,0.505296,0.092849,0.401854
2026-06-04,46.000000,GÜZELTEPE,89.064494,89.360344,0.295850,13.000000,Rise,Random Forest,Rise,0.208556,0.076969,0.714474
2026-06-17,46.000000,GÜZELTEPE,89.360344,89.407684,0.047340,14.000000,Stable,Random Forest,Drop,0.528685,0.090785,0.380530
2026-07-01,46.000000,GÜZELTEPE,89.407684,89.194344,-0.213339,21.000000,Drop,Random Forest,Drop,0.641175,0.082502,0.276324
2026-06-04,47.000000,EVKA-5,88.902479,88.990538,0.088058,13.000000,Rise,Random Forest,Rise,0.227475,0.073003,0.699522
2026-06-17,47.000000,EVKA-5,88.990538,89.111454,0.120916,14.000000,Rise,Random Forest,Rise,0.246765,0.043868,0.709366
2026-07-01,47.000000,EVKA-5,89.111454,89.201736,0.090283,21.000000,Rise,Random Forest,Rise,0.323118,0.055299,0.621582
2026-06-04,48.000000,EGEKENT-2,89.082733,88.964341,-0.118392,13.000000,Drop,Random Forest,Rise,0.313694,0.079086,0.607220
2026-06-17,48.000000,EGEKENT-2,88.964341,89.141099,0.176758,14.000000,Rise,Random Forest,Rise,0.204076,0.052895,0.743028
2026-07-01,48.000000,EGEKENT-2,89.141099,89.213357,0.072258,21.000000,Rise,Random Forest,Rise,0.302333,0.065763,0.631904
2026-06-04,49.000000,ALAYBEY,89.054520,89.359409,0.304889,13.000000,Rise,Random Forest,Rise,0.254104,0.035248,0.710648
2026-06-17,49.000000,ALAYBEY,89.359409,89.375398,0.015989,14.000000,Stable,Random Forest,Drop,0.527663,0.083531,0.388805
2026-06-04,50.000000,CENGİZHAN,89.039203,89.409519,0.370315,13.000000,Rise,Random Forest,Rise,0.240433,0.031445,0.728122
2026-06-17,50.000000,CENGİZHAN,89.409519,89.391891,-0.017628,14.000000,Stable,Random Forest,Drop,0.532359,0.088506,0.379135
2026-06-04,51.000000,ÇAY MAH,89.072115,89.260812,0.188696,13.000000,Rise,Random Forest,Rise,0.254924,0.060824,0.684252
2026-06-17,51.000000,ÇAY MAH,89.260812,89.376194,0.115383,14.000000,Rise,Random Forest,Rise,0.445119,0.070440,0.484441
2026-07-01,51.000000,ÇAY MAH,89.376194,89.322847,-0.053348,21.000000,Drop,Random Forest,Drop,0.558597,0.057579,0.383825
2026-06-04,52.000000,İZYUVA,90.442600,90.429173,-0.013427,13.000000,Stable,Random Forest,Drop,0.807462,0.092517,0.100022
2026-06-17,52.000000,İZYUVA,90.429173,90.025752,-0.403421,14.000000,Drop,Random Forest,Drop,0.712399,0.137988,0.149613
2026-07-01,52.000000,İZYUVA,90.025752,90.298684,0.272933,21.000000,Rise,Random Forest,Drop,0.438378,0.224925,0.336697
2026-06-04,53.000000,NALDÖKEN,90.440480,90.328245,-0.112235,13.000000,Drop,Random Forest,Drop,0.797445,0.110601,0.091954
2026-06-17,53.000000,NALDÖKEN,90.328245,90.021296,-0.306948,14.000000,Drop,Random Forest,Drop,0.649253,0.163155,0.187591
2026-06-04,54.000000,YEŞİLÇAM,90.271522,90.434984,0.163462,13.000000,Rise,Random Forest,Drop,0.562370,0.240053,0.197577
2026-06-17,54.000000,YEŞİLÇAM,90.434984,90.319239,-0.115745,14.000000,Drop,Random Forest,Drop,0.767708,0.130150,0.102142
2026-07-01,54.000000,YEŞİLÇAM,90.319239,90.323842,0.004603,21.000000,Stable,Random Forest,Drop,0.644700,0.201102,0.154198
2026-06-04,55.000000,MEVLANA,90.447434,90.436916,-0.010518,13.000000,Stable,Random Forest,Drop,0.784224,0.120173,0.095604
2026-06-17,55.000000,MEVLANA,90.436916,90.022892,-0.414025,14.000000,Drop,Random Forest,Drop,0.695073,0.135556,0.169371
2026-07-01,55.000000,MEVLANA,90.022892,90.203919,0.181028,21.000000,Rise,Random Forest,Drop,0.428392,0.274113,0.297496
2026-06-04,56.000000,YEŞİLOVA,90.438316,90.440337,0.002021,13.000000,Stable,Random Forest,Drop,0.779777,0.129629,0.090595
2026-06-17,56.000000,YEŞİLOVA,90.440337,90.059599,-0.380738,14.000000,Drop,Random Forest,Drop,0.702376,0.146908,0.150716
2026-06-04,57.000000,MERSİNLİ,90.440376,90.433964,-0.006412,13.000000,Stable,Random Forest,Drop,0.777216,0.131943,0.090841
2026-06-17,57.000000,MERSİNLİ,90.433964,90.047468,-0.386496,14.000000,Drop,Random Forest,Drop,0.696496,0.148207,0.155297
2026-07-01,57.000000,MERSİNLİ,90.047468,89.328785,-0.718682,21.000000,Drop,Random Forest,Drop,0.437955,0.256979,0.305066
2026-06-04,59.000000,ÇANKAYA,89.245281,88.832177,-0.413105,13.000000,Drop,Random Forest,Rise,0.369442,0.087435,0.543123
2026-06-17,59.000000,ÇANKAYA,88.832177,89.561406,0.729229,14.000000,Rise,Random Forest,Rise,0.102046,0.061280,0.836674
2026-07-01,59.000000,ÇANKAYA,89.561406,89.354005,-0.207400,21.000000,Drop,Random Forest,Drop,0.621246,0.179778,0.198976
2026-06-04,60.000000,TOROS,89.344212,89.193993,-0.150219,13.000000,Drop,Random Forest,Drop,0.455805,0.119611,0.424585
2026-06-17,60.000000,TOROS,89.193993,88.824011,-0.369982,14.000000,Drop,Random Forest,Rise,0.262987,0.059098,0.677915
2026-07-01,60.000000,TOROS,88.824011,89.081441,0.257430,21.000000,Rise,Random Forest,Rise,0.094570,0.042187,0.863243
2026-06-04,61.000000,LEVENT,89.360412,89.312980,-0.047432,13.000000,Stable,Random Forest,Drop,0.459148,0.112478,0.428374
2026-06-17,61.000000,LEVENT,89.312980,88.669362,-0.643618,14.000000,Drop,Random Forest,Rise,0.314810,0.084429,0.600761
2026-06-04,62.000000,UFUK MAH,89.281626,89.125498,-0.156128,13.000000,Drop,Random Forest,Rise,0.359678,0.098051,0.542271
2026-06-17,62.000000,UFUK MAH,89.125498,88.731345,-0.394154,14.000000,Drop,Random Forest,Rise,0.234307,0.039757,0.725935
2026-07-01,62.000000,UFUK MAH,88.731345,89.115137,0.383793,21.000000,Rise,Random Forest,Rise,0.092504,0.051498,0.855998
2026-06-04,63.000000,EVKA-1,89.378074,90.477154,1.099080,13.000000,Rise,Random Forest,Rise,0.211085,0.070732,0.718183
2026-06-17,63.000000,EVKA-1,90.477154,90.343535,-0.133619,14.000000,Drop,Random Forest,Drop,0.796008,0.114381,0.089612
2026-06-04,64.000000,ADATEPE,89.437635,90.484387,1.046751,13.000000,Rise,Random Forest,Rise,0.269607,0.125422,0.604972
2026-06-17,64.000000,ADATEPE,90.484387,90.369527,-0.114860,14.000000,Drop,Random Forest,Drop,0.806917,0.110993,0.082090
2026-06-04,65.000000,KURUÇEŞME,89.436478,90.501164,1.064686,13.000000,Rise,Random Forest,Rise,0.295563,0.105238,0.599199
2026-06-17,65.000000,KURUÇEŞME,90.501164,90.390285,-0.110879,14.000000,Drop,Random Forest,Drop,0.804193,0.112251,0.083557
2026-06-04,66.000000,KOZAĞAÇ,89.465241,90.478168,1.012927,13.000000,Rise,Random Forest,Rise,0.270505,0.103788,0.625707
2026-06-17,66.000000,KOZAĞAÇ,90.478168,90.455477,-0.022691,14.000000,Stable,Random Forest,Drop,0.808388,0.112475,0.079137
2026-06-04,67.000000,ÇAMLIKULE,89.407644,90.482684,1.075040,13.000000,Rise,Random Forest,Rise,0.248131,0.115381,0.636489
2026-06-17,67.000000,ÇAMLIKULE,90.482684,90.352991,-0.129693,14.000000,Drop,Random Forest,Drop,0.808191,0.108021,0.083788
2026-07-01,67.000000,ÇAMLIKULE,90.352991,90.588871,0.235880,21.000000,Rise,Random Forest,Drop,0.710433,0.132978,0.156589
2026-06-04,68.000000,AKINCILAR,90.285488,90.492200,0.206712,13.000000,Rise,Random Forest,Drop,0.581289,0.195522,0.223189
2026-06-17,68.000000,AKINCILAR,90.492200,90.358418,-0.133782,14.000000,Drop,Random Forest,Drop,0.783338,0.148234,0.068428
2026-06-04,69.000000,UĞUR MUMCU MAH,90.067977,90.184638,0.116661,13.000000,Rise,Random Forest,Drop,0.493140,0.281901,0.224960
2026-06-17,69.000000,UĞUR MUMCU MAH,90.184638,90.018328,-0.166310,14.000000,Drop,Random Forest,Drop,0.495178,0.291267,0.213555
2026-06-04,70.000000,ÇAMLIK MAH,90.396654,90.191624,-0.205030,13.000000,Drop,Random Forest,Drop,0.778768,0.138349,0.082884
2026-06-17,70.000000,ÇAMLIK MAH,90.191624,90.159806,-0.031818,14.000000,Stable,Random Forest,Drop,0.456218,0.254133,0.289649
2026-07-01,70.000000,ÇAMLIK MAH,90.159806,90.609129,0.449323,21.000000,Rise,Random Forest,Drop,0.467547,0.219164,0.313289
2026-06-04,71.000000,AKTEPE,90.400606,90.181423,-0.219182,13.000000,Drop,Random Forest,Drop,0.748401,0.140457,0.111143
2026-06-17,71.000000,AKTEPE,90.181423,90.161013,-0.020410,14.000000,Stable,Random Forest,Drop,0.462929,0.251298,0.285773
2026-06-04,72.000000,9 EYLÜL MAH,90.399705,90.198095,-0.201610,13.000000,Drop,Random Forest,Drop,0.767885,0.138605,0.093511
2026-06-17,72.000000,9 EYLÜL MAH,90.198095,90.059552,-0.138543,14.000000,Drop,Random Forest,Drop,0.500292,0.197243,0.302465
2026-07-01,72.000000,9 EYLÜL MAH,90.059552,90.249856,0.190304,21.000000,Rise,Random Forest,Drop,0.447020,0.171855,0.381124
2026-06-04,73.000000,BEYAZEVLER,90.405535,90.195374,-0.210161,13.000000,Drop,Random Forest,Drop,0.760572,0.120368,0.119060
2026-06-17,73.000000,BEYAZEVLER,90.195374,90.147701,-0.047673,14.000000,Stable,Random Forest,Drop,0.509445,0.202992,0.287563
2026-07-01,73.000000,BEYAZEVLER,90.147701,90.247107,0.099406,21.000000,Rise,Random Forest,Drop,0.509140,0.193574,0.297287
2026-06-04,74.000000,UZUNDERE,90.305774,90.175820,-0.129954,13.000000,Drop,Random Forest,Drop,0.781566,0.127928,0.090506
2026-06-17,74.000000,UZUNDERE,90.175820,90.372471,0.196651,14.000000,Rise,Random Forest,Drop,0.422127,0.272937,0.304936
2026-06-04,75.000000,CENNETÇEŞME,90.310137,90.184487,-0.125650,13.000000,Drop,Random Forest,Drop,0.769525,0.133226,0.097249
2026-06-17,75.000000,CENNETÇEŞME,90.184487,90.410725,0.226237,14.000000,Rise,Random Forest,Drop,0.465525,0.230093,0.304383
2026-07-01,75.000000,CENNETÇEŞME,90.410725,90.250829,-0.159896,21.000000,Drop,Random Forest,Drop,0.747036,0.119978,0.132986
2026-06-04,76.000000,GÜZELBAHÇE,89.637776,89.749034,0.111258,13.000000,Rise,Random Forest,Drop,0.492539,0.256003,0.251458
2026-06-17,76.000000,GÜZELBAHÇE,89.749034,89.611917,-0.137116,14.000000,Drop,Random Forest,Drop,0.475622,0.287019,0.237358
2026-06-04,78.000000,İNCİRALTI,89.657211,89.744064,0.086852,13.000000,Rise,Random Forest,Drop,0.448499,0.279901,0.271600
2026-06-17,78.000000,İNCİRALTI,89.744064,89.718473,-0.025590,14.000000,Stable,Random Forest,Drop,0.471866,0.302508,0.225626
2026-07-01,78.000000,İNCİRALTI,89.718473,89.776903,0.058430,21.000000,Rise,Random Forest,Drop,0.368908,0.294636,0.336457
2026-06-04,79.000000,ESENDERE,90.297540,90.175510,-0.122029,13.000000,Drop,Random Forest,Drop,0.787822,0.125787,0.086390
2026-06-17,79.000000,ESENDERE,90.175510,90.386467,0.210957,14.000000,Rise,Random Forest,Drop,0.510443,0.221587,0.267971
2026-06-04,80.000000,KADİFEKALE,89.925420,90.316613,0.391193,13.000000,Rise,Random Forest,Drop,0.421816,0.205548,0.372637
2026-06-17,80.000000,KADİFEKALE,90.316613,90.451346,0.134733,14.000000,Rise,Random Forest,Drop,0.725889,0.123505,0.150606
2026-07-01,80.000000,KADİFEKALE,90.451346,90.627083,0.175737,21.000000,Rise,Random Forest,Drop,0.744835,0.125384,0.129780
2026-05-20,2.000000,YENİŞEHİR,89.171251,89.416424,0.245173,21.000000,Rise,SVM,Rise,0.232632,0.067261,0.700107
2026-06-10,2.000000,YENİŞEHİR,89.416424,89.532934,0.116509,14.000000,Rise,SVM,Drop,0.705882,0.055460,0.238658
2026-06-24,2.000000,YENİŞEHİR,89.532934,89.481268,-0.051665,14.000000,Drop,SVM,Rise,0.260358,0.037749,0.701893
2026-07-08,2.000000,YENİŞEHİR,89.481268,89.630209,0.148941,21.000000,Rise,SVM,Drop,0.558471,0.082696,0.358833
2026-05-20,3.000000,KONAK,88.916794,89.344710,0.427916,21.000000,Rise,SVM,Rise,0.024789,0.044819,0.930392
2026-06-10,3.000000,KONAK,89.344710,89.501654,0.156944,14.000000,Rise,SVM,Drop,0.509628,0.057860,0.432512
2026-06-24,3.000000,KONAK,89.501654,89.434766,-0.066888,14.000000,Drop,SVM,Rise,0.212989,0.027363,0.759648
2026-07-08,3.000000,KONAK,89.434766,89.614325,0.179559,21.000000,Rise,SVM,Drop,0.479051,0.089444,0.431506
2026-05-20,4.000000,GÜZELBAHÇE,89.607465,89.803805,0.196340,21.000000,Rise,SVM,Drop,0.577940,0.093224,0.328836
2026-06-10,4.000000,GÜZELBAHÇE,89.803805,89.682425,-0.121380,14.000000,Drop,SVM,Drop,0.794522,0.105711,0.099768
2026-06-24,4.000000,GÜZELBAHÇE,89.682425,89.862392,0.179967,14.000000,Rise,SVM,Stable,0.398719,0.160887,0.440393
2026-07-08,4.000000,GÜZELBAHÇE,89.862392,89.786163,-0.076229,21.000000,Drop,SVM,Stable,0.577040,0.188888,0.234072
2026-05-20,5.000000,NARLIDERE,89.622811,89.835110,0.212300,21.000000,Rise,SVM,Drop,0.470900,0.124511,0.404589
2026-06-10,5.000000,NARLIDERE,89.835110,89.669981,-0.165129,14.000000,Drop,SVM,Stable,0.737166,0.171814,0.091021
2026-06-24,5.000000,NARLIDERE,89.669981,89.913736,0.243755,14.000000,Rise,SVM,Stable,0.251513,0.195908,0.552579
2026-07-08,5.000000,NARLIDERE,89.913736,89.807076,-0.106660,21.000000,Drop,SVM,Stable,0.471484,0.312044,0.216473
2026-05-20,6.000000,BALÇOVA,89.609173,89.781806,0.172633,21.000000,Rise,SVM,Stable,0.575593,0.154957,0.269450
2026-06-10,6.000000,BALÇOVA,89.781806,89.582532,-0.199274,14.000000,Drop,SVM,Stable,0.706426,0.183338,0.110236
2026-06-24,6.000000,BALÇOVA,89.582532,89.894872,0.312340,14.000000,Rise,SVM,Stable,0.155551,0.161383,0.683066
2026-05-20,7.000000,ÜÇKUYULAR,89.609897,89.791530,0.181633,21.000000,Rise,SVM,Drop,0.558995,0.127601,0.313405
2026-06-10,7.000000,ÜÇKUYULAR,89.791530,89.610459,-0.181071,14.000000,Drop,SVM,Stable,0.682138,0.185942,0.131920
2026-06-24,7.000000,ÜÇKUYULAR,89.610459,89.911785,0.301326,14.000000,Rise,SVM,Rise,0.127575,0.144909,0.727516
2026-07-08,7.000000,ÜÇKUYULAR,89.911785,89.819160,-0.092625,21.000000,Drop,SVM,Stable,0.402178,0.295996,0.301825
2026-05-20,8.000000,GÜZELYALI,89.599758,89.779916,0.180158,21.000000,Rise,SVM,Rise,0.360503,0.114446,0.525051
2026-06-10,8.000000,GÜZELYALI,89.779916,89.672145,-0.107771,14.000000,Drop,SVM,Stable,0.681458,0.158075,0.160468
2026-06-24,8.000000,GÜZELYALI,89.672145,89.900279,0.228134,14.000000,Rise,SVM,Rise,0.141425,0.145168,0.713408
2026-07-08,8.000000,GÜZELYALI,89.900279,89.800038,-0.100242,21.000000,Drop,SVM,Stable,0.390786,0.316827,0.292387
2026-05-20,9.000000,HATAY,89.931407,90.501942,0.570536,21.000000,Rise,SVM,Stable,0.409949,0.213782,0.376270
2026-06-10,9.000000,HATAY,90.501942,90.032400,-0.469542,14.000000,Drop,SVM,Stable,0.670138,0.262861,0.067001
2026-06-24,9.000000,HATAY,90.032400,90.219082,0.186682,14.000000,Rise,SVM,Stable,0.395095,0.296757,0.308148
2026-05-20,11.000000,YEŞİLYURT,89.931889,90.514492,0.582602,21.000000,Rise,SVM,Stable,0.366174,0.202946,0.430880
2026-06-10,11.000000,YEŞİLYURT,90.514492,90.028834,-0.485658,14.000000,Drop,SVM,Stable,0.679608,0.245794,0.074597
2026-06-24,11.000000,YEŞİLYURT,90.028834,90.207656,0.178822,14.000000,Rise,SVM,Stable,0.421777,0.279193,0.299029
2026-05-20,13.000000,KARABAĞLAR,89.926412,90.516418,0.590005,21.000000,Rise,SVM,Stable,0.307616,0.189964,0.502419
2026-06-10,13.000000,KARABAĞLAR,90.516418,90.023598,-0.492820,14.000000,Drop,SVM,Stable,0.661753,0.250250,0.087997
2026-06-24,13.000000,KARABAĞLAR,90.023598,90.204064,0.180466,14.000000,Rise,SVM,Stable,0.421129,0.278582,0.300289
2026-05-20,14.000000,ESKİ İZMİR,89.945390,90.506369,0.560980,21.000000,Rise,SVM,Stable,0.338369,0.205667,0.455964
2026-06-10,14.000000,ESKİ İZMİR,90.506369,90.025689,-0.480680,14.000000,Drop,SVM,Stable,0.655779,0.260501,0.083720
2026-06-24,14.000000,ESKİ İZMİR,90.025689,90.222125,0.196436,14.000000,Rise,SVM,Stable,0.406381,0.277575,0.316045
2026-07-08,14.000000,ESKİ İZMİR,90.222125,90.196727,-0.025398,21.000000,Stable,SVM,Stable,0.660149,0.135303,0.204548
2026-05-20,15.000000,GAZİEMİR,89.928478,90.501369,0.572891,21.000000,Rise,SVM,Stable,0.262816,0.171619,0.565565
2026-06-10,15.000000,GAZİEMİR,90.501369,90.038934,-0.462435,14.000000,Drop,SVM,Stable,0.647065,0.237367,0.115567
2026-06-24,15.000000,GAZİEMİR,90.038934,90.241629,0.202694,14.000000,Rise,SVM,Stable,0.398429,0.262043,0.339528
2026-07-08,15.000000,GAZİEMİR,90.241629,90.191809,-0.049820,21.000000,Stable,SVM,Drop,0.621874,0.134495,0.243631
2026-05-20,16.000000,GEDİZ,88.642344,90.442743,1.800399,21.000000,Rise,SVM,Rise,0.090367,0.019604,0.890029
2026-06-10,16.000000,GEDİZ,90.442743,90.397690,-0.045053,14.000000,Stable,SVM,Drop,0.688978,0.045865,0.265158
2026-06-24,16.000000,GEDİZ,90.397690,90.424392,0.026702,14.000000,Stable,SVM,Drop,0.451854,0.053224,0.494922
2026-07-08,16.000000,GEDİZ,90.424392,90.298275,-0.126116,21.000000,Drop,SVM,Drop,0.521364,0.078873,0.399763
2026-05-20,17.000000,ŞİRİNYER,88.722518,90.463307,1.740789,21.000000,Rise,SVM,Rise,0.079131,0.017144,0.903725
2026-06-10,17.000000,ŞİRİNYER,90.463307,90.395705,-0.067602,14.000000,Drop,SVM,Drop,0.729769,0.043118,0.227113
2026-06-24,17.000000,ŞİRİNYER,90.395705,90.448692,0.052987,14.000000,Rise,SVM,Drop,0.454319,0.055825,0.489856
2026-07-08,17.000000,ŞİRİNYER,90.448692,90.313001,-0.135691,21.000000,Drop,SVM,Drop,0.538075,0.079298,0.382627
2026-05-20,18.000000,BUCA,88.740093,90.440112,1.700019,21.000000,Rise,SVM,Rise,0.090045,0.018244,0.891711
2026-06-10,18.000000,BUCA,90.440112,90.417150,-0.022962,14.000000,Stable,SVM,Drop,0.695400,0.045731,0.258869
2026-06-24,18.000000,BUCA,90.417150,90.441345,0.024195,14.000000,Stable,SVM,Drop,0.490200,0.055424,0.454377
2026-05-20,19.000000,GÜLÇEŞME,88.669766,90.442406,1.772641,21.000000,Rise,SVM,Rise,0.016227,0.014078,0.969695
2026-06-10,19.000000,GÜLÇEŞME,90.442406,90.407802,-0.034604,14.000000,Stable,SVM,Drop,0.797910,0.043563,0.158528
2026-06-24,19.000000,GÜLÇEŞME,90.407802,90.443230,0.035428,14.000000,Stable,SVM,Drop,0.443467,0.057480,0.499053
2026-07-08,19.000000,GÜLÇEŞME,90.443230,90.319854,-0.123376,21.000000,Drop,SVM,Drop,0.485494,0.080801,0.433705
2026-05-20,20.000000,GÜLTEPE,88.562435,89.468806,0.906371,21.000000,Rise,SVM,Rise,0.019804,0.015974,0.964222
2026-06-10,20.000000,GÜLTEPE,89.468806,89.265996,-0.202810,14.000000,Drop,SVM,Rise,0.380753,0.044389,0.574858
2026-06-24,20.000000,GÜLTEPE,89.265996,90.444880,1.178884,14.000000,Rise,SVM,Rise,0.132579,0.029438,0.837983
2026-07-08,20.000000,GÜLTEPE,90.444880,90.037716,-0.407164,21.000000,Drop,SVM,Drop,0.739703,0.053231,0.207067
2026-05-20,21.000000,ALTINDAĞ,90.143620,90.477106,0.333487,21.000000,Rise,SVM,Rise,0.174931,0.058080,0.766989
2026-06-10,21.000000,ALTINDAĞ,90.477106,90.376517,-0.100589,14.000000,Drop,SVM,Drop,0.476408,0.107615,0.415976
2026-06-24,21.000000,ALTINDAĞ,90.376517,90.053871,-0.322646,14.000000,Drop,SVM,Rise,0.259222,0.073062,0.667716
2026-07-08,21.000000,ALTINDAĞ,90.053871,90.286260,0.232389,21.000000,Rise,SVM,Rise,0.195018,0.063911,0.741071
2026-05-20,22.000000,ÇAMDİBİ,90.154959,90.478890,0.323931,21.000000,Rise,SVM,Drop,0.666402,0.049363,0.284235
2026-06-10,22.000000,ÇAMDİBİ,90.478890,90.290197,-0.188693,14.000000,Drop,SVM,Drop,0.649905,0.094295,0.255800
2026-06-24,22.000000,ÇAMDİBİ,90.290197,90.025515,-0.264682,14.000000,Drop,SVM,Rise,0.274676,0.090874,0.634449
2026-07-08,22.000000,ÇAMDİBİ,90.025515,90.114344,0.088829,21.000000,Rise,SVM,Rise,0.187642,0.058866,0.753491
2026-05-20,23.000000,IŞIKKENT,90.153745,90.469253,0.315508,21.000000,Rise,SVM,Rise,0.190889,0.058919,0.750192
2026-06-10,23.000000,IŞIKKENT,90.469253,90.283286,-0.185967,14.000000,Drop,SVM,Drop,0.418730,0.104630,0.476640
2026-06-24,23.000000,IŞIKKENT,90.283286,89.984217,-0.299069,14.000000,Drop,SVM,Rise,0.231557,0.082765,0.685678
2026-07-08,23.000000,IŞIKKENT,89.984217,90.293613,0.309396,21.000000,Rise,SVM,Rise,0.220179,0.046865,0.732956
2026-05-20,24.000000,PINARBAŞI,90.127186,90.418798,0.291612,21.000000,Rise,SVM,Rise,0.171874,0.057847,0.770279
2026-06-10,24.000000,PINARBAŞI,90.418798,90.299425,-0.119373,14.000000,Drop,SVM,Drop,0.399716,0.108895,0.491388
2026-06-24,24.000000,PINARBAŞI,90.299425,90.063102,-0.236323,14.000000,Drop,SVM,Rise,0.225555,0.091363,0.683082
2026-05-20,25.000000,EVKA-3,90.141286,90.219872,0.078586,21.000000,Rise,SVM,Rise,0.395825,0.065202,0.538974
2026-06-10,25.000000,EVKA-3,90.219872,90.382894,0.163022,14.000000,Rise,SVM,Drop,0.371876,0.119618,0.508506
2026-06-24,25.000000,EVKA-3,90.382894,89.940551,-0.442343,14.000000,Drop,SVM,Rise,0.328435,0.083209,0.588355
2026-07-08,25.000000,EVKA-3,89.940551,90.273312,0.332761,21.000000,Rise,SVM,Rise,0.209083,0.083758,0.707159
2026-05-20,26.000000,BORNOVA,90.158683,90.243283,0.084600,21.000000,Rise,SVM,Rise,0.416139,0.051967,0.531894
2026-06-10,26.000000,BORNOVA,90.243283,90.406226,0.162943,14.000000,Rise,SVM,Drop,0.414119,0.125955,0.459926
2026-06-24,26.000000,BORNOVA,90.406226,90.065401,-0.340826,14.000000,Drop,SVM,Drop,0.503855,0.110544,0.385601
2026-07-08,26.000000,BORNOVA,90.065401,90.286403,0.221003,21.000000,Rise,SVM,Rise,0.233490,0.104691,0.661819
2026-05-20,27.000000,ATATÜRK MAH,90.124933,89.395165,-0.729768,21.000000,Drop,SVM,Drop,0.674805,0.078611,0.246584
2026-06-10,27.000000,ATATÜRK MAH,89.395165,89.586334,0.191169,14.000000,Rise,SVM,Drop,0.688703,0.085786,0.225511
2026-06-24,27.000000,ATATÜRK MAH,89.586334,90.101601,0.515267,14.000000,Rise,SVM,Drop,0.568582,0.058226,0.373192
2026-07-08,27.000000,ATATÜRK MAH,90.101601,89.488579,-0.613022,21.000000,Drop,SVM,Drop,0.496219,0.058071,0.445710
2026-05-20,28.000000,OSMANGAZİ,90.154709,89.419043,-0.735666,21.000000,Drop,SVM,Drop,0.683442,0.066046,0.250512
2026-06-10,28.000000,OSMANGAZİ,89.419043,89.558425,0.139382,14.000000,Rise,SVM,Drop,0.736597,0.114401,0.149002
2026-06-24,28.000000,OSMANGAZİ,89.558425,89.570017,0.011592,14.000000,Stable,SVM,Rise,0.330994,0.035838,0.633169
2026-07-08,28.000000,OSMANGAZİ,89.570017,89.499949,-0.070068,21.000000,Drop,SVM,Drop,0.633479,0.055602,0.310919
2026-05-20,29.000000,ÖZKANLAR,90.149269,89.412169,-0.737100,21.000000,Drop,SVM,Drop,0.678720,0.065311,0.255969
2026-06-10,29.000000,ÖZKANLAR,89.412169,89.556976,0.144806,14.000000,Rise,SVM,Stable,0.724502,0.125755,0.149743
2026-06-24,29.000000,ÖZKANLAR,89.556976,89.107580,-0.449396,14.000000,Drop,SVM,Rise,0.283045,0.034754,0.682200
2026-07-08,29.000000,ÖZKANLAR,89.107580,89.591852,0.484273,21.000000,Rise,SVM,Rise,0.078178,0.036122,0.885700
2026-05-20,30.000000,MANAVKUYU,90.149821,89.323244,-0.826577,21.000000,Drop,SVM,Drop,0.744132,0.075282,0.180585
2026-06-10,30.000000,MANAVKUYU,89.323244,89.506124,0.182880,14.000000,Rise,SVM,Drop,0.488426,0.102175,0.409398
2026-06-24,30.000000,MANAVKUYU,89.506124,88.664931,-0.841193,14.000000,Drop,SVM,Rise,0.380141,0.059415,0.560444
2026-07-08,30.000000,MANAVKUYU,88.664931,89.485632,0.820702,21.000000,Rise,SVM,Rise,0.156901,0.048374,0.794725
2026-05-20,32.000000,EGEKENT,88.861258,88.997606,0.136348,21.000000,Rise,SVM,Rise,0.138115,0.041808,0.820077
2026-06-10,32.000000,EGEKENT,88.997606,89.066391,0.068785,14.000000,Rise,SVM,Rise,0.170702,0.049231,0.780067
2026-06-24,32.000000,EGEKENT,89.066391,89.056502,-0.009889,14.000000,Stable,SVM,Rise,0.021386,0.014996,0.963618
2026-07-08,32.000000,EGEKENT,89.056502,89.315416,0.258914,21.000000,Rise,SVM,Rise,0.027522,0.018462,0.954017
2026-05-20,33.000000,BALATÇIK,88.842834,89.050214,0.207380,21.000000,Rise,SVM,Rise,0.137948,0.042320,0.819731
2026-06-10,33.000000,BALATÇIK,89.050214,89.057845,0.007631,14.000000,Stable,SVM,Rise,0.188963,0.051588,0.759448
2026-06-24,33.000000,BALATÇIK,89.057845,89.114467,0.056622,14.000000,Rise,SVM,Rise,0.027347,0.016915,0.955738
2026-07-08,33.000000,BALATÇIK,89.114467,89.297267,0.182800,21.000000,Rise,SVM,Rise,0.035114,0.019305,0.945581
2026-05-20,34.000000,ÇİĞLİ,88.864846,89.424137,0.559291,21.000000,Rise,SVM,Rise,0.145520,0.044802,0.809678
2026-06-10,34.000000,ÇİĞLİ,89.424137,89.540205,0.116068,14.000000,Rise,SVM,Rise,0.358020,0.081228,0.560752
2026-06-24,34.000000,ÇİĞLİ,89.540205,89.009229,-0.530976,14.000000,Drop,SVM,Drop,0.553355,0.053050,0.393595
2026-07-08,34.000000,ÇİĞLİ,89.009229,89.493153,0.483924,21.000000,Rise,SVM,Rise,0.058501,0.026359,0.915140
2026-05-20,35.000000,BOSTANLI,89.302504,89.293782,-0.008722,21.000000,Stable,SVM,Rise,0.393326,0.084787,0.521887
2026-06-10,35.000000,BOSTANLI,89.293782,89.524071,0.230288,14.000000,Rise,SVM,Rise,0.359934,0.041545,0.598521
2026-06-24,35.000000,BOSTANLI,89.524071,89.502685,-0.021385,14.000000,Stable,SVM,Drop,0.434121,0.079295,0.486585
2026-07-08,35.000000,BOSTANLI,89.502685,89.510151,0.007466,21.000000,Stable,SVM,Rise,0.334250,0.054086,0.611664
2026-05-20,36.000000,ŞEMİKLER,89.309022,89.499476,0.190454,21.000000,Rise,SVM,Rise,0.084573,0.033859,0.881567
2026-06-10,36.000000,ŞEMİKLER,89.499476,89.648444,0.148968,14.000000,Rise,SVM,Drop,0.581551,0.045228,0.373221
2026-06-24,36.000000,ŞEMİKLER,89.648444,89.456349,-0.192095,14.000000,Drop,SVM,Drop,0.719770,0.065743,0.214487
2026-05-20,37.000000,KARŞIYAKA,89.273294,89.505199,0.231905,21.000000,Rise,SVM,Rise,0.059827,0.035032,0.905141
2026-06-10,37.000000,KARŞIYAKA,89.505199,89.457424,-0.047775,14.000000,Stable,SVM,Drop,0.572947,0.045665,0.381388
2026-06-24,37.000000,KARŞIYAKA,89.457424,89.465697,0.008272,14.000000,Stable,SVM,Drop,0.456550,0.095631,0.447820
2026-05-20,38.000000,EVKA-2,89.293664,89.496360,0.202696,21.000000,Rise,SVM,Rise,0.093660,0.036329,0.870011
2026-06-10,38.000000,EVKA-2,89.496360,89.561680,0.065320,14.000000,Rise,SVM,Drop,0.576153,0.045095,0.378752
2026-06-24,38.000000,EVKA-2,89.561680,89.491606,-0.070074,14.000000,Drop,SVM,Drop,0.624594,0.072131,0.303275
2026-07-08,38.000000,EVKA-2,89.491606,89.468740,-0.022866,21.000000,Stable,SVM,Rise,0.415718,0.054190,0.530091
2026-05-20,39.000000,ÖRNEKKÖY,89.332656,89.454102,0.121447,21.000000,Rise,SVM,Rise,0.382020,0.054945,0.563035
2026-06-10,39.000000,ÖRNEKKÖY,89.454102,89.628032,0.173930,14.000000,Rise,SVM,Drop,0.712127,0.073216,0.214657
2026-06-24,39.000000,ÖRNEKKÖY,89.628032,89.494766,-0.133266,14.000000,Drop,SVM,Drop,0.580194,0.054787,0.365019
2026-07-08,39.000000,ÖRNEKKÖY,89.494766,89.454838,-0.039928,21.000000,Stable,SVM,Drop,0.463263,0.047233,0.489504
2026-05-20,40.000000,GÜMÜŞPALA,89.307299,89.464148,0.156850,21.000000,Rise,SVM,Rise,0.147643,0.040145,0.812212
2026-06-10,40.000000,GÜMÜŞPALA,89.464148,89.415235,-0.048913,14.000000,Stable,SVM,Drop,0.587456,0.049479,0.363064
2026-06-24,40.000000,GÜMÜŞPALA,89.415235,89.483664,0.068428,14.000000,Rise,SVM,Rise,0.388821,0.067382,0.543797
2026-07-08,40.000000,GÜMÜŞPALA,89.483664,89.218378,-0.265286,21.000000,Drop,SVM,Rise,0.349929,0.052658,0.597412
2026-06-04,41.000000,DOĞANÇAY,89.058864,89.362006,0.303142,13.000000,Rise,SVM,Drop,0.454480,0.060176,0.485344
2026-06-17,41.000000,DOĞANÇAY,89.362006,89.415040,0.053035,14.000000,Rise,SVM,Rise,0.174634,0.032696,0.792671
2026-07-01,41.000000,DOĞANÇAY,89.415040,89.329287,-0.085753,21.000000,Drop,SVM,Drop,0.507638,0.086302,0.406060
2026-06-04,42.000000,YAMANLAR,89.075125,89.363758,0.288632,13.000000,Rise,SVM,Rise,0.267360,0.048655,0.683985
2026-06-17,42.000000,YAMANLAR,89.363758,89.386642,0.022884,14.000000,Stable,SVM,Rise,0.148206,0.053740,0.798054
2026-07-01,42.000000,YAMANLAR,89.386642,89.437806,0.051165,21.000000,Rise,SVM,Rise,0.396107,0.097059,0.506834
2026-06-04,43.000000,POSTACI MAH,89.073014,89.377027,0.304013,13.000000,Rise,SVM,Rise,0.290103,0.051933,0.657964
2026-06-17,43.000000,POSTACI MAH,89.377027,89.181770,-0.195257,14.000000,Drop,SVM,Rise,0.155695,0.049830,0.794475
2026-07-01,43.000000,POSTACI MAH,89.181770,89.324150,0.142380,21.000000,Rise,SVM,Rise,0.130135,0.060190,0.809674
2026-06-04,44.000000,YAMAÇ MAH,89.086614,89.518952,0.432337,13.000000,Rise,SVM,Rise,0.308649,0.057422,0.633929
2026-06-17,44.000000,YAMAÇ MAH,89.518952,89.393585,-0.125366,14.000000,Drop,SVM,Rise,0.276960,0.068580,0.654460
2026-07-01,44.000000,YAMAÇ MAH,89.393585,89.438888,0.045303,21.000000,Stable,SVM,Rise,0.383447,0.094420,0.522133
2026-06-04,45.000000,CUMHURİYET MAH,89.082872,89.351989,0.269118,13.000000,Rise,SVM,Rise,0.318919,0.059855,0.621227
2026-06-17,45.000000,CUMHURİYET MAH,89.351989,89.397496,0.045507,14.000000,Stable,SVM,Rise,0.119591,0.038756,0.841652
2026-06-04,46.000000,GÜZELTEPE,89.064494,89.360344,0.295850,13.000000,Rise,SVM,Rise,0.320944,0.049407,0.629649
2026-06-17,46.000000,GÜZELTEPE,89.360344,89.407684,0.047340,14.000000,Stable,SVM,Rise,0.125910,0.034509,0.839581
2026-07-01,46.000000,GÜZELTEPE,89.407684,89.194344,-0.213339,21.000000,Drop,SVM,Drop,0.498952,0.077957,0.423091
2026-06-04,47.000000,EVKA-5,88.902479,88.990538,0.088058,13.000000,Rise,SVM,Rise,0.138204,0.039917,0.821879
2026-06-17,47.000000,EVKA-5,88.990538,89.111454,0.120916,14.000000,Rise,SVM,Rise,0.045911,0.020093,0.933996
2026-07-01,47.000000,EVKA-5,89.111454,89.201736,0.090283,21.000000,Rise,SVM,Rise,0.028773,0.018588,0.952639
2026-06-04,48.000000,EGEKENT-2,89.082733,88.964341,-0.118392,13.000000,Drop,SVM,Rise,0.137755,0.034368,0.827877
2026-06-17,48.000000,EGEKENT-2,88.964341,89.141099,0.176758,14.000000,Rise,SVM,Rise,0.059903,0.018797,0.921299
2026-07-01,48.000000,EGEKENT-2,89.141099,89.213357,0.072258,21.000000,Rise,SVM,Rise,0.086058,0.031898,0.882044
2026-06-04,49.000000,ALAYBEY,89.054520,89.359409,0.304889,13.000000,Rise,SVM,Rise,0.191039,0.034918,0.774043
2026-06-17,49.000000,ALAYBEY,89.359409,89.375398,0.015989,14.000000,Stable,SVM,Rise,0.172761,0.057500,0.769739
2026-06-04,50.000000,CENGİZHAN,89.039203,89.409519,0.370315,13.000000,Rise,SVM,Rise,0.136503,0.031084,0.832413
2026-06-17,50.000000,CENGİZHAN,89.409519,89.391891,-0.017628,14.000000,Stable,SVM,Rise,0.212963,0.061342,0.725696
2026-06-04,51.000000,ÇAY MAH,89.072115,89.260812,0.188696,13.000000,Rise,SVM,Rise,0.181052,0.026844,0.792105
2026-06-17,51.000000,ÇAY MAH,89.260812,89.376194,0.115383,14.000000,Rise,SVM,Rise,0.156076,0.051222,0.792702
2026-07-01,51.000000,ÇAY MAH,89.376194,89.322847,-0.053348,21.000000,Drop,SVM,Rise,0.337158,0.088156,0.574685
2026-06-04,52.000000,İZYUVA,90.442600,90.429173,-0.013427,13.000000,Stable,SVM,Drop,0.729187,0.072765,0.198048
2026-06-17,52.000000,İZYUVA,90.429173,90.025752,-0.403421,14.000000,Drop,SVM,Drop,0.512692,0.089922,0.397387
2026-07-01,52.000000,İZYUVA,90.025752,90.298684,0.272933,21.000000,Rise,SVM,Stable,0.343452,0.145854,0.510694
2026-06-04,53.000000,NALDÖKEN,90.440480,90.328245,-0.112235,13.000000,Drop,SVM,Drop,0.719081,0.086400,0.194519
2026-06-17,53.000000,NALDÖKEN,90.328245,90.021296,-0.306948,14.000000,Drop,SVM,Drop,0.564587,0.125543,0.309870
2026-06-04,54.000000,YEŞİLÇAM,90.271522,90.434984,0.163462,13.000000,Rise,SVM,Stable,0.447435,0.280618,0.271947
2026-06-17,54.000000,YEŞİLÇAM,90.434984,90.319239,-0.115745,14.000000,Drop,SVM,Drop,0.619050,0.122949,0.258001
2026-07-01,54.000000,YEŞİLÇAM,90.319239,90.323842,0.004603,21.000000,Stable,SVM,Stable,0.592276,0.174920,0.232803
2026-06-04,55.000000,MEVLANA,90.447434,90.436916,-0.010518,13.000000,Stable,SVM,Drop,0.807589,0.070725,0.121686
2026-06-17,55.000000,MEVLANA,90.436916,90.022892,-0.414025,14.000000,Drop,SVM,Drop,0.564447,0.093635,0.341918
2026-07-01,55.000000,MEVLANA,90.022892,90.203919,0.181028,21.000000,Rise,SVM,Stable,0.293913,0.151187,0.554900
2026-06-04,56.000000,YEŞİLOVA,90.438316,90.440337,0.002021,13.000000,Stable,SVM,Drop,0.797079,0.084221,0.118701
2026-06-17,56.000000,YEŞİLOVA,90.440337,90.059599,-0.380738,14.000000,Drop,SVM,Drop,0.618087,0.106104,0.275808
2026-06-04,57.000000,MERSİNLİ,90.440376,90.433964,-0.006412,13.000000,Stable,SVM,Drop,0.806134,0.080430,0.113435
2026-06-17,57.000000,MERSİNLİ,90.433964,90.047468,-0.386496,14.000000,Drop,SVM,Drop,0.610277,0.100354,0.289369
2026-07-01,57.000000,MERSİNLİ,90.047468,89.328785,-0.718682,21.000000,Drop,SVM,Rise,0.316482,0.145599,0.537920
2026-06-04,59.000000,ÇANKAYA,89.245281,88.832177,-0.413105,13.000000,Drop,SVM,Rise,0.300163,0.062270,0.637567
2026-06-17,59.000000,ÇANKAYA,88.832177,89.561406,0.729229,14.000000,Rise,SVM,Rise,0.019807,0.024712,0.955481
2026-07-01,59.000000,ÇANKAYA,89.561406,89.354005,-0.207400,21.000000,Drop,SVM,Stable,0.335377,0.149872,0.514751
2026-06-04,60.000000,TOROS,89.344212,89.193993,-0.150219,13.000000,Drop,SVM,Rise,0.352982,0.102085,0.544933
2026-06-17,60.000000,TOROS,89.193993,88.824011,-0.369982,14.000000,Drop,SVM,Rise,0.060373,0.036566,0.903061
2026-07-01,60.000000,TOROS,88.824011,89.081441,0.257430,21.000000,Rise,SVM,Rise,0.015920,0.032953,0.951128
2026-06-04,61.000000,LEVENT,89.360412,89.312980,-0.047432,13.000000,Stable,SVM,Rise,0.398424,0.089798,0.511778
2026-06-17,61.000000,LEVENT,89.312980,88.669362,-0.643618,14.000000,Drop,SVM,Rise,0.117359,0.043775,0.838866
2026-06-04,62.000000,UFUK MAH,89.281626,89.125498,-0.156128,13.000000,Drop,SVM,Rise,0.262242,0.084858,0.652900
2026-06-17,62.000000,UFUK MAH,89.125498,88.731345,-0.394154,14.000000,Drop,SVM,Rise,0.052383,0.035718,0.911899
2026-07-01,62.000000,UFUK MAH,88.731345,89.115137,0.383793,21.000000,Rise,SVM,Rise,0.010619,0.025956,0.963425
2026-06-04,63.000000,EVKA-1,89.378074,90.477154,1.099080,13.000000,Rise,SVM,Rise,0.183886,0.023509,0.792605
2026-06-17,63.000000,EVKA-1,90.477154,90.343535,-0.133619,14.000000,Drop,SVM,Drop,0.839528,0.044136,0.116336
2026-06-04,64.000000,ADATEPE,89.437635,90.484387,1.046751,13.000000,Rise,SVM,Rise,0.151546,0.030185,0.818269
2026-06-17,64.000000,ADATEPE,90.484387,90.369527,-0.114860,14.000000,Drop,SVM,Drop,0.877922,0.048892,0.073185
2026-06-04,65.000000,KURUÇEŞME,89.436478,90.501164,1.064686,13.000000,Rise,SVM,Rise,0.183628,0.024915,0.791457
2026-06-17,65.000000,KURUÇEŞME,90.501164,90.390285,-0.110879,14.000000,Drop,SVM,Drop,0.857519,0.043183,0.099298
2026-06-04,66.000000,KOZAĞAÇ,89.465241,90.478168,1.012927,13.000000,Rise,SVM,Rise,0.172742,0.022248,0.805010
2026-06-17,66.000000,KOZAĞAÇ,90.478168,90.455477,-0.022691,14.000000,Stable,SVM,Drop,0.868385,0.045559,0.086057
2026-06-04,67.000000,ÇAMLIKULE,89.407644,90.482684,1.075040,13.000000,Rise,SVM,Rise,0.122724,0.022501,0.854774
2026-06-17,67.000000,ÇAMLIKULE,90.482684,90.352991,-0.129693,14.000000,Drop,SVM,Drop,0.868030,0.042007,0.089963
2026-07-01,67.000000,ÇAMLIKULE,90.352991,90.588871,0.235880,21.000000,Rise,SVM,Drop,0.611776,0.135445,0.252778
2026-06-04,68.000000,AKINCILAR,90.285488,90.492200,0.206712,13.000000,Rise,SVM,Stable,0.417398,0.201869,0.380733
2026-06-17,68.000000,AKINCILAR,90.492200,90.358418,-0.133782,14.000000,Drop,SVM,Drop,0.817881,0.106198,0.075921
2026-06-04,69.000000,UĞUR MUMCU MAH,90.067977,90.184638,0.116661,13.000000,Rise,SVM,Stable,0.441592,0.349571,0.208837
2026-06-17,69.000000,UĞUR MUMCU MAH,90.184638,90.018328,-0.166310,14.000000,Drop,SVM,Stable,0.521115,0.305818,0.173067
2026-06-04,70.000000,ÇAMLIK MAH,90.396654,90.191624,-0.205030,13.000000,Drop,SVM,Stable,0.489000,0.432706,0.078294
2026-06-17,70.000000,ÇAMLIK MAH,90.191624,90.159806,-0.031818,14.000000,Stable,SVM,Stable,0.498320,0.299402,0.202278
2026-07-01,70.000000,ÇAMLIK MAH,90.159806,90.609129,0.449323,21.000000,Rise,SVM,Stable,0.599916,0.146547,0.253537
2026-06-04,71.000000,AKTEPE,90.400606,90.181423,-0.219182,13.000000,Drop,SVM,Stable,0.491838,0.426568,0.081594
2026-06-17,71.000000,AKTEPE,90.181423,90.161013,-0.020410,14.000000,Stable,SVM,Stable,0.476257,0.298742,0.225001
2026-06-04,72.000000,9 EYLÜL MAH,90.399705,90.198095,-0.201610,13.000000,Drop,SVM,Stable,0.496155,0.421155,0.082690
2026-06-17,72.000000,9 EYLÜL MAH,90.198095,90.059552,-0.138543,14.000000,Drop,SVM,Stable,0.471999,0.274144,0.253857
2026-07-01,72.000000,9 EYLÜL MAH,90.059552,90.249856,0.190304,21.000000,Rise,SVM,Drop,0.463907,0.114371,0.421722
2026-06-04,73.000000,BEYAZEVLER,90.405535,90.195374,-0.210161,13.000000,Drop,SVM,Stable,0.596148,0.323873,0.079980
2026-06-17,73.000000,BEYAZEVLER,90.195374,90.147701,-0.047673,14.000000,Stable,SVM,Stable,0.413043,0.240520,0.346437
2026-07-01,73.000000,BEYAZEVLER,90.147701,90.247107,0.099406,21.000000,Rise,SVM,Drop,0.474645,0.138968,0.386387
2026-06-04,74.000000,UZUNDERE,90.305774,90.175820,-0.129954,13.000000,Drop,SVM,Stable,0.500568,0.402770,0.096662
2026-06-17,74.000000,UZUNDERE,90.175820,90.372471,0.196651,14.000000,Rise,SVM,Stable,0.453889,0.354620,0.191491
2026-06-04,75.000000,CENNETÇEŞME,90.310137,90.184487,-0.125650,13.000000,Drop,SVM,Stable,0.491336,0.421716,0.086948
2026-06-17,75.000000,CENNETÇEŞME,90.184487,90.410725,0.226237,14.000000,Rise,SVM,Stable,0.508102,0.304283,0.187615
2026-07-01,75.000000,CENNETÇEŞME,90.410725,90.250829,-0.159896,21.000000,Drop,SVM,Stable,0.653864,0.231015,0.115121
2026-06-04,76.000000,GÜZELBAHÇE,89.637776,89.749034,0.111258,13.000000,Rise,SVM,Stable,0.540320,0.276678,0.183002
2026-06-17,76.000000,GÜZELBAHÇE,89.749034,89.611917,-0.137116,14.000000,Drop,SVM,Stable,0.588162,0.215812,0.196025
2026-06-04,78.000000,İNCİRALTI,89.657211,89.744064,0.086852,13.000000,Rise,SVM,Stable,0.371573,0.421415,0.207012
2026-06-17,78.000000,İNCİRALTI,89.744064,89.718473,-0.025590,14.000000,Stable,SVM,Stable,0.409006,0.327077,0.263916
2026-07-01,78.000000,İNCİRALTI,89.718473,89.776903,0.058430,21.000000,Rise,SVM,Stable,0.299160,0.318614,0.382226
2026-06-04,79.000000,ESENDERE,90.297540,90.175510,-0.122029,13.000000,Drop,SVM,Stable,0.663130,0.238474,0.098396
2026-06-17,79.000000,ESENDERE,90.175510,90.386467,0.210957,14.000000,Rise,SVM,Stable,0.430083,0.350825,0.219091
2026-06-04,80.000000,KADİFEKALE,89.925420,90.316613,0.391193,13.000000,Rise,SVM,Stable,0.146056,0.192246,0.661699
2026-06-17,80.000000,KADİFEKALE,90.316613,90.451346,0.134733,14.000000,Rise,SVM,Drop,0.529787,0.067299,0.402914
2026-07-01,80.000000,KADİFEKALE,90.451346,90.627083,0.175737,21.000000,Rise,SVM,Drop,0.485148,0.108924,0.405928
2026-05-20,2.000000,YENİŞEHİR,89.171251,89.416424,0.245173,21.000000,Rise,KNN,Rise,0.262719,0.000000,0.737281
2026-06-10,2.000000,YENİŞEHİR,89.416424,89.532934,0.116509,14.000000,Rise,KNN,Drop,0.572364,0.000000,0.427636
2026-06-24,2.000000,YENİŞEHİR,89.532934,89.481268,-0.051665,14.000000,Drop,KNN,Drop,0.578553,0.000000,0.421447
2026-07-08,2.000000,YENİŞEHİR,89.481268,89.630209,0.148941,21.000000,Rise,KNN,Drop,0.567917,0.000000,0.432083
2026-05-20,3.000000,KONAK,88.916794,89.344710,0.427916,21.000000,Rise,KNN,Rise,0.000000,0.000000,1.000000
2026-06-10,3.000000,KONAK,89.344710,89.501654,0.156944,14.000000,Rise,KNN,Rise,0.282671,0.000000,0.717329
2026-06-24,3.000000,KONAK,89.501654,89.434766,-0.066888,14.000000,Drop,KNN,Rise,0.000000,0.000000,1.000000
2026-07-08,3.000000,KONAK,89.434766,89.614325,0.179559,21.000000,Rise,KNN,Rise,0.431837,0.000000,0.568163
2026-05-20,4.000000,GÜZELBAHÇE,89.607465,89.803805,0.196340,21.000000,Rise,KNN,Drop,0.699579,0.000000,0.300421
2026-06-10,4.000000,GÜZELBAHÇE,89.803805,89.682425,-0.121380,14.000000,Drop,KNN,Drop,0.568667,0.134600,0.296733
2026-06-24,4.000000,GÜZELBAHÇE,89.682425,89.862392,0.179967,14.000000,Rise,KNN,Rise,0.421053,0.137176,0.441770
2026-07-08,4.000000,GÜZELBAHÇE,89.862392,89.786163,-0.076229,21.000000,Drop,KNN,Drop,0.562659,0.130249,0.307093
2026-05-20,5.000000,NARLIDERE,89.622811,89.835110,0.212300,21.000000,Rise,KNN,Rise,0.425390,0.142285,0.432325
2026-06-10,5.000000,NARLIDERE,89.835110,89.669981,-0.165129,14.000000,Drop,KNN,Rise,0.408770,0.154044,0.437186
2026-06-24,5.000000,NARLIDERE,89.669981,89.913736,0.243755,14.000000,Rise,KNN,Rise,0.174497,0.133895,0.691609
2026-07-08,5.000000,NARLIDERE,89.913736,89.807076,-0.106660,21.000000,Drop,KNN,Rise,0.154812,0.262081,0.583106
2026-05-20,6.000000,BALÇOVA,89.609173,89.781806,0.172633,21.000000,Rise,KNN,Drop,0.440442,0.143723,0.415835
2026-06-10,6.000000,BALÇOVA,89.781806,89.582532,-0.199274,14.000000,Drop,KNN,Drop,0.406830,0.288926,0.304244
2026-06-24,6.000000,BALÇOVA,89.582532,89.894872,0.312340,14.000000,Rise,KNN,Rise,0.171998,0.128383,0.699619
2026-05-20,7.000000,ÜÇKUYULAR,89.609897,89.791530,0.181633,21.000000,Rise,KNN,Rise,0.293661,0.148498,0.557841
2026-06-10,7.000000,ÜÇKUYULAR,89.791530,89.610459,-0.181071,14.000000,Drop,KNN,Drop,0.545500,0.152601,0.301899
2026-06-24,7.000000,ÜÇKUYULAR,89.610459,89.911785,0.301326,14.000000,Rise,KNN,Rise,0.170045,0.250220,0.579735
2026-07-08,7.000000,ÜÇKUYULAR,89.911785,89.819160,-0.092625,21.000000,Drop,KNN,Rise,0.283007,0.128773,0.588220
2026-05-20,8.000000,GÜZELYALI,89.599758,89.779916,0.180158,21.000000,Rise,KNN,Rise,0.290015,0.138830,0.571155
2026-06-10,8.000000,GÜZELYALI,89.779916,89.672145,-0.107771,14.000000,Drop,KNN,Drop,0.687473,0.145911,0.166615
2026-06-24,8.000000,GÜZELYALI,89.672145,89.900279,0.228134,14.000000,Rise,KNN,Rise,0.178539,0.128907,0.692553
2026-07-08,8.000000,GÜZELYALI,89.900279,89.800038,-0.100242,21.000000,Drop,KNN,Rise,0.156436,0.257226,0.586338
2026-05-20,9.000000,HATAY,89.931407,90.501942,0.570536,21.000000,Rise,KNN,Rise,0.161616,0.275585,0.562798
2026-06-10,9.000000,HATAY,90.501942,90.032400,-0.469542,14.000000,Drop,KNN,Stable,0.415164,0.442820,0.142016
2026-06-24,9.000000,HATAY,90.032400,90.219082,0.186682,14.000000,Rise,KNN,Stable,0.000000,0.569885,0.430115
2026-05-20,11.000000,YEŞİLYURT,89.931889,90.514492,0.582602,21.000000,Rise,KNN,Rise,0.291341,0.287938,0.420722
2026-06-10,11.000000,YEŞİLYURT,90.514492,90.028834,-0.485658,14.000000,Drop,KNN,Drop,0.713928,0.286072,0.000000
2026-06-24,11.000000,YEŞİLYURT,90.028834,90.207656,0.178822,14.000000,Rise,KNN,Stable,0.140366,0.435414,0.424219
2026-05-20,13.000000,KARABAĞLAR,89.926412,90.516418,0.590005,21.000000,Rise,KNN,Rise,0.289447,0.291857,0.418696
2026-06-10,13.000000,KARABAĞLAR,90.516418,90.023598,-0.492820,14.000000,Drop,KNN,Drop,0.577050,0.422950,0.000000
2026-06-24,13.000000,KARABAĞLAR,90.023598,90.204064,0.180466,14.000000,Rise,KNN,Stable,0.281618,0.436840,0.281541
2026-05-20,14.000000,ESKİ İZMİR,89.945390,90.506369,0.560980,21.000000,Rise,KNN,Rise,0.292919,0.288243,0.418838
2026-06-10,14.000000,ESKİ İZMİR,90.506369,90.025689,-0.480680,14.000000,Drop,KNN,Drop,0.711739,0.288261,0.000000
2026-06-24,14.000000,ESKİ İZMİR,90.025689,90.222125,0.196436,14.000000,Rise,KNN,Stable,0.141219,0.436202,0.422579
2026-07-08,14.000000,ESKİ İZMİR,90.222125,90.196727,-0.025398,21.000000,Stable,KNN,Drop,0.569193,0.286758,0.144048
2026-05-20,15.000000,GAZİEMİR,89.928478,90.501369,0.572891,21.000000,Rise,KNN,Drop,0.424557,0.289618,0.285825
2026-06-10,15.000000,GAZİEMİR,90.501369,90.038934,-0.462435,14.000000,Drop,KNN,Drop,0.580245,0.419755,0.000000
2026-06-24,15.000000,GAZİEMİR,90.038934,90.241629,0.202694,14.000000,Rise,KNN,Stable,0.285484,0.431032,0.283484
2026-07-08,15.000000,GAZİEMİR,90.241629,90.191809,-0.049820,21.000000,Stable,KNN,Drop,0.574626,0.285366,0.140008
2026-05-20,16.000000,GEDİZ,88.642344,90.442743,1.800399,21.000000,Rise,KNN,Rise,0.000000,0.000000,1.000000
2026-06-10,16.000000,GEDİZ,90.442743,90.397690,-0.045053,14.000000,Stable,KNN,Drop,0.871868,0.000000,0.128132
2026-06-24,16.000000,GEDİZ,90.397690,90.424392,0.026702,14.000000,Stable,KNN,Drop,0.544436,0.138484,0.317080
2026-07-08,16.000000,GEDİZ,90.424392,90.298275,-0.126116,21.000000,Drop,KNN,Drop,0.714310,0.142136,0.143554
2026-05-20,17.000000,ŞİRİNYER,88.722518,90.463307,1.740789,21.000000,Rise,KNN,Rise,0.000000,0.000000,1.000000
2026-06-10,17.000000,ŞİRİNYER,90.463307,90.395705,-0.067602,14.000000,Drop,KNN,Drop,0.873430,0.000000,0.126570
2026-06-24,17.000000,ŞİRİNYER,90.395705,90.448692,0.052987,14.000000,Rise,KNN,Drop,0.679698,0.138247,0.182056
2026-07-08,17.000000,ŞİRİNYER,90.448692,90.313001,-0.135691,21.000000,Drop,KNN,Drop,0.716171,0.283829,0.000000
2026-05-20,18.000000,BUCA,88.740093,90.440112,1.700019,21.000000,Rise,KNN,Rise,0.000000,0.000000,1.000000
2026-06-10,18.000000,BUCA,90.440112,90.417150,-0.022962,14.000000,Stable,KNN,Drop,0.873389,0.000000,0.126611
2026-06-24,18.000000,BUCA,90.417150,90.441345,0.024195,14.000000,Stable,KNN,Drop,0.683001,0.137332,0.179667
2026-05-20,19.000000,GÜLÇEŞME,88.669766,90.442406,1.772641,21.000000,Rise,KNN,Rise,0.000000,0.000000,1.000000
2026-06-10,19.000000,GÜLÇEŞME,90.442406,90.407802,-0.034604,14.000000,Stable,KNN,Drop,1.000000,0.000000,0.000000
2026-06-24,19.000000,GÜLÇEŞME,90.407802,90.443230,0.035428,14.000000,Stable,KNN,Drop,0.553236,0.130794,0.315970
2026-07-08,19.000000,GÜLÇEŞME,90.443230,90.319854,-0.123376,21.000000,Drop,KNN,Drop,0.857482,0.000000,0.142518
2026-05-20,20.000000,GÜLTEPE,88.562435,89.468806,0.906371,21.000000,Rise,KNN,Rise,0.000000,0.000000,1.000000
2026-06-10,20.000000,GÜLTEPE,89.468806,89.265996,-0.202810,14.000000,Drop,KNN,Rise,0.144127,0.000000,0.855873
2026-06-24,20.000000,GÜLTEPE,89.265996,90.444880,1.178884,14.000000,Rise,KNN,Rise,0.291307,0.000000,0.708693
2026-07-08,20.000000,GÜLTEPE,90.444880,90.037716,-0.407164,21.000000,Drop,KNN,Drop,1.000000,0.000000,0.000000
2026-05-20,21.000000,ALTINDAĞ,90.143620,90.477106,0.333487,21.000000,Rise,KNN,Drop,0.537656,0.000000,0.462344
2026-06-10,21.000000,ALTINDAĞ,90.477106,90.376517,-0.100589,14.000000,Drop,KNN,Drop,0.719258,0.000000,0.280742
2026-06-24,21.000000,ALTINDAĞ,90.376517,90.053871,-0.322646,14.000000,Drop,KNN,Stable,0.146647,0.553187,0.300166
2026-07-08,21.000000,ALTINDAĞ,90.053871,90.286260,0.232389,21.000000,Rise,KNN,Drop,0.570982,0.142044,0.286974
2026-05-20,22.000000,ÇAMDİBİ,90.154959,90.478890,0.323931,21.000000,Rise,KNN,Drop,0.869534,0.000000,0.130466
2026-06-10,22.000000,ÇAMDİBİ,90.478890,90.290197,-0.188693,14.000000,Drop,KNN,Drop,0.751890,0.000000,0.248110
2026-06-24,22.000000,ÇAMDİBİ,90.290197,90.025515,-0.264682,14.000000,Drop,KNN,Drop,0.555885,0.139540,0.304574
2026-07-08,22.000000,ÇAMDİBİ,90.025515,90.114344,0.088829,21.000000,Rise,KNN,Drop,0.564293,0.141685,0.294023
2026-05-20,23.000000,IŞIKKENT,90.153745,90.469253,0.315508,21.000000,Rise,KNN,Drop,0.543219,0.000000,0.456781
2026-06-10,23.000000,IŞIKKENT,90.469253,90.283286,-0.185967,14.000000,Drop,KNN,Drop,0.574391,0.139187,0.286422
2026-06-24,23.000000,IŞIKKENT,90.283286,89.984217,-0.299069,14.000000,Drop,KNN,Stable,0.149252,0.558793,0.291955
2026-07-08,23.000000,IŞIKKENT,89.984217,90.293613,0.309396,21.000000,Rise,KNN,Drop,0.571779,0.140764,0.287457
2026-05-20,24.000000,PINARBAŞI,90.127186,90.418798,0.291612,21.000000,Rise,KNN,Drop,0.536539,0.000000,0.463461
2026-06-10,24.000000,PINARBAŞI,90.418798,90.299425,-0.119373,14.000000,Drop,KNN,Drop,0.710833,0.138460,0.150707
2026-06-24,24.000000,PINARBAŞI,90.299425,90.063102,-0.236323,14.000000,Drop,KNN,Stable,0.148038,0.556575,0.295387
2026-05-20,25.000000,EVKA-3,90.141286,90.219872,0.078586,21.000000,Rise,KNN,Drop,0.718551,0.000000,0.281449
2026-06-10,25.000000,EVKA-3,90.219872,90.382894,0.163022,14.000000,Rise,KNN,Drop,0.847483,0.000000,0.152517
2026-06-24,25.000000,EVKA-3,90.382894,89.940551,-0.442343,14.000000,Drop,KNN,Drop,0.553248,0.135720,0.311032
2026-07-08,25.000000,EVKA-3,89.940551,90.273312,0.332761,21.000000,Rise,KNN,Drop,0.569629,0.142220,0.288151
2026-05-20,26.000000,BORNOVA,90.158683,90.243283,0.084600,21.000000,Rise,KNN,Drop,0.564283,0.000000,0.435717
2026-06-10,26.000000,BORNOVA,90.243283,90.406226,0.162943,14.000000,Rise,KNN,Drop,0.725312,0.000000,0.274688
2026-06-24,26.000000,BORNOVA,90.406226,90.065401,-0.340826,14.000000,Drop,KNN,Drop,0.419094,0.283456,0.297450
2026-07-08,26.000000,BORNOVA,90.065401,90.286403,0.221003,21.000000,Rise,KNN,Drop,0.570716,0.141838,0.287447
2026-05-20,27.000000,ATATÜRK MAH,90.124933,89.395165,-0.729768,21.000000,Drop,KNN,Drop,1.000000,0.000000,0.000000
2026-06-10,27.000000,ATATÜRK MAH,89.395165,89.586334,0.191169,14.000000,Rise,KNN,Drop,0.551474,0.000000,0.448526
2026-06-24,27.000000,ATATÜRK MAH,89.586334,90.101601,0.515267,14.000000,Rise,KNN,Rise,0.433126,0.000000,0.566874
2026-07-08,27.000000,ATATÜRK MAH,90.101601,89.488579,-0.613022,21.000000,Drop,KNN,Drop,0.567853,0.141778,0.290369
2026-05-20,28.000000,OSMANGAZİ,90.154709,89.419043,-0.735666,21.000000,Drop,KNN,Drop,0.892968,0.000000,0.107032
2026-06-10,28.000000,OSMANGAZİ,89.419043,89.558425,0.139382,14.000000,Rise,KNN,Rise,0.425942,0.144299,0.429759
2026-06-24,28.000000,OSMANGAZİ,89.558425,89.570017,0.011592,14.000000,Stable,KNN,Rise,0.136850,0.000000,0.863150
2026-07-08,28.000000,OSMANGAZİ,89.570017,89.499949,-0.070068,21.000000,Drop,KNN,Drop,0.708736,0.000000,0.291264
2026-05-20,29.000000,ÖZKANLAR,90.149269,89.412169,-0.737100,21.000000,Drop,KNN,Drop,0.891577,0.000000,0.108423
2026-06-10,29.000000,ÖZKANLAR,89.412169,89.556976,0.144806,14.000000,Rise,KNN,Drop,0.569246,0.143793,0.286961
2026-06-24,29.000000,ÖZKANLAR,89.556976,89.107580,-0.449396,14.000000,Drop,KNN,Rise,0.135522,0.000000,0.864478
2026-07-08,29.000000,ÖZKANLAR,89.107580,89.591852,0.484273,21.000000,Rise,KNN,Drop,0.570358,0.000000,0.429642
2026-05-20,30.000000,MANAVKUYU,90.149821,89.323244,-0.826577,21.000000,Drop,KNN,Drop,1.000000,0.000000,0.000000
2026-06-10,30.000000,MANAVKUYU,89.323244,89.506124,0.182880,14.000000,Rise,KNN,Rise,0.255035,0.270752,0.474212
2026-06-24,30.000000,MANAVKUYU,89.506124,88.664931,-0.841193,14.000000,Drop,KNN,Rise,0.273116,0.000000,0.726884
2026-07-08,30.000000,MANAVKUYU,88.664931,89.485632,0.820702,21.000000,Rise,KNN,Rise,0.257585,0.000000,0.742415
2026-05-20,32.000000,EGEKENT,88.861258,88.997606,0.136348,21.000000,Rise,KNN,Rise,0.144910,0.000000,0.855090
2026-06-10,32.000000,EGEKENT,88.997606,89.066391,0.068785,14.000000,Rise,KNN,Rise,0.145348,0.000000,0.854652
2026-06-24,32.000000,EGEKENT,89.066391,89.056502,-0.009889,14.000000,Stable,KNN,Rise,0.000000,0.000000,1.000000
2026-07-08,32.000000,EGEKENT,89.056502,89.315416,0.258914,21.000000,Rise,KNN,Rise,0.136660,0.000000,0.863340
2026-05-20,33.000000,BALATÇIK,88.842834,89.050214,0.207380,21.000000,Rise,KNN,Rise,0.146479,0.000000,0.853521
2026-06-10,33.000000,BALATÇIK,89.050214,89.057845,0.007631,14.000000,Stable,KNN,Rise,0.147008,0.000000,0.852992
2026-06-24,33.000000,BALATÇIK,89.057845,89.114467,0.056622,14.000000,Rise,KNN,Rise,0.141519,0.000000,0.858481
2026-07-08,33.000000,BALATÇIK,89.114467,89.297267,0.182800,21.000000,Rise,KNN,Rise,0.140622,0.000000,0.859378
2026-05-20,34.000000,ÇİĞLİ,88.864846,89.424137,0.559291,21.000000,Rise,KNN,Rise,0.145061,0.000000,0.854939
2026-06-10,34.000000,ÇİĞLİ,89.424137,89.540205,0.116068,14.000000,Rise,KNN,Rise,0.143953,0.000000,0.856047
2026-06-24,34.000000,ÇİĞLİ,89.540205,89.009229,-0.530976,14.000000,Drop,KNN,Drop,0.712874,0.000000,0.287126
2026-07-08,34.000000,ÇİĞLİ,89.009229,89.493153,0.483924,21.000000,Rise,KNN,Rise,0.148560,0.000000,0.851440
2026-05-20,35.000000,BOSTANLI,89.302504,89.293782,-0.008722,21.000000,Stable,KNN,Rise,0.423469,0.000000,0.576531
2026-06-10,35.000000,BOSTANLI,89.293782,89.524071,0.230288,14.000000,Rise,KNN,Rise,0.140467,0.000000,0.859533
2026-06-24,35.000000,BOSTANLI,89.524071,89.502685,-0.021385,14.000000,Stable,KNN,Rise,0.425319,0.139225,0.435456
2026-07-08,35.000000,BOSTANLI,89.502685,89.510151,0.007466,21.000000,Stable,KNN,Rise,0.138430,0.000000,0.861570
2026-05-20,36.000000,ŞEMİKLER,89.309022,89.499476,0.190454,21.000000,Rise,KNN,Rise,0.000000,0.000000,1.000000
2026-06-10,36.000000,ŞEMİKLER,89.499476,89.648444,0.148968,14.000000,Rise,KNN,Drop,0.718482,0.000000,0.281518
2026-06-24,36.000000,ŞEMİKLER,89.648444,89.456349,-0.192095,14.000000,Drop,KNN,Drop,0.571790,0.000000,0.428210
2026-05-20,37.000000,KARŞIYAKA,89.273294,89.505199,0.231905,21.000000,Rise,KNN,Rise,0.128336,0.000000,0.871664
2026-06-10,37.000000,KARŞIYAKA,89.505199,89.457424,-0.047775,14.000000,Stable,KNN,Drop,0.860120,0.000000,0.139880
2026-06-24,37.000000,KARŞIYAKA,89.457424,89.465697,0.008272,14.000000,Stable,KNN,Rise,0.427640,0.000000,0.572360
2026-05-20,38.000000,EVKA-2,89.293664,89.496360,0.202696,21.000000,Rise,KNN,Rise,0.130143,0.000000,0.869857
2026-06-10,38.000000,EVKA-2,89.496360,89.561680,0.065320,14.000000,Rise,KNN,Drop,0.715499,0.000000,0.284501
2026-06-24,38.000000,EVKA-2,89.561680,89.491606,-0.070074,14.000000,Drop,KNN,Drop,0.572982,0.000000,0.427018
2026-07-08,38.000000,EVKA-2,89.491606,89.468740,-0.022866,21.000000,Stable,KNN,Rise,0.142704,0.000000,0.857296
2026-05-20,39.000000,ÖRNEKKÖY,89.332656,89.454102,0.121447,21.000000,Rise,KNN,Rise,0.143847,0.000000,0.856153
2026-06-10,39.000000,ÖRNEKKÖY,89.454102,89.628032,0.173930,14.000000,Rise,KNN,Rise,0.145857,0.141925,0.712218
2026-06-24,39.000000,ÖRNEKKÖY,89.628032,89.494766,-0.133266,14.000000,Drop,KNN,Rise,0.284189,0.143091,0.572720
2026-07-08,39.000000,ÖRNEKKÖY,89.494766,89.454838,-0.039928,21.000000,Stable,KNN,Rise,0.137435,0.000000,0.862565
2026-05-20,40.000000,GÜMÜŞPALA,89.307299,89.464148,0.156850,21.000000,Rise,KNN,Rise,0.000000,0.000000,1.000000
2026-06-10,40.000000,GÜMÜŞPALA,89.464148,89.415235,-0.048913,14.000000,Stable,KNN,Drop,0.569204,0.000000,0.430796
2026-06-24,40.000000,GÜMÜŞPALA,89.415235,89.483664,0.068428,14.000000,Rise,KNN,Drop,0.429470,0.144253,0.426277
2026-07-08,40.000000,GÜMÜŞPALA,89.483664,89.218378,-0.265286,21.000000,Drop,KNN,Rise,0.273155,0.000000,0.726845
2026-06-04,41.000000,DOĞANÇAY,89.058864,89.362006,0.303142,13.000000,Rise,KNN,Rise,0.000000,0.000000,1.000000
2026-06-17,41.000000,DOĞANÇAY,89.362006,89.415040,0.053035,14.000000,Rise,KNN,Rise,0.142249,0.000000,0.857751
2026-07-01,41.000000,DOĞANÇAY,89.415040,89.329287,-0.085753,21.000000,Drop,KNN,Drop,0.572845,0.140479,0.286675
2026-06-04,42.000000,YAMANLAR,89.075125,89.363758,0.288632,13.000000,Rise,KNN,Rise,0.000000,0.138079,0.861921
2026-06-17,42.000000,YAMANLAR,89.363758,89.386642,0.022884,14.000000,Stable,KNN,Rise,0.139598,0.000000,0.860402
2026-07-01,42.000000,YAMANLAR,89.386642,89.437806,0.051165,21.000000,Rise,KNN,Rise,0.286043,0.142748,0.571209
2026-06-04,43.000000,POSTACI MAH,89.073014,89.377027,0.304013,13.000000,Rise,KNN,Rise,0.000000,0.139181,0.860819
2026-06-17,43.000000,POSTACI MAH,89.377027,89.181770,-0.195257,14.000000,Drop,KNN,Rise,0.143177,0.000000,0.856823
2026-07-01,43.000000,POSTACI MAH,89.181770,89.324150,0.142380,21.000000,Rise,KNN,Rise,0.000000,0.139358,0.860642
2026-06-04,44.000000,YAMAÇ MAH,89.086614,89.518952,0.432337,13.000000,Rise,KNN,Rise,0.000000,0.141776,0.858224
2026-06-17,44.000000,YAMAÇ MAH,89.518952,89.393585,-0.125366,14.000000,Drop,KNN,Rise,0.424394,0.142456,0.433150
2026-07-01,44.000000,YAMAÇ MAH,89.393585,89.438888,0.045303,21.000000,Stable,KNN,Rise,0.419652,0.000000,0.580348
2026-06-04,45.000000,CUMHURİYET MAH,89.082872,89.351989,0.269118,13.000000,Rise,KNN,Rise,0.000000,0.140210,0.859790
2026-06-17,45.000000,CUMHURİYET MAH,89.351989,89.397496,0.045507,14.000000,Stable,KNN,Rise,0.142096,0.000000,0.857904
2026-06-04,46.000000,GÜZELTEPE,89.064494,89.360344,0.295850,13.000000,Rise,KNN,Rise,0.000000,0.000000,1.000000
2026-06-17,46.000000,GÜZELTEPE,89.360344,89.407684,0.047340,14.000000,Stable,KNN,Rise,0.147717,0.000000,0.852283
2026-07-01,46.000000,GÜZELTEPE,89.407684,89.194344,-0.213339,21.000000,Drop,KNN,Drop,0.567940,0.143913,0.288146
2026-06-04,47.000000,EVKA-5,88.902479,88.990538,0.088058,13.000000,Rise,KNN,Rise,0.281320,0.000000,0.718680
2026-06-17,47.000000,EVKA-5,88.990538,89.111454,0.120916,14.000000,Rise,KNN,Rise,0.141434,0.000000,0.858566
2026-07-01,47.000000,EVKA-5,89.111454,89.201736,0.090283,21.000000,Rise,KNN,Rise,0.143913,0.000000,0.856087
2026-06-04,48.000000,EGEKENT-2,89.082733,88.964341,-0.118392,13.000000,Drop,KNN,Rise,0.280419,0.000000,0.719581
2026-06-17,48.000000,EGEKENT-2,88.964341,89.141099,0.176758,14.000000,Rise,KNN,Rise,0.276334,0.000000,0.723666
2026-07-01,48.000000,EGEKENT-2,89.141099,89.213357,0.072258,21.000000,Rise,KNN,Rise,0.139719,0.000000,0.860281
2026-06-04,49.000000,ALAYBEY,89.054520,89.359409,0.304889,13.000000,Rise,KNN,Rise,0.000000,0.000000,1.000000
2026-06-17,49.000000,ALAYBEY,89.359409,89.375398,0.015989,14.000000,Stable,KNN,Rise,0.144580,0.000000,0.855420
2026-06-04,50.000000,CENGİZHAN,89.039203,89.409519,0.370315,13.000000,Rise,KNN,Rise,0.000000,0.000000,1.000000
2026-06-17,50.000000,CENGİZHAN,89.409519,89.391891,-0.017628,14.000000,Stable,KNN,Rise,0.429460,0.000000,0.570540
2026-06-04,51.000000,ÇAY MAH,89.072115,89.260812,0.188696,13.000000,Rise,KNN,Rise,0.000000,0.000000,1.000000
2026-06-17,51.000000,ÇAY MAH,89.260812,89.376194,0.115383,14.000000,Rise,KNN,Rise,0.142133,0.000000,0.857867
2026-07-01,51.000000,ÇAY MAH,89.376194,89.322847,-0.053348,21.000000,Drop,KNN,Drop,0.575100,0.140225,0.284675
2026-06-04,52.000000,İZYUVA,90.442600,90.429173,-0.013427,13.000000,Stable,KNN,Drop,0.860093,0.000000,0.139907
2026-06-17,52.000000,İZYUVA,90.429173,90.025752,-0.403421,14.000000,Drop,KNN,Drop,0.698738,0.000000,0.301262
2026-07-01,52.000000,İZYUVA,90.025752,90.298684,0.272933,21.000000,Rise,KNN,Drop,0.568386,0.145536,0.286078
2026-06-04,53.000000,NALDÖKEN,90.440480,90.328245,-0.112235,13.000000,Drop,KNN,Drop,0.858846,0.000000,0.141154
2026-06-17,53.000000,NALDÖKEN,90.328245,90.021296,-0.306948,14.000000,Drop,KNN,Drop,0.705681,0.136046,0.158273
2026-06-04,54.000000,YEŞİLÇAM,90.271522,90.434984,0.163462,13.000000,Rise,KNN,Stable,0.277404,0.566421,0.156175
2026-06-17,54.000000,YEŞİLÇAM,90.434984,90.319239,-0.115745,14.000000,Drop,KNN,Stable,0.151358,0.709250,0.139392
2026-07-01,54.000000,YEŞİLÇAM,90.319239,90.323842,0.004603,21.000000,Stable,KNN,Drop,0.566551,0.433449,0.000000
2026-06-04,55.000000,MEVLANA,90.447434,90.436916,-0.010518,13.000000,Stable,KNN,Drop,1.000000,0.000000,0.000000
2026-06-17,55.000000,MEVLANA,90.436916,90.022892,-0.414025,14.000000,Drop,KNN,Drop,0.728777,0.000000,0.271223
2026-07-01,55.000000,MEVLANA,90.022892,90.203919,0.181028,21.000000,Rise,KNN,Drop,0.702468,0.144482,0.153050
2026-06-04,56.000000,YEŞİLOVA,90.438316,90.440337,0.002021,13.000000,Stable,KNN,Drop,1.000000,0.000000,0.000000
2026-06-17,56.000000,YEŞİLOVA,90.440337,90.059599,-0.380738,14.000000,Drop,KNN,Drop,0.858464,0.000000,0.141536
2026-06-04,57.000000,MERSİNLİ,90.440376,90.433964,-0.006412,13.000000,Stable,KNN,Drop,1.000000,0.000000,0.000000
2026-06-17,57.000000,MERSİNLİ,90.433964,90.047468,-0.386496,14.000000,Drop,KNN,Drop,0.858935,0.000000,0.141065
2026-07-01,57.000000,MERSİNLİ,90.047468,89.328785,-0.718682,21.000000,Drop,KNN,Drop,0.558336,0.147514,0.294150
2026-06-04,59.000000,ÇANKAYA,89.245281,88.832177,-0.413105,13.000000,Drop,KNN,Rise,0.140457,0.000000,0.859543
2026-06-17,59.000000,ÇANKAYA,88.832177,89.561406,0.729229,14.000000,Rise,KNN,Rise,0.440629,0.000000,0.559371
2026-07-01,59.000000,ÇANKAYA,89.561406,89.354005,-0.207400,21.000000,Drop,KNN,Rise,0.287525,0.139502,0.572973
2026-06-04,60.000000,TOROS,89.344212,89.193993,-0.150219,13.000000,Drop,KNN,Drop,0.718759,0.139887,0.141354
2026-06-17,60.000000,TOROS,89.193993,88.824011,-0.369982,14.000000,Drop,KNN,Rise,0.000000,0.000000,1.000000
2026-07-01,60.000000,TOROS,88.824011,89.081441,0.257430,21.000000,Rise,KNN,Rise,0.129305,0.000000,0.870695
2026-06-04,61.000000,LEVENT,89.360412,89.312980,-0.047432,13.000000,Stable,KNN,Drop,0.711647,0.000000,0.288353
2026-06-17,61.000000,LEVENT,89.312980,88.669362,-0.643618,14.000000,Drop,KNN,Rise,0.000000,0.000000,1.000000
2026-06-04,62.000000,UFUK MAH,89.281626,89.125498,-0.156128,13.000000,Drop,KNN,Drop,0.569805,0.000000,0.430195
2026-06-17,62.000000,UFUK MAH,89.125498,88.731345,-0.394154,14.000000,Drop,KNN,Rise,0.271358,0.000000,0.728642
2026-07-01,62.000000,UFUK MAH,88.731345,89.115137,0.383793,21.000000,Rise,KNN,Rise,0.136504,0.000000,0.863496
2026-06-04,63.000000,EVKA-1,89.378074,90.477154,1.099080,13.000000,Rise,KNN,Rise,0.134158,0.000000,0.865842
2026-06-17,63.000000,EVKA-1,90.477154,90.343535,-0.133619,14.000000,Drop,KNN,Drop,0.859740,0.140260,0.000000
2026-06-04,64.000000,ADATEPE,89.437635,90.484387,1.046751,13.000000,Rise,KNN,Rise,0.274166,0.000000,0.725834
2026-06-17,64.000000,ADATEPE,90.484387,90.369527,-0.114860,14.000000,Drop,KNN,Drop,0.719096,0.280904,0.000000
2026-06-04,65.000000,KURUÇEŞME,89.436478,90.501164,1.064686,13.000000,Rise,KNN,Rise,0.271624,0.000000,0.728376
2026-06-17,65.000000,KURUÇEŞME,90.501164,90.390285,-0.110879,14.000000,Drop,KNN,Drop,0.862993,0.137007,0.000000
2026-06-04,66.000000,KOZAĞAÇ,89.465241,90.478168,1.012927,13.000000,Rise,KNN,Rise,0.270339,0.000000,0.729661
2026-06-17,66.000000,KOZAĞAÇ,90.478168,90.455477,-0.022691,14.000000,Stable,KNN,Drop,0.857835,0.142165,0.000000
2026-06-04,67.000000,ÇAMLIKULE,89.407644,90.482684,1.075040,13.000000,Rise,KNN,Rise,0.134046,0.000000,0.865954
2026-06-17,67.000000,ÇAMLIKULE,90.482684,90.352991,-0.129693,14.000000,Drop,KNN,Drop,0.859953,0.140047,0.000000
2026-07-01,67.000000,ÇAMLIKULE,90.352991,90.588871,0.235880,21.000000,Rise,KNN,Drop,0.856872,0.143128,0.000000
2026-06-04,68.000000,AKINCILAR,90.285488,90.492200,0.206712,13.000000,Rise,KNN,Stable,0.288361,0.562742,0.148897
2026-06-17,68.000000,AKINCILAR,90.492200,90.358418,-0.133782,14.000000,Drop,KNN,Stable,0.428093,0.571907,0.000000
2026-06-04,69.000000,UĞUR MUMCU MAH,90.067977,90.184638,0.116661,13.000000,Rise,KNN,Stable,0.140592,0.572949,0.286458
2026-06-17,69.000000,UĞUR MUMCU MAH,90.184638,90.018328,-0.166310,14.000000,Drop,KNN,Stable,0.141861,0.573437,0.284702
2026-06-04,70.000000,ÇAMLIK MAH,90.396654,90.191624,-0.205030,13.000000,Drop,KNN,Stable,0.139961,0.717736,0.142303
2026-06-17,70.000000,ÇAMLIK MAH,90.191624,90.159806,-0.031818,14.000000,Stable,KNN,Stable,0.143661,0.567568,0.288771
2026-07-01,70.000000,ÇAMLIK MAH,90.159806,90.609129,0.449323,21.000000,Rise,KNN,Drop,0.716813,0.144022,0.139165
2026-06-04,71.000000,AKTEPE,90.400606,90.181423,-0.219182,13.000000,Drop,KNN,Stable,0.276439,0.581762,0.141799
2026-06-17,71.000000,AKTEPE,90.181423,90.161013,-0.020410,14.000000,Stable,KNN,Stable,0.145204,0.565903,0.288893
2026-06-04,72.000000,9 EYLÜL MAH,90.399705,90.198095,-0.201610,13.000000,Drop,KNN,Stable,0.277559,0.582300,0.140141
2026-06-17,72.000000,9 EYLÜL MAH,90.198095,90.059552,-0.138543,14.000000,Drop,KNN,Stable,0.147747,0.565529,0.286725
2026-07-01,72.000000,9 EYLÜL MAH,90.059552,90.249856,0.190304,21.000000,Rise,KNN,Drop,0.576987,0.280949,0.142064
2026-06-04,73.000000,BEYAZEVLER,90.405535,90.195374,-0.210161,13.000000,Drop,KNN,Stable,0.276791,0.583299,0.139910
2026-06-17,73.000000,BEYAZEVLER,90.195374,90.147701,-0.047673,14.000000,Stable,KNN,Stable,0.146659,0.566035,0.287305
2026-07-01,73.000000,BEYAZEVLER,90.147701,90.247107,0.099406,21.000000,Rise,KNN,Drop,0.426060,0.286979,0.286961
2026-06-04,74.000000,UZUNDERE,90.305774,90.175820,-0.129954,13.000000,Drop,KNN,Stable,0.314232,0.550522,0.135247
2026-06-17,74.000000,UZUNDERE,90.175820,90.372471,0.196651,14.000000,Rise,KNN,Stable,0.144461,0.562527,0.293012
2026-06-04,75.000000,CENNETÇEŞME,90.310137,90.184487,-0.125650,13.000000,Drop,KNN,Stable,0.309280,0.553778,0.136942
2026-06-17,75.000000,CENNETÇEŞME,90.184487,90.410725,0.226237,14.000000,Rise,KNN,Stable,0.142625,0.567169,0.290206
2026-07-01,75.000000,CENNETÇEŞME,90.410725,90.250829,-0.159896,21.000000,Drop,KNN,Drop,0.426312,0.280615,0.293074
2026-06-04,76.000000,GÜZELBAHÇE,89.637776,89.749034,0.111258,13.000000,Rise,KNN,Rise,0.310597,0.284201,0.405202
2026-06-17,76.000000,GÜZELBAHÇE,89.749034,89.611917,-0.137116,14.000000,Drop,KNN,Drop,0.427060,0.265560,0.307381
2026-06-04,78.000000,İNCİRALTI,89.657211,89.744064,0.086852,13.000000,Rise,KNN,Rise,0.280514,0.305488,0.413998
2026-06-17,78.000000,İNCİRALTI,89.744064,89.718473,-0.025590,14.000000,Stable,KNN,Rise,0.154452,0.270183,0.575365
2026-07-01,78.000000,İNCİRALTI,89.718473,89.776903,0.058430,21.000000,Rise,KNN,Rise,0.165266,0.129322,0.705413
2026-06-04,79.000000,ESENDERE,90.297540,90.175510,-0.122029,13.000000,Drop,KNN,Stable,0.321617,0.416167,0.262215
2026-06-17,79.000000,ESENDERE,90.175510,90.386467,0.210957,14.000000,Rise,KNN,Rise,0.000000,0.434082,0.565918
2026-06-04,80.000000,KADİFEKALE,89.925420,90.316613,0.391193,13.000000,Rise,KNN,Drop,0.593295,0.138548,0.268158
2026-06-17,80.000000,KADİFEKALE,90.316613,90.451346,0.134733,14.000000,Rise,KNN,Rise,0.399182,0.000000,0.600818
2026-07-01,80.000000,KADİFEKALE,90.451346,90.627083,0.175737,21.000000,Rise,KNN,Drop,0.711866,0.143386,0.144748
2026-05-20,2.000000,YENİŞEHİR,89.171251,89.416424,0.245173,21.000000,Rise,XGBoost,Rise,0.086240,0.089220,0.824540
2026-06-10,2.000000,YENİŞEHİR,89.416424,89.532934,0.116509,14.000000,Rise,XGBoost,Drop,0.894869,0.010333,0.094798
2026-06-24,2.000000,YENİŞEHİR,89.532934,89.481268,-0.051665,14.000000,Drop,XGBoost,Drop,0.490286,0.046962,0.462752
2026-07-08,2.000000,YENİŞEHİR,89.481268,89.630209,0.148941,21.000000,Rise,XGBoost,Drop,0.903138,0.064312,0.032550
2026-05-20,3.000000,KONAK,88.916794,89.344710,0.427916,21.000000,Rise,XGBoost,Rise,0.003466,0.025963,0.970571
2026-06-10,3.000000,KONAK,89.344710,89.501654,0.156944,14.000000,Rise,XGBoost,Drop,0.861911,0.018392,0.119698
2026-06-24,3.000000,KONAK,89.501654,89.434766,-0.066888,14.000000,Drop,XGBoost,Drop,0.825128,0.021546,0.153326
2026-07-08,3.000000,KONAK,89.434766,89.614325,0.179559,21.000000,Rise,XGBoost,Drop,0.774951,0.128769,0.096280
2026-05-20,4.000000,GÜZELBAHÇE,89.607465,89.803805,0.196340,21.000000,Rise,XGBoost,Rise,0.217647,0.095044,0.687309
2026-06-10,4.000000,GÜZELBAHÇE,89.803805,89.682425,-0.121380,14.000000,Drop,XGBoost,Drop,0.923480,0.049984,0.026536
2026-06-24,4.000000,GÜZELBAHÇE,89.682425,89.862392,0.179967,14.000000,Rise,XGBoost,Rise,0.301153,0.199293,0.499554
2026-07-08,4.000000,GÜZELBAHÇE,89.862392,89.786163,-0.076229,21.000000,Drop,XGBoost,Drop,0.637085,0.106268,0.256648
2026-05-20,5.000000,NARLIDERE,89.622811,89.835110,0.212300,21.000000,Rise,XGBoost,Rise,0.233843,0.319074,0.447083
2026-06-10,5.000000,NARLIDERE,89.835110,89.669981,-0.165129,14.000000,Drop,XGBoost,Drop,0.865938,0.118360,0.015702
2026-06-24,5.000000,NARLIDERE,89.669981,89.913736,0.243755,14.000000,Rise,XGBoost,Stable,0.292586,0.424277,0.283137
2026-07-08,5.000000,NARLIDERE,89.913736,89.807076,-0.106660,21.000000,Drop,XGBoost,Drop,0.753736,0.171217,0.075047
2026-05-20,6.000000,BALÇOVA,89.609173,89.781806,0.172633,21.000000,Rise,XGBoost,Stable,0.269350,0.437253,0.293397
2026-06-10,6.000000,BALÇOVA,89.781806,89.582532,-0.199274,14.000000,Drop,XGBoost,Drop,0.906190,0.069628,0.024182
2026-06-24,6.000000,BALÇOVA,89.582532,89.894872,0.312340,14.000000,Rise,XGBoost,Rise,0.297422,0.155888,0.546691
2026-05-20,7.000000,ÜÇKUYULAR,89.609897,89.791530,0.181633,21.000000,Rise,XGBoost,Rise,0.295435,0.149307,0.555258
2026-06-10,7.000000,ÜÇKUYULAR,89.791530,89.610459,-0.181071,14.000000,Drop,XGBoost,Drop,0.904077,0.059937,0.035986
2026-06-24,7.000000,ÜÇKUYULAR,89.610459,89.911785,0.301326,14.000000,Rise,XGBoost,Rise,0.285568,0.076008,0.638424
2026-07-08,7.000000,ÜÇKUYULAR,89.911785,89.819160,-0.092625,21.000000,Drop,XGBoost,Drop,0.784505,0.098308,0.117187
2026-05-20,8.000000,GÜZELYALI,89.599758,89.779916,0.180158,21.000000,Rise,XGBoost,Rise,0.163540,0.195586,0.640874
2026-06-10,8.000000,GÜZELYALI,89.779916,89.672145,-0.107771,14.000000,Drop,XGBoost,Drop,0.788404,0.091135,0.120462
2026-06-24,8.000000,GÜZELYALI,89.672145,89.900279,0.228134,14.000000,Rise,XGBoost,Rise,0.386139,0.124832,0.489029
2026-07-08,8.000000,GÜZELYALI,89.900279,89.800038,-0.100242,21.000000,Drop,XGBoost,Drop,0.807724,0.070666,0.121609
2026-05-20,9.000000,HATAY,89.931407,90.501942,0.570536,21.000000,Rise,XGBoost,Rise,0.300751,0.045346,0.653903
2026-06-10,9.000000,HATAY,90.501942,90.032400,-0.469542,14.000000,Drop,XGBoost,Drop,0.964563,0.015423,0.020014
2026-06-24,9.000000,HATAY,90.032400,90.219082,0.186682,14.000000,Rise,XGBoost,Drop,0.509253,0.131809,0.358939
2026-05-20,11.000000,YEŞİLYURT,89.931889,90.514492,0.582602,21.000000,Rise,XGBoost,Rise,0.092211,0.042357,0.865432
2026-06-10,11.000000,YEŞİLYURT,90.514492,90.028834,-0.485658,14.000000,Drop,XGBoost,Drop,0.942886,0.029648,0.027466
2026-06-24,11.000000,YEŞİLYURT,90.028834,90.207656,0.178822,14.000000,Rise,XGBoost,Drop,0.646019,0.129276,0.224705
2026-05-20,13.000000,KARABAĞLAR,89.926412,90.516418,0.590005,21.000000,Rise,XGBoost,Rise,0.071473,0.038467,0.890060
2026-06-10,13.000000,KARABAĞLAR,90.516418,90.023598,-0.492820,14.000000,Drop,XGBoost,Drop,0.922340,0.034858,0.042802
2026-06-24,13.000000,KARABAĞLAR,90.023598,90.204064,0.180466,14.000000,Rise,XGBoost,Drop,0.552424,0.128109,0.319467
2026-05-20,14.000000,ESKİ İZMİR,89.945390,90.506369,0.560980,21.000000,Rise,XGBoost,Rise,0.066596,0.022391,0.911013
2026-06-10,14.000000,ESKİ İZMİR,90.506369,90.025689,-0.480680,14.000000,Drop,XGBoost,Drop,0.934443,0.029993,0.035564
2026-06-24,14.000000,ESKİ İZMİR,90.025689,90.222125,0.196436,14.000000,Rise,XGBoost,Drop,0.588787,0.115852,0.295361
2026-07-08,14.000000,ESKİ İZMİR,90.222125,90.196727,-0.025398,21.000000,Stable,XGBoost,Drop,0.882899,0.023621,0.093481
2026-05-20,15.000000,GAZİEMİR,89.928478,90.501369,0.572891,21.000000,Rise,XGBoost,Rise,0.075242,0.021674,0.903084
2026-06-10,15.000000,GAZİEMİR,90.501369,90.038934,-0.462435,14.000000,Drop,XGBoost,Drop,0.938214,0.030831,0.030954
2026-06-24,15.000000,GAZİEMİR,90.038934,90.241629,0.202694,14.000000,Rise,XGBoost,Drop,0.567272,0.066394,0.366334
2026-07-08,15.000000,GAZİEMİR,90.241629,90.191809,-0.049820,21.000000,Stable,XGBoost,Drop,0.871526,0.033953,0.094521
2026-05-20,16.000000,GEDİZ,88.642344,90.442743,1.800399,21.000000,Rise,XGBoost,Rise,0.031443,0.003902,0.964655
2026-06-10,16.000000,GEDİZ,90.442743,90.397690,-0.045053,14.000000,Stable,XGBoost,Drop,0.984129,0.011627,0.004244
2026-06-24,16.000000,GEDİZ,90.397690,90.424392,0.026702,14.000000,Stable,XGBoost,Drop,0.957074,0.031607,0.011318
2026-07-08,16.000000,GEDİZ,90.424392,90.298275,-0.126116,21.000000,Drop,XGBoost,Drop,0.895941,0.074870,0.029189
2026-05-20,17.000000,ŞİRİNYER,88.722518,90.463307,1.740789,21.000000,Rise,XGBoost,Rise,0.015490,0.007466,0.977044
2026-06-10,17.000000,ŞİRİNYER,90.463307,90.395705,-0.067602,14.000000,Drop,XGBoost,Drop,0.972049,0.023300,0.004652
2026-06-24,17.000000,ŞİRİNYER,90.395705,90.448692,0.052987,14.000000,Rise,XGBoost,Drop,0.935530,0.054864,0.009606
2026-07-08,17.000000,ŞİRİNYER,90.448692,90.313001,-0.135691,21.000000,Drop,XGBoost,Drop,0.902060,0.072891,0.025050
2026-05-20,18.000000,BUCA,88.740093,90.440112,1.700019,21.000000,Rise,XGBoost,Rise,0.024620,0.008123,0.967257
2026-06-10,18.000000,BUCA,90.440112,90.417150,-0.022962,14.000000,Stable,XGBoost,Drop,0.983607,0.012237,0.004156
2026-06-24,18.000000,BUCA,90.417150,90.441345,0.024195,14.000000,Stable,XGBoost,Drop,0.941707,0.047292,0.011001
2026-05-20,19.000000,GÜLÇEŞME,88.669766,90.442406,1.772641,21.000000,Rise,XGBoost,Rise,0.006922,0.007390,0.985687
2026-06-10,19.000000,GÜLÇEŞME,90.442406,90.407802,-0.034604,14.000000,Stable,XGBoost,Drop,0.964202,0.029983,0.005815
2026-06-24,19.000000,GÜLÇEŞME,90.407802,90.443230,0.035428,14.000000,Stable,XGBoost,Drop,0.924283,0.055789,0.019928
2026-07-08,19.000000,GÜLÇEŞME,90.443230,90.319854,-0.123376,21.000000,Drop,XGBoost,Drop,0.869486,0.099499,0.031015
2026-05-20,20.000000,GÜLTEPE,88.562435,89.468806,0.906371,21.000000,Rise,XGBoost,Rise,0.009910,0.010929,0.979160
2026-06-10,20.000000,GÜLTEPE,89.468806,89.265996,-0.202810,14.000000,Drop,XGBoost,Drop,0.709510,0.008661,0.281829
2026-06-24,20.000000,GÜLTEPE,89.265996,90.444880,1.178884,14.000000,Rise,XGBoost,Rise,0.277002,0.054430,0.668568
2026-07-08,20.000000,GÜLTEPE,90.444880,90.037716,-0.407164,21.000000,Drop,XGBoost,Drop,0.923580,0.058300,0.018120
2026-05-20,21.000000,ALTINDAĞ,90.143620,90.477106,0.333487,21.000000,Rise,XGBoost,Drop,0.712585,0.122561,0.164855
2026-06-10,21.000000,ALTINDAĞ,90.477106,90.376517,-0.100589,14.000000,Drop,XGBoost,Drop,0.942530,0.049972,0.007497
2026-06-24,21.000000,ALTINDAĞ,90.376517,90.053871,-0.322646,14.000000,Drop,XGBoost,Drop,0.881962,0.104019,0.014019
2026-07-08,21.000000,ALTINDAĞ,90.053871,90.286260,0.232389,21.000000,Rise,XGBoost,Drop,0.797961,0.104139,0.097900
2026-05-20,22.000000,ÇAMDİBİ,90.154959,90.478890,0.323931,21.000000,Rise,XGBoost,Drop,0.929775,0.020125,0.050101
2026-06-10,22.000000,ÇAMDİBİ,90.478890,90.290197,-0.188693,14.000000,Drop,XGBoost,Drop,0.956394,0.039077,0.004529
2026-06-24,22.000000,ÇAMDİBİ,90.290197,90.025515,-0.264682,14.000000,Drop,XGBoost,Drop,0.787860,0.192630,0.019510
2026-07-08,22.000000,ÇAMDİBİ,90.025515,90.114344,0.088829,21.000000,Rise,XGBoost,Drop,0.767719,0.110341,0.121940
2026-05-20,23.000000,IŞIKKENT,90.153745,90.469253,0.315508,21.000000,Rise,XGBoost,Drop,0.723237,0.087290,0.189473
2026-06-10,23.000000,IŞIKKENT,90.469253,90.283286,-0.185967,14.000000,Drop,XGBoost,Drop,0.955969,0.036018,0.008013
2026-06-24,23.000000,IŞIKKENT,90.283286,89.984217,-0.299069,14.000000,Drop,XGBoost,Drop,0.679184,0.291104,0.029712
2026-07-08,23.000000,IŞIKKENT,89.984217,90.293613,0.309396,21.000000,Rise,XGBoost,Drop,0.875190,0.033035,0.091774
2026-05-20,24.000000,PINARBAŞI,90.127186,90.418798,0.291612,21.000000,Rise,XGBoost,Drop,0.635670,0.116925,0.247405
2026-06-10,24.000000,PINARBAŞI,90.418798,90.299425,-0.119373,14.000000,Drop,XGBoost,Drop,0.942778,0.049144,0.008078
2026-06-24,24.000000,PINARBAŞI,90.299425,90.063102,-0.236323,14.000000,Drop,XGBoost,Drop,0.831526,0.149936,0.018539
2026-05-20,25.000000,EVKA-3,90.141286,90.219872,0.078586,21.000000,Rise,XGBoost,Drop,0.917876,0.018984,0.063140
2026-06-10,25.000000,EVKA-3,90.219872,90.382894,0.163022,14.000000,Rise,XGBoost,Drop,0.758396,0.194645,0.046959
2026-06-24,25.000000,EVKA-3,90.382894,89.940551,-0.442343,14.000000,Drop,XGBoost,Drop,0.951849,0.039257,0.008894
2026-07-08,25.000000,EVKA-3,89.940551,90.273312,0.332761,21.000000,Rise,XGBoost,Drop,0.653537,0.126373,0.220090
2026-05-20,26.000000,BORNOVA,90.158683,90.243283,0.084600,21.000000,Rise,XGBoost,Drop,0.944432,0.015060,0.040508
2026-06-10,26.000000,BORNOVA,90.243283,90.406226,0.162943,14.000000,Rise,XGBoost,Drop,0.800771,0.170043,0.029186
2026-06-24,26.000000,BORNOVA,90.406226,90.065401,-0.340826,14.000000,Drop,XGBoost,Drop,0.936221,0.053696,0.010082
2026-07-08,26.000000,BORNOVA,90.065401,90.286403,0.221003,21.000000,Rise,XGBoost,Drop,0.566712,0.186942,0.246346
2026-05-20,27.000000,ATATÜRK MAH,90.124933,89.395165,-0.729768,21.000000,Drop,XGBoost,Drop,0.608133,0.174463,0.217404
2026-06-10,27.000000,ATATÜRK MAH,89.395165,89.586334,0.191169,14.000000,Rise,XGBoost,Stable,0.301910,0.444952,0.253138
2026-06-24,27.000000,ATATÜRK MAH,89.586334,90.101601,0.515267,14.000000,Rise,XGBoost,Drop,0.839575,0.031838,0.128586
2026-07-08,27.000000,ATATÜRK MAH,90.101601,89.488579,-0.613022,21.000000,Drop,XGBoost,Drop,0.975978,0.012430,0.011592
2026-05-20,28.000000,OSMANGAZİ,90.154709,89.419043,-0.735666,21.000000,Drop,XGBoost,Drop,0.947864,0.022529,0.029608
2026-06-10,28.000000,OSMANGAZİ,89.419043,89.558425,0.139382,14.000000,Rise,XGBoost,Stable,0.384480,0.463187,0.152333
2026-06-24,28.000000,OSMANGAZİ,89.558425,89.570017,0.011592,14.000000,Stable,XGBoost,Drop,0.507170,0.033345,0.459486
2026-07-08,28.000000,OSMANGAZİ,89.570017,89.499949,-0.070068,21.000000,Drop,XGBoost,Drop,0.922921,0.024016,0.053062
2026-05-20,29.000000,ÖZKANLAR,90.149269,89.412169,-0.737100,21.000000,Drop,XGBoost,Drop,0.947165,0.016773,0.036062
2026-06-10,29.000000,ÖZKANLAR,89.412169,89.556976,0.144806,14.000000,Rise,XGBoost,Drop,0.391756,0.381552,0.226693
2026-06-24,29.000000,ÖZKANLAR,89.556976,89.107580,-0.449396,14.000000,Drop,XGBoost,Rise,0.470079,0.027447,0.502474
2026-07-08,29.000000,ÖZKANLAR,89.107580,89.591852,0.484273,21.000000,Rise,XGBoost,Rise,0.294065,0.068716,0.637219
2026-05-20,30.000000,MANAVKUYU,90.149821,89.323244,-0.826577,21.000000,Drop,XGBoost,Drop,0.702240,0.119443,0.178317
2026-06-10,30.000000,MANAVKUYU,89.323244,89.506124,0.182880,14.000000,Rise,XGBoost,Stable,0.173694,0.506398,0.319908
2026-06-24,30.000000,MANAVKUYU,89.506124,88.664931,-0.841193,14.000000,Drop,XGBoost,Drop,0.868271,0.023899,0.107830
2026-07-08,30.000000,MANAVKUYU,88.664931,89.485632,0.820702,21.000000,Rise,XGBoost,Rise,0.080830,0.190215,0.728955
2026-05-20,32.000000,EGEKENT,88.861258,88.997606,0.136348,21.000000,Rise,XGBoost,Rise,0.034415,0.016272,0.949312
2026-06-10,32.000000,EGEKENT,88.997606,89.066391,0.068785,14.000000,Rise,XGBoost,Rise,0.126388,0.014473,0.859139
2026-06-24,32.000000,EGEKENT,89.066391,89.056502,-0.009889,14.000000,Stable,XGBoost,Rise,0.044652,0.006506,0.948842
2026-07-08,32.000000,EGEKENT,89.056502,89.315416,0.258914,21.000000,Rise,XGBoost,Rise,0.083979,0.004238,0.911782
2026-05-20,33.000000,BALATÇIK,88.842834,89.050214,0.207380,21.000000,Rise,XGBoost,Rise,0.032506,0.015244,0.952250
2026-06-10,33.000000,BALATÇIK,89.050214,89.057845,0.007631,14.000000,Stable,XGBoost,Rise,0.194163,0.013084,0.792753
2026-06-24,33.000000,BALATÇIK,89.057845,89.114467,0.056622,14.000000,Rise,XGBoost,Rise,0.067818,0.003687,0.928495
2026-07-08,33.000000,BALATÇIK,89.114467,89.297267,0.182800,21.000000,Rise,XGBoost,Rise,0.110813,0.005743,0.883444
2026-05-20,34.000000,ÇİĞLİ,88.864846,89.424137,0.559291,21.000000,Rise,XGBoost,Rise,0.033659,0.020537,0.945804
2026-06-10,34.000000,ÇİĞLİ,89.424137,89.540205,0.116068,14.000000,Rise,XGBoost,Drop,0.509454,0.080052,0.410494
2026-06-24,34.000000,ÇİĞLİ,89.540205,89.009229,-0.530976,14.000000,Drop,XGBoost,Drop,0.840433,0.019079,0.140487
2026-07-08,34.000000,ÇİĞLİ,89.009229,89.493153,0.483924,21.000000,Rise,XGBoost,Rise,0.159834,0.024733,0.815433
2026-05-20,35.000000,BOSTANLI,89.302504,89.293782,-0.008722,21.000000,Stable,XGBoost,Drop,0.686829,0.040395,0.272775
2026-06-10,35.000000,BOSTANLI,89.293782,89.524071,0.230288,14.000000,Rise,XGBoost,Drop,0.585938,0.039062,0.375000
2026-06-24,35.000000,BOSTANLI,89.524071,89.502685,-0.021385,14.000000,Stable,XGBoost,Drop,0.572710,0.063466,0.363824
2026-07-08,35.000000,BOSTANLI,89.502685,89.510151,0.007466,21.000000,Stable,XGBoost,Drop,0.858850,0.024946,0.116204
2026-05-20,36.000000,ŞEMİKLER,89.309022,89.499476,0.190454,21.000000,Rise,XGBoost,Rise,0.315190,0.026297,0.658513
2026-06-10,36.000000,ŞEMİKLER,89.499476,89.648444,0.148968,14.000000,Rise,XGBoost,Drop,0.902323,0.015647,0.082030
2026-06-24,36.000000,ŞEMİKLER,89.648444,89.456349,-0.192095,14.000000,Drop,XGBoost,Drop,0.808885,0.014142,0.176973
2026-05-20,37.000000,KARŞIYAKA,89.273294,89.505199,0.231905,21.000000,Rise,XGBoost,Rise,0.200212,0.030147,0.769641
2026-06-10,37.000000,KARŞIYAKA,89.505199,89.457424,-0.047775,14.000000,Stable,XGBoost,Drop,0.892318,0.019408,0.088274
2026-06-24,37.000000,KARŞIYAKA,89.457424,89.465697,0.008272,14.000000,Stable,XGBoost,Drop,0.648235,0.048753,0.303012
2026-05-20,38.000000,EVKA-2,89.293664,89.496360,0.202696,21.000000,Rise,XGBoost,Rise,0.322903,0.037545,0.639552
2026-06-10,38.000000,EVKA-2,89.496360,89.561680,0.065320,14.000000,Rise,XGBoost,Drop,0.873395,0.025680,0.100925
2026-06-24,38.000000,EVKA-2,89.561680,89.491606,-0.070074,14.000000,Drop,XGBoost,Drop,0.667897,0.035520,0.296583
2026-07-08,38.000000,EVKA-2,89.491606,89.468740,-0.022866,21.000000,Stable,XGBoost,Drop,0.735617,0.026720,0.237663
2026-05-20,39.000000,ÖRNEKKÖY,89.332656,89.454102,0.121447,21.000000,Rise,XGBoost,Drop,0.454071,0.125380,0.420549
2026-06-10,39.000000,ÖRNEKKÖY,89.454102,89.628032,0.173930,14.000000,Rise,XGBoost,Drop,0.728479,0.044466,0.227055
2026-06-24,39.000000,ÖRNEKKÖY,89.628032,89.494766,-0.133266,14.000000,Drop,XGBoost,Drop,0.548966,0.029011,0.422023
2026-07-08,39.000000,ÖRNEKKÖY,89.494766,89.454838,-0.039928,21.000000,Stable,XGBoost,Drop,0.902900,0.043173,0.053927
2026-05-20,40.000000,GÜMÜŞPALA,89.307299,89.464148,0.156850,21.000000,Rise,XGBoost,Rise,0.343237,0.029317,0.627445
2026-06-10,40.000000,GÜMÜŞPALA,89.464148,89.415235,-0.048913,14.000000,Stable,XGBoost,Drop,0.924133,0.009127,0.066740
2026-06-24,40.000000,GÜMÜŞPALA,89.415235,89.483664,0.068428,14.000000,Rise,XGBoost,Drop,0.619996,0.037356,0.342648
2026-07-08,40.000000,GÜMÜŞPALA,89.483664,89.218378,-0.265286,21.000000,Drop,XGBoost,Drop,0.547884,0.060820,0.391297
2026-06-04,41.000000,DOĞANÇAY,89.058864,89.362006,0.303142,13.000000,Rise,XGBoost,Rise,0.224649,0.036021,0.739330
2026-06-17,41.000000,DOĞANÇAY,89.362006,89.415040,0.053035,14.000000,Rise,XGBoost,Rise,0.357323,0.040704,0.601973
2026-07-01,41.000000,DOĞANÇAY,89.415040,89.329287,-0.085753,21.000000,Drop,XGBoost,Drop,0.932244,0.025130,0.042626
2026-06-04,42.000000,YAMANLAR,89.075125,89.363758,0.288632,13.000000,Rise,XGBoost,Rise,0.074982,0.033166,0.891853
2026-06-17,42.000000,YAMANLAR,89.363758,89.386642,0.022884,14.000000,Stable,XGBoost,Drop,0.669932,0.039154,0.290914
2026-07-01,42.000000,YAMANLAR,89.386642,89.437806,0.051165,21.000000,Rise,XGBoost,Drop,0.722224,0.041090,0.236686
2026-06-04,43.000000,POSTACI MAH,89.073014,89.377027,0.304013,13.000000,Rise,XGBoost,Rise,0.085108,0.042916,0.871976
2026-06-17,43.000000,POSTACI MAH,89.377027,89.181770,-0.195257,14.000000,Drop,XGBoost,Drop,0.548501,0.095904,0.355595
2026-07-01,43.000000,POSTACI MAH,89.181770,89.324150,0.142380,21.000000,Rise,XGBoost,Rise,0.116858,0.035964,0.847178
2026-06-04,44.000000,YAMAÇ MAH,89.086614,89.518952,0.432337,13.000000,Rise,XGBoost,Rise,0.076569,0.045693,0.877738
2026-06-17,44.000000,YAMAÇ MAH,89.518952,89.393585,-0.125366,14.000000,Drop,XGBoost,Drop,0.891304,0.052059,0.056637
2026-07-01,44.000000,YAMAÇ MAH,89.393585,89.438888,0.045303,21.000000,Stable,XGBoost,Drop,0.825885,0.051869,0.122246
2026-06-04,45.000000,CUMHURİYET MAH,89.082872,89.351989,0.269118,13.000000,Rise,XGBoost,Rise,0.049427,0.061094,0.889479
2026-06-17,45.000000,CUMHURİYET MAH,89.351989,89.397496,0.045507,14.000000,Stable,XGBoost,Rise,0.466090,0.034152,0.499757
2026-06-04,46.000000,GÜZELTEPE,89.064494,89.360344,0.295850,13.000000,Rise,XGBoost,Rise,0.201765,0.036682,0.761553
2026-06-17,46.000000,GÜZELTEPE,89.360344,89.407684,0.047340,14.000000,Stable,XGBoost,Drop,0.678473,0.039628,0.281899
2026-07-01,46.000000,GÜZELTEPE,89.407684,89.194344,-0.213339,21.000000,Drop,XGBoost,Drop,0.869088,0.010652,0.120260
2026-06-04,47.000000,EVKA-5,88.902479,88.990538,0.088058,13.000000,Rise,XGBoost,Rise,0.063458,0.010011,0.926530
2026-06-17,47.000000,EVKA-5,88.990538,89.111454,0.120916,14.000000,Rise,XGBoost,Rise,0.056658,0.005244,0.938098
2026-07-01,47.000000,EVKA-5,89.111454,89.201736,0.090283,21.000000,Rise,XGBoost,Rise,0.121935,0.004065,0.874000
2026-06-04,48.000000,EGEKENT-2,89.082733,88.964341,-0.118392,13.000000,Drop,XGBoost,Rise,0.346720,0.014687,0.638593
2026-06-17,48.000000,EGEKENT-2,88.964341,89.141099,0.176758,14.000000,Rise,XGBoost,Rise,0.039986,0.006929,0.953085
2026-07-01,48.000000,EGEKENT-2,89.141099,89.213357,0.072258,21.000000,Rise,XGBoost,Rise,0.113493,0.006576,0.879930
2026-06-04,49.000000,ALAYBEY,89.054520,89.359409,0.304889,13.000000,Rise,XGBoost,Rise,0.171692,0.011581,0.816727
2026-06-17,49.000000,ALAYBEY,89.359409,89.375398,0.015989,14.000000,Stable,XGBoost,Drop,0.609886,0.025823,0.364291
2026-06-04,50.000000,CENGİZHAN,89.039203,89.409519,0.370315,13.000000,Rise,XGBoost,Rise,0.156645,0.006279,0.837075
2026-06-17,50.000000,CENGİZHAN,89.409519,89.391891,-0.017628,14.000000,Stable,XGBoost,Drop,0.597318,0.034664,0.368017
2026-06-04,51.000000,ÇAY MAH,89.072115,89.260812,0.188696,13.000000,Rise,XGBoost,Rise,0.179727,0.021368,0.798905
2026-06-17,51.000000,ÇAY MAH,89.260812,89.376194,0.115383,14.000000,Rise,XGBoost,Rise,0.442491,0.030198,0.527312
2026-07-01,51.000000,ÇAY MAH,89.376194,89.322847,-0.053348,21.000000,Drop,XGBoost,Drop,0.820113,0.008370,0.171517
2026-06-04,52.000000,İZYUVA,90.442600,90.429173,-0.013427,13.000000,Stable,XGBoost,Drop,0.986556,0.009839,0.003605
2026-06-17,52.000000,İZYUVA,90.429173,90.025752,-0.403421,14.000000,Drop,XGBoost,Drop,0.969206,0.022478,0.008316
2026-07-01,52.000000,İZYUVA,90.025752,90.298684,0.272933,21.000000,Rise,XGBoost,Drop,0.641007,0.180342,0.178651
2026-06-04,53.000000,NALDÖKEN,90.440480,90.328245,-0.112235,13.000000,Drop,XGBoost,Drop,0.979320,0.016966,0.003714
2026-06-17,53.000000,NALDÖKEN,90.328245,90.021296,-0.306948,14.000000,Drop,XGBoost,Drop,0.936388,0.049886,0.013726
2026-06-04,54.000000,YEŞİLÇAM,90.271522,90.434984,0.163462,13.000000,Rise,XGBoost,Drop,0.818603,0.164706,0.016692
2026-06-17,54.000000,YEŞİLÇAM,90.434984,90.319239,-0.115745,14.000000,Drop,XGBoost,Drop,0.972329,0.021972,0.005699
2026-07-01,54.000000,YEŞİLÇAM,90.319239,90.323842,0.004603,21.000000,Stable,XGBoost,Drop,0.958410,0.033685,0.007906
2026-06-04,55.000000,MEVLANA,90.447434,90.436916,-0.010518,13.000000,Stable,XGBoost,Drop,0.971881,0.023727,0.004392
2026-06-17,55.000000,MEVLANA,90.436916,90.022892,-0.414025,14.000000,Drop,XGBoost,Drop,0.925318,0.060248,0.014434
2026-07-01,55.000000,MEVLANA,90.022892,90.203919,0.181028,21.000000,Rise,XGBoost,Drop,0.487912,0.414790,0.097298
2026-06-04,56.000000,YEŞİLOVA,90.438316,90.440337,0.002021,13.000000,Stable,XGBoost,Drop,0.958346,0.035892,0.005762
2026-06-17,56.000000,YEŞİLOVA,90.440337,90.059599,-0.380738,14.000000,Drop,XGBoost,Drop,0.950484,0.039095,0.010421
2026-06-04,57.000000,MERSİNLİ,90.440376,90.433964,-0.006412,13.000000,Stable,XGBoost,Drop,0.947114,0.048064,0.004822
2026-06-17,57.000000,MERSİNLİ,90.433964,90.047468,-0.386496,14.000000,Drop,XGBoost,Drop,0.932623,0.057057,0.010320
2026-07-01,57.000000,MERSİNLİ,90.047468,89.328785,-0.718682,21.000000,Drop,XGBoost,Drop,0.613818,0.251465,0.134717
2026-06-04,59.000000,ÇANKAYA,89.245281,88.832177,-0.413105,13.000000,Drop,XGBoost,Rise,0.314984,0.057408,0.627608
2026-06-17,59.000000,ÇANKAYA,88.832177,89.561406,0.729229,14.000000,Rise,XGBoost,Rise,0.026596,0.032870,0.940534
2026-07-01,59.000000,ÇANKAYA,89.561406,89.354005,-0.207400,21.000000,Drop,XGBoost,Drop,0.781715,0.086939,0.131346
2026-06-04,60.000000,TOROS,89.344212,89.193993,-0.150219,13.000000,Drop,XGBoost,Drop,0.529880,0.072396,0.397723
2026-06-17,60.000000,TOROS,89.193993,88.824011,-0.369982,14.000000,Drop,XGBoost,Rise,0.130386,0.016555,0.853059
2026-07-01,60.000000,TOROS,88.824011,89.081441,0.257430,21.000000,Rise,XGBoost,Rise,0.007852,0.011748,0.980400
2026-06-04,61.000000,LEVENT,89.360412,89.312980,-0.047432,13.000000,Stable,XGBoost,Drop,0.585346,0.078071,0.336583
2026-06-17,61.000000,LEVENT,89.312980,88.669362,-0.643618,14.000000,Drop,XGBoost,Rise,0.140108,0.029639,0.830253
2026-06-04,62.000000,UFUK MAH,89.281626,89.125498,-0.156128,13.000000,Drop,XGBoost,Rise,0.395273,0.066387,0.538340
2026-06-17,62.000000,UFUK MAH,89.125498,88.731345,-0.394154,14.000000,Drop,XGBoost,Rise,0.121415,0.030450,0.848135
2026-07-01,62.000000,UFUK MAH,88.731345,89.115137,0.383793,21.000000,Rise,XGBoost,Rise,0.003217,0.008951,0.987832
2026-06-04,63.000000,EVKA-1,89.378074,90.477154,1.099080,13.000000,Rise,XGBoost,Rise,0.029027,0.018656,0.952317
2026-06-17,63.000000,EVKA-1,90.477154,90.343535,-0.133619,14.000000,Drop,XGBoost,Drop,0.977239,0.017413,0.005348
2026-06-04,64.000000,ADATEPE,89.437635,90.484387,1.046751,13.000000,Rise,XGBoost,Rise,0.073999,0.061675,0.864326
2026-06-17,64.000000,ADATEPE,90.484387,90.369527,-0.114860,14.000000,Drop,XGBoost,Drop,0.978024,0.017043,0.004933
2026-06-04,65.000000,KURUÇEŞME,89.436478,90.501164,1.064686,13.000000,Rise,XGBoost,Rise,0.106603,0.044689,0.848708
2026-06-17,65.000000,KURUÇEŞME,90.501164,90.390285,-0.110879,14.000000,Drop,XGBoost,Drop,0.973135,0.022137,0.004728
2026-06-04,66.000000,KOZAĞAÇ,89.465241,90.478168,1.012927,13.000000,Rise,XGBoost,Rise,0.082584,0.031602,0.885814
2026-06-17,66.000000,KOZAĞAÇ,90.478168,90.455477,-0.022691,14.000000,Stable,XGBoost,Drop,0.981929,0.013895,0.004176
2026-06-04,67.000000,ÇAMLIKULE,89.407644,90.482684,1.075040,13.000000,Rise,XGBoost,Rise,0.042233,0.023695,0.934072
2026-06-17,67.000000,ÇAMLIKULE,90.482684,90.352991,-0.129693,14.000000,Drop,XGBoost,Drop,0.983166,0.012451,0.004383
2026-07-01,67.000000,ÇAMLIKULE,90.352991,90.588871,0.235880,21.000000,Rise,XGBoost,Drop,0.946862,0.042321,0.010816
2026-06-04,68.000000,AKINCILAR,90.285488,90.492200,0.206712,13.000000,Rise,XGBoost,Drop,0.715894,0.241934,0.042173
2026-06-17,68.000000,AKINCILAR,90.492200,90.358418,-0.133782,14.000000,Drop,XGBoost,Drop,0.954012,0.042028,0.003960
2026-06-04,69.000000,UĞUR MUMCU MAH,90.067977,90.184638,0.116661,13.000000,Rise,XGBoost,Drop,0.407689,0.331478,0.260833
2026-06-17,69.000000,UĞUR MUMCU MAH,90.184638,90.018328,-0.166310,14.000000,Drop,XGBoost,Drop,0.546032,0.358869,0.095099
2026-06-04,70.000000,ÇAMLIK MAH,90.396654,90.191624,-0.205030,13.000000,Drop,XGBoost,Drop,0.926409,0.053352,0.020239
2026-06-17,70.000000,ÇAMLIK MAH,90.191624,90.159806,-0.031818,14.000000,Stable,XGBoost,Drop,0.587746,0.168907,0.243347
2026-07-01,70.000000,ÇAMLIK MAH,90.159806,90.609129,0.449323,21.000000,Rise,XGBoost,Drop,0.851945,0.049630,0.098425
2026-06-04,71.000000,AKTEPE,90.400606,90.181423,-0.219182,13.000000,Drop,XGBoost,Drop,0.902511,0.054938,0.042552
2026-06-17,71.000000,AKTEPE,90.181423,90.161013,-0.020410,14.000000,Stable,XGBoost,Drop,0.597009,0.140106,0.262886
2026-06-04,72.000000,9 EYLÜL MAH,90.399705,90.198095,-0.201610,13.000000,Drop,XGBoost,Drop,0.891120,0.054313,0.054567
2026-06-17,72.000000,9 EYLÜL MAH,90.198095,90.059552,-0.138543,14.000000,Drop,XGBoost,Drop,0.664173,0.082247,0.253580
2026-07-01,72.000000,9 EYLÜL MAH,90.059552,90.249856,0.190304,21.000000,Rise,XGBoost,Drop,0.854705,0.017604,0.127691
2026-06-04,73.000000,BEYAZEVLER,90.405535,90.195374,-0.210161,13.000000,Drop,XGBoost,Drop,0.928852,0.017623,0.053525
2026-06-17,73.000000,BEYAZEVLER,90.195374,90.147701,-0.047673,14.000000,Stable,XGBoost,Drop,0.651222,0.084288,0.264490
2026-07-01,73.000000,BEYAZEVLER,90.147701,90.247107,0.099406,21.000000,Rise,XGBoost,Drop,0.847748,0.046171,0.106081
2026-06-04,74.000000,UZUNDERE,90.305774,90.175820,-0.129954,13.000000,Drop,XGBoost,Drop,0.892072,0.098145,0.009783
2026-06-17,74.000000,UZUNDERE,90.175820,90.372471,0.196651,14.000000,Rise,XGBoost,Rise,0.278591,0.152004,0.569404
2026-06-04,75.000000,CENNETÇEŞME,90.310137,90.184487,-0.125650,13.000000,Drop,XGBoost,Drop,0.928804,0.059987,0.011209
2026-06-17,75.000000,CENNETÇEŞME,90.184487,90.410725,0.226237,14.000000,Rise,XGBoost,Drop,0.560547,0.127613,0.311840
2026-07-01,75.000000,CENNETÇEŞME,90.410725,90.250829,-0.159896,21.000000,Drop,XGBoost,Drop,0.946798,0.020803,0.032398
2026-06-04,76.000000,GÜZELBAHÇE,89.637776,89.749034,0.111258,13.000000,Rise,XGBoost,Drop,0.616062,0.230199,0.153738
2026-06-17,76.000000,GÜZELBAHÇE,89.749034,89.611917,-0.137116,14.000000,Drop,XGBoost,Drop,0.719653,0.232992,0.047355
2026-06-04,78.000000,İNCİRALTI,89.657211,89.744064,0.086852,13.000000,Rise,XGBoost,Drop,0.562549,0.210641,0.226809
2026-06-17,78.000000,İNCİRALTI,89.744064,89.718473,-0.025590,14.000000,Stable,XGBoost,Drop,0.664736,0.287735,0.047529
2026-07-01,78.000000,İNCİRALTI,89.718473,89.776903,0.058430,21.000000,Rise,XGBoost,Drop,0.396041,0.277238,0.326720
2026-06-04,79.000000,ESENDERE,90.297540,90.175510,-0.122029,13.000000,Drop,XGBoost,Drop,0.965974,0.027979,0.006047
2026-06-17,79.000000,ESENDERE,90.175510,90.386467,0.210957,14.000000,Rise,XGBoost,Drop,0.591894,0.211649,0.196457
2026-06-04,80.000000,KADİFEKALE,89.925420,90.316613,0.391193,13.000000,Rise,XGBoost,Drop,0.497724,0.230120,0.272156
2026-06-17,80.000000,KADİFEKALE,90.316613,90.451346,0.134733,14.000000,Rise,XGBoost,Drop,0.972772,0.008526,0.018702
2026-07-01,80.000000,KADİFEKALE,90.451346,90.627083,0.175737,21.000000,Rise,XGBoost,Drop,0.949580,0.042893,0.007527
