Tarih,NoktaAdi,HealthFactor,FailFast,E.coli_score,Koliform Bakteri_score,C.Perfringens_score,Arsenik_score,Nitrit_score,Alüminyum_score,Demir_score,Amonyum_score,pH_score,Klorür_score,İletkenlik_score,Oksitlenebilirlik_score,Bulanıklık_score,Tat_score,Koku_score,Renk_score,Toplam Sertlik_score,Tuzluluk_score,RiskClass
2025-08-06,ALTINDAĞ,89.22574606781178,False,1.0,1.0,1.0,0.504,0.87,0.93065,0.8734500000000001,0.94,0.8,0.888,0.736,0.88,,,1.0,1.0,,,Good
2025-08-06,ATATÜRK MAH,89.19338025284137,False,1.0,1.0,1.0,0.499,0.87,0.93025,0.6879500000000001,0.94,0.8,0.888,0.7336,0.88,,,1.0,1.0,,,Good
2025-08-06,BALATÇIK,89.20303294130537,False,1.0,1.0,1.0,0.4650000000000001,0.87,0.91605,0.6726,0.94,0.8399999999999999,0.832,0.7032,0.88,,,1.0,1.0,,,Good
2025-08-06,BALÇOVA,89.63234639219945,False,1.0,1.0,1.0,0.781,0.87,0.82665,0.7786,0.94,0.6399999999999999,0.908,0.8028,0.92,,,1.0,1.0,,,Good
2025-08-06,BORNOVA,89.17174195223261,False,1.0,1.0,1.0,0.49,0.87,0.9158999999999999,0.6910000000000001,0.94,0.8,0.888,0.734,0.88,,,1.0,1.0,,,Good
2025-08-06,BOSTANLI,89.36550513494717,False,1.0,1.0,1.0,0.5740000000000001,0.87,0.92915,0.71055,0.94,0.8,0.888,0.7332000000000001,0.88,,,1.0,1.0,,,Good
2025-08-06,BUCA,90.15883151371384,False,1.0,1.0,1.0,0.895,0.87,0.9639,0.5626,0.94,0.7600000000000001,0.8160000000000001,0.8004,0.92,1.0,,1.0,1.0,,,Good
2025-08-06,EGEKENT,89.20366443739461,False,1.0,1.0,1.0,0.4650000000000001,0.87,0.92055,0.6736500000000001,0.94,0.8399999999999999,0.832,0.7036,0.88,,,1.0,1.0,,,Good
2025-08-06,ESKİ İZMİR,90.17854613831014,False,1.0,1.0,1.0,0.896,0.87,0.949,0.7349,0.94,0.7600000000000001,0.812,0.8012,0.92,,,1.0,1.0,,,Good
2025-08-06,EVKA-2,89.19440974306211,False,1.0,1.0,1.0,0.498,0.87,0.9283,0.719,0.94,0.8,0.888,0.7336,0.88,,,1.0,1.0,,,Good
2025-08-06,EVKA-3,89.20557575237932,False,1.0,1.0,1.0,0.504,0.87,0.93085,0.6951499999999999,0.94,0.8,0.888,0.7336,0.88,,,1.0,1.0,,,Good
2025-08-06,GAZİEMİR,90.19963575457048,False,1.0,1.0,1.0,0.903,0.87,0.974,0.75315,0.94,0.7600000000000001,0.8160000000000001,0.8008,0.92,,,1.0,1.0,,,Good
2025-08-06,GEDİZ,90.25375246506044,False,1.0,1.0,1.0,0.897,0.87,0.96315,0.52025,0.94,0.8,0.8160000000000001,0.8008,0.92,,,1.0,1.0,,,Good
2025-08-06,GÜLTEPE,90.18599738489239,False,1.0,1.0,1.0,0.898,0.87,0.967,0.7363,0.94,0.7600000000000001,0.8200000000000001,0.802,0.92,,,1.0,1.0,,,Good
2025-08-06,GÜLÇEŞME,90.17359870244934,False,1.0,1.0,1.0,0.896,0.87,0.95365,0.68015,0.94,0.7600000000000001,0.8200000000000001,0.8008,0.92,,,1.0,1.0,,,Good
2025-08-06,GÜMÜŞPALA,89.21895097983176,False,1.0,1.0,1.0,0.509,0.87,0.924,0.7201,0.94,0.8,0.888,0.7352000000000001,0.88,,,1.0,1.0,,,Good
2025-08-06,GÜZELBAHÇE,89.61719410624292,False,1.0,1.0,1.0,0.774,0.87,0.8315,0.7765500000000001,0.94,0.6399999999999999,0.912,0.8036,0.92,,,1.0,1.0,,,Good
2025-08-06,GÜZELYALI,89.72458659626359,False,1.0,1.0,1.0,0.779,0.87,0.8422499999999999,0.7763,0.94,0.68,0.908,0.802,0.92,,,1.0,1.0,,,Good
2025-08-06,HATAY,89.98327916154601,False,1.0,1.0,1.0,0.89,0.87,0.95625,0.729,0.94,0.68,0.908,0.8016,0.92,,,1.0,1.0,,,Good
2025-08-06,IŞIKKENT,89.97548148465708,False,1.0,1.0,1.0,0.839,0.87,0.96605,0.74415,0.94,0.8,0.912,0.7592,0.88,,,1.0,1.0,,,Good
2025-08-06,KARABAĞLAR,90.28792158487906,False,1.0,1.0,1.0,0.901,0.87,0.96345,0.74515,0.94,0.8,0.812,0.8012,0.92,,,1.0,1.0,,,Good
2025-08-06,KARŞIYAKA,89.32367358312612,False,1.0,1.0,1.0,0.5130000000000001,0.87,0.9339,0.7139,0.94,0.8399999999999999,0.888,0.7336,0.88,,,1.0,1.0,,,Good
2025-08-06,KONAK,89.91946265254794,False,1.0,1.0,1.0,0.774,0.87,0.9502,0.77015,0.94,0.8399999999999999,0.852,0.7664,0.88,,,1.0,1.0,,,Good
2025-08-06,MANAVKUYU,89.20267960406603,False,1.0,1.0,1.0,0.5029999999999999,0.87,0.92875,0.69165,0.94,0.8,0.888,0.7336,0.88,,,1.0,1.0,,,Good
2025-08-06,NARLIDERE,89.61363252260234,False,1.0,1.0,1.0,0.773,0.87,0.82435,0.77225,0.94,0.6399999999999999,0.912,0.8032,0.92,,,1.0,1.0,,,Good
2025-08-06,OSMANGAZİ,89.22028841207236,False,1.0,1.0,1.0,0.51,0.87,0.93375,0.7022999999999999,0.94,0.8,0.888,0.7336,0.88,,,1.0,1.0,,,Good
2025-08-06,PINARBAŞI,89.97030213066964,False,1.0,1.0,1.0,0.8360000000000001,0.87,0.95975,0.7646999999999999,0.94,0.8,0.912,0.7588,0.88,,,1.0,1.0,,,Good
2025-08-06,YENİŞEHİR,89.91047033829679,False,1.0,1.0,1.0,0.769,0.87,0.95395,0.78685,0.94,0.8399999999999999,0.852,0.7672,0.88,,,1.0,1.0,,,Good
2025-08-06,YEŞİLYURT,90.1948220393076,False,1.0,1.0,1.0,0.902,0.87,0.96045,0.74735,0.94,0.7600000000000001,0.812,0.8008,0.92,,,1.0,1.0,,,Good
2025-08-06,ÇAMDİBİ,89.22758127554374,False,1.0,1.0,1.0,0.504,0.87,0.93165,0.8888,0.94,0.8,0.888,0.7343999999999999,0.88,,,1.0,1.0,,,Good
2025-08-06,ÇİĞLİ,89.2375229000543,False,1.0,1.0,1.0,0.48,0.87,0.9147000000000001,0.67885,0.94,0.8399999999999999,0.832,0.7028,0.88,,,1.0,1.0,,,Good
2025-08-06,ÖRNEKKÖY,89.2171958687016,False,1.0,1.0,1.0,0.508,0.87,0.9308,0.71785,0.94,0.8,0.888,0.7343999999999999,0.88,,,1.0,1.0,,,Good
2025-08-06,ÖZKANLAR,89.28470002476969,False,1.0,1.0,1.0,0.496,0.87,0.93555,0.70775,0.94,0.8399999999999999,0.888,0.7336,0.88,,,1.0,1.0,,,Good
2025-08-06,ÜÇKUYULAR,89.71674255956634,False,1.0,1.0,1.0,0.778,0.87,0.79455,0.7714,0.94,0.68,0.912,0.8028,0.92,,,1.0,1.0,,,Good
2025-08-06,ŞEMİKLER,89.23965844027171,False,1.0,1.0,1.0,0.518,0.87,0.9296,0.7177,0.94,0.8,0.888,0.7332000000000001,0.88,,,1.0,1.0,,,Good
2025-08-06,ŞİRİNYER,90.1632981437023,False,1.0,1.0,1.0,0.898,0.87,0.95495,0.5478000000000001,0.94,0.7600000000000001,0.8200000000000001,0.8008,0.92,,,1.0,1.0,,,Good
2025-08-13,9 EYLÜL MAH,90.10909500128612,False,1.0,1.0,1.0,0.902,0.87,0.9401,0.8489,0.94,0.72,0.8160000000000001,0.8,0.92,,,1.0,1.0,,,Good
2025-08-13,ADATEPE,90.19867346404108,False,1.0,1.0,1.0,0.906,0.87,0.9456,0.7164999999999999,0.94,0.7600000000000001,0.812,0.7976,0.92,,,1.0,1.0,,,Good
2025-08-13,AKINCILAR,90.14411613888174,False,1.0,1.0,1.0,0.892,0.87,0.93175,0.5281,0.94,0.7600000000000001,0.812,0.7976,0.92,,,1.0,1.0,,,Good
2025-08-13,AKTEPE,90.11626183705354,False,1.0,1.0,1.0,0.903,0.87,0.9534,0.87895,0.94,0.72,0.8160000000000001,0.8,0.92,,,1.0,1.0,,,Good
2025-08-13,ALAYBEY,89.5004817942782,False,1.0,1.0,1.0,0.5900000000000001,0.87,0.9303,0.8216,0.94,0.7600000000000001,0.892,0.7308,0.92,,,1.0,1.0,,,Good
2025-08-13,BEYAZEVLER,90.11831719730964,False,1.0,1.0,1.0,0.905,0.87,0.95265,0.8579,0.94,0.72,0.8160000000000001,0.7996,0.92,,,1.0,1.0,,,Good
2025-08-13,CENGİZHAN,89.47372794544953,False,1.0,1.0,1.0,0.579,0.87,0.9286,0.80675,0.94,0.7600000000000001,0.892,0.7316,0.92,,,1.0,1.0,,,Good
2025-08-13,CENNETÇEŞME,90.09401104632884,False,1.0,1.0,1.0,0.896,0.87,0.9456,0.8301000000000001,0.94,0.72,0.8160000000000001,0.7996,0.92,,,1.0,1.0,,,Good
2025-08-13,CUMHURİYET MAH,89.16816469700001,False,1.0,1.0,1.0,0.5660000000000001,0.87,0.92615,0.8103,0.94,0.72,0.892,0.732,0.88,,,1.0,1.0,,,Good
2025-08-13,DOĞANÇAY,89.18375751426639,False,1.0,1.0,1.0,0.572,0.87,0.9234,0.824,0.94,0.72,0.9,0.738,0.88,,,1.0,1.0,,,Good
2025-08-13,EGEKENT-2,89.45333249973801,False,1.0,1.0,1.0,0.5700000000000001,0.87,0.9277,0.8074,0.94,0.7600000000000001,0.892,0.7312000000000001,0.92,,,1.0,1.0,,,Good
2025-08-13,ESENDERE,89.47490469623787,False,1.0,1.0,1.0,0.787,0.87,0.85755,0.9266,0.94,0.5600000000000002,0.9,0.8032,0.92,,,1.0,1.0,,,Good
2025-08-13,EVKA-5,89.19009795935865,False,1.0,1.0,1.0,0.616,0.87,0.8976,0.8311,0.94,0.7600000000000001,0.844,0.706,0.84,,,1.0,1.0,,,Good
2025-08-13,GÜZELBAHÇE,89.44942809406766,False,1.0,1.0,1.0,0.776,0.87,0.8573500000000001,0.9121,0.94,0.5600000000000002,0.912,0.802,0.92,,,1.0,1.0,,,Good
2025-08-13,GÜZELTEPE,89.23146641325368,False,1.0,1.0,1.0,0.589,0.87,0.9158999999999999,0.8731,0.94,0.8,0.848,0.7068,0.84,,,1.0,1.0,,,Good
2025-08-13,KADİFEKALE,90.10660046728972,False,1.0,1.0,1.0,0.9,0.87,0.96545,0.8415,0.94,0.72,0.8160000000000001,0.8,0.92,,,1.0,1.0,,,Good
2025-08-13,KOZAĞAÇ,90.15286318557261,False,1.0,1.0,1.0,0.893,0.87,0.9359999999999999,0.5811999999999999,0.94,0.7600000000000001,0.812,0.7972,0.92,,,1.0,1.0,,,Good
2025-08-13,KURUÇEŞME,90.13251661236389,False,1.0,1.0,1.0,0.884,0.87,0.93865,0.5787,0.94,0.7600000000000001,0.812,0.7972,0.92,,,1.0,1.0,,,Good
2025-08-13,LEVENT,88.35741739070374,False,1.0,1.0,1.0,0.22599999999999998,0.87,0.95465,0.4075,0.94,0.72,0.9,0.75,0.88,,,1.0,1.0,,,Good
2025-08-13,MERSİNLİ,89.43348135604523,False,1.0,1.0,1.0,0.6,0.87,0.92795,0.79895,0.94,0.8,0.88,0.734,0.88,,,1.0,1.0,,,Good
2025-08-13,MEVLANA,89.58527980222355,False,1.0,1.0,1.0,0.587,0.87,0.9467,0.7819,0.94,0.8,0.88,0.7352000000000001,0.92,,,1.0,1.0,,,Good
2025-08-13,NALDÖKEN,89.50236217096801,False,1.0,1.0,1.0,0.554,0.87,0.91445,0.74115,0.94,0.8,0.88,0.736,0.92,,,1.0,1.0,,,Good
2025-08-13,POSTACI MAH,89.1477101970143,False,1.0,1.0,1.0,0.558,0.87,0.9148499999999999,0.8007,0.94,0.72,0.892,0.7332000000000001,0.88,,,1.0,1.0,,,Good
2025-08-13,TOROS,88.16804209894538,False,1.0,1.0,1.0,0.07200000000000006,0.87,0.9557,0.21250000000000002,0.94,0.72,0.9,0.75,0.92,,,1.0,1.0,,,Good
2025-08-13,UFUK MAH,88.23904751016985,False,1.0,1.0,1.0,0.10199999999999998,0.87,0.9565,0.23950000000000005,0.94,0.72,0.9,0.748,0.92,,,1.0,1.0,,,Good
2025-08-13,UZUNDERE,90.11504206083816,False,1.0,1.0,1.0,0.903,0.87,0.95825,0.8633500000000001,0.94,0.72,0.8160000000000001,0.7996,0.92,,,1.0,1.0,,,Good
2025-08-13,UĞUR MUMCU MAH,89.87915816399439,False,1.0,1.0,1.0,0.771,0.87,0.9405,0.5972999999999999,0.94,0.7600000000000001,0.812,0.7976,0.92,,,1.0,1.0,,,Good
2025-08-13,YAMANLAR,89.15812909057132,False,1.0,1.0,1.0,0.562,0.87,0.9208000000000001,0.80675,0.94,0.72,0.892,0.7343999999999999,0.88,,,1.0,1.0,,,Good
2025-08-13,YAMAÇ MAH,89.11770429039603,False,1.0,1.0,1.0,0.5450000000000002,0.87,0.9163,0.79405,0.94,0.72,0.892,0.7328,0.88,,,1.0,1.0,,,Good
2025-08-13,YEŞİLOVA,89.46369089809178,False,1.0,1.0,1.0,0.611,0.87,0.9156,0.8583000000000001,0.94,0.8,0.88,0.7343999999999999,0.88,,,1.0,1.0,,,Good
2025-08-13,YEŞİLÇAM,89.35665672306534,False,1.0,1.0,1.0,0.567,0.87,0.94105,0.7669,0.94,0.8,0.88,0.7323999999999999,0.88,,,1.0,1.0,,,Good
2025-08-13,ÇAMLIK MAH,89.98008833728696,False,1.0,1.0,1.0,0.844,0.87,0.9489,0.8598,0.94,0.72,0.8160000000000001,0.7996,0.92,,,1.0,1.0,,,Good
2025-08-13,ÇAMLIKULE,90.1582744576867,False,1.0,1.0,1.0,0.893,0.87,0.94415,0.62085,0.94,0.7600000000000001,0.812,0.7976,0.92,,,1.0,1.0,,,Good
2025-08-13,ÇANKAYA,89.31238134366039,False,1.0,1.0,1.0,0.5559999999999999,0.87,0.917,0.6933,0.94,0.72,0.892,0.7436,0.92,,,1.0,1.0,,,Good
2025-08-13,ÇAY MAH,89.38403219583297,False,1.0,1.0,1.0,0.5450000000000002,0.87,0.91745,0.70505,0.94,0.7600000000000001,0.892,0.7316,0.92,,,1.0,1.0,,,Good
2025-08-13,İNCİRALTI,89.47850632817934,False,1.0,1.0,1.0,0.788,0.87,0.86275,0.9237,0.94,0.5600000000000002,0.912,0.8024,0.92,,,1.0,1.0,,,Good
2025-08-13,İZYUVA,89.52030109462974,False,1.0,1.0,1.0,0.562,0.87,0.91835,0.73585,0.94,0.8,0.88,0.7356,0.92,,,1.0,1.0,,,Good
2025-08-20,ALTINDAĞ,89.29595978974343,False,1.0,1.0,1.0,0.4610000000000001,0.87,0.89825,0.7895,0.94,0.8,0.884,0.7384,0.92,,,1.0,1.0,,,Good
2025-08-20,ATATÜRK MAH,89.5041066478036,False,1.0,1.0,1.0,0.5519999999999999,0.87,0.9038,0.8037,0.94,0.8,0.884,0.74,0.92,,,1.0,1.0,,,Good
2025-08-20,BALATÇIK,89.47085645964923,False,1.0,1.0,1.0,0.663,0.87,0.88515,0.77845,0.94,0.7600000000000001,0.852,0.7112,0.88,,,1.0,1.0,,,Good
2025-08-20,BALÇOVA,89.56874298589081,False,1.0,1.0,1.0,0.787,0.87,0.9465,0.8285,0.94,0.6,0.896,0.7996,0.92,,,1.0,1.0,,,Good
2025-08-20,BORNOVA,89.59669266293216,False,1.0,1.0,1.0,0.674,0.87,0.8951,0.78155,0.94,0.8,0.896,0.7356,0.88,,,1.0,1.0,,,Good
2025-08-20,BOSTANLI,89.57666754789601,False,1.0,1.0,1.0,0.669,0.87,0.8772,0.8063,0.94,0.72,0.896,0.74,0.92,,,1.0,1.0,,,Good
2025-08-20,BUCA,90.21558878028333,False,1.0,1.0,1.0,0.911,0.87,0.9414,0.7667,0.94,0.7600000000000001,0.8160000000000001,0.8016,0.92,,,1.0,1.0,,,Good
2025-08-20,EGEKENT,89.37046012079986,False,1.0,1.0,1.0,0.616,0.87,0.90085,0.81525,0.94,0.7600000000000001,0.852,0.712,0.88,1.0,,1.0,1.0,,,Good
2025-08-20,ESKİ İZMİR,89.84268874979756,False,1.0,1.0,1.0,0.91,0.87,0.9416,0.7948,0.94,0.6,0.896,0.8008,0.92,,,1.0,1.0,,,Good
2025-08-20,EVKA-2,89.50035794583059,False,1.0,1.0,1.0,0.63,0.87,0.90155,0.81035,0.94,0.8,0.888,0.7308,0.88,,,1.0,1.0,,,Good
2025-08-20,EVKA-3,89.60944815989787,False,1.0,1.0,1.0,0.6799999999999999,0.87,0.8854,0.784,0.94,0.8,0.896,0.7356,0.88,,,1.0,1.0,,,Good
2025-08-20,GAZİEMİR,89.95502256661618,False,1.0,1.0,1.0,0.917,0.87,0.9497,0.79755,0.94,0.6399999999999999,0.896,0.8008,0.92,,,1.0,1.0,,,Good
2025-08-20,GEDİZ,90.04107887478922,False,1.0,1.0,1.0,0.8340000000000001,0.87,0.94685,0.7587,0.94,0.7600000000000001,0.8160000000000001,0.8016,0.92,,,1.0,1.0,,,Good
2025-08-20,GÜLTEPE,90.21503964341174,False,1.0,1.0,1.0,0.911,0.87,0.9373,0.76585,0.94,0.7600000000000001,0.8160000000000001,0.8028,0.92,,,1.0,1.0,,,Good
2025-08-20,GÜLÇEŞME,90.21106716872922,False,1.0,1.0,1.0,0.908,0.87,0.94895,0.77915,0.94,0.7600000000000001,0.8160000000000001,0.802,0.92,,,1.0,1.0,,,Good
2025-08-20,GÜMÜŞPALA,89.5051295764383,False,1.0,1.0,1.0,0.632,0.87,0.9007000000000001,0.81325,0.94,0.8,0.888,0.7323999999999999,0.88,,,1.0,1.0,,,Good
2025-08-20,GÜZELBAHÇE,89.94718371011842,False,1.0,1.0,1.0,0.788,0.87,0.9489,0.8206,0.94,0.7600000000000001,0.852,0.7676000000000001,0.92,,,1.0,1.0,,,Good
2025-08-20,GÜZELYALI,89.57491630702982,False,1.0,1.0,1.0,0.7899999999999999,0.87,0.9464,0.8232,0.94,0.6,0.896,0.7992,0.92,,,1.0,1.0,,,Good
2025-08-20,HATAY,89.86853144321549,False,1.0,1.0,1.0,0.921,0.87,0.94895,0.79585,0.94,0.6,0.896,0.8012,0.92,,,1.0,1.0,,,Good
2025-08-20,IŞIKKENT,89.44490982880333,False,1.0,1.0,1.0,0.587,0.87,0.242,0.23199999999999998,0.94,0.8,0.896,0.748,0.92,,,1.0,1.0,,,Good
2025-08-20,KARABAĞLAR,89.96389767736527,False,1.0,1.0,1.0,0.921,0.87,0.95,0.7957,0.94,0.6399999999999999,0.896,0.8008,0.92,,,1.0,1.0,,,Good
2025-08-20,KARŞIYAKA,89.6701846889975,False,1.0,1.0,1.0,0.625,0.87,0.89935,0.8066,0.94,0.8,0.896,0.7396,0.92,,,1.0,1.0,,,Good
2025-08-20,KONAK,89.9428899439824,False,1.0,1.0,1.0,0.787,0.87,0.94565,0.8058,0.94,0.7600000000000001,0.852,0.7688,0.92,,,1.0,1.0,,,Good
2025-08-20,MANAVKUYU,89.72209068088065,False,1.0,1.0,1.0,0.648,0.87,0.904,0.8103,0.94,0.8,0.884,0.7404,0.92,,,1.0,1.0,,,Good
2025-08-20,NARLIDERE,89.59171419350844,False,1.0,1.0,1.0,0.797,0.87,0.9480999999999999,0.82995,0.94,0.6,0.896,0.7996,0.92,,,1.0,1.0,,,Good
2025-08-20,OSMANGAZİ,89.68794418722075,False,1.0,1.0,1.0,0.634,0.87,0.8992,0.7933,0.94,0.8,0.884,0.74,0.92,,,1.0,1.0,,,Good
2025-08-20,PINARBAŞI,89.36854654319929,False,1.0,1.0,1.0,0.5650000000000001,0.87,0.050999999999999934,0.18799999999999994,0.94,0.8,0.896,0.748,0.92,,,1.0,1.0,,,Good
2025-08-20,YENİŞEHİR,89.94510527118047,False,1.0,1.0,1.0,0.788,0.87,0.9430499999999999,0.8079500000000001,0.94,0.7600000000000001,0.852,0.7692,0.92,,,1.0,1.0,,,Good
2025-08-20,YEŞİLYURT,89.59295614335934,False,1.0,1.0,1.0,0.799,0.87,0.9501,0.7988,0.94,0.6,0.896,0.8012,0.92,,,1.0,1.0,,,Good
2025-08-20,ÇAMDİBİ,89.22028343431745,False,1.0,1.0,1.0,0.42800000000000005,0.87,0.8949,0.78405,0.94,0.8,0.884,0.7368,0.92,,,1.0,1.0,,,Good
2025-08-20,ÇİĞLİ,89.44990056398677,False,1.0,1.0,1.0,0.652,0.87,0.88845,0.80985,0.94,0.7600000000000001,0.852,0.712,0.88,,,1.0,1.0,,,Good
2025-08-20,ÖRNEKKÖY,89.5313933426696,False,1.0,1.0,1.0,0.645,0.87,0.86815,0.8180499999999999,0.94,0.8,0.888,0.7312000000000001,0.88,,,1.0,1.0,,,Good
2025-08-20,ÖZKANLAR,89.6942193260739,False,1.0,1.0,1.0,0.636,0.87,0.898,0.81,0.94,0.8,0.884,0.7396,0.92,,,1.0,1.0,,,Good
2025-08-20,ÜÇKUYULAR,89.54699721102823,False,1.0,1.0,1.0,0.778,0.87,0.9388,0.82395,0.94,0.6,0.896,0.8,0.92,,,1.0,1.0,,,Good
2025-08-20,ŞEMİKLER,89.69736232577857,False,1.0,1.0,1.0,0.637,0.87,0.8982,0.8079500000000001,0.94,0.8,0.896,0.74,0.92,,,1.0,1.0,,,Good
2025-08-20,ŞİRİNYER,90.21269828850973,False,1.0,1.0,1.0,0.909,0.87,0.9444,0.77815,0.94,0.7600000000000001,0.8160000000000001,0.8016,0.92,,,1.0,1.0,,,Good
2025-08-27,9 EYLÜL MAH,90.22768336715349,False,1.0,1.0,1.0,0.921,0.87,0.94805,0.67035,0.94,0.7600000000000001,0.812,0.7992,0.92,1.0,,1.0,1.0,,,Good
2025-08-27,ADATEPE,90.30084406289596,False,1.0,1.0,1.0,0.914,0.87,0.95655,0.6129,0.94,0.8,0.804,0.7984,0.92,1.0,,1.0,1.0,,,Good
2025-08-27,AKINCILAR,90.18040397220079,False,1.0,1.0,1.0,0.903,0.87,0.9478,0.61265,0.94,0.7600000000000001,0.812,0.7996,0.92,1.0,,1.0,1.0,,,Good
2025-08-27,AKTEPE,90.08328887888574,False,1.0,1.0,1.0,0.857,0.87,0.9516,0.67045,0.94,0.7600000000000001,0.812,0.7992,0.92,1.0,,1.0,1.0,,,Good
2025-08-27,ALAYBEY,89.08330973067726,False,1.0,1.0,1.0,0.49,0.87,0.93425,0.74245,0.94,0.7600000000000001,0.876,0.7368,0.88,1.0,,1.0,1.0,,,Good
2025-08-27,BEYAZEVLER,90.22407087465584,False,1.0,1.0,1.0,0.919,0.87,0.9544,0.6721,0.94,0.7600000000000001,0.812,0.7988000000000001,0.92,1.0,,1.0,1.0,,,Good
2025-08-27,CENGİZHAN,88.86114709861195,False,1.0,1.0,1.0,0.392,0.87,0.9356,0.7373000000000001,0.94,0.7600000000000001,0.876,0.7372000000000001,0.88,1.0,,1.0,1.0,,,Good
2025-08-27,CENNETÇEŞME,90.21683978059771,False,1.0,1.0,1.0,0.916,0.87,0.95035,0.6721999999999999,0.94,0.7600000000000001,0.812,0.7992,0.92,1.0,,1.0,1.0,,,Good
2025-08-27,CUMHURİYET MAH,88.8391940681357,False,1.0,1.0,1.0,0.382,0.87,0.929,0.74985,0.94,0.7600000000000001,0.876,0.7372000000000001,0.88,1.0,,1.0,1.0,,,Good
2025-08-27,DOĞANÇAY,88.79809319833852,False,1.0,1.0,1.0,0.364,0.87,0.92395,0.7515,0.94,0.7600000000000001,0.876,0.7384,0.88,1.0,,1.0,1.0,,,Good
2025-08-27,EGEKENT-2,88.93889940409844,False,1.0,1.0,1.0,0.42800000000000005,0.87,0.9328,0.73845,0.94,0.7600000000000001,0.84,0.7088,0.88,1.0,,1.0,1.0,,,Good
2025-08-27,ESENDERE,90.21400381786657,False,1.0,1.0,1.0,0.916,0.87,0.9419,0.6555500000000001,0.94,0.7600000000000001,0.812,0.7996,0.92,1.0,,1.0,1.0,,,Good
2025-08-27,EVKA-1,90.00313834347938,False,1.0,1.0,1.0,0.7819999999999999,0.87,0.95555,0.62235,0.94,0.8,0.804,0.7988000000000001,0.92,1.0,,1.0,1.0,,,Good
2025-08-27,EVKA-5,89.01017285194393,False,1.0,1.0,1.0,0.4179999999999999,0.87,0.9278500000000001,0.7314,0.94,0.8,0.84,0.7076,0.88,1.0,,1.0,1.0,,,Good
2025-08-27,GÜZELBAHÇE,89.47781227671554,False,1.0,1.0,1.0,0.637,0.87,0.86605,0.5772999999999999,0.94,0.72,0.9,0.7792,0.92,1.0,,1.0,1.0,,,Good
2025-08-27,GÜZELTEPE,88.87157775777149,False,1.0,1.0,1.0,0.396,0.87,0.93535,0.74975,0.94,0.7600000000000001,0.876,0.7372000000000001,0.88,1.0,,1.0,1.0,,,Good
2025-08-27,KADİFEKALE,90.15146669905779,False,1.0,1.0,1.0,0.891,0.87,0.95915,0.58545,0.94,0.7600000000000001,0.812,0.8004,0.92,1.0,,1.0,1.0,,,Good
2025-08-27,KOZAĞAÇ,90.31711792753913,False,1.0,1.0,1.0,0.92,0.87,0.9567,0.6365999999999999,0.94,0.8,0.804,0.7984,0.92,1.0,,1.0,1.0,,,Good
2025-08-27,KURUÇEŞME,90.30117214219707,False,1.0,1.0,1.0,0.915,0.87,0.9528,0.59955,0.94,0.8,0.804,0.7984,0.92,1.0,,1.0,1.0,,,Good
2025-08-27,LEVENT,90.23614162069984,False,1.0,1.0,1.0,0.883,0.87,0.9434,0.6738999999999999,0.94,0.8,0.804,0.8012,0.92,1.0,,1.0,1.0,,,Good
2025-08-27,MERSİNLİ,89.05475512542037,False,1.0,1.0,1.0,0.397,0.87,0.9016,0.68255,0.94,0.8399999999999999,0.896,0.736,0.88,1.0,,1.0,1.0,,,Good
2025-08-27,MEVLANA,89.02304298017472,False,1.0,1.0,1.0,0.383,0.87,0.89995,0.6839500000000001,0.94,0.8399999999999999,0.896,0.7352000000000001,0.88,1.0,,1.0,1.0,,,Good
2025-08-27,NALDÖKEN,89.06167510979641,False,1.0,1.0,1.0,0.4,0.87,0.89895,0.6864,0.94,0.8399999999999999,0.896,0.7356,0.88,1.0,,1.0,1.0,,,Good
2025-08-27,POSTACI MAH,88.84339484075947,False,1.0,1.0,1.0,0.384,0.87,0.929,0.74695,0.94,0.7600000000000001,0.876,0.7376,0.88,1.0,,1.0,1.0,,,Good
2025-08-27,TOROS,90.24443818057104,False,1.0,1.0,1.0,0.887,0.87,0.9436,0.6671,0.94,0.8,0.804,0.8004,0.92,1.0,,1.0,1.0,,,Good
2025-08-27,UFUK MAH,90.24355779673611,False,1.0,1.0,1.0,0.887,0.87,0.94135,0.6616,0.94,0.8,0.804,0.8,0.92,1.0,,1.0,1.0,,,Good
2025-08-27,UZUNDERE,90.22346155220212,False,1.0,1.0,1.0,0.919,0.87,0.94735,0.6737,0.94,0.7600000000000001,0.812,0.7996,0.92,1.0,,1.0,1.0,,,Good
2025-08-27,UĞUR MUMCU MAH,90.23143365295759,False,1.0,1.0,1.0,0.923,0.87,0.9501,0.6614500000000001,0.94,0.7600000000000001,0.812,0.7992,0.92,1.0,,1.0,1.0,,,Good
2025-08-27,YAMANLAR,88.85428526346375,False,1.0,1.0,1.0,0.389,0.87,0.92135,0.7508,0.94,0.7600000000000001,0.876,0.7384,0.88,1.0,,1.0,1.0,,,Good
2025-08-27,YAMAÇ MAH,88.85845254937266,False,1.0,1.0,1.0,0.391,0.87,0.9258,0.74325,0.94,0.7600000000000001,0.876,0.7376,0.88,1.0,,1.0,1.0,,,Good
2025-08-27,YEŞİLOVA,89.04770752950927,False,1.0,1.0,1.0,0.394,0.87,0.89645,0.6855,0.94,0.8399999999999999,0.896,0.7348,0.88,1.0,,1.0,1.0,,,Good
2025-08-27,YEŞİLÇAM,88.86393682061981,False,1.0,1.0,1.0,0.355,0.87,0.89455,0.6842,0.94,0.8,0.896,0.746,0.88,1.0,,1.0,1.0,,,Good
2025-08-27,ÇAMLIK MAH,90.22347490163575,False,1.0,1.0,1.0,0.919,0.87,0.9545,0.6667000000000001,0.94,0.7600000000000001,0.812,0.7992,0.92,1.0,,1.0,1.0,,,Good
2025-08-27,ÇAMLIKULE,90.3040533572456,False,1.0,1.0,1.0,0.916,0.87,0.9524,0.60545,0.94,0.8,0.804,0.7979999999999999,0.92,1.0,,1.0,1.0,,,Good
2025-08-27,ÇANKAYA,88.73489938504483,False,1.0,1.0,1.0,0.29900000000000004,0.87,0.94785,0.6102000000000001,0.94,0.8,0.896,0.7472,0.88,1.0,,1.0,1.0,,,Good
2025-08-27,ÇAY MAH,88.86990907856755,False,1.0,1.0,1.0,0.396,0.87,0.93335,0.737,0.94,0.7600000000000001,0.876,0.7372000000000001,0.88,1.0,,1.0,1.0,,,Good
2025-08-27,İNCİRALTI,89.58873498337573,False,1.0,1.0,1.0,0.675,0.87,0.9067000000000001,0.7571,0.94,0.72,0.9,0.7796,0.92,1.0,,1.0,1.0,,,Good
2025-08-27,İZYUVA,89.02230197347738,False,1.0,1.0,1.0,0.382,0.87,0.89915,0.6981999999999999,0.94,0.8399999999999999,0.896,0.7352000000000001,0.88,1.0,,1.0,1.0,,,Good
2025-09-03,ALTINDAĞ,89.1089901111778,False,1.0,1.0,1.0,0.45899999999999996,0.87,0.9555,0.7179,0.94,0.8,0.884,0.7592,0.88,1.0,,1.0,1.0,,,Good
2025-09-03,ATATÜRK MAH,89.04012015681118,False,1.0,1.0,1.0,0.42800000000000005,0.87,0.96245,0.7222500000000001,0.94,0.8,0.884,0.7584,0.88,1.0,,1.0,1.0,,,Good
2025-09-03,BALATÇIK,89.11546979050559,False,1.0,1.0,1.0,0.46599999999999997,0.87,0.92745,0.69945,0.94,0.8,0.844,0.7063999999999999,0.88,1.0,,1.0,1.0,,,Good
2025-09-03,BALÇOVA,89.58184268627282,False,1.0,1.0,1.0,0.731,0.87,0.6801999999999999,0.64955,0.94,0.68,0.892,0.8,0.92,1.0,,1.0,1.0,,,Good
2025-09-03,BORNOVA,89.08372031209808,False,1.0,1.0,1.0,0.44699999999999995,0.87,0.9569,0.7331,0.94,0.8,0.884,0.7596,0.88,1.0,,1.0,1.0,,,Good
2025-09-03,BOSTANLI,89.26063017424524,False,1.0,1.0,1.0,0.528,0.87,0.9301,0.7156,0.94,0.8,0.872,0.7303999999999999,0.88,1.0,,1.0,1.0,,,Good
2025-09-03,BUCA,90.22662166442787,False,1.0,1.0,1.0,0.882,0.87,0.9354,0.62175,0.94,0.8,0.8,0.7912,0.92,1.0,,1.0,1.0,,,Good
2025-09-03,EGEKENT,89.13485837215505,False,1.0,1.0,1.0,0.474,0.87,0.93355,0.7047,0.94,0.8,0.844,0.7068,0.88,1.0,,1.0,1.0,,,Good
2025-09-03,ESKİ İZMİR,90.29669895062257,False,1.0,1.0,1.0,0.909,0.87,0.94445,0.6921999999999999,0.94,0.8,0.8,0.7904,0.92,1.0,,1.0,1.0,,,Good
2025-09-03,EVKA-2,89.23744039793459,False,1.0,1.0,1.0,0.516,0.87,0.94145,0.7393000000000001,0.94,0.8,0.872,0.73,0.88,1.0,,1.0,1.0,,,Good
2025-09-03,EVKA-3,89.08401807234654,False,1.0,1.0,1.0,0.44699999999999995,0.87,0.96105,0.73155,0.94,0.8,0.884,0.76,0.88,1.0,,1.0,1.0,,,Good
2025-09-03,GAZİEMİR,90.29775672354168,False,1.0,1.0,1.0,0.911,0.87,0.9314,0.6714,0.94,0.8,0.804,0.7904,0.92,1.0,,1.0,1.0,,,Good
2025-09-03,GEDİZ,90.29409128583269,False,1.0,1.0,1.0,0.91,0.87,0.93605,0.65435,0.94,0.8,0.804,0.7904,0.92,1.0,,1.0,1.0,,,Good
2025-09-03,GÜLTEPE,90.25421222860518,False,1.0,1.0,1.0,0.895,0.87,0.92955,0.60825,0.94,0.8,0.804,0.7916,0.92,1.0,,1.0,1.0,,,Good
2025-09-03,GÜLÇEŞME,90.2667661264969,False,1.0,1.0,1.0,0.901,0.87,0.93545,0.59335,0.94,0.8,0.804,0.7912,0.92,1.0,,1.0,1.0,,,Good
2025-09-03,GÜMÜŞPALA,89.14941717396896,False,1.0,1.0,1.0,0.483,0.87,0.9213,0.6354,0.94,0.8,0.88,0.7248,0.88,1.0,,1.0,1.0,,,Good
2025-09-03,GÜZELBAHÇE,89.55871558442178,False,1.0,1.0,1.0,0.722,0.87,0.66325,0.6422,0.94,0.68,0.892,0.7984,0.92,1.0,,1.0,1.0,,,Good
2025-09-03,GÜZELYALI,89.50764118723026,False,1.0,1.0,1.0,0.741,0.87,0.64195,0.67075,0.94,0.6399999999999999,0.896,0.8008,0.92,1.0,,1.0,1.0,,,Good
2025-09-03,HATAY,90.18077586289024,False,1.0,1.0,1.0,0.858,0.87,0.9397,0.6891,0.94,0.8,0.804,0.79,0.92,1.0,,1.0,1.0,,,Good
2025-09-03,IŞIKKENT,89.1339596611316,False,1.0,1.0,1.0,0.4690000000000001,0.87,0.9607,0.73335,0.94,0.8,0.884,0.76,0.88,1.0,,1.0,1.0,,,Good
2025-09-03,KARABAĞLAR,90.29267511455981,False,1.0,1.0,1.0,0.91,0.87,0.94535,0.6325000000000001,0.94,0.8,0.804,0.7908000000000001,0.92,1.0,,1.0,1.0,,,Good
2025-09-03,KARŞIYAKA,89.23521126877971,False,1.0,1.0,1.0,0.515,0.87,0.93975,0.7412000000000001,0.94,0.8,0.872,0.7312000000000001,0.88,1.0,,1.0,1.0,,,Good
2025-09-03,KONAK,90.25474982613584,False,1.0,1.0,1.0,0.89,0.87,0.92595,0.6898500000000001,0.94,0.8,0.84,0.766,0.92,1.0,,1.0,1.0,,,Good
2025-09-03,MANAVKUYU,89.1050382262997,False,1.0,1.0,1.0,0.45599999999999996,0.87,0.9568,0.7417,0.94,0.8,0.884,0.7588,0.88,1.0,,1.0,1.0,,,Good
2025-09-03,NARLIDERE,89.57949771118543,False,1.0,1.0,1.0,0.73,0.87,0.68065,0.6485000000000001,0.94,0.68,0.892,0.7984,0.92,1.0,,1.0,1.0,,,Good
2025-09-03,OSMANGAZİ,89.12667290672306,False,1.0,1.0,1.0,0.46599999999999997,0.87,0.95945,0.73035,0.94,0.8,0.884,0.758,0.88,1.0,,1.0,1.0,,,Good
2025-09-03,PINARBAŞI,89.1622104566197,False,1.0,1.0,1.0,0.48,0.87,0.96495,0.75885,0.94,0.8,0.884,0.7596,0.88,1.0,,1.0,1.0,,,Good
2025-09-03,YENİŞEHİR,90.2515348752465,False,1.0,1.0,1.0,0.876,0.87,0.9351,0.93225,0.94,0.8,0.84,0.7664,0.92,1.0,,1.0,1.0,,,Good
2025-09-03,YEŞİLYURT,90.30463145560033,False,1.0,1.0,1.0,0.912,0.87,0.94165,0.7019500000000001,0.94,0.8,0.804,0.79,0.92,1.0,,1.0,1.0,,,Good
2025-09-03,ÇAMDİBİ,89.09932104852001,False,1.0,1.0,1.0,0.45300000000000007,0.87,0.96375,0.74415,0.94,0.8,0.884,0.7596,0.88,1.0,,1.0,1.0,,,Good
2025-09-03,ÇİĞLİ,89.23655797774538,False,1.0,1.0,1.0,0.516,0.87,0.9389,0.7340500000000001,0.94,0.8,0.872,0.73,0.88,1.0,,1.0,1.0,,,Good
2025-09-03,ÖRNEKKÖY,89.15853347956977,False,1.0,1.0,1.0,0.492,0.87,0.8066,0.65065,0.94,0.8,0.88,0.7252000000000001,0.88,1.0,,1.0,1.0,,,Good
2025-09-03,ÖZKANLAR,89.08261049901398,False,1.0,1.0,1.0,0.44699999999999995,0.87,0.9555,0.72485,0.94,0.8,0.884,0.7575999999999999,0.88,1.0,,1.0,1.0,,,Good
2025-09-03,ÜÇKUYULAR,89.61158771328131,False,1.0,1.0,1.0,0.742,0.87,0.68445,0.68845,0.94,0.68,0.892,0.7972,0.92,1.0,,1.0,1.0,,,Good
2025-09-03,ŞEMİKLER,89.25898004849142,False,1.0,1.0,1.0,0.526,0.87,0.9393,0.73175,0.94,0.8,0.872,0.7312000000000001,0.88,1.0,,1.0,1.0,,,Good
2025-09-03,ŞİRİNYER,90.26013507816742,False,1.0,1.0,1.0,0.898,0.87,0.92925,0.6042000000000001,0.94,0.8,0.8,0.7904,0.92,1.0,,1.0,1.0,,,Good
2025-09-10,9 EYLÜL MAH,90.25604276820334,False,1.0,1.0,1.0,0.927,0.87,0.96005,0.8049,0.94,0.7600000000000001,0.792,0.8008,0.92,1.0,,1.0,1.0,,,Good
2025-09-10,ADATEPE,90.1039510870083,False,1.0,1.0,1.0,0.872,0.87,0.93755,0.5641,0.94,0.7600000000000001,0.8160000000000001,0.7972,0.92,1.0,,1.0,1.0,,,Good
2025-09-10,AKINCILAR,90.15348382110568,False,1.0,1.0,1.0,0.897,0.87,0.93165,0.5079,0.94,0.7600000000000001,0.8160000000000001,0.7964,0.92,1.0,,1.0,1.0,,,Good
2025-09-10,AKTEPE,90.26251746977621,False,1.0,1.0,1.0,0.93,0.87,0.9528,0.80935,0.94,0.7600000000000001,0.792,0.8012,0.92,1.0,,1.0,1.0,,,Good
2025-09-10,ALAYBEY,89.15144999142588,False,1.0,1.0,1.0,0.515,0.87,0.9368,0.82855,0.94,0.7600000000000001,0.892,0.7476,0.88,1.0,,1.0,1.0,,,Good
2025-09-10,BEYAZEVLER,89.64035308716072,False,1.0,1.0,1.0,0.655,0.87,0.95575,0.8069500000000001,0.94,0.7600000000000001,0.792,0.8004,0.92,1.0,,1.0,1.0,,,Good
2025-09-10,CENGİZHAN,89.17336908266408,False,1.0,1.0,1.0,0.521,0.87,0.94385,0.89525,0.94,0.7600000000000001,0.892,0.7476,0.88,1.0,,1.0,1.0,,,Good
2025-09-10,CENNETÇEŞME,90.26773687206455,False,1.0,1.0,1.0,0.9319999999999999,0.87,0.9584,0.80995,0.94,0.7600000000000001,0.792,0.8004,0.92,1.0,,1.0,1.0,,,Good
2025-09-10,CUMHURİYET MAH,89.16071336705822,False,1.0,1.0,1.0,0.52,0.87,0.92325,0.82395,0.94,0.7600000000000001,0.892,0.748,0.88,1.0,,1.0,1.0,,,Good
2025-09-10,DOĞANÇAY,89.04208622709994,False,1.0,1.0,1.0,0.46799999999999997,0.87,0.91875,0.81945,0.94,0.7600000000000001,0.892,0.7532,0.88,1.0,,1.0,1.0,,,Good
2025-09-10,EGEKENT-2,88.71560062924539,False,1.0,1.0,1.0,0.30599999999999994,0.87,0.85945,0.39149999999999996,0.94,0.8,0.892,0.7436,0.88,1.0,,1.0,1.0,,,Good
2025-09-10,ESENDERE,89.70267344736918,False,1.0,1.0,1.0,0.702,0.87,0.62415,0.7491,0.94,0.7600000000000001,0.792,0.8044,0.92,1.0,,1.0,1.0,,,Good
2025-09-10,EVKA-1,90.19141838625472,False,1.0,1.0,1.0,0.896,0.87,0.9412,0.86285,0.94,0.7600000000000001,0.804,0.8016,0.92,1.0,,1.0,1.0,,,Good
2025-09-10,EVKA-5,89.28209764735584,False,1.0,1.0,1.0,0.5290000000000001,0.87,0.93245,0.896,0.94,0.8,0.856,0.728,0.88,1.0,,1.0,1.0,,,Good
2025-09-10,GÜZELBAHÇE,89.78614383568168,False,1.0,1.0,1.0,0.733,0.87,0.71105,0.78015,0.94,0.7600000000000001,0.792,0.8028,0.92,1.0,,1.0,1.0,,,Good
2025-09-10,GÜZELTEPE,89.13638458991873,False,1.0,1.0,1.0,0.509,0.87,0.9325,0.81965,0.94,0.7600000000000001,0.892,0.748,0.88,1.0,,1.0,1.0,,,Good
2025-09-10,KADİFEKALE,90.23757371364333,False,1.0,1.0,1.0,0.924,0.87,0.9491,0.7125,0.94,0.7600000000000001,0.792,0.802,0.92,1.0,,1.0,1.0,,,Good
2025-09-10,KOZAĞAÇ,90.14022489210895,False,1.0,1.0,1.0,0.894,0.87,0.92635,0.45599999999999996,0.94,0.7600000000000001,0.8160000000000001,0.7964,0.92,1.0,,1.0,1.0,,,Good
2025-09-10,KURUÇEŞME,90.11207433050387,False,1.0,1.0,1.0,0.886,0.87,0.92755,0.366,0.94,0.7600000000000001,0.8160000000000001,0.796,0.92,1.0,,1.0,1.0,,,Good
2025-09-10,LEVENT,90.21799439347605,False,1.0,1.0,1.0,0.908,0.87,0.9431,0.8558,0.94,0.7600000000000001,0.804,0.8024,0.92,1.0,,1.0,1.0,,,Good
2025-09-10,MERSİNLİ,88.82868721836387,False,1.0,1.0,1.0,0.31299999999999994,0.87,0.88035,0.385,0.94,0.8399999999999999,0.896,0.7424,0.88,1.0,,1.0,1.0,,,Good
2025-09-10,MEVLANA,88.80643801147028,False,1.0,1.0,1.0,0.30400000000000005,0.87,0.87265,0.376,0.94,0.8399999999999999,0.896,0.7428,0.88,1.0,,1.0,1.0,,,Good
2025-09-10,NALDÖKEN,88.82824962845466,False,1.0,1.0,1.0,0.31499999999999995,0.87,0.86295,0.35849999999999993,0.94,0.8399999999999999,0.896,0.7428,0.88,1.0,,1.0,1.0,,,Good
2025-09-10,POSTACI MAH,89.18079001019368,False,1.0,1.0,1.0,0.523,0.87,0.9377,0.9269000000000001,0.94,0.7600000000000001,0.892,0.7488,0.88,1.0,,1.0,1.0,,,Good
2025-09-10,TOROS,90.21373501910124,False,1.0,1.0,1.0,0.905,0.87,0.94685,0.8744,0.94,0.7600000000000001,0.804,0.8024,0.92,1.0,,1.0,1.0,,,Good
2025-09-10,UFUK MAH,90.13446246201187,False,1.0,1.0,1.0,0.888,0.87,0.9401,0.51125,0.94,0.7600000000000001,0.8160000000000001,0.7972,0.92,1.0,,1.0,1.0,,,Good
2025-09-10,UZUNDERE,90.26462577524364,False,1.0,1.0,1.0,0.931,0.87,0.95755,0.8033,0.94,0.7600000000000001,0.792,0.8004,0.92,1.0,,1.0,1.0,,,Good
2025-09-10,UĞUR MUMCU MAH,90.25284840711842,False,1.0,1.0,1.0,0.926,0.87,0.956,0.80065,0.94,0.7600000000000001,0.792,0.8016,0.92,1.0,,1.0,1.0,,,Good
2025-09-10,YAMANLAR,89.43471524383854,False,1.0,1.0,1.0,0.6380000000000001,0.87,0.9364,0.8726,0.94,0.7600000000000001,0.892,0.7504000000000001,0.88,1.0,,1.0,1.0,,,Good
2025-09-10,YAMAÇ MAH,89.1549360036964,False,1.0,1.0,1.0,0.512,0.87,0.9342,0.9218999999999999,0.94,0.7600000000000001,0.892,0.7484,0.88,1.0,,1.0,1.0,,,Good
2025-09-10,YEŞİLOVA,88.7717747363457,False,1.0,1.0,1.0,0.29600000000000004,0.87,0.87775,0.22450000000000003,0.94,0.8399999999999999,0.896,0.7428,0.88,1.0,,1.0,1.0,,,Good
2025-09-10,YEŞİLÇAM,88.8266524479122,False,1.0,1.0,1.0,0.31200000000000006,0.87,0.8843,0.383,0.94,0.8399999999999999,0.896,0.7432000000000001,0.88,1.0,,1.0,1.0,,,Good
2025-09-10,ÇAMLIK MAH,90.23807352548896,False,1.0,1.0,1.0,0.922,0.87,0.93825,0.7678,0.94,0.7600000000000001,0.792,0.8016,0.92,1.0,,1.0,1.0,,,Good
2025-09-10,ÇAMLIKULE,90.14137316966284,False,1.0,1.0,1.0,0.892,0.87,0.9385,0.494,0.94,0.7600000000000001,0.8160000000000001,0.7964,0.92,1.0,,1.0,1.0,,,Good
2025-09-10,ÇANKAYA,88.53201658616517,False,1.0,1.0,1.0,0.2559999999999999,0.87,0.9480999999999999,0.5213000000000001,0.94,0.7600000000000001,0.892,0.7548,0.88,1.0,,1.0,1.0,,,Good
2025-09-10,ÇAY MAH,89.14060844122439,False,1.0,1.0,1.0,0.507,0.87,0.9433,0.88625,0.94,0.7600000000000001,0.892,0.7472,0.88,1.0,,1.0,1.0,,,Good
2025-09-10,İNCİRALTI,89.73862890241695,False,1.0,1.0,1.0,0.714,0.87,0.6766,0.7746,0.94,0.7600000000000001,0.792,0.8028,0.92,1.0,,1.0,1.0,,,Good
2025-09-10,İZYUVA,89.34344703573504,False,1.0,1.0,1.0,0.514,0.87,0.91795,0.91065,0.94,0.8399999999999999,0.856,0.7283999999999999,0.88,1.0,,1.0,1.0,,,Good
2025-09-17,ALTINDAĞ,89.77784003543971,False,1.0,1.0,1.0,0.788,0.87,0.94095,0.9048499999999999,0.94,0.7600000000000001,0.888,0.7428,0.88,1.0,,1.0,1.0,,,Good
2025-09-17,ATATÜRK MAH,89.75868178808578,False,1.0,1.0,1.0,0.779,0.87,0.94705,0.9095,0.94,0.7600000000000001,0.888,0.7416,0.88,1.0,,1.0,1.0,,,Good
2025-09-17,BALATÇIK,89.73404144874104,False,1.0,1.0,1.0,0.77,0.87,0.9412,0.91425,0.94,0.7600000000000001,0.844,0.7228,0.88,1.0,,1.0,1.0,,,Good
2025-09-17,BALÇOVA,89.0648345313289,False,1.0,1.0,1.0,0.621,0.87,0.663,0.81535,0.94,0.5600000000000002,0.9,0.8164,0.92,1.0,,1.0,1.0,,,Good
2025-09-17,BORNOVA,89.70064976373527,False,1.0,1.0,1.0,0.754,0.87,0.9383,0.90535,0.94,0.7600000000000001,0.888,0.7408,0.88,1.0,,1.0,1.0,,,Good
2025-09-17,BOSTANLI,89.70513653100498,False,1.0,1.0,1.0,0.756,0.87,0.94005,0.9031,0.94,0.7600000000000001,0.888,0.7428,0.88,1.0,,1.0,1.0,,,Good
2025-09-17,BUCA,90.01026747692131,False,1.0,1.0,1.0,0.815,0.87,0.9492,0.88675,0.94,0.7600000000000001,0.788,0.7972,0.92,1.0,,1.0,1.0,,,Good
2025-09-17,EGEKENT,89.73352670363066,False,1.0,1.0,1.0,0.771,0.87,0.937,0.8939,0.94,0.7600000000000001,0.844,0.7228,0.88,1.0,,1.0,1.0,,,Good
2025-09-17,ESKİ İZMİR,90.10605893995256,False,1.0,1.0,1.0,0.856,0.87,0.96005,0.9026,0.94,0.7600000000000001,0.788,0.7976,0.92,1.0,,1.0,1.0,,,Good
2025-09-17,EVKA-2,89.71088153895987,False,1.0,1.0,1.0,0.759,0.87,0.9447,0.8892,0.94,0.7600000000000001,0.888,0.7432000000000001,0.88,1.0,,1.0,1.0,,,Good
2025-09-17,EVKA-3,89.75908905894234,False,1.0,1.0,1.0,0.78,0.87,0.9408,0.89935,0.94,0.7600000000000001,0.888,0.7416,0.88,1.0,,1.0,1.0,,,Good
2025-09-17,GAZİEMİR,89.11339026789372,False,1.0,1.0,1.0,0.64,0.87,0.6973,0.8302499999999999,0.94,0.5600000000000002,0.9,0.8164,0.92,1.0,,1.0,1.0,,,Good
2025-09-17,GEDİZ,90.02375266750502,False,1.0,1.0,1.0,0.8190000000000001,0.87,0.9616,0.91355,0.94,0.7600000000000001,0.788,0.7972,0.92,1.0,,1.0,1.0,,,Good
2025-09-17,GÜLTEPE,89.94846480322387,False,1.0,1.0,1.0,0.7819999999999999,0.87,0.9517,0.9185,0.94,0.7600000000000001,0.892,0.7504000000000001,0.92,1.0,,1.0,1.0,,,Good
2025-09-17,GÜLÇEŞME,90.01727389322359,False,1.0,1.0,1.0,0.817,0.87,0.9546,0.90325,0.94,0.7600000000000001,0.788,0.7976,0.92,1.0,,1.0,1.0,,,Good
2025-09-17,GÜMÜŞPALA,89.59999330742042,False,1.0,1.0,1.0,0.752,0.87,0.9322,0.9035,0.94,0.72,0.888,0.7448,0.88,1.0,,1.0,1.0,,,Good
2025-09-17,GÜZELBAHÇE,89.09042109663037,False,1.0,1.0,1.0,0.63,0.87,0.6773,0.8472500000000001,0.94,0.5600000000000002,0.9,0.8160000000000001,0.92,1.0,,1.0,1.0,,,Good
2025-09-17,GÜZELYALI,90.08651355902332,False,1.0,1.0,1.0,0.846,0.87,0.9637,0.92615,0.94,0.7600000000000001,0.788,0.7979999999999999,0.92,1.0,,1.0,1.0,,,Good
2025-09-17,HALİL RIFAT PAŞA,90.09636928749035,False,1.0,1.0,1.0,0.851,0.87,0.96135,0.91565,0.94,0.7600000000000001,0.788,0.7976,0.92,1.0,,1.0,1.0,,,Good
2025-09-17,HATAY,88.8635312169539,False,1.0,1.0,1.0,0.383,0.87,0.9452,0.9149499999999999,0.94,0.7600000000000001,0.892,0.75,0.88,1.0,,1.0,1.0,,,Good
2025-09-17,IŞIKKENT,89.74375983642479,False,1.0,1.0,1.0,0.773,0.87,0.9366,0.90805,0.94,0.7600000000000001,0.888,0.7416,0.88,1.0,,1.0,1.0,,,Good
2025-09-17,KARABAĞLAR,90.11738333238065,False,1.0,1.0,1.0,0.861,0.87,0.9535,0.90925,0.94,0.7600000000000001,0.788,0.7976,0.92,1.0,,1.0,1.0,,,Good
2025-09-17,KARŞIYAKA,89.73330609858337,False,1.0,1.0,1.0,0.768,0.87,0.9350499999999999,0.9171,0.94,0.7600000000000001,0.888,0.7428,0.88,1.0,,1.0,1.0,,,Good
2025-09-17,KONAK,89.69442802261663,False,1.0,1.0,1.0,0.75,0.87,0.95175,0.913,0.94,0.7600000000000001,0.892,0.7496,0.88,1.0,,1.0,1.0,,,Good
2025-09-17,MANAVKUYU,89.74996144026218,False,1.0,1.0,1.0,0.776,0.87,0.9379,0.9016,0.94,0.7600000000000001,0.888,0.7412000000000001,0.88,1.0,,1.0,1.0,,,Good
2025-09-17,NARLIDERE,89.09261945420941,False,1.0,1.0,1.0,0.631,0.87,0.6844,0.83955,0.94,0.5600000000000002,0.9,0.8164,0.92,1.0,,1.0,1.0,,,Good
2025-09-17,OSMANGAZİ,89.75625716891976,False,1.0,1.0,1.0,0.778,0.87,0.94385,0.9113,0.94,0.7600000000000001,0.888,0.7412000000000001,0.88,1.0,,1.0,1.0,,,Good
2025-09-17,PINARBAŞI,89.82117727476255,False,1.0,1.0,1.0,0.8059999999999999,0.87,0.9457,0.9233,0.94,0.7600000000000001,0.888,0.7412000000000001,0.88,1.0,,1.0,1.0,,,Good
2025-09-17,YENİŞEHİR,89.71034552526032,False,1.0,1.0,1.0,0.756,0.87,0.9509,0.93455,0.94,0.7600000000000001,0.892,0.7496,0.88,1.0,,1.0,1.0,,,Good
2025-09-17,YEŞİLYURT,89.92590742804882,False,1.0,1.0,1.0,0.776,0.87,0.9554,0.9148000000000001,0.94,0.7600000000000001,0.788,0.7979999999999999,0.92,1.0,,1.0,1.0,,,Good
2025-09-17,ÇAMDİBİ,89.75741834338412,False,1.0,1.0,1.0,0.78,0.87,0.93985,0.8855,0.94,0.7600000000000001,0.888,0.742,0.88,1.0,,1.0,1.0,,,Good
2025-09-17,ÇİĞLİ,89.65933711309269,False,1.0,1.0,1.0,0.737,0.87,0.94515,0.8731,0.94,0.7600000000000001,0.888,0.7436,0.88,1.0,,1.0,1.0,,,Good
2025-09-17,ÖRNEKKÖY,89.74505427896386,False,1.0,1.0,1.0,0.773,0.87,0.93865,0.91725,0.94,0.7600000000000001,0.888,0.744,0.88,1.0,,1.0,1.0,,,Good
2025-09-17,ÖZKANLAR,89.73161366191279,False,1.0,1.0,1.0,0.767,0.87,0.9430499999999999,0.9143,0.94,0.7600000000000001,0.888,0.7408,0.88,1.0,,1.0,1.0,,,Good
2025-09-17,ÜÇKUYULAR,89.1024901159412,False,1.0,1.0,1.0,0.635,0.87,0.7048,0.8264,0.94,0.5600000000000002,0.9,0.8164,0.92,1.0,,1.0,1.0,,,Good
2025-09-17,ŞEMİKLER,89.73330609858337,False,1.0,1.0,1.0,0.768,0.87,0.9350499999999999,0.9171,0.94,0.7600000000000001,0.888,0.7428,0.88,1.0,,1.0,1.0,,,Good
2025-09-17,ŞİRİNYER,90.0372435146284,False,1.0,1.0,1.0,0.8260000000000001,0.87,0.95205,0.90235,0.94,0.7600000000000001,0.788,0.7972,0.92,1.0,,1.0,1.0,,,Good
2025-09-24,ADATEPE,90.2628551116065,False,1.0,1.0,1.0,0.845,0.87,0.97005,0.80425,0.94,0.8399999999999999,0.8,0.804,0.92,1.0,,1.0,1.0,,,Good
2025-09-24,AKINCILAR,90.11618669438967,False,1.0,1.0,1.0,0.784,0.87,0.9717,0.7293499999999999,0.94,0.8399999999999999,0.796,0.804,0.92,1.0,,1.0,1.0,,,Good
2025-09-24,AKTEPE,90.27043125458478,False,1.0,1.0,1.0,0.85,0.87,0.9708,0.7737,0.94,0.8399999999999999,0.796,0.8036,0.92,1.0,,1.0,1.0,,,Good
2025-09-24,ALAYBEY,89.82607018158087,False,1.0,1.0,1.0,0.8180000000000001,0.87,0.9452,0.7262500000000001,0.94,0.7600000000000001,0.888,0.7512,0.88,1.0,,1.0,1.0,,,Good
2025-09-24,CENGİZHAN,89.28105353349147,False,1.0,1.0,1.0,0.599,0.87,0.8765499999999999,0.357,0.94,0.7600000000000001,0.888,0.7552,0.88,1.0,,1.0,1.0,,,Good
2025-09-24,CUMHURİYET MAH,89.85090397458248,False,1.0,1.0,1.0,0.8190000000000001,0.87,0.93955,0.93135,0.94,0.7600000000000001,0.888,0.752,0.88,1.0,,1.0,1.0,,,Good
2025-09-24,DOĞANÇAY,88.94633876599312,False,1.0,1.0,1.0,0.617,0.87,0.87135,0.4079999999999999,0.94,0.6,0.892,0.7648,0.88,1.0,,1.0,1.0,,,Good
2025-09-24,EGEKENT-2,90.0189334386045,False,1.0,1.0,1.0,0.863,0.87,0.93335,0.741,0.94,0.8,0.84,0.7283999999999999,0.88,1.0,,1.0,1.0,,,Good
2025-09-24,EVKA-1,90.28045826307316,False,1.0,1.0,1.0,0.855,0.87,0.96875,0.76115,0.94,0.8399999999999999,0.8,0.804,0.92,1.0,,1.0,1.0,,,Good
2025-09-24,EVKA-5,90.09448436175178,False,1.0,1.0,1.0,0.852,0.87,0.93975,0.77705,0.94,0.8399999999999999,0.844,0.7292000000000001,0.88,1.0,,1.0,1.0,,,Good
2025-09-24,GÜZELTEPE,89.74418611325464,False,1.0,1.0,1.0,0.776,0.87,0.9369000000000001,0.85075,0.94,0.7600000000000001,0.888,0.7512,0.88,1.0,,1.0,1.0,,,Good
2025-09-24,KOZAĞAÇ,90.26734844046224,False,1.0,1.0,1.0,0.853,0.87,0.96025,0.6970000000000001,0.94,0.8399999999999999,0.796,0.8036,0.92,1.0,,1.0,1.0,,,Good
2025-09-24,KURUÇEŞME,90.15098776282069,False,1.0,1.0,1.0,0.8,0.87,0.93735,0.7481500000000001,0.94,0.8399999999999999,0.8,0.8036,0.92,1.0,,1.0,1.0,,,Good
2025-09-24,LEVENT,90.16753630903045,False,1.0,1.0,1.0,0.799,0.87,0.9615,0.89335,0.94,0.8399999999999999,0.796,0.8052,0.92,1.0,,1.0,1.0,,,Good
2025-09-24,MERSİNLİ,89.98801991340136,False,1.0,1.0,1.0,0.7979999999999999,0.87,0.94425,0.8781,0.94,0.8399999999999999,0.884,0.7464,0.88,1.0,,1.0,1.0,,,Good
2025-09-24,MEVLANA,89.97519653795955,False,1.0,1.0,1.0,0.792,0.87,0.9443,0.8847,0.94,0.8399999999999999,0.884,0.7464,0.88,1.0,,1.0,1.0,,,Good
2025-09-24,NALDÖKEN,89.99574674659655,False,1.0,1.0,1.0,0.8009999999999999,0.87,0.9429,0.88775,0.94,0.8399999999999999,0.884,0.7464,0.88,1.0,,1.0,1.0,,,Good
2025-09-24,POSTACI MAH,89.7224971300504,False,1.0,1.0,1.0,0.766,0.87,0.93515,0.8604,0.94,0.7600000000000001,0.888,0.756,0.88,1.0,,1.0,1.0,,,Good
2025-09-24,TOROS,90.13976880829213,False,1.0,1.0,1.0,0.794,0.87,0.9628,0.7467,0.94,0.8399999999999999,0.796,0.804,0.92,1.0,,1.0,1.0,,,Good
2025-09-24,UFUK MAH,90.28009986471939,False,1.0,1.0,1.0,0.855,0.87,0.96875,0.76115,0.94,0.8399999999999999,0.796,0.8044,0.92,1.0,,1.0,1.0,,,Good
2025-09-24,UĞUR MUMCU MAH,90.26286642468585,False,1.0,1.0,1.0,0.847,0.87,0.96545,0.77215,0.94,0.8399999999999999,0.796,0.804,0.92,1.0,,1.0,1.0,,,Good
2025-09-24,YAMANLAR,89.78349204988234,False,1.0,1.0,1.0,0.788,0.87,0.95105,0.94375,0.94,0.7600000000000001,0.888,0.7548,0.88,1.0,,1.0,1.0,,,Good
2025-09-24,YAMAÇ MAH,89.8233998423314,False,1.0,1.0,1.0,0.8059999999999999,0.87,0.94235,0.9454,0.94,0.7600000000000001,0.888,0.7524,0.88,1.0,,1.0,1.0,,,Good
2025-09-24,YEŞİLOVA,90.020545016529,False,1.0,1.0,1.0,0.812,0.87,0.94485,0.885,0.94,0.8399999999999999,0.884,0.7464,0.88,1.0,,1.0,1.0,,,Good
2025-09-24,YEŞİLÇAM,89.81117854897253,False,1.0,1.0,1.0,0.8059999999999999,0.87,0.91575,0.8641,0.94,0.7600000000000001,0.888,0.7508,0.88,1.0,,1.0,1.0,,,Good
2025-09-24,ÇAMLIK MAH,90.2594123152991,False,1.0,1.0,1.0,0.846,0.87,0.9621999999999999,0.7649,0.94,0.8399999999999999,0.796,0.8036,0.92,1.0,,1.0,1.0,,,Good
2025-09-24,ÇAMLIKULE,90.26735206064762,False,1.0,1.0,1.0,0.853,0.87,0.96025,0.6970000000000001,0.94,0.8399999999999999,0.796,0.804,0.92,1.0,,1.0,1.0,,,Good
2025-09-24,ÇANKAYA,89.95521085198205,False,1.0,1.0,1.0,0.788,0.87,0.9542,0.7639,0.94,0.8399999999999999,0.9,0.7644,0.88,1.0,,1.0,1.0,,,Good
2025-09-24,ÇAY MAH,89.93293579172501,False,1.0,1.0,1.0,0.856,0.87,0.9348,0.9209499999999999,0.94,0.7600000000000001,0.888,0.7552,0.88,1.0,,1.0,1.0,,,Good
2025-09-24,İZYUVA,90.0254698262311,False,1.0,1.0,1.0,0.814,0.87,0.94535,0.888,0.94,0.8399999999999999,0.884,0.7468,0.88,1.0,,1.0,1.0,,,Good
2025-10-01,ESKİ İZMİR,90.06191145788677,False,1.0,1.0,1.0,0.847,0.87,0.9423,0.7041,0.94,0.7600000000000001,0.796,0.7928,0.92,1.0,,1.0,1.0,,,Good
2025-10-01,GAZİEMİR,90.05885285375403,False,1.0,1.0,1.0,0.846,0.87,0.9382,0.7011000000000001,0.94,0.7600000000000001,0.796,0.7936,0.92,1.0,,1.0,1.0,,,Good
2025-10-01,GEDİZ,89.23138759086189,False,1.0,1.0,1.0,0.392,0.87,0.9609,0.6856500000000001,0.94,0.8399999999999999,0.892,0.7624,0.92,1.0,,1.0,1.0,,,Good
2025-10-01,GÜMÜŞPALA,89.08192212790686,False,1.0,1.0,1.0,0.4059999999999999,0.87,0.93615,0.71025,0.94,0.8399999999999999,0.892,0.7496,0.88,1.0,,1.0,1.0,,,Good
2025-10-01,KARABAĞLAR,90.06723018901178,False,1.0,1.0,1.0,0.849,0.87,0.94665,0.7067,0.94,0.7600000000000001,0.796,0.7936,0.92,1.0,,1.0,1.0,,,Good
2025-10-01,YEŞİLYURT,90.06373037478446,False,1.0,1.0,1.0,0.847,0.87,0.95275,0.7096,0.94,0.7600000000000001,0.796,0.7944,0.92,1.0,,1.0,1.0,,,Good
2025-10-01,ÖRNEKKÖY,89.07614838473043,False,1.0,1.0,1.0,0.403,0.87,0.9396,0.7157,0.94,0.8399999999999999,0.892,0.7504000000000001,0.88,1.0,,1.0,1.0,,,Good
2025-10-08,9 EYLÜL MAH,90.36695300665923,False,1.0,1.0,1.0,0.844,0.87,0.93865,0.9425,0.94,0.8800000000000001,0.788,0.814,0.92,1.0,,1.0,1.0,,,Good
2025-10-08,ADATEPE,90.34833982346832,False,1.0,1.0,1.0,0.838,0.87,0.94875,0.888,0.94,0.8800000000000001,0.788,0.8124,0.92,1.0,,1.0,1.0,,,Good
2025-10-08,AKINCILAR,88.97540728276506,False,1.0,1.0,1.0,0.268,0.87,0.9561,0.81225,0.94,0.9199999999999999,0.904,0.7836,0.88,1.0,,1.0,1.0,,,Good
2025-10-08,AKTEPE,90.15561902788495,False,1.0,1.0,1.0,0.751,0.87,0.9392,0.9339,0.94,0.8800000000000001,0.788,0.814,0.92,1.0,,1.0,1.0,,,Good
2025-10-08,ALAYBEY,89.39030054683853,False,1.0,1.0,1.0,0.536,0.87,0.91725,0.93765,0.94,0.7600000000000001,0.892,0.7692,0.92,1.0,,1.0,1.0,,,Good
2025-10-08,BEYAZEVLER,90.32293585126754,False,1.0,1.0,1.0,0.8270000000000001,0.87,0.9139,0.9182,0.94,0.8800000000000001,0.788,0.8136,0.92,1.0,,1.0,1.0,,,Good
2025-10-08,CENGİZHAN,89.66311121590596,False,1.0,1.0,1.0,0.572,0.87,0.91505,0.95715,0.94,0.8399999999999999,0.88,0.7636000000000001,0.92,1.0,,1.0,1.0,,,Good
2025-10-08,CENNETÇEŞME,90.35375064305924,False,1.0,1.0,1.0,0.839,0.87,0.93605,0.9284,0.94,0.8800000000000001,0.788,0.814,0.92,1.0,,1.0,1.0,,,Good
2025-10-08,CUMHURİYET MAH,89.24903208865643,False,1.0,1.0,1.0,0.553,0.87,0.9264,0.93975,0.94,0.7600000000000001,0.892,0.7696000000000001,0.88,1.0,,1.0,1.0,,,Good
2025-10-08,DOĞANÇAY,89.45245760572371,False,1.0,1.0,1.0,0.5610000000000002,0.87,0.92175,0.91475,0.94,0.8399999999999999,0.872,0.7644,0.88,1.0,,1.0,1.0,,,Good
2025-10-08,EGEKENT-2,89.44801088675489,False,1.0,1.0,1.0,0.5589999999999999,0.87,0.9246,0.94005,0.94,0.8399999999999999,0.84,0.7412000000000001,0.88,1.0,,1.0,1.0,,,Good
2025-10-08,ESENDERE,89.05781409871673,False,1.0,1.0,1.0,0.35,0.87,0.93225,0.77645,0.94,0.8800000000000001,0.892,0.7807999999999999,0.88,1.0,,1.0,1.0,,,Good
2025-10-08,EVKA-1,90.3202664170644,False,1.0,1.0,1.0,0.8270000000000001,0.87,0.93265,0.87595,0.94,0.8800000000000001,0.788,0.8124,0.92,1.0,,1.0,1.0,,,Good
2025-10-08,EVKA-5,89.58009123105357,False,1.0,1.0,1.0,0.575,0.87,0.9007499999999999,0.9628,0.94,0.8800000000000001,0.848,0.7424,0.88,1.0,,1.0,1.0,,,Good
2025-10-08,GÜZELBAHÇE,89.0988769565673,False,1.0,1.0,1.0,0.368,0.87,0.9321,0.7796000000000001,0.94,0.8800000000000001,0.892,0.7804,0.88,1.0,,1.0,1.0,,,Good
2025-10-08,GÜZELTEPE,89.22783341431116,False,1.0,1.0,1.0,0.544,0.87,0.9295,0.9293,0.94,0.7600000000000001,0.892,0.7692,0.88,1.0,,1.0,1.0,,,Good
2025-10-08,KADİFEKALE,88.84940884992426,False,1.0,1.0,1.0,0.264,0.87,0.9594,0.6172500000000001,0.94,0.8800000000000001,0.904,0.7844,0.88,1.0,,1.0,1.0,,,Good
2025-10-08,KAHRAMANLAR,89.56420962064269,False,1.0,1.0,1.0,0.44400000000000006,0.87,0.9419,0.91145,0.94,0.9199999999999999,0.904,0.7787999999999999,0.92,1.0,,1.0,1.0,,,Good
2025-10-08,KOZAĞAÇ,90.31818481046425,False,1.0,1.0,1.0,0.8270000000000001,0.87,0.9259,0.8643,0.94,0.8800000000000001,0.788,0.8124,0.92,1.0,,1.0,1.0,,,Good
2025-10-08,KURUÇEŞME,90.32968455562224,False,1.0,1.0,1.0,0.83,0.87,0.94945,0.8824,0.94,0.8800000000000001,0.788,0.8124,0.92,1.0,,1.0,1.0,,,Good
2025-10-08,LEVENT,90.11955949250716,False,1.0,1.0,1.0,0.817,0.87,0.9448,0.83695,0.94,0.8800000000000001,0.856,0.7916,0.88,1.0,,1.0,1.0,,,Good
2025-10-08,MERSİNLİ,89.95005155191632,False,1.0,1.0,1.0,0.5029999999999999,0.87,0.90625,0.8267,0.94,0.8800000000000001,0.896,0.7724,1.0,1.0,,1.0,1.0,,,Good
2025-10-08,MEVLANA,89.58116031705202,False,1.0,1.0,1.0,0.504,0.87,0.8886499999999999,0.76355,0.94,0.8800000000000001,0.896,0.7724,0.92,1.0,,1.0,1.0,,,Good
2025-10-08,NALDÖKEN,89.30722000724037,False,1.0,1.0,1.0,0.505,0.87,0.91585,0.82125,0.94,0.7600000000000001,0.896,0.772,0.92,1.0,,1.0,1.0,,,Good
2025-10-08,POSTACI MAH,89.0977253089066,False,1.0,1.0,1.0,0.49,0.87,0.9304,0.8583000000000001,0.94,0.7600000000000001,0.892,0.7696000000000001,0.88,1.0,,1.0,1.0,,,Good
2025-10-08,TOROS,90.11605809444873,False,1.0,1.0,1.0,0.81,0.87,0.9387,0.9521,0.94,0.8800000000000001,0.856,0.7916,0.88,1.0,,1.0,1.0,,,Good
2025-10-08,UFUK MAH,90.64949241190088,False,1.0,1.0,1.0,0.8069999999999999,0.87,0.92815,0.93785,0.94,0.8800000000000001,0.856,0.7916,1.0,1.0,,1.0,1.0,,,Good
2025-10-08,UZUNDERE,90.33235964636505,False,1.0,1.0,1.0,0.83,0.87,0.93115,0.92425,0.94,0.8800000000000001,0.788,0.8136,0.92,1.0,,1.0,1.0,,,Good
2025-10-08,UĞUR MUMCU MAH,88.94920257080797,False,1.0,1.0,1.0,0.2559999999999999,0.87,0.9595,0.81725,0.94,0.9199999999999999,0.904,0.7832,0.88,1.0,,1.0,1.0,,,Good
2025-10-08,YAMANLAR,89.1166253917898,False,1.0,1.0,1.0,0.5,0.87,0.91885,0.83685,0.94,0.7600000000000001,0.892,0.7704,0.88,1.0,,1.0,1.0,,,Good
2025-10-08,YAMAÇ MAH,89.1702817433098,False,1.0,1.0,1.0,0.5189999999999999,0.87,0.92465,0.9254,0.94,0.7600000000000001,0.892,0.7696000000000001,0.88,1.0,,1.0,1.0,,,Good
2025-10-08,YEŞİLOVA,89.58939623881791,False,1.0,1.0,1.0,0.504,0.87,0.91135,0.81365,0.94,0.8800000000000001,0.896,0.7724,0.92,1.0,,1.0,1.0,,,Good
2025-10-08,YEŞİLÇAM,89.25476419970086,False,1.0,1.0,1.0,0.485,0.87,0.8348,0.84205,0.94,0.7600000000000001,0.892,0.7692,0.92,1.0,,1.0,1.0,,,Good
2025-10-08,ÇAMLIK MAH,90.33241100774529,False,1.0,1.0,1.0,0.8320000000000001,0.87,0.9406,0.87535,0.94,0.8800000000000001,0.788,0.8124,0.92,1.0,,1.0,1.0,,,Good
2025-10-08,ÇAMLIKULE,90.34530226166319,False,1.0,1.0,1.0,0.837,0.87,0.94355,0.88635,0.94,0.8800000000000001,0.788,0.8124,0.92,1.0,,1.0,1.0,,,Good
2025-10-08,ÇANKAYA,88.89965874989282,False,1.0,1.0,1.0,0.237,0.87,0.9413,0.7779,0.94,0.9199999999999999,0.904,0.7784,0.88,1.0,,1.0,1.0,,,Good
2025-10-08,ÇAY MAH,89.64629635980832,False,1.0,1.0,1.0,0.5650000000000001,0.87,0.9092,0.9544,0.94,0.8399999999999999,0.88,0.7632,0.92,1.0,,1.0,1.0,,,Good
2025-10-08,İNCİRALTI,89.11428899082568,False,1.0,1.0,1.0,0.376,0.87,0.9226,0.7653,0.94,0.8800000000000001,0.892,0.7807999999999999,0.88,1.0,,1.0,1.0,,,Good
2025-10-08,İZYUVA,89.61901953709261,False,1.0,1.0,1.0,0.5189999999999999,0.87,0.89615,0.7907,0.94,0.8800000000000001,0.896,0.7724,0.92,1.0,,1.0,1.0,,,Good
2025-10-15,ALTINDAĞ,89.48527806358189,False,1.0,1.0,1.0,0.616,0.87,0.93015,0.93335,0.94,0.8,0.88,0.7496,0.88,1.0,,1.0,1.0,,,Good
2025-10-15,ATATÜRK MAH,89.45967339735346,False,1.0,1.0,1.0,0.6060000000000001,0.87,0.92285,0.91445,0.94,0.8,0.88,0.748,0.88,1.0,,1.0,1.0,,,Good
2025-10-15,BALATÇIK,89.80738932235846,False,1.0,1.0,1.0,0.6759999999999999,0.87,0.92255,0.94165,0.94,0.8800000000000001,0.836,0.7188,0.88,1.0,,1.0,1.0,,,Good
2025-10-15,BALÇOVA,90.04869572103614,False,1.0,1.0,1.0,0.703,0.87,0.9153,0.91235,0.94,0.8800000000000001,0.868,0.768,0.92,1.0,,1.0,1.0,,,Good
2025-10-15,BORNOVA,89.50819315832595,False,1.0,1.0,1.0,0.626,0.87,0.93585,0.9303,0.94,0.8,0.88,0.7484,0.88,1.0,,1.0,1.0,,,Good
2025-10-15,BOSTANLI,89.54246364333552,False,1.0,1.0,1.0,0.642,0.87,0.92115,0.9214,0.94,0.8,0.888,0.75,0.88,1.0,,1.0,1.0,,,Good
2025-10-15,BUCA,89.41961271161412,False,1.0,1.0,1.0,0.502,0.87,0.95545,0.91825,0.94,0.8800000000000001,0.884,0.774,0.88,1.0,,1.0,1.0,,,Good
2025-10-15,EGEKENT,89.73610515685883,False,1.0,1.0,1.0,0.645,0.87,0.924,0.9299999999999999,0.94,0.8800000000000001,0.836,0.72,0.88,1.0,,1.0,1.0,,,Good
2025-10-15,ESKİ İZMİR,90.27838307515695,False,1.0,1.0,1.0,0.891,0.87,0.9453,0.89505,0.94,0.8,0.792,0.8004,0.92,1.0,,1.0,1.0,,,Good
2025-10-15,EVKA-2,89.37359738060533,False,1.0,1.0,1.0,0.5660000000000001,0.87,0.9343,0.93565,0.94,0.8,0.888,0.7492,0.88,1.0,,1.0,1.0,,,Good
2025-10-15,EVKA-3,89.4886425733802,False,1.0,1.0,1.0,0.618,0.87,0.92335,0.93005,0.94,0.8,0.88,0.7476,0.88,1.0,,1.0,1.0,,,Good
2025-10-15,GAZİEMİR,90.28259561338325,False,1.0,1.0,1.0,0.893,0.87,0.94315,0.8945,0.94,0.8,0.792,0.7996,0.92,1.0,,1.0,1.0,,,Good
2025-10-15,GEDİZ,89.63677699896158,False,1.0,1.0,1.0,0.516,0.87,0.95295,0.9604,0.94,0.8800000000000001,0.884,0.7732,0.92,1.0,,1.0,1.0,,,Good
2025-10-15,GÜLTEPE,89.61970986119447,False,1.0,1.0,1.0,0.593,0.87,0.92485,0.91255,0.94,0.8800000000000001,0.868,0.7468,0.88,1.0,,1.0,1.0,,,Good
2025-10-15,GÜLÇEŞME,89.46214626978002,False,1.0,1.0,1.0,0.5189999999999999,0.87,0.9526,0.9571,0.94,0.8800000000000001,0.884,0.7736,0.88,1.0,,1.0,1.0,,,Good
2025-10-15,GÜMÜŞPALA,89.54085605476007,False,1.0,1.0,1.0,0.641,0.87,0.927,0.9215,0.94,0.8,0.888,0.748,0.88,1.0,,1.0,1.0,,,Good
2025-10-15,GÜZELBAHÇE,90.02795929911305,False,1.0,1.0,1.0,0.6950000000000001,0.87,0.9139,0.89055,0.94,0.8800000000000001,0.868,0.7668,0.92,1.0,,1.0,1.0,,,Good
2025-10-15,GÜZELYALI,90.07915211447407,False,1.0,1.0,1.0,0.717,0.87,0.9046000000000001,0.9122,0.94,0.8800000000000001,0.868,0.7688,0.92,1.0,,1.0,1.0,,,Good
2025-10-15,HATAY,90.2840816994865,False,1.0,1.0,1.0,0.894,0.87,0.93905,0.8918,0.94,0.8,0.792,0.7988000000000001,0.92,1.0,,1.0,1.0,,,Good
2025-10-15,IŞIKKENT,89.46604990139758,False,1.0,1.0,1.0,0.608,0.87,0.9218999999999999,0.9317,0.94,0.8,0.88,0.7488,0.88,1.0,,1.0,1.0,,,Good
2025-10-15,KARABAĞLAR,90.31481073813674,False,1.0,1.0,1.0,0.906,0.87,0.95485,0.9074,0.94,0.8,0.792,0.8016,0.92,1.0,,1.0,1.0,,,Good
2025-10-15,KARŞIYAKA,89.47338801718635,False,1.0,1.0,1.0,0.6119999999999999,0.87,0.9116,0.9204,0.94,0.8,0.888,0.7496,0.88,1.0,,1.0,1.0,,,Good
2025-10-15,KONAK,89.63003485619289,False,1.0,1.0,1.0,0.597,0.87,0.93475,0.9175,0.94,0.8800000000000001,0.864,0.742,0.88,1.0,,1.0,1.0,,,Good
2025-10-15,MANAVKUYU,89.51448843446035,False,1.0,1.0,1.0,0.63,0.87,0.91515,0.92655,0.94,0.8,0.88,0.7496,0.88,1.0,,1.0,1.0,,,Good
2025-10-15,NARLIDERE,89.98790126897025,False,1.0,1.0,1.0,0.6769999999999999,0.87,0.92065,0.88965,0.94,0.8800000000000001,0.868,0.7676000000000001,0.92,1.0,,1.0,1.0,,,Good
2025-10-15,OSMANGAZİ,89.47072378699973,False,1.0,1.0,1.0,0.61,0.87,0.92425,0.9306,0.94,0.8,0.88,0.7496,0.88,1.0,,1.0,1.0,,,Good
2025-10-15,PINARBAŞI,89.4660879133442,False,1.0,1.0,1.0,0.609,0.87,0.9145,0.9195,0.94,0.8,0.88,0.748,0.88,1.0,,1.0,1.0,,,Good
2025-10-15,YENİŞEHİR,89.63824407909152,False,1.0,1.0,1.0,0.601,0.87,0.9336,0.91115,0.94,0.8800000000000001,0.864,0.7428,0.88,1.0,,1.0,1.0,,,Good
2025-10-15,YEŞİLYURT,90.2931826192994,False,1.0,1.0,1.0,0.899,0.87,0.95185,0.8593500000000001,0.94,0.8,0.792,0.8,0.92,1.0,,1.0,1.0,,,Good
2025-10-15,ÇAMDİBİ,89.46611415968829,False,1.0,1.0,1.0,0.608,0.87,0.9263,0.9279,0.94,0.8,0.88,0.7484,0.88,1.0,,1.0,1.0,,,Good
2025-10-15,ÇİĞLİ,89.51509979326836,False,1.0,1.0,1.0,0.63,0.87,0.9249,0.9223,0.94,0.8,0.88,0.7484,0.88,1.0,,1.0,1.0,,,Good
2025-10-15,ÖRNEKKÖY,89.51734543951909,False,1.0,1.0,1.0,0.63,0.87,0.9289499999999999,0.9317,0.94,0.8,0.888,0.7484,0.88,1.0,,1.0,1.0,,,Good
2025-10-15,ÖZKANLAR,89.48613989396668,False,1.0,1.0,1.0,0.616,0.87,0.93515,0.9359999999999999,0.94,0.8,0.88,0.7492,0.88,1.0,,1.0,1.0,,,Good
2025-10-15,ÜÇKUYULAR,89.9030450284375,False,1.0,1.0,1.0,0.6380000000000001,0.87,0.91745,0.92265,0.94,0.8800000000000001,0.868,0.7692,0.92,1.0,,1.0,1.0,,,Good
2025-10-15,ŞEMİKLER,89.51949447207217,False,1.0,1.0,1.0,0.631,0.87,0.93005,0.9295,0.94,0.8,0.888,0.7496,0.88,1.0,,1.0,1.0,,,Good
2025-10-15,ŞİRİNYER,89.36372247944593,False,1.0,1.0,1.0,0.477,0.87,0.958,0.9217,0.94,0.8800000000000001,0.884,0.7736,0.88,1.0,,1.0,1.0,,,Good
2025-10-22,9 EYLÜL MAH,90.43356690674212,False,1.0,1.0,1.0,0.894,0.87,0.8983,0.567,0.94,0.8800000000000001,0.796,0.7924,0.92,1.0,,1.0,1.0,,,Good
2025-10-22,ADATEPE,90.11909361989959,False,1.0,1.0,1.0,0.756,0.87,0.91625,0.52935,0.94,0.8800000000000001,0.796,0.792,0.92,1.0,,1.0,1.0,,,Good
2025-10-22,AKINCILAR,90.44733809197176,False,1.0,1.0,1.0,0.9,0.87,0.92905,0.5378499999999999,0.94,0.8800000000000001,0.796,0.794,0.92,1.0,,1.0,1.0,,,Good
2025-10-22,AKTEPE,90.48286727018967,False,1.0,1.0,1.0,0.915,0.87,0.9204,0.56065,0.94,0.8800000000000001,0.796,0.7928,0.92,1.0,,1.0,1.0,,,Good
2025-10-22,ALAYBEY,89.25107031257443,False,1.0,1.0,1.0,0.47,0.87,0.9507,0.9146,0.94,0.8399999999999999,0.888,0.7428,0.88,1.0,,1.0,1.0,,,Good
2025-10-22,BEYAZEVLER,90.4397114926596,False,1.0,1.0,1.0,0.897,0.87,0.89925,0.5603,0.94,0.8800000000000001,0.796,0.7932,0.92,1.0,,1.0,1.0,,,Good
2025-10-22,CENGİZHAN,89.31016983909228,False,1.0,1.0,1.0,0.495,0.87,0.95285,0.93485,0.94,0.8399999999999999,0.888,0.7428,0.88,1.0,,1.0,1.0,,,Good
2025-10-22,CENNETÇEŞME,90.48102527461012,False,1.0,1.0,1.0,0.916,0.87,0.8807,0.5641,0.94,0.8800000000000001,0.796,0.7924,0.92,1.0,,1.0,1.0,,,Good
2025-10-22,CUMHURİYET MAH,89.25590099745634,False,1.0,1.0,1.0,0.47,0.87,0.95185,0.95615,0.94,0.8399999999999999,0.888,0.7428,0.88,1.0,,1.0,1.0,,,Good
2025-10-22,DOĞANÇAY,89.34992309487744,False,1.0,1.0,1.0,0.5130000000000001,0.87,0.94755,0.93135,0.94,0.8399999999999999,0.888,0.7452,0.88,1.0,,1.0,1.0,,,Good
2025-10-22,EGEKENT-2,89.47170921575352,False,1.0,1.0,1.0,0.526,0.87,0.943,0.94835,0.94,0.8800000000000001,0.844,0.7096,0.88,1.0,,1.0,1.0,,,Good
2025-10-22,ESENDERE,90.37446112825936,False,1.0,1.0,1.0,0.909,0.87,0.8963,0.58545,0.94,0.8399999999999999,0.8,0.7924,0.92,1.0,,1.0,1.0,,,Good
2025-10-22,EVKA-1,90.13956260062686,False,1.0,1.0,1.0,0.764,0.87,0.9196,0.5468999999999999,0.94,0.8800000000000001,0.796,0.7924,0.92,1.0,,1.0,1.0,,,Good
2025-10-22,EVKA-5,89.62988665485344,False,1.0,1.0,1.0,0.6220000000000001,0.87,0.903,0.4665,0.94,0.8800000000000001,0.844,0.71,0.88,1.0,,1.0,1.0,,,Good
2025-10-22,GÜZELBAHÇE,89.42962048786762,False,1.0,1.0,1.0,0.45099999999999996,0.87,0.85975,0.5419,0.94,0.8800000000000001,0.86,0.7704,0.92,1.0,,1.0,1.0,,,Good
2025-10-22,GÜZELTEPE,89.1768451989673,False,1.0,1.0,1.0,0.43399999999999994,0.87,0.96075,0.96845,0.94,0.8399999999999999,0.888,0.7428,0.88,1.0,,1.0,1.0,,,Good
2025-10-22,KADİFEKALE,90.37229060085551,False,1.0,1.0,1.0,0.908,0.87,0.92345,0.55905,0.94,0.8399999999999999,0.8,0.7932,0.92,1.0,,1.0,1.0,,,Good
2025-10-22,KOZAĞAÇ,90.43564082044833,False,1.0,1.0,1.0,0.895,0.87,0.9259,0.5377000000000001,0.94,0.8800000000000001,0.796,0.7928,0.92,1.0,,1.0,1.0,,,Good
2025-10-22,KURUÇEŞME,90.15068743033525,False,1.0,1.0,1.0,0.768,0.87,0.9234,0.5615,0.94,0.8800000000000001,0.796,0.7916,0.92,1.0,,1.0,1.0,,,Good
2025-10-22,LEVENT,90.13550889803462,False,1.0,1.0,1.0,0.763,0.87,0.91855,0.53215,0.94,0.8800000000000001,0.796,0.792,0.92,1.0,,1.0,1.0,,,Good
2025-10-22,MERSİNLİ,89.32436051330419,False,1.0,1.0,1.0,0.525,0.87,0.9121,0.5011,0.94,0.8399999999999999,0.888,0.742,0.88,1.0,,1.0,1.0,,,Good
2025-10-22,MEVLANA,89.27488276077243,False,1.0,1.0,1.0,0.504,0.87,0.8935500000000001,0.5023,0.94,0.8399999999999999,0.888,0.742,0.88,1.0,,1.0,1.0,,,Good
2025-10-22,NALDÖKEN,89.31152944496841,False,1.0,1.0,1.0,0.5189999999999999,0.87,0.9188000000000001,0.50095,0.94,0.8399999999999999,0.888,0.7424,0.88,1.0,,1.0,1.0,,,Good
2025-10-22,POSTACI MAH,89.14243239541952,False,1.0,1.0,1.0,0.42199999999999993,0.87,0.94865,0.9163,0.94,0.8399999999999999,0.888,0.7436,0.88,1.0,,1.0,1.0,,,Good
2025-10-22,TOROS,90.06267732954166,False,1.0,1.0,1.0,0.731,0.87,0.9232,0.5237499999999999,0.94,0.8800000000000001,0.796,0.7916,0.92,1.0,,1.0,1.0,,,Good
2025-10-22,UFUK MAH,90.1402361813713,False,1.0,1.0,1.0,0.764,0.87,0.9249,0.54765,0.94,0.8800000000000001,0.796,0.7912,0.92,1.0,,1.0,1.0,,,Good
2025-10-22,UZUNDERE,90.43951555012528,False,1.0,1.0,1.0,0.896,0.87,0.9077,0.5701499999999999,0.94,0.8800000000000001,0.796,0.7928,0.92,1.0,,1.0,1.0,,,Good
2025-10-22,UĞUR MUMCU MAH,90.43170183248068,False,1.0,1.0,1.0,0.893,0.87,0.92355,0.5452,0.94,0.8800000000000001,0.796,0.7932,0.92,1.0,,1.0,1.0,,,Good
2025-10-22,YAMANLAR,89.21009954318976,False,1.0,1.0,1.0,0.45099999999999996,0.87,0.94905,0.9339999999999999,0.94,0.8399999999999999,0.888,0.744,0.88,1.0,,1.0,1.0,,,Good
2025-10-22,YAMAÇ MAH,89.20626282545943,False,1.0,1.0,1.0,0.45999999999999996,0.87,0.95145,0.71775,0.94,0.8399999999999999,0.888,0.7432000000000001,0.88,1.0,,1.0,1.0,,,Good
2025-10-22,YEŞİLOVA,89.39554444492079,False,1.0,1.0,1.0,0.5559999999999999,0.87,0.91455,0.5079,0.94,0.8399999999999999,0.888,0.7416,0.88,1.0,,1.0,1.0,,,Good
2025-10-22,YEŞİLÇAM,89.34321164032505,False,1.0,1.0,1.0,0.5029999999999999,0.87,0.78375,0.387,0.94,0.8800000000000001,0.896,0.7492,0.88,1.0,,1.0,1.0,,,Good
2025-10-22,ÇAMLIK MAH,90.46535620718893,False,1.0,1.0,1.0,0.907,0.87,0.92655,0.55965,0.94,0.8800000000000001,0.796,0.7936,0.92,1.0,,1.0,1.0,,,Good
2025-10-22,ÇAMLIKULE,90.43990223117741,False,1.0,1.0,1.0,0.896,0.87,0.9391,0.5422,0.94,0.8800000000000001,0.796,0.7924,0.92,1.0,,1.0,1.0,,,Good
2025-10-22,ÇANKAYA,89.28807771728258,False,1.0,1.0,1.0,0.42900000000000005,0.87,0.92835,0.39249999999999996,0.94,0.9199999999999999,0.896,0.7548,0.88,1.0,,1.0,1.0,,,Good
2025-10-22,ÇAY MAH,89.28390290519877,False,1.0,1.0,1.0,0.508,0.87,0.90805,0.48750000000000004,0.94,0.8399999999999999,0.888,0.7424,0.88,1.0,,1.0,1.0,,,Good
2025-10-22,İNCİRALTI,89.659828303181,False,1.0,1.0,1.0,0.5450000000000002,0.87,0.91935,0.6371500000000001,0.94,0.8800000000000001,0.86,0.7708,0.92,1.0,,1.0,1.0,,,Good
2025-10-22,İZYUVA,89.31169506845008,False,1.0,1.0,1.0,0.52,0.87,0.91865,0.48250000000000004,0.94,0.8399999999999999,0.888,0.7432000000000001,0.88,1.0,,1.0,1.0,,,Good
2025-11-05,ALTINDAĞ,88.56673093686587,False,1.0,1.0,1.0,0.3480000000000001,0.87,0.95075,0.6699999999999999,0.94,0.68,0.892,0.7512,0.88,1.0,,1.0,1.0,,,Good
2025-11-05,BALATÇIK,88.91818167852753,False,1.0,1.0,1.0,0.378,0.87,0.94645,0.6987,0.94,0.8,0.84,0.7196,0.88,1.0,,1.0,1.0,,,Good
2025-11-05,BALÇOVA,89.46353138367296,False,1.0,1.0,1.0,0.615,0.87,0.9555,0.73155,0.94,0.8,0.884,0.7624,0.88,1.0,,1.0,1.0,,,Good
2025-11-05,BORNOVA,88.6785199991426,False,1.0,1.0,1.0,0.396,0.87,0.95625,0.6928000000000001,0.94,0.68,0.892,0.7492,0.88,1.0,,1.0,1.0,,,Good
2025-11-05,BOSTANLI,88.5994932216792,False,1.0,1.0,1.0,0.2769999999999999,0.87,0.9566,0.6896,0.94,0.7600000000000001,0.892,0.7504000000000001,0.88,1.0,,1.0,1.0,,,Good
2025-11-05,BUCA,89.74022925062162,False,1.0,1.0,1.0,0.716,0.87,0.9395,0.50815,0.94,0.7600000000000001,0.764,0.804,0.92,1.0,,1.0,1.0,,,Good
2025-11-05,EGEKENT,88.88059035220593,False,1.0,1.0,1.0,0.361,0.87,0.94745,0.70545,0.94,0.8,0.84,0.7192000000000001,0.88,1.0,,1.0,1.0,,,Good
2025-11-05,ESKİ İZMİR,90.0125978283651,False,1.0,1.0,1.0,0.868,0.87,0.94865,0.6549,0.94,0.72,0.832,0.796,0.92,1.0,,1.0,1.0,,,Good
2025-11-05,EVKA-2,88.75521730639153,False,1.0,1.0,1.0,0.346,0.87,0.9497,0.6929000000000001,0.94,0.7600000000000001,0.892,0.7516,0.88,1.0,,1.0,1.0,,,Good
2025-11-05,EVKA-3,88.5736719635695,False,1.0,1.0,1.0,0.351,0.87,0.94185,0.68035,0.94,0.68,0.892,0.75,0.88,1.0,,1.0,1.0,,,Good
2025-11-05,GAZİEMİR,89.71337977650118,False,1.0,1.0,1.0,0.736,0.87,0.9516,0.647,0.94,0.72,0.832,0.7968,0.92,1.0,,1.0,1.0,,,Good
2025-11-05,GEDİZ,89.76275608048243,False,1.0,1.0,1.0,0.725,0.87,0.937,0.5299,0.94,0.7600000000000001,0.764,0.8024,0.92,1.0,,1.0,1.0,,,Good
2025-11-05,GÜLTEPE,89.73087785923195,False,1.0,1.0,1.0,0.712,0.87,0.9431,0.50205,0.94,0.7600000000000001,0.764,0.802,0.92,1.0,,1.0,1.0,,,Good
2025-11-05,GÜLÇEŞME,89.75892094658322,False,1.0,1.0,1.0,0.723,0.87,0.9373,0.5357000000000001,0.94,0.7600000000000001,0.764,0.8024,0.92,1.0,,1.0,1.0,,,Good
2025-11-05,GÜMÜŞPALA,88.7254167619347,False,1.0,1.0,1.0,0.29699999999999993,0.87,0.94345,0.5935,0.94,0.8,0.868,0.7432000000000001,0.88,1.0,,1.0,1.0,,,Good
2025-11-05,GÜZELBAHÇE,89.42352064220184,False,1.0,1.0,1.0,0.5980000000000001,0.87,0.94985,0.7235,0.94,0.8,0.884,0.7628,0.88,1.0,,1.0,1.0,,,Good
2025-11-05,GÜZELYALI,89.43311345470481,False,1.0,1.0,1.0,0.602,0.87,0.9526,0.7226,0.94,0.8,0.888,0.7596,0.88,1.0,,1.0,1.0,,,Good
2025-11-05,HALİL RIFAT PAŞA,89.40383814675089,False,1.0,1.0,1.0,0.588,0.87,0.95755,0.7303,0.94,0.8,0.9,0.7468,0.88,1.0,,1.0,1.0,,,Good
2025-11-05,HATAY,89.97677383129935,False,1.0,1.0,1.0,0.852,0.87,0.9601999999999999,0.65005,0.94,0.72,0.8280000000000001,0.794,0.92,1.0,,1.0,1.0,,,Good
2025-11-05,IŞIKKENT,88.65522184353178,False,1.0,1.0,1.0,0.386,0.87,0.95425,0.6887000000000001,0.94,0.68,0.892,0.7512,0.88,1.0,,1.0,1.0,,,Good
2025-11-05,KARABAĞLAR,89.9959804986329,False,1.0,1.0,1.0,0.861,0.87,0.9497,0.6469,0.94,0.72,0.832,0.7968,0.92,1.0,,1.0,1.0,,,Good
2025-11-05,KARŞIYAKA,88.74049695380452,False,1.0,1.0,1.0,0.3400000000000002,0.87,0.95425,0.6782,0.94,0.7600000000000001,0.892,0.752,0.88,1.0,,1.0,1.0,,,Good
2025-11-05,KONAK,89.39632535701696,False,1.0,1.0,1.0,0.585,0.87,0.953,0.7282500000000001,0.94,0.8,0.9,0.7492,0.88,1.0,,1.0,1.0,,,Good
2025-11-05,MANAVKUYU,88.56434749730867,False,1.0,1.0,1.0,0.346,0.87,0.95775,0.6819,0.94,0.68,0.892,0.7516,0.88,1.0,,1.0,1.0,,,Good
2025-11-05,NARLIDERE,89.44729915116179,False,1.0,1.0,1.0,0.609,0.87,0.94555,0.7180500000000001,0.94,0.8,0.884,0.762,0.88,1.0,,1.0,1.0,,,Good
2025-11-05,OSMANGAZİ,88.6288171163318,False,1.0,1.0,1.0,0.374,0.87,0.9597,0.6898500000000001,0.94,0.68,0.892,0.7512,0.88,1.0,,1.0,1.0,,,Good
2025-11-05,PINARBAŞI,88.52314005830404,False,1.0,1.0,1.0,0.32800000000000007,0.87,0.9521,0.6834,0.94,0.68,0.892,0.7504000000000001,0.88,1.0,,1.0,1.0,,,Good
2025-11-05,YENİŞEHİR,89.3228878599941,False,1.0,1.0,1.0,0.553,0.87,0.9546,0.7178,0.94,0.8,0.9,0.7456,0.88,1.0,,1.0,1.0,,,Good
2025-11-05,YEŞİLYURT,89.96611034896682,False,1.0,1.0,1.0,0.847,0.87,0.9576,0.655,0.94,0.72,0.832,0.7964,0.92,1.0,,1.0,1.0,,,Good
2025-11-05,ÇAMDİBİ,88.54774804224185,False,1.0,1.0,1.0,0.3420000000000001,0.87,0.93085,0.6422,0.94,0.68,0.892,0.75,0.88,1.0,,1.0,1.0,,,Good
2025-11-05,ÇANKAYA,88.59753283174712,False,1.0,1.0,1.0,0.361,0.87,0.95545,0.6776,0.94,0.68,0.892,0.7508,0.88,1.0,,1.0,1.0,,,Good
2025-11-05,ÇİĞLİ,88.74914580296664,False,1.0,1.0,1.0,0.345,0.87,0.9451,0.6638,0.94,0.7600000000000001,0.892,0.752,0.88,1.0,,1.0,1.0,,,Good
2025-11-05,ÖRNEKKÖY,88.5720772480875,False,1.0,1.0,1.0,0.2340000000000001,0.87,0.93965,0.50185,0.94,0.8,0.868,0.7436,0.88,1.0,,1.0,1.0,,,Good
2025-11-05,ÖZKANLAR,88.42986326655044,False,1.0,1.0,1.0,0.28700000000000003,0.87,0.95345,0.67745,0.94,0.68,0.892,0.7516,0.88,1.0,,1.0,1.0,,,Good
2025-11-05,ÜÇKUYULAR,89.43048225870987,False,1.0,1.0,1.0,0.601,0.87,0.9507,0.7242500000000001,0.94,0.8,0.884,0.762,0.88,1.0,,1.0,1.0,,,Good
2025-11-05,ŞEMİKLER,88.76216760982022,False,1.0,1.0,1.0,0.34899999999999987,0.87,0.9533,0.6908,0.94,0.7600000000000001,0.892,0.7508,0.88,1.0,,1.0,1.0,,,Good
2025-11-05,ŞİRİNYER,89.72137193117837,False,1.0,1.0,1.0,0.706,0.87,0.94085,0.54005,0.94,0.7600000000000001,0.764,0.8048,0.92,1.0,,1.0,1.0,,,Good
2025-11-12,9 EYLÜL MAH,89.86516071717779,False,1.0,1.0,1.0,0.752,0.87,0.97325,0.83375,0.94,0.7600000000000001,0.796,0.796,0.92,1.0,,1.0,1.0,,,Good
2025-11-12,ADATEPE,90.3119461830861,False,1.0,1.0,1.0,0.878,0.87,0.9587,0.5951,0.94,0.8399999999999999,0.792,0.8144,0.92,1.0,,1.0,1.0,,,Good
2025-11-12,AKINCILAR,90.27692292577667,False,1.0,1.0,1.0,0.852,0.87,0.9718,0.78925,0.94,0.8399999999999999,0.796,0.814,0.92,1.0,,1.0,1.0,,,Good
2025-11-12,AKTEPE,89.89162925014529,False,1.0,1.0,1.0,0.765,0.87,0.96205,0.8188500000000001,0.94,0.7600000000000001,0.796,0.7968,0.92,1.0,,1.0,1.0,,,Good
2025-11-12,ALAYBEY,89.16018072346547,False,1.0,1.0,1.0,0.39,0.87,0.96135,0.85985,0.94,0.8800000000000001,0.884,0.7652,0.88,1.0,,1.0,1.0,,,Good
2025-11-12,BEYAZEVLER,89.8984211704631,False,1.0,1.0,1.0,0.766,0.87,0.9714,0.8464,0.94,0.7600000000000001,0.8,0.796,0.92,1.0,,1.0,1.0,,,Good
2025-11-12,CENGİZHAN,89.19253576123924,False,1.0,1.0,1.0,0.44500000000000006,0.87,0.9439,0.90905,0.94,0.8399999999999999,0.88,0.7596,0.88,1.0,,1.0,1.0,,,Good
2025-11-12,CENNETÇEŞME,89.92209582535463,False,1.0,1.0,1.0,0.776,0.87,0.9724,0.8579,0.94,0.7600000000000001,0.796,0.7956,0.92,1.0,,1.0,1.0,,,Good
2025-11-12,CUMHURİYET MAH,89.2561285332533,False,1.0,1.0,1.0,0.43099999999999994,0.87,0.9601,0.88915,0.94,0.8800000000000001,0.884,0.766,0.88,1.0,,1.0,1.0,,,Good
2025-11-12,DOĞANÇAY,89.19978057389466,False,1.0,1.0,1.0,0.405,0.87,0.94995,0.92135,0.94,0.8800000000000001,0.884,0.7644,0.88,1.0,,1.0,1.0,,,Good
2025-11-12,EGEKENT-2,89.0072187806644,False,1.0,1.0,1.0,0.4099999999999999,0.87,0.95685,0.8336,0.94,0.8,0.84,0.7412000000000001,0.88,1.0,,1.0,1.0,,,Good
2025-11-12,ESENDERE,89.00564128488,False,1.0,1.0,1.0,0.32699999999999985,0.87,0.9585,0.84015,0.94,0.8,0.884,0.7744,0.92,1.0,,1.0,1.0,,,Good
2025-11-12,EVKA-1,90.30073854163689,False,1.0,1.0,1.0,0.873,0.87,0.95665,0.59805,0.94,0.8399999999999999,0.792,0.8148,0.92,1.0,,1.0,1.0,,,Good
2025-11-12,EVKA-5,89.01527165680642,False,1.0,1.0,1.0,0.41500000000000004,0.87,0.9518,0.8098,0.94,0.8,0.84,0.7416,0.88,1.0,,1.0,1.0,,,Good
2025-11-12,GÜZELBAHÇE,89.17820737708041,False,1.0,1.0,1.0,0.401,0.87,0.9592,0.88485,0.94,0.8,0.884,0.774,0.92,1.0,,1.0,1.0,,,Good
2025-11-12,GÜZELTEPE,89.29040150714034,False,1.0,1.0,1.0,0.44599999999999995,0.87,0.9612,0.891,0.94,0.8800000000000001,0.884,0.766,0.88,1.0,,1.0,1.0,,,Good
2025-11-12,KADİFEKALE,90.19514007973935,False,1.0,1.0,1.0,0.857,0.87,0.9729,0.80735,0.94,0.8,0.796,0.814,0.92,1.0,,1.0,1.0,,,Good
2025-11-12,KOZAĞAÇ,90.29614746777558,False,1.0,1.0,1.0,0.869,0.87,0.96,0.63095,0.94,0.8399999999999999,0.796,0.8144,0.92,1.0,,1.0,1.0,,,Good
2025-11-12,KURUÇEŞME,90.29971674431012,False,1.0,1.0,1.0,0.872,0.87,0.95675,0.60575,0.94,0.8399999999999999,0.796,0.8144,0.92,1.0,,1.0,1.0,,,Good
2025-11-12,LEVENT,90.27754989663418,False,1.0,1.0,1.0,0.847,0.87,0.97055,0.89905,0.94,0.8399999999999999,0.792,0.8164,0.92,1.0,,1.0,1.0,,,Good
2025-11-12,MERSİNLİ,89.20673774853049,False,1.0,1.0,1.0,0.45399999999999996,0.87,0.95565,0.8293,0.94,0.8399999999999999,0.896,0.7688,0.88,1.0,,1.0,1.0,,,Good
2025-11-12,MEVLANA,89.24537757104613,False,1.0,1.0,1.0,0.472,0.87,0.95825,0.80825,0.94,0.8399999999999999,0.896,0.7688,0.88,1.0,,1.0,1.0,,,Good
2025-11-12,NALDÖKEN,89.0981548129412,False,1.0,1.0,1.0,0.41300000000000003,0.87,0.9566,0.68855,0.94,0.8399999999999999,0.896,0.7688,0.88,1.0,,1.0,1.0,,,Good
2025-11-12,POSTACI MAH,89.27750618051388,False,1.0,1.0,1.0,0.44100000000000006,0.87,0.9614,0.87675,0.94,0.8800000000000001,0.884,0.7668,0.88,1.0,,1.0,1.0,,,Good
2025-11-12,TOROS,90.30860670496442,False,1.0,1.0,1.0,0.8200000000000001,0.87,0.96885,0.87355,0.94,0.8800000000000001,0.792,0.8116,0.92,1.0,,1.0,1.0,,,Good
2025-11-12,UFUK MAH,90.29478740937628,False,1.0,1.0,1.0,0.856,0.87,0.96895,0.87305,0.94,0.8399999999999999,0.792,0.8160000000000001,0.92,1.0,,1.0,1.0,,,Good
2025-11-12,UZUNDERE,89.90518073537397,False,1.0,1.0,1.0,0.769,0.87,0.9719,0.84565,0.94,0.7600000000000001,0.8,0.796,0.92,1.0,,1.0,1.0,,,Good
2025-11-12,UĞUR MUMCU MAH,89.77730085407795,False,1.0,1.0,1.0,0.714,0.87,0.97355,0.8167,0.94,0.7600000000000001,0.796,0.7976,0.92,1.0,,1.0,1.0,,,Good
2025-11-12,YAMANLAR,89.22849633694399,False,1.0,1.0,1.0,0.4179999999999999,0.87,0.96245,0.90255,0.94,0.8800000000000001,0.884,0.766,0.88,1.0,,1.0,1.0,,,Good
2025-11-12,YAMAÇ MAH,89.26949855668924,False,1.0,1.0,1.0,0.43700000000000006,0.87,0.9626,0.8848,0.94,0.8800000000000001,0.884,0.7664,0.88,1.0,,1.0,1.0,,,Good
2025-11-12,YEŞİLOVA,89.19293986443358,False,1.0,1.0,1.0,0.44900000000000007,0.87,0.957,0.80605,0.94,0.8399999999999999,0.896,0.768,0.88,1.0,,1.0,1.0,,,Good
2025-11-12,YEŞİLÇAM,89.16705146617508,False,1.0,1.0,1.0,0.43700000000000006,0.87,0.95975,0.8144,0.94,0.8399999999999999,0.896,0.7688,0.88,1.0,,1.0,1.0,,,Good
2025-11-12,ÇAMLIK MAH,89.89942396181657,False,1.0,1.0,1.0,0.767,0.87,0.97385,0.83595,0.94,0.7600000000000001,0.796,0.7968,0.92,1.0,,1.0,1.0,,,Good
2025-11-12,ÇAMLIKULE,90.31107507597626,False,1.0,1.0,1.0,0.88,0.87,0.96155,0.54455,0.94,0.8399999999999999,0.792,0.8144,0.92,1.0,,1.0,1.0,,,Good
2025-11-12,ÇANKAYA,88.63698957767679,False,1.0,1.0,1.0,0.21999999999999997,0.87,0.9253,0.5041,0.94,0.8399999999999999,0.896,0.7608,0.88,1.0,,1.0,1.0,,,Good
2025-11-12,ÇAY MAH,89.24729626930369,False,1.0,1.0,1.0,0.46799999999999997,0.87,0.95455,0.92235,0.94,0.8399999999999999,0.88,0.7608,0.88,1.0,,1.0,1.0,,,Good
2025-11-12,İNCİRALTI,88.98512139529566,False,1.0,1.0,1.0,0.31900000000000006,0.87,0.95645,0.82085,0.94,0.8,0.884,0.774,0.92,1.0,,1.0,1.0,,,Good
2025-11-12,İZYUVA,89.24516163413263,False,1.0,1.0,1.0,0.42900000000000005,0.87,0.95895,0.8364,0.94,0.8800000000000001,0.88,0.768,0.88,1.0,,1.0,1.0,,,Good
2025-11-19,ALTINDAĞ,88.9017297460154,False,1.0,1.0,1.0,0.371,0.87,0.93425,0.6545000000000001,0.94,0.8,0.9,0.7568,0.88,1.0,,1.0,1.0,,,Good
2025-11-19,ATATÜRK MAH,88.71698905370259,False,1.0,1.0,1.0,0.32699999999999985,0.87,0.9466,0.7346,0.94,0.7600000000000001,0.896,0.7552,0.88,1.0,,1.0,1.0,,,Good
2025-11-19,BALATÇIK,89.66469603542066,False,1.0,1.0,1.0,0.707,0.87,0.9334,0.73325,0.94,0.8,0.836,0.7243999999999999,0.88,1.0,,1.0,1.0,,,Good
2025-11-19,BALÇOVA,89.62383401449979,False,1.0,1.0,1.0,0.5589999999999999,0.87,0.9868,0.7818,0.94,0.8399999999999999,0.9,0.7688,0.92,1.0,,1.0,1.0,,,Good
2025-11-19,BORNOVA,89.06120660540931,False,1.0,1.0,1.0,0.44000000000000006,0.87,0.938,0.67725,0.94,0.8,0.904,0.7564,0.88,1.0,,1.0,1.0,,,Good
2025-11-19,BOSTANLI,88.84526398772948,False,1.0,1.0,1.0,0.383,0.87,0.94955,0.74545,0.94,0.7600000000000001,0.896,0.756,0.88,1.0,,1.0,1.0,,,Good
2025-11-19,BUCA,90.02913098878695,False,1.0,1.0,1.0,0.875,0.87,0.96745,0.66045,0.94,0.72,0.808,0.8084,0.92,1.0,,1.0,1.0,,,Good
2025-11-19,EGEKENT,88.74052953547306,False,1.0,1.0,1.0,0.33899999999999997,0.87,0.94415,0.7051000000000001,0.94,0.7600000000000001,0.896,0.7556,0.88,1.0,,1.0,1.0,,,Good
2025-11-19,ESKİ İZMİR,89.96107608819915,False,1.0,1.0,1.0,0.756,0.87,0.97255,0.7635000000000001,0.94,0.8,0.792,0.7944,0.92,1.0,,1.0,1.0,,,Good
2025-11-19,EVKA-2,89.37545363066488,False,1.0,1.0,1.0,0.5799999999999998,0.87,0.9269000000000001,0.71965,0.94,0.8,0.84,0.7268,0.88,1.0,,1.0,1.0,,,Good
2025-11-19,EVKA-3,88.95002935446378,False,1.0,1.0,1.0,0.391,0.87,0.93575,0.6799999999999999,0.94,0.8,0.9,0.756,0.88,1.0,,1.0,1.0,,,Good
2025-11-19,GAZİEMİR,89.99974577724427,False,1.0,1.0,1.0,0.774,0.87,0.971,0.7468,0.94,0.8,0.792,0.7952,0.92,1.0,,1.0,1.0,,,Good
2025-11-19,GEDİZ,90.02780894233426,False,1.0,1.0,1.0,0.875,0.87,0.9665,0.6528499999999999,0.94,0.72,0.804,0.8092,0.92,1.0,,1.0,1.0,,,Good
2025-11-19,GÜLTEPE,89.08568027332399,False,1.0,1.0,1.0,0.495,0.87,0.95115,0.6386000000000001,0.94,0.7600000000000001,0.884,0.7556,0.88,1.0,,1.0,1.0,,,Good
2025-11-19,GÜLÇEŞME,90.0086199234045,False,1.0,1.0,1.0,0.867,0.87,0.96615,0.64035,0.94,0.72,0.808,0.8096,0.92,1.0,,1.0,1.0,,,Good
2025-11-19,GÜMÜŞPALA,88.70151638133889,False,1.0,1.0,1.0,0.32099999999999995,0.87,0.94695,0.72385,0.94,0.7600000000000001,0.888,0.7556,0.88,1.0,,1.0,1.0,,,Good
2025-11-19,GÜZELBAHÇE,89.46382747673078,False,1.0,1.0,1.0,0.489,0.87,0.98025,0.774,0.94,0.8399999999999999,0.9,0.7688,0.92,1.0,,1.0,1.0,,,Good
2025-11-19,GÜZELYALI,89.57488896510331,False,1.0,1.0,1.0,0.5799999999999998,0.87,0.9847,0.7733,0.94,0.8,0.9,0.7696000000000001,0.92,1.0,,1.0,1.0,,,Good
2025-11-19,HATAY,89.98021216191755,False,1.0,1.0,1.0,0.765,0.87,0.97,0.7584,0.94,0.8,0.788,0.7944,0.92,1.0,,1.0,1.0,,,Good
2025-11-19,IŞIKKENT,88.99114877771109,False,1.0,1.0,1.0,0.40900000000000003,0.87,0.93495,0.6843,0.94,0.8,0.9,0.7556,0.88,1.0,,1.0,1.0,,,Good
2025-11-19,KARABAĞLAR,89.9792994226757,False,1.0,1.0,1.0,0.765,0.87,0.9667,0.7536,0.94,0.8,0.788,0.7948,0.92,1.0,,1.0,1.0,,,Good
2025-11-19,KARŞIYAKA,88.72255667257329,False,1.0,1.0,1.0,0.32999999999999996,0.87,0.94685,0.7267,0.94,0.7600000000000001,0.892,0.756,0.88,1.0,,1.0,1.0,,,Good
2025-11-19,KONAK,89.43318215486772,False,1.0,1.0,1.0,0.4730000000000001,0.87,0.98175,0.8292,0.94,0.8399999999999999,0.892,0.754,0.92,1.0,,1.0,1.0,,,Good
2025-11-19,MANAVKUYU,88.90193731125021,False,1.0,1.0,1.0,0.40900000000000003,0.87,0.95045,0.7256,0.94,0.7600000000000001,0.896,0.7548,0.88,1.0,,1.0,1.0,,,Good
2025-11-19,NARLIDERE,89.63748120837977,False,1.0,1.0,1.0,0.5559999999999999,0.87,0.9901,0.9591,0.94,0.8399999999999999,0.9,0.7692,0.92,1.0,,1.0,1.0,,,Good
2025-11-19,OSMANGAZİ,88.67191254156069,False,1.0,1.0,1.0,0.30700000000000005,0.87,0.94995,0.7329,0.94,0.7600000000000001,0.896,0.754,0.88,1.0,,1.0,1.0,,,Good
2025-11-19,PINARBAŞI,88.99350959110959,False,1.0,1.0,1.0,0.41100000000000003,0.87,0.93255,0.6676,0.94,0.8,0.9,0.7552,0.88,1.0,,1.0,1.0,,,Good
2025-11-19,YENİŞEHİR,89.35659622786208,False,1.0,1.0,1.0,0.44000000000000006,0.87,0.97875,0.8152,0.94,0.8399999999999999,0.892,0.7544,0.92,1.0,,1.0,1.0,,,Good
2025-11-19,YEŞİLYURT,89.96699848523822,False,1.0,1.0,1.0,0.76,0.87,0.9639,0.7477,0.94,0.8,0.788,0.7944,0.92,1.0,,1.0,1.0,,,Good
2025-11-19,ÇAMDİBİ,89.02005120656969,False,1.0,1.0,1.0,0.42199999999999993,0.87,0.9325,0.6820999999999999,0.94,0.8,0.9,0.7572,0.88,1.0,,1.0,1.0,,,Good
2025-11-19,ÇİĞLİ,88.57223616708109,False,1.0,1.0,1.0,0.265,0.87,0.94395,0.7009000000000001,0.94,0.7600000000000001,0.892,0.7556,0.88,1.0,,1.0,1.0,,,Good
2025-11-19,ÖRNEKKÖY,89.29960350634009,False,1.0,1.0,1.0,0.5450000000000002,0.87,0.9350499999999999,0.7443,0.94,0.8,0.836,0.726,0.88,1.0,,1.0,1.0,,,Good
2025-11-19,ÖZKANLAR,88.70376972048358,False,1.0,1.0,1.0,0.32199999999999984,0.87,0.94585,0.7217,0.94,0.7600000000000001,0.892,0.7552,0.88,1.0,,1.0,1.0,,,Good
2025-11-19,ÜÇKUYULAR,89.57572152438385,False,1.0,1.0,1.0,0.538,0.87,0.98225,0.7811,0.94,0.8399999999999999,0.9,0.7684,0.92,1.0,,1.0,1.0,,,Good
2025-11-19,ŞEMİKLER,88.80357891051473,False,1.0,1.0,1.0,0.366,0.87,0.9459,0.7238,0.94,0.7600000000000001,0.892,0.7564,0.88,1.0,,1.0,1.0,,,Good
2025-11-19,ŞİRİNYER,90.0360335510208,False,1.0,1.0,1.0,0.879,0.87,0.9628,0.64925,0.94,0.72,0.804,0.8092,0.92,1.0,,1.0,1.0,,,Good
2025-12-10,9 EYLÜL MAH,89.76466060761953,False,1.0,1.0,1.0,0.756,0.87,0.9696,0.7012,0.94,0.72,0.808,0.8004,0.92,1.0,,1.0,1.0,,,Good
2025-12-10,ADATEPE,89.68635237741385,False,1.0,1.0,1.0,0.745,0.87,0.9498,0.2490000000000001,0.94,0.72,0.808,0.7979999999999999,0.92,1.0,,1.0,1.0,,,Good
2025-12-10,AKINCILAR,89.60327229033886,False,1.0,1.0,1.0,0.685,0.87,0.9409,0.7234,0.94,0.72,0.808,0.7996,0.92,1.0,,1.0,1.0,,,Good
2025-12-10,AKTEPE,89.77200845265655,False,1.0,1.0,1.0,0.759,0.87,0.9707,0.70505,0.94,0.72,0.808,0.8004,0.92,1.0,,1.0,1.0,,,Good
2025-12-10,ALAYBEY,88.89278480379548,False,1.0,1.0,1.0,0.32999999999999996,0.87,0.9249499999999999,0.65855,0.94,0.7600000000000001,0.884,0.7704,0.92,1.0,,1.0,1.0,,,Good
2025-12-10,BEYAZEVLER,89.74580690836167,False,1.0,1.0,1.0,0.748,0.87,0.9683,0.69255,0.94,0.72,0.812,0.8016,0.92,1.0,,1.0,1.0,,,Good
2025-12-10,CENGİZHAN,88.881835326817,False,1.0,1.0,1.0,0.32599999999999996,0.87,0.9241,0.64255,0.94,0.7600000000000001,0.884,0.7712,0.92,1.0,,1.0,1.0,,,Good
2025-12-10,CENNETÇEŞME,89.77134505368353,False,1.0,1.0,1.0,0.759,0.87,0.96305,0.7037,0.94,0.72,0.812,0.7996,0.92,1.0,,1.0,1.0,,,Good
2025-12-10,CUMHURİYET MAH,88.83915877132813,False,1.0,1.0,1.0,0.30700000000000005,0.87,0.9215,0.64795,0.94,0.7600000000000001,0.884,0.7708,0.92,1.0,,1.0,1.0,,,Good
2025-12-10,DOĞANÇAY,88.84323931568969,False,1.0,1.0,1.0,0.346,0.87,0.9184,0.70895,0.94,0.8,0.832,0.7416,0.88,1.0,,1.0,1.0,,,Good
2025-12-10,EGEKENT-2,88.73808424314308,False,1.0,1.0,1.0,0.30000000000000004,0.87,0.9268,0.6910499999999999,0.94,0.8,0.832,0.7416,0.88,1.0,,1.0,1.0,,,Good
2025-12-10,ESENDERE,89.841445108939,False,1.0,1.0,1.0,0.749,0.87,0.9624,0.6818500000000001,0.94,0.7600000000000001,0.812,0.8,0.92,1.0,,1.0,1.0,,,Good
2025-12-10,EVKA-1,89.72788223917993,False,1.0,1.0,1.0,0.748,0.87,0.9656,0.5402,0.94,0.72,0.808,0.7992,0.92,1.0,,1.0,1.0,,,Good
2025-12-10,GÜZELBAHÇE,89.76857289671992,False,1.0,1.0,1.0,0.758,0.87,0.96625,0.6991,0.94,0.72,0.808,0.8008,0.92,1.0,,1.0,1.0,,,Good
2025-12-10,GÜZELTEPE,88.86987943829965,False,1.0,1.0,1.0,0.32699999999999985,0.87,0.78895,0.65205,0.94,0.7600000000000001,0.884,0.7708,0.92,1.0,,1.0,1.0,,,Good
2025-12-10,KADİFEKALE,89.75907081511332,False,1.0,1.0,1.0,0.753,0.87,0.9653,0.71305,0.94,0.72,0.812,0.7984,0.92,1.0,,1.0,1.0,,,Good
2025-12-10,KOZAĞAÇ,89.77359069993426,False,1.0,1.0,1.0,0.766,0.87,0.9661,0.5837,0.94,0.72,0.808,0.7996,0.92,1.0,,1.0,1.0,,,Good
2025-12-10,KURUÇEŞME,89.7262325659493,False,1.0,1.0,1.0,0.762,0.87,0.95025,0.2609999999999999,0.94,0.72,0.808,0.7988000000000001,0.92,1.0,,1.0,1.0,,,Good
2025-12-10,LEVENT,88.77184388903179,False,1.0,1.0,1.0,0.1519999999999999,0.87,0.96425,0.58265,0.94,0.8800000000000001,0.884,0.786,0.92,1.0,,1.0,1.0,,,Good
2025-12-10,MERSİNLİ,88.90099357417093,False,1.0,1.0,1.0,0.33399999999999996,0.87,0.91815,0.6577500000000001,0.94,0.7600000000000001,0.884,0.7724,0.92,1.0,,1.0,1.0,,,Good
2025-12-10,MEVLANA,88.87712863328474,False,1.0,1.0,1.0,0.32300000000000006,0.87,0.9245,0.66045,0.94,0.7600000000000001,0.884,0.7724,0.92,1.0,,1.0,1.0,,,Good
2025-12-10,NALDÖKEN,88.89650635437805,False,1.0,1.0,1.0,0.33099999999999996,0.87,0.9249,0.6714,0.94,0.7600000000000001,0.884,0.7716000000000001,0.92,1.0,,1.0,1.0,,,Good
2025-12-10,POSTACI MAH,88.81462839511465,False,1.0,1.0,1.0,0.29600000000000004,0.87,0.9257,0.64695,0.94,0.7600000000000001,0.884,0.7704,0.92,1.0,,1.0,1.0,,,Good
2025-12-10,TOROS,88.82695962778779,False,1.0,1.0,1.0,0.17699999999999994,0.87,0.9633,0.5708500000000001,0.94,0.8800000000000001,0.884,0.7852,0.92,1.0,,1.0,1.0,,,Good
2025-12-10,UFUK MAH,88.74996552487924,False,1.0,1.0,1.0,0.14200000000000002,0.87,0.9561,0.5972500000000001,0.94,0.8800000000000001,0.884,0.788,0.92,1.0,,1.0,1.0,,,Good
2025-12-10,UZUNDERE,89.73684536568635,False,1.0,1.0,1.0,0.745,0.87,0.96095,0.68075,0.94,0.72,0.812,0.8008,0.92,1.0,,1.0,1.0,,,Good
2025-12-10,UĞUR MUMCU MAH,89.75200330818257,False,1.0,1.0,1.0,0.75,0.87,0.96265,0.7162999999999999,0.94,0.72,0.808,0.8,0.92,1.0,,1.0,1.0,,,Good
2025-12-10,YAMANLAR,88.80527624158069,False,1.0,1.0,1.0,0.32999999999999996,0.87,0.9276,0.68415,0.94,0.8,0.832,0.742,0.88,1.0,,1.0,1.0,,,Good
2025-12-10,YEŞİLOVA,88.86879858669867,False,1.0,1.0,1.0,0.31900000000000006,0.87,0.92175,0.6696,0.94,0.7600000000000001,0.884,0.772,0.92,1.0,,1.0,1.0,,,Good
2025-12-10,YEŞİLÇAM,88.93994088618328,False,1.0,1.0,1.0,0.35399999999999987,0.87,0.8996999999999999,0.6205,0.94,0.7600000000000001,0.884,0.772,0.92,1.0,,1.0,1.0,,,Good
2025-12-10,ÇAMLIK MAH,89.7420405579849,False,1.0,1.0,1.0,0.747,0.87,0.9685,0.68245,0.94,0.72,0.808,0.7992,0.92,1.0,,1.0,1.0,,,Good
2025-12-10,ÇAMLIKULE,89.74002072079796,False,1.0,1.0,1.0,0.749,0.87,0.95675,0.63625,0.94,0.72,0.808,0.8004,0.92,1.0,,1.0,1.0,,,Good
2025-12-10,ÇANKAYA,88.91710444711195,False,1.0,1.0,1.0,0.29900000000000004,0.87,0.91405,0.66945,0.94,0.8,0.876,0.7612,0.92,1.0,,1.0,1.0,,,Good
2025-12-10,ÇAY MAH,88.85724023978965,False,1.0,1.0,1.0,0.31499999999999995,0.87,0.91905,0.6500999999999999,0.94,0.7600000000000001,0.884,0.7724,0.92,1.0,,1.0,1.0,,,Good
2025-12-10,İNCİRALTI,89.76095806301028,False,1.0,1.0,1.0,0.754,0.87,0.96505,0.7099500000000001,0.94,0.72,0.812,0.7988000000000001,0.92,1.0,,1.0,1.0,,,Good
2025-12-10,İZYUVA,88.84079871531053,False,1.0,1.0,1.0,0.30700000000000005,0.87,0.9231,0.66075,0.94,0.7600000000000001,0.884,0.772,0.92,1.0,,1.0,1.0,,,Good
2025-12-17,ALTINDAĞ,89.50851543818533,False,1.0,1.0,1.0,0.592,0.87,0.93765,0.84155,0.94,0.7600000000000001,0.892,0.7772,0.92,1.0,,1.0,1.0,,,Good
2025-12-17,ATATÜRK MAH,89.26302387893338,False,1.0,1.0,1.0,0.499,0.87,0.8898,0.5823,0.94,0.7600000000000001,0.888,0.7812,0.92,1.0,,1.0,1.0,,,Good
2025-12-17,BALATÇIK,89.05905870416416,False,1.0,1.0,1.0,0.45899999999999996,0.87,0.856,0.405,0.94,0.8,0.848,0.7572,0.88,1.0,,1.0,1.0,,,Good
2025-12-17,BALÇOVA,89.43722349643221,False,1.0,1.0,1.0,0.52,0.87,0.96515,0.7811,0.94,0.8,0.892,0.7856,0.92,1.0,,1.0,1.0,,,Good
2025-12-17,BORNOVA,89.20724926643612,False,1.0,1.0,1.0,0.476,0.87,0.88335,0.5559000000000001,0.94,0.7600000000000001,0.888,0.7792,0.92,1.0,,1.0,1.0,,,Good
2025-12-17,BOSTANLI,89.201748168472,False,1.0,1.0,1.0,0.472,0.87,0.8785000000000001,0.5919,0.94,0.7600000000000001,0.888,0.782,0.92,1.0,,1.0,1.0,,,Good
2025-12-17,BUCA,88.80595072737145,False,1.0,1.0,1.0,0.267,0.87,0.9275,0.2985,0.94,0.8,0.892,0.7884,0.92,1.0,,1.0,1.0,,,Good
2025-12-17,EGEKENT,89.17219673802242,False,1.0,1.0,1.0,0.499,0.87,0.8808,0.5802,0.94,0.8,0.848,0.758,0.88,1.0,,1.0,1.0,,,Good
2025-12-17,ESKİ İZMİR,90.09454909638266,False,1.0,1.0,1.0,0.9,0.87,0.97775,0.73525,0.94,0.72,0.8,0.8028,0.92,1.0,,1.0,1.0,,,Good
2025-12-17,EVKA-2,88.96089044652129,False,1.0,1.0,1.0,0.383,0.87,0.8287,0.2929999999999999,0.94,0.7600000000000001,0.888,0.778,0.92,1.0,,1.0,1.0,,,Good
2025-12-17,EVKA-3,89.46087153581601,False,1.0,1.0,1.0,0.572,0.87,0.9298500000000001,0.82805,0.94,0.7600000000000001,0.892,0.7792,0.92,1.0,,1.0,1.0,,,Good
2025-12-17,GAZİEMİR,89.58540758047768,False,1.0,1.0,1.0,0.673,0.87,0.98065,0.7686499999999999,0.94,0.72,0.804,0.8032,0.92,1.0,,1.0,1.0,,,Good
2025-12-17,GEDİZ,88.97911279259196,False,1.0,1.0,1.0,0.3370000000000001,0.87,0.9512,0.40549999999999997,0.94,0.8,0.892,0.7876,0.92,1.0,,1.0,1.0,,,Good
2025-12-17,GÜLTEPE,89.3675639724866,False,1.0,1.0,1.0,0.5290000000000001,0.87,0.95035,0.84255,0.94,0.7600000000000001,0.892,0.782,0.92,1.0,,1.0,1.0,,,Good
2025-12-17,GÜLÇEŞME,89.49511116589024,False,1.0,1.0,1.0,0.5429999999999999,0.87,0.96205,0.8356,0.94,0.8,0.892,0.7892,0.92,1.0,,1.0,1.0,,,Good
2025-12-17,GÜMÜŞPALA,88.94504693141654,False,1.0,1.0,1.0,0.379,0.87,0.81425,0.24750000000000005,0.94,0.7600000000000001,0.888,0.7767999999999999,0.92,1.0,,1.0,1.0,,,Good
2025-12-17,GÜZELBAHÇE,89.40465630864938,False,1.0,1.0,1.0,0.506,0.87,0.96185,0.7764,0.94,0.8,0.892,0.7872,0.92,1.0,,1.0,1.0,,,Good
2025-12-17,GÜZELYALI,89.44968643716597,False,1.0,1.0,1.0,0.526,0.87,0.96185,0.7745,0.94,0.8,0.892,0.7864,0.92,1.0,,1.0,1.0,,,Good
2025-12-17,HATAY,90.09682709804034,False,1.0,1.0,1.0,0.902,0.87,0.95835,0.72845,0.94,0.72,0.808,0.802,0.92,1.0,,1.0,1.0,,,Good
2025-12-17,IŞIKKENT,89.46256691388722,False,1.0,1.0,1.0,0.572,0.87,0.9336,0.84255,0.94,0.7600000000000001,0.888,0.7784,0.92,1.0,,1.0,1.0,,,Good
2025-12-17,KARABAĞLAR,90.09810705983784,False,1.0,1.0,1.0,0.902,0.87,0.9755,0.72575,0.94,0.72,0.804,0.8028,0.92,1.0,,1.0,1.0,,,Good
2025-12-17,KARŞIYAKA,89.27267959215753,False,1.0,1.0,1.0,0.504,0.87,0.87285,0.5846,0.94,0.7600000000000001,0.888,0.7812,0.92,1.0,,1.0,1.0,,,Good
2025-12-17,KONAK,89.48565863557118,False,1.0,1.0,1.0,0.536,0.87,0.95865,0.89935,0.94,0.8,0.888,0.7804,0.92,1.0,,1.0,1.0,,,Good
2025-12-17,MANAVKUYU,89.36896521049472,False,1.0,1.0,1.0,0.546,0.87,0.88305,0.5823,0.94,0.7600000000000001,0.892,0.7812,0.92,1.0,,1.0,1.0,,,Good
2025-12-17,NARLIDERE,89.40530975211257,False,1.0,1.0,1.0,0.506,0.87,0.96315,0.7811,0.94,0.8,0.892,0.7844,0.92,1.0,,1.0,1.0,,,Good
2025-12-17,OSMANGAZİ,89.24176705536026,False,1.0,1.0,1.0,0.49,0.87,0.8808,0.5803,0.94,0.7600000000000001,0.892,0.78,0.92,1.0,,1.0,1.0,,,Good
2025-12-17,PINARBAŞI,89.41288348957292,False,1.0,1.0,1.0,0.553,0.87,0.9278,0.7859499999999999,0.94,0.7600000000000001,0.892,0.7787999999999999,0.92,1.0,,1.0,1.0,,,Good
2025-12-17,YENİŞEHİR,89.50954416626178,False,1.0,1.0,1.0,0.5469999999999999,0.87,0.9562,0.8929,0.94,0.8,0.888,0.7807999999999999,0.92,1.0,,1.0,1.0,,,Good
2025-12-17,YEŞİLYURT,89.70614687235036,False,1.0,1.0,1.0,0.729,0.87,0.9747,0.72195,0.94,0.72,0.804,0.802,0.92,1.0,,1.0,1.0,,,Good
2025-12-17,ÇAMDİBİ,89.45141018129507,False,1.0,1.0,1.0,0.588,0.87,0.5215,0.8328,0.94,0.7600000000000001,0.892,0.7787999999999999,0.92,1.0,,1.0,1.0,,,Good
2025-12-17,ÇİĞLİ,89.27047150533025,False,1.0,1.0,1.0,0.501,0.87,0.8796,0.6183,0.94,0.7600000000000001,0.888,0.7816,0.92,1.0,,1.0,1.0,,,Good
2025-12-17,ÖRNEKKÖY,88.99966602598911,False,1.0,1.0,1.0,0.401,0.87,0.82245,0.28200000000000003,0.94,0.7600000000000001,0.888,0.778,0.92,1.0,,1.0,1.0,,,Good
2025-12-17,ÖZKANLAR,89.24194444444444,False,1.0,1.0,1.0,0.49,0.87,0.8804,0.5854999999999999,0.94,0.7600000000000001,0.888,0.7796,0.92,1.0,,1.0,1.0,,,Good
2025-12-17,ÜÇKUYULAR,89.4295855840407,False,1.0,1.0,1.0,0.518,0.87,0.96165,0.75715,0.94,0.8,0.892,0.7847999999999999,0.92,1.0,,1.0,1.0,,,Good
2025-12-17,ŞEMİKLER,89.25317380700601,False,1.0,1.0,1.0,0.496,0.87,0.8785499999999999,0.56645,0.94,0.7600000000000001,0.888,0.7816,0.92,1.0,,1.0,1.0,,,Good
2025-12-17,ŞİRİNYER,89.19905873988968,False,1.0,1.0,1.0,0.42999999999999994,0.87,0.95615,0.48450000000000004,0.94,0.8,0.892,0.7904,0.92,1.0,,1.0,1.0,,,Good
2025-12-24,9 EYLÜL MAH,89.68321308125411,False,1.0,1.0,1.0,0.756,0.87,0.984,0.8025,0.94,0.68,0.8160000000000001,0.8012,0.92,1.0,,1.0,1.0,,,Good
2025-12-24,ADATEPE,89.64965599902827,False,1.0,1.0,1.0,0.745,0.87,0.9848,0.72495,0.94,0.68,0.8160000000000001,0.8028,0.92,1.0,,1.0,1.0,,,Good
2025-12-24,AKINCILAR,88.92430943772806,False,1.0,1.0,1.0,0.264,0.87,0.96435,0.5231,0.94,0.8399999999999999,0.896,0.7816,0.92,1.0,,1.0,1.0,,,Good
2025-12-24,AKTEPE,89.64967387369364,False,1.0,1.0,1.0,0.741,0.87,0.98715,0.80295,0.94,0.68,0.8160000000000001,0.8004,0.92,1.0,,1.0,1.0,,,Good
2025-12-24,ALAYBEY,89.5630444806463,False,1.0,1.0,1.0,0.613,0.87,0.96225,0.88295,0.94,0.7600000000000001,0.888,0.7672,0.92,1.0,,1.0,1.0,,,Good
2025-12-24,BEYAZEVLER,89.68227613202244,False,1.0,1.0,1.0,0.756,0.87,0.9856,0.79265,0.94,0.68,0.8160000000000001,0.8008,0.92,1.0,,1.0,1.0,,,Good
2025-12-24,CENGİZHAN,89.51624589156592,False,1.0,1.0,1.0,0.593,0.87,0.9607,0.8708,0.94,0.7600000000000001,0.888,0.7676000000000001,0.92,1.0,,1.0,1.0,,,Good
2025-12-24,CUMHURİYET MAH,89.51107581430354,False,1.0,1.0,1.0,0.591,0.87,0.95465,0.87115,0.94,0.7600000000000001,0.888,0.7676000000000001,0.92,1.0,,1.0,1.0,,,Good
2025-12-24,DOĞANÇAY,89.4418173687921,False,1.0,1.0,1.0,0.5599999999999999,0.87,0.95055,0.8827,0.94,0.7600000000000001,0.888,0.772,0.92,1.0,,1.0,1.0,,,Good
2025-12-24,EGEKENT-2,89.3336735235836,False,1.0,1.0,1.0,0.5519999999999999,0.87,0.95315,0.8863,0.94,0.8,0.836,0.7392000000000001,0.88,1.0,,1.0,1.0,,,Good
2025-12-24,ESENDERE,89.06026233244734,False,1.0,1.0,1.0,0.31000000000000005,0.87,0.96915,0.8,0.94,0.8399999999999999,0.896,0.782,0.92,1.0,,1.0,1.0,,,Good
2025-12-24,EVKA-1,89.63589522183162,False,1.0,1.0,1.0,0.739,0.87,0.98325,0.7248,0.94,0.68,0.8160000000000001,0.8036,0.92,1.0,,1.0,1.0,,,Good
2025-12-24,EVKA-5,89.37402592005107,False,1.0,1.0,1.0,0.5700000000000001,0.87,0.9563,0.87955,0.94,0.8,0.836,0.7428,0.88,1.0,,1.0,1.0,,,Good
2025-12-24,GÜZELBAHÇE,89.05502437670887,False,1.0,1.0,1.0,0.30800000000000016,0.87,0.96605,0.7968,0.94,0.8399999999999999,0.896,0.782,0.92,1.0,,1.0,1.0,,,Good
2025-12-24,GÜZELTEPE,89.63096979288729,False,1.0,1.0,1.0,0.6439999999999999,0.87,0.9547,0.87085,0.94,0.7600000000000001,0.888,0.768,0.92,1.0,,1.0,1.0,,,Good
2025-12-24,KADİFEKALE,88.89087521554393,False,1.0,1.0,1.0,0.25,0.87,0.95355,0.5183,0.94,0.8399999999999999,0.896,0.7824,0.92,1.0,,1.0,1.0,,,Good
2025-12-24,KOZAĞAÇ,89.62040195966351,False,1.0,1.0,1.0,0.733,0.87,0.9814,0.7097,0.94,0.68,0.8160000000000001,0.8036,0.92,1.0,,1.0,1.0,,,Good
2025-12-24,KURUÇEŞME,89.6442632803643,False,1.0,1.0,1.0,0.743,0.87,0.9839,0.7181500000000001,0.94,0.68,0.8160000000000001,0.8032,0.92,1.0,,1.0,1.0,,,Good
2025-12-24,LEVENT,89.80494631646137,False,1.0,1.0,1.0,0.679,0.87,0.979,0.8658,0.94,0.8,0.856,0.794,0.92,1.0,,1.0,1.0,,,Good
2025-12-24,MERSİNLİ,89.44336839197081,False,1.0,1.0,1.0,0.5660000000000001,0.87,0.9538,0.7706,0.94,0.7600000000000001,0.892,0.764,0.92,1.0,,1.0,1.0,,,Good
2025-12-24,MEVLANA,89.57181610649062,False,1.0,1.0,1.0,0.581,0.87,0.9503,0.76745,0.94,0.8,0.892,0.7632,0.92,1.0,,1.0,1.0,,,Good
2025-12-24,NALDÖKEN,89.54884331504186,False,1.0,1.0,1.0,0.571,0.87,0.9523,0.7624500000000001,0.94,0.8,0.892,0.7624,0.92,1.0,,1.0,1.0,,,Good
2025-12-24,POSTACI MAH,89.50543420789391,False,1.0,1.0,1.0,0.588,0.87,0.9547,0.8812,0.94,0.7600000000000001,0.888,0.768,0.92,1.0,,1.0,1.0,,,Good
2025-12-24,TOROS,89.80322016681433,False,1.0,1.0,1.0,0.679,0.87,0.98815,0.8412,0.94,0.8,0.856,0.7964,0.92,1.0,,1.0,1.0,,,Good
2025-12-24,UFUK MAH,89.81182580001334,False,1.0,1.0,1.0,0.683,0.87,0.9777,0.84775,0.94,0.8,0.856,0.796,0.92,1.0,,1.0,1.0,,,Good
2025-12-24,UZUNDERE,89.0399420055827,False,1.0,1.0,1.0,0.30199999999999994,0.87,0.96455,0.78495,0.94,0.8399999999999999,0.896,0.7824,0.92,1.0,,1.0,1.0,,,Good
2025-12-24,UĞUR MUMCU MAH,89.68098644097668,False,1.0,1.0,1.0,0.755,0.87,0.9862,0.80065,0.94,0.68,0.8160000000000001,0.8008,0.92,1.0,,1.0,1.0,,,Good
2025-12-24,YAMANLAR,89.49426208951385,False,1.0,1.0,1.0,0.583,0.87,0.9543,0.88275,0.94,0.7600000000000001,0.888,0.7692,0.92,1.0,,1.0,1.0,,,Good
2025-12-24,YAMAÇ MAH,89.5517479183934,False,1.0,1.0,1.0,0.608,0.87,0.9575,0.88775,0.94,0.7600000000000001,0.888,0.7684,0.92,1.0,,1.0,1.0,,,Good
2025-12-24,YEŞİLOVA,89.56373087494165,False,1.0,1.0,1.0,0.577,0.87,0.95425,0.772,0.94,0.8,0.892,0.7636000000000001,0.92,1.0,,1.0,1.0,,,Good
2025-12-24,YEŞİLÇAM,89.38291596406489,False,1.0,1.0,1.0,0.508,0.87,0.8569,0.6535,0.94,0.8,0.888,0.7732,0.92,1.0,,1.0,1.0,,,Good
2025-12-24,ÇAMLIK MAH,89.67875618051387,False,1.0,1.0,1.0,0.754,0.87,0.98535,0.80185,0.94,0.68,0.8160000000000001,0.8,0.92,1.0,,1.0,1.0,,,Good
2025-12-24,ÇAMLIKULE,89.63613076014366,False,1.0,1.0,1.0,0.74,0.87,0.9814,0.7087,0.94,0.68,0.8160000000000001,0.804,0.92,1.0,,1.0,1.0,,,Good
2025-12-24,ÇANKAYA,89.46918393399831,False,1.0,1.0,1.0,0.5740000000000001,0.87,0.9558,0.8398,0.94,0.7600000000000001,0.888,0.7664,0.92,1.0,,1.0,1.0,,,Good
2025-12-24,ÇAY MAH,89.55745581944802,False,1.0,1.0,1.0,0.611,0.87,0.96175,0.87405,0.94,0.7600000000000001,0.888,0.7672,0.92,1.0,,1.0,1.0,,,Good
2025-12-24,İNCİRALTI,89.0404094620214,False,1.0,1.0,1.0,0.30199999999999994,0.87,0.9667,0.7869,0.94,0.8399999999999999,0.896,0.7828,0.92,1.0,,1.0,1.0,,,Good
2025-12-24,İZYUVA,89.54662957167491,False,1.0,1.0,1.0,0.5700000000000001,0.87,0.95365,0.7615,0.94,0.8,0.892,0.7628,0.92,1.0,,1.0,1.0,,,Good
2026-01-07,ALTINDAĞ,89.03922356550154,False,1.0,1.0,1.0,0.389,0.87,0.93335,0.75865,0.94,0.7600000000000001,0.892,0.7644,0.92,1.0,,1.0,1.0,,,Good
2026-01-07,ATATÜRK MAH,89.02587051168462,False,1.0,1.0,1.0,0.4570000000000001,0.87,0.9366,0.8774,0.94,0.7600000000000001,0.892,0.764,0.88,1.0,,1.0,1.0,,,Good
2026-01-07,BALATÇIK,88.78786761553631,False,1.0,1.0,1.0,0.396,0.87,0.9292,0.8868,0.94,0.72,0.84,0.738,0.88,1.0,,1.0,1.0,,,Good
2026-01-07,BALÇOVA,89.95373593605609,False,1.0,1.0,1.0,0.744,0.87,0.9715,0.8573,0.94,0.8,0.896,0.784,0.92,1.0,,1.0,1.0,,,Good
2026-01-07,BORNOVA,89.05206029037697,False,1.0,1.0,1.0,0.395,0.87,0.9323,0.7532,0.94,0.7600000000000001,0.892,0.764,0.92,1.0,,1.0,1.0,,,Good
2026-01-07,BOSTANLI,88.97724734916687,False,1.0,1.0,1.0,0.43600000000000005,0.87,0.93785,0.8664499999999999,0.94,0.7600000000000001,0.892,0.7628,0.88,1.0,,1.0,1.0,,,Good
2026-01-07,BUCA,90.04993648003658,False,1.0,1.0,1.0,0.795,0.87,0.9654,0.7709,0.94,0.8,0.796,0.8196,0.92,1.0,,1.0,1.0,,,Good
2026-01-07,EGEKENT,88.78675576609791,False,1.0,1.0,1.0,0.396,0.87,0.93045,0.87585,0.94,0.72,0.84,0.7363999999999999,0.88,1.0,,1.0,1.0,,,Good
2026-01-07,ESKİ İZMİR,90.36487134051654,False,1.0,1.0,1.0,0.925,0.87,0.97265,0.93735,0.94,0.8,0.812,0.786,0.92,1.0,,1.0,1.0,,,Good
2026-01-07,EVKA-2,88.80487886669144,False,1.0,1.0,1.0,0.403,0.87,0.92945,0.89695,0.94,0.72,0.84,0.7376,0.88,1.0,,1.0,1.0,,,Good
2026-01-07,EVKA-3,89.04473665532977,False,1.0,1.0,1.0,0.391,0.87,0.9387,0.762,0.94,0.7600000000000001,0.892,0.7648,0.92,1.0,,1.0,1.0,,,Good
2026-01-07,GAZİEMİR,90.36485912239084,False,1.0,1.0,1.0,0.925,0.87,0.97375,0.9359500000000001,0.94,0.8,0.812,0.7884,0.92,1.0,,1.0,1.0,,,Good
2026-01-07,GEDİZ,89.91958152324064,False,1.0,1.0,1.0,0.744,0.87,0.95005,0.6539999999999999,0.94,0.8,0.796,0.8196,0.92,1.0,,1.0,1.0,,,Good
2026-01-07,GÜLTEPE,90.0710785889851,False,1.0,1.0,1.0,0.802,0.87,0.9698,0.81335,0.94,0.8,0.796,0.8200000000000001,0.92,1.0,,1.0,1.0,,,Good
2026-01-07,GÜLÇEŞME,89.81968499623692,False,1.0,1.0,1.0,0.704,0.87,0.9431,0.5779,0.94,0.8,0.796,0.8200000000000001,0.92,1.0,,1.0,1.0,,,Good
2026-01-07,GÜMÜŞPALA,88.67303185763144,False,1.0,1.0,1.0,0.34899999999999987,0.87,0.848,0.020999999999999908,0.94,0.7600000000000001,0.876,0.7508,0.88,1.0,,1.0,1.0,,,Good
2026-01-07,GÜZELBAHÇE,89.05919943887126,False,1.0,1.0,1.0,0.366,0.87,0.9401,0.5416,0.94,0.8,0.896,0.784,0.92,1.0,,1.0,1.0,,,Good
2026-01-07,GÜZELYALI,89.81909219087903,False,1.0,1.0,1.0,0.6819999999999999,0.87,0.9771,0.9017,0.94,0.8,0.896,0.782,0.92,1.0,,1.0,1.0,,,Good
2026-01-07,HATAY,90.05890076166796,False,1.0,1.0,1.0,0.916,0.87,0.97295,0.9386,0.94,0.68,0.812,0.7884,0.92,1.0,,1.0,1.0,,,Good
2026-01-07,IŞIKKENT,89.21024180218545,False,1.0,1.0,1.0,0.45999999999999996,0.87,0.9247,0.85905,0.94,0.7600000000000001,0.892,0.7636000000000001,0.92,1.0,,1.0,1.0,,,Good
2026-01-07,KARABAĞLAR,90.3572406684958,False,1.0,1.0,1.0,0.922,0.87,0.9718,0.93075,0.94,0.8,0.812,0.786,0.92,1.0,,1.0,1.0,,,Good
2026-01-07,KARŞIYAKA,88.99243515819258,False,1.0,1.0,1.0,0.44400000000000006,0.87,0.9309499999999999,0.8476,0.94,0.7600000000000001,0.892,0.7628,0.88,1.0,,1.0,1.0,,,Good
2026-01-07,KONAK,90.13184023312088,False,1.0,1.0,1.0,0.822,0.87,0.978,0.86925,0.94,0.8,0.892,0.7724,0.92,1.0,,1.0,1.0,,,Good
2026-01-07,MANAVKUYU,88.9891430521021,False,1.0,1.0,1.0,0.44100000000000006,0.87,0.9372,0.87225,0.94,0.7600000000000001,0.892,0.7628,0.88,1.0,,1.0,1.0,,,Good
2026-01-07,NARLIDERE,89.52127763963912,False,1.0,1.0,1.0,0.558,0.87,0.9659,0.7601,0.94,0.8,0.896,0.786,0.92,1.0,,1.0,1.0,,,Good
2026-01-07,OSMANGAZİ,89.00083353577791,False,1.0,1.0,1.0,0.44599999999999995,0.87,0.937,0.87585,0.94,0.7600000000000001,0.892,0.762,0.88,1.0,,1.0,1.0,,,Good
2026-01-07,PINARBAŞI,89.22239974229996,False,1.0,1.0,1.0,0.4650000000000001,0.87,0.9256,0.86565,0.94,0.7600000000000001,0.892,0.7632,0.92,1.0,,1.0,1.0,,,Good
2026-01-07,YENİŞEHİR,90.10106888355388,False,1.0,1.0,1.0,0.8089999999999999,0.87,0.97585,0.85905,0.94,0.8,0.892,0.7767999999999999,0.92,1.0,,1.0,1.0,,,Good
2026-01-07,YEŞİLYURT,90.13377341212,False,1.0,1.0,1.0,0.823,0.87,0.97255,0.9347,0.94,0.8,0.812,0.786,0.92,1.0,,1.0,1.0,,,Good
2026-01-07,ÇAMDİBİ,89.03910115798298,False,1.0,1.0,1.0,0.389,0.87,0.93325,0.7577,0.94,0.7600000000000001,0.892,0.764,0.92,1.0,,1.0,1.0,,,Good
2026-01-07,ÇİĞLİ,88.80763156515857,False,1.0,1.0,1.0,0.404,0.87,0.9284,0.9023,0.94,0.72,0.84,0.738,0.88,1.0,,1.0,1.0,,,Good
2026-01-07,ÖRNEKKÖY,89.07860167957548,False,1.0,1.0,1.0,0.5130000000000001,0.87,0.8774,0.2965000000000001,0.94,0.7600000000000001,0.876,0.7516,0.88,1.0,,1.0,1.0,,,Good
2026-01-07,ÖZKANLAR,88.99813332999895,False,1.0,1.0,1.0,0.45499999999999996,0.87,0.94035,0.6686,0.94,0.7600000000000001,0.892,0.7624,0.88,1.0,,1.0,1.0,,,Good
2026-01-07,ÜÇKUYULAR,89.84868946907123,False,1.0,1.0,1.0,0.6950000000000001,0.87,0.96955,0.91055,0.94,0.8,0.896,0.786,0.92,1.0,,1.0,1.0,,,Good
2026-01-07,ŞEMİKLER,88.98874551049377,False,1.0,1.0,1.0,0.44199999999999995,0.87,0.93205,0.85395,0.94,0.7600000000000001,0.892,0.762,0.88,1.0,,1.0,1.0,,,Good
2026-01-07,ŞİRİNYER,90.07585881753313,False,1.0,1.0,1.0,0.804,0.87,0.97,0.8155,0.94,0.8,0.796,0.8188,0.92,1.0,,1.0,1.0,,,Good
2026-01-14,9 EYLÜL MAH,90.40328942667695,False,1.0,1.0,1.0,0.947,0.87,0.96675,0.7822,0.94,0.8,0.888,0.784,0.92,1.0,,1.0,1.0,,,Good
2026-01-14,ADATEPE,90.16223389255671,False,1.0,1.0,1.0,0.9339999999999999,0.87,0.93935,0.68925,0.94,0.72,0.804,0.7964,0.92,1.0,,1.0,1.0,,,Good
2026-01-14,AKINCILAR,89.54706761410729,False,1.0,1.0,1.0,0.577,0.87,0.9796,0.6011500000000001,0.94,0.8,0.888,0.7812,0.92,1.0,,1.0,1.0,,,Good
2026-01-14,AKTEPE,90.40457142482876,False,1.0,1.0,1.0,0.947,0.87,0.9656,0.79145,0.94,0.8,0.892,0.7844,0.92,1.0,,1.0,1.0,,,Good
2026-01-14,ALAYBEY,89.36690164527899,False,1.0,1.0,1.0,0.6950000000000001,0.87,0.95845,0.83575,0.94,0.68,0.84,0.7652,0.88,1.0,,1.0,1.0,,,Good
2026-01-14,BEYAZEVLER,90.34286219716672,False,1.0,1.0,1.0,0.93,0.87,0.9683,0.58645,0.94,0.8,0.888,0.7847999999999999,0.92,1.0,,1.0,1.0,,,Good
2026-01-14,CENGİZHAN,89.38758744414912,False,1.0,1.0,1.0,0.6220000000000001,0.87,0.9527,0.78865,0.94,0.7600000000000001,0.856,0.7488,0.88,1.0,,1.0,1.0,,,Good
2026-01-14,CENNETÇEŞME,89.95960255365972,False,1.0,1.0,1.0,0.928,0.87,0.93275,0.7058,0.94,0.6399999999999999,0.808,0.7956,0.92,1.0,,1.0,1.0,,,Good
2026-01-14,CUMHURİYET MAH,89.31301133927806,False,1.0,1.0,1.0,0.671,0.87,0.95555,0.839,0.94,0.68,0.844,0.7664,0.88,1.0,,1.0,1.0,,,Good
2026-01-14,DOĞANÇAY,89.10605755856602,False,1.0,1.0,1.0,0.5820000000000001,0.87,0.93915,0.7948999999999999,0.94,0.68,0.86,0.746,0.88,1.0,,1.0,1.0,,,Good
2026-01-14,EGEKENT-2,89.4720484056894,False,1.0,1.0,1.0,0.6599999999999999,0.87,0.95485,0.78975,0.94,0.7600000000000001,0.836,0.7404,0.88,1.0,,1.0,1.0,,,Good
2026-01-14,ESENDERE,89.90109289109911,False,1.0,1.0,1.0,0.904,0.87,0.92715,0.67415,0.94,0.6399999999999999,0.808,0.7964,0.92,1.0,,1.0,1.0,,,Good
2026-01-14,EVKA-1,90.14262063315137,False,1.0,1.0,1.0,0.926,0.87,0.93795,0.67725,0.94,0.72,0.804,0.7968,0.92,1.0,,1.0,1.0,,,Good
2026-01-14,EVKA-5,89.34820873464994,False,1.0,1.0,1.0,0.6439999999999999,0.87,0.98605,0.8195,0.94,0.72,0.844,0.7416,0.88,1.0,,1.0,1.0,,,Good
2026-01-14,GÜZELBAHÇE,89.1463452204026,False,1.0,1.0,1.0,0.386,0.87,0.97005,0.8858,0.94,0.8,0.892,0.776,0.92,1.0,,1.0,1.0,,,Good
2026-01-14,GÜZELTEPE,89.33974821848771,False,1.0,1.0,1.0,0.681,0.87,0.95865,0.8435,0.94,0.68,0.88,0.7656,0.88,1.0,,1.0,1.0,,,Good
2026-01-14,KADİFEKALE,89.05781508712262,False,1.0,1.0,1.0,0.31999999999999995,0.87,0.974,0.57355,0.94,0.8399999999999999,0.896,0.7816,0.92,1.0,,1.0,1.0,,,Good
2026-01-14,KOZAĞAÇ,90.06101373526917,False,1.0,1.0,1.0,0.891,0.87,0.935,0.6588499999999999,0.94,0.72,0.804,0.7968,0.92,1.0,,1.0,1.0,,,Good
2026-01-14,KURUÇEŞME,90.1561454195128,False,1.0,1.0,1.0,0.933,0.87,0.9390000000000001,0.65575,0.94,0.72,0.804,0.7968,0.92,1.0,,1.0,1.0,,,Good
2026-01-14,LEVENT,89.71356944325359,False,1.0,1.0,1.0,0.64,0.87,0.9863999999999999,0.81245,0.94,0.8,0.88,0.782,0.92,1.0,,1.0,1.0,,,Good
2026-01-14,MERSİNLİ,89.6215543694685,False,1.0,1.0,1.0,0.724,0.87,0.9636,0.7785,0.94,0.7600000000000001,0.888,0.7708,0.88,1.0,,1.0,1.0,,,Good
2026-01-14,MEVLANA,89.61416376099154,False,1.0,1.0,1.0,0.72,0.87,0.96485,0.7920499999999999,0.94,0.7600000000000001,0.888,0.7692,0.88,1.0,,1.0,1.0,,,Good
2026-01-14,NALDÖKEN,89.42551018415311,False,1.0,1.0,1.0,0.723,0.87,0.96445,0.78765,0.94,0.68,0.84,0.7672,0.88,1.0,,1.0,1.0,,,Good
2026-01-14,POSTACI MAH,89.29856091676432,False,1.0,1.0,1.0,0.664,0.87,0.95735,0.8527,0.94,0.68,0.84,0.766,0.88,1.0,,1.0,1.0,,,Good
2026-01-14,TOROS,89.72301948469519,False,1.0,1.0,1.0,0.6439999999999999,0.87,0.98605,0.8195,0.94,0.8,0.876,0.7824,0.92,1.0,,1.0,1.0,,,Good
2026-01-14,UFUK MAH,89.69707293720883,False,1.0,1.0,1.0,0.633,0.87,0.98585,0.81035,0.94,0.8,0.876,0.7824,0.92,1.0,,1.0,1.0,,,Good
2026-01-14,UZUNDERE,89.9656586712967,False,1.0,1.0,1.0,0.929,0.87,0.9399,0.7321500000000001,0.94,0.6399999999999999,0.808,0.796,0.92,1.0,,1.0,1.0,,,Good
2026-01-14,UĞUR MUMCU MAH,90.40587242895386,False,1.0,1.0,1.0,0.949,0.87,0.96645,0.7621,0.94,0.8,0.892,0.7844,0.92,1.0,,1.0,1.0,,,Good
2026-01-14,YAMANLAR,89.30615968590128,False,1.0,1.0,1.0,0.667,0.87,0.9528,0.86125,0.94,0.68,0.844,0.7656,0.88,1.0,,1.0,1.0,,,Good
2026-01-14,YAMAÇ MAH,89.35730453380586,False,1.0,1.0,1.0,0.69,0.87,0.9561,0.8501,0.94,0.68,0.844,0.7648,0.88,1.0,,1.0,1.0,,,Good
2026-01-14,YEŞİLOVA,89.62993577743481,False,1.0,1.0,1.0,0.727,0.87,0.96625,0.79,0.94,0.7600000000000001,0.888,0.77,0.88,1.0,,1.0,1.0,,,Good
2026-01-14,YEŞİLÇAM,89.22557503786905,False,1.0,1.0,1.0,0.652,0.87,0.9279999999999999,0.477,0.94,0.68,0.84,0.7648,0.88,1.0,,1.0,1.0,,,Good
2026-01-14,ÇAMLIK MAH,90.40882717901816,False,1.0,1.0,1.0,0.949,0.87,0.968,0.7867,0.94,0.8,0.892,0.784,0.92,1.0,,1.0,1.0,,,Good
2026-01-14,ÇAMLIKULE,90.16444921975477,False,1.0,1.0,1.0,0.935,0.87,0.9402,0.6879500000000001,0.94,0.72,0.804,0.7968,0.92,1.0,,1.0,1.0,,,Good
2026-01-14,ÇANKAYA,89.35303684729486,False,1.0,1.0,1.0,0.6060000000000001,0.87,0.9631,0.76235,0.94,0.7600000000000001,0.892,0.77,0.88,1.0,,1.0,1.0,,,Good
2026-01-14,ÇAY MAH,89.42133911133975,False,1.0,1.0,1.0,0.637,0.87,0.95785,0.78165,0.94,0.7600000000000001,0.856,0.7512,0.88,1.0,,1.0,1.0,,,Good
2026-01-14,İNCİRALTI,89.01053690683739,False,1.0,1.0,1.0,0.32499999999999996,0.87,0.97205,0.90645,0.94,0.8,0.888,0.7772,0.92,1.0,,1.0,1.0,,,Good
2026-01-14,İZYUVA,89.43076103680204,False,1.0,1.0,1.0,0.725,0.87,0.9631,0.79535,0.94,0.68,0.84,0.768,0.88,1.0,,1.0,1.0,,,Good
2026-01-21,ALTINDAĞ,89.84277385987977,False,1.0,1.0,1.0,0.781,0.87,0.94625,0.7758,0.94,0.8,0.88,0.768,0.88,1.0,,1.0,1.0,,,Good
2026-01-21,ATATÜRK MAH,89.60249086617699,False,1.0,1.0,1.0,0.802,0.87,0.95145,0.8196,0.94,0.68,0.796,0.7752,0.88,1.0,,1.0,1.0,,,Good
2026-01-21,BALATÇIK,89.72259057608582,False,1.0,1.0,1.0,0.77,0.87,0.9494,0.8096,0.94,0.7600000000000001,0.836,0.7432000000000001,0.88,1.0,,1.0,1.0,,,Good
2026-01-21,BORNOVA,89.85541532100565,False,1.0,1.0,1.0,0.788,0.87,0.9496,0.7376,0.94,0.8,0.888,0.7704,0.88,1.0,,1.0,1.0,,,Good
2026-01-21,BOSTANLI,90.18219715482009,False,1.0,1.0,1.0,0.8069999999999999,0.87,0.95335,0.7965,0.94,0.8399999999999999,0.892,0.7776000000000001,0.92,1.0,,1.0,1.0,,,Good
2026-01-21,BUCA,89.88257101041279,False,1.0,1.0,1.0,0.713,0.87,0.964,0.85895,0.94,0.8,0.892,0.784,0.92,1.0,,1.0,1.0,,,Good
2026-01-21,EGEKENT,89.62716113159374,False,1.0,1.0,1.0,0.727,0.87,0.95,0.8255,0.94,0.7600000000000001,0.836,0.7428,0.88,1.0,,1.0,1.0,,,Good
2026-01-21,ESKİ İZMİR,89.86995627197119,False,1.0,1.0,1.0,0.917,0.87,0.9802,0.855,0.94,0.68,0.796,0.776,0.88,1.0,,1.0,1.0,,,Good
2026-01-21,EVKA-2,90.12352752531748,False,1.0,1.0,1.0,0.783,0.87,0.955,0.75625,0.94,0.8399999999999999,0.892,0.7776000000000001,0.92,1.0,,1.0,1.0,,,Good
2026-01-21,EVKA-3,89.81526520239694,False,1.0,1.0,1.0,0.775,0.87,0.8666,0.7257,0.94,0.8,0.888,0.7704,0.88,1.0,,1.0,1.0,,,Good
2026-01-21,GAZİEMİR,90.26961535530214,False,1.0,1.0,1.0,0.921,0.87,0.979,0.8636,0.94,0.8399999999999999,0.892,0.7772,0.88,1.0,,1.0,1.0,,,Good
2026-01-21,GEDİZ,89.84036598407118,False,1.0,1.0,1.0,0.694,0.87,0.975,0.85495,0.94,0.8,0.892,0.7832,0.92,1.0,,1.0,1.0,,,Good
2026-01-21,GÜLÇEŞME,89.88947606152409,False,1.0,1.0,1.0,0.718,0.87,0.95215,0.8319,0.94,0.8,0.892,0.7832,0.92,1.0,,1.0,1.0,,,Good
2026-01-21,GÜMÜŞPALA,88.73077441005267,False,1.0,1.0,1.0,0.31699999999999984,0.87,0.9247,0.255,0.94,0.8,0.872,0.7608,0.88,1.0,,1.0,1.0,,,Good
2026-01-21,GÜZELBAHÇE,89.93206202901864,False,1.0,1.0,1.0,0.6910000000000001,0.87,0.9552,0.9034,0.94,0.8399999999999999,0.892,0.7804,0.92,1.0,,1.0,1.0,,,Good
2026-01-21,GÜZELYALI,89.94886036802042,False,1.0,1.0,1.0,0.6970000000000001,0.87,0.9664,0.92075,0.94,0.8399999999999999,0.892,0.7796,0.92,1.0,,1.0,1.0,,,Good
2026-01-21,HATAY,89.86799956176704,False,1.0,1.0,1.0,0.916,0.87,0.97555,0.8624499999999999,0.94,0.68,0.796,0.7748,0.88,1.0,,1.0,1.0,,,Good
2026-01-21,IŞIKKENT,89.85749489125153,False,1.0,1.0,1.0,0.787,0.87,0.9565,0.76905,0.94,0.8,0.888,0.7708,0.88,1.0,,1.0,1.0,,,Good
2026-01-21,KARABAĞLAR,89.87928232206312,False,1.0,1.0,1.0,0.921,0.87,0.9779,0.8598,0.94,0.68,0.796,0.7752,0.88,1.0,,1.0,1.0,,,Good
2026-01-21,KARŞIYAKA,90.1882367553612,False,1.0,1.0,1.0,0.8089999999999999,0.87,0.9569,0.8064,0.94,0.8399999999999999,0.892,0.7767999999999999,0.92,1.0,,1.0,1.0,,,Good
2026-01-21,KONAK,90.00363151037945,False,1.0,1.0,1.0,0.725,0.87,0.96385,0.8476,0.94,0.8399999999999999,0.892,0.7776000000000001,0.92,1.0,,1.0,1.0,,,Good
2026-01-21,MANAVKUYU,89.58213818390541,False,1.0,1.0,1.0,0.794,0.87,0.9554,0.79565,0.94,0.68,0.796,0.7764,0.88,1.0,,1.0,1.0,,,Good
2026-01-21,NARLIDERE,89.93200749997618,False,1.0,1.0,1.0,0.69,0.87,0.96285,0.9153,0.94,0.8399999999999999,0.892,0.78,0.92,1.0,,1.0,1.0,,,Good
2026-01-21,OSMANGAZİ,89.59569532567379,False,1.0,1.0,1.0,0.8,0.87,0.94775,0.8032,0.94,0.68,0.796,0.7756000000000001,0.88,1.0,,1.0,1.0,,,Good
2026-01-21,PINARBAŞI,89.82817500976498,False,1.0,1.0,1.0,0.775,0.87,0.95635,0.75,0.94,0.8,0.888,0.7712,0.88,1.0,,1.0,1.0,,,Good
2026-01-21,YEŞİLYURT,89.87569969609496,False,1.0,1.0,1.0,0.919,0.87,0.9768,0.8692,0.94,0.68,0.796,0.7756000000000001,0.88,1.0,,1.0,1.0,,,Good
2026-01-21,ÇAMDİBİ,89.88112429382568,False,1.0,1.0,1.0,0.7979999999999999,0.87,0.95335,0.7611,0.94,0.8,0.888,0.7704,0.88,1.0,,1.0,1.0,,,Good
2026-01-21,ÇİĞLİ,90.15701786037516,False,1.0,1.0,1.0,0.797,0.87,0.95335,0.7739,0.94,0.8399999999999999,0.892,0.778,0.92,1.0,,1.0,1.0,,,Good
2026-01-21,ÖRNEKKÖY,88.72148999209276,False,1.0,1.0,1.0,0.31200000000000006,0.87,0.92595,0.27165000000000006,0.94,0.8,0.872,0.7612,0.88,1.0,,1.0,1.0,,,Good
2026-01-21,ÖZKANLAR,89.62698526679813,False,1.0,1.0,1.0,0.813,0.87,0.9539,0.8136,0.94,0.68,0.796,0.776,0.88,1.0,,1.0,1.0,,,Good
2026-01-21,ÜÇKUYULAR,89.9454664442158,False,1.0,1.0,1.0,0.696,0.87,0.96425,0.9129,0.94,0.8399999999999999,0.892,0.7796,0.92,1.0,,1.0,1.0,,,Good
2026-01-21,ŞEMİKLER,89.62087406041898,False,1.0,1.0,1.0,0.585,0.87,0.9366,0.2915000000000001,0.94,0.8399999999999999,0.892,0.778,0.92,1.0,,1.0,1.0,,,Good
2026-01-28,9 EYLÜL MAH,90.053051506664,False,1.0,1.0,1.0,0.844,0.87,0.868,0.8029,0.94,0.7600000000000001,0.74,0.8176,0.92,1.0,,1.0,1.0,,,Good
2026-01-28,ADATEPE,89.77717779159164,False,1.0,1.0,1.0,0.918,0.87,0.97575,0.858,0.94,0.6399999999999999,0.8,0.7792,0.88,1.0,,1.0,1.0,,,Good
2026-01-28,AKINCILAR,88.7440033891604,False,1.0,1.0,1.0,0.2609999999999999,0.87,0.9589,0.5991500000000001,0.94,0.8399999999999999,0.892,0.7668,0.88,1.0,,1.0,1.0,,,Good
2026-01-28,AKTEPE,90.25823682681224,False,1.0,1.0,1.0,0.9359999999999999,0.87,0.8795,0.7651,0.94,0.7600000000000001,0.74,0.8176,0.92,1.0,,1.0,1.0,,,Good
2026-01-28,ALAYBEY,88.91057281097869,False,1.0,1.0,1.0,0.41200000000000003,0.87,0.95865,0.7433,0.94,0.7600000000000001,0.884,0.7552,0.88,1.0,,1.0,1.0,,,Good
2026-01-28,BEYAZEVLER,90.26169862909295,False,1.0,1.0,1.0,0.937,0.87,0.887,0.7682,0.94,0.7600000000000001,0.74,0.8176,0.92,1.0,,1.0,1.0,,,Good
2026-01-28,CENGİZHAN,89.05261779892729,False,1.0,1.0,1.0,0.472,0.87,0.96215,0.79535,0.94,0.7600000000000001,0.884,0.7556,0.88,1.0,,1.0,1.0,,,Good
2026-01-28,CENNETÇEŞME,89.07550498013661,False,1.0,1.0,1.0,0.43399999999999994,0.87,0.96635,0.9038,0.94,0.8,0.892,0.77,0.88,1.0,,1.0,1.0,,,Good
2026-01-28,CUMHURİYET MAH,88.9728579577391,False,1.0,1.0,1.0,0.478,0.87,0.96075,0.8106,0.94,0.72,0.888,0.756,0.88,1.0,,1.0,1.0,,,Good
2026-01-28,DOĞANÇAY,89.17352407185115,False,1.0,1.0,1.0,0.44500000000000006,0.87,0.95475,0.811,0.94,0.7600000000000001,0.884,0.7616,0.92,1.0,,1.0,1.0,,,Good
2026-01-28,EGEKENT-2,89.06689912067603,False,1.0,1.0,1.0,0.43600000000000005,0.87,0.9564,0.846,0.94,0.8,0.836,0.726,0.88,1.0,,1.0,1.0,,,Good
2026-01-28,ESENDERE,89.07454540474625,False,1.0,1.0,1.0,0.43399999999999994,0.87,0.96765,0.89405,0.94,0.8,0.892,0.7696000000000001,0.88,1.0,,1.0,1.0,,,Good
2026-01-28,EVKA-1,89.77733051816284,False,1.0,1.0,1.0,0.92,0.87,0.9618,0.8332999999999999,0.94,0.6399999999999999,0.8,0.7792,0.88,1.0,,1.0,1.0,,,Good
2026-01-28,EVKA-5,89.10213777901626,False,1.0,1.0,1.0,0.45099999999999996,0.87,0.9576,0.85955,0.94,0.8,0.832,0.7252000000000001,0.88,1.0,,1.0,1.0,,,Good
2026-01-28,GÜZELBAHÇE,89.04857781493232,False,1.0,1.0,1.0,0.42199999999999993,0.87,0.96705,0.90505,0.94,0.8,0.892,0.7704,0.88,1.0,,1.0,1.0,,,Good
2026-01-28,GÜZELTEPE,88.97303693065439,False,1.0,1.0,1.0,0.478,0.87,0.9618,0.8110999999999999,0.94,0.72,0.888,0.7564,0.88,1.0,,1.0,1.0,,,Good
2026-01-28,KADİFEKALE,88.90463056246249,False,1.0,1.0,1.0,0.32800000000000007,0.87,0.9599,0.67805,0.94,0.8399999999999999,0.892,0.766,0.88,1.0,,1.0,1.0,,,Good
2026-01-28,KOZAĞAÇ,89.7690000190536,False,1.0,1.0,1.0,0.915,0.87,0.9757,0.8457,0.94,0.6399999999999999,0.8,0.78,0.88,1.0,,1.0,1.0,,,Good
2026-01-28,KURUÇEŞME,89.78080159716863,False,1.0,1.0,1.0,0.921,0.87,0.978,0.82775,0.94,0.6399999999999999,0.8,0.7796,0.88,1.0,,1.0,1.0,,,Good
2026-01-28,LEVENT,88.3298043670868,False,1.0,1.0,1.0,0.27600000000000013,0.87,0.98575,0.82085,0.94,0.6399999999999999,0.892,0.776,0.88,1.0,,1.0,1.0,,,Good
2026-01-28,MERSİNLİ,89.09575253412977,False,1.0,1.0,1.0,0.491,0.87,0.9634,0.79535,0.94,0.7600000000000001,0.884,0.756,0.88,1.0,,1.0,1.0,,,Good
2026-01-28,MEVLANA,89.06238143892843,False,1.0,1.0,1.0,0.476,0.87,0.9633,0.8006,0.94,0.7600000000000001,0.884,0.7544,0.88,1.0,,1.0,1.0,,,Good
2026-01-28,NALDÖKEN,88.93171537245038,False,1.0,1.0,1.0,0.42500000000000004,0.87,0.95935,0.66955,0.94,0.7600000000000001,0.884,0.7544,0.88,1.0,,1.0,1.0,,,Good
2026-01-28,POSTACI MAH,88.98554150352015,False,1.0,1.0,1.0,0.483,0.87,0.96335,0.82005,0.94,0.72,0.888,0.7568,0.88,1.0,,1.0,1.0,,,Good
2026-01-28,TOROS,88.88618662293864,False,1.0,1.0,1.0,0.31000000000000005,0.87,0.9884,0.84575,0.94,0.8399999999999999,0.892,0.7756000000000001,0.88,1.0,,1.0,1.0,,,Good
2026-01-28,UFUK MAH,88.42166657139863,False,1.0,1.0,1.0,0.31499999999999995,0.87,0.9878,0.8508,0.94,0.6399999999999999,0.892,0.776,0.88,1.0,,1.0,1.0,,,Good
2026-01-28,UZUNDERE,89.01723130841121,False,1.0,1.0,1.0,0.40800000000000003,0.87,0.9673,0.9077500000000001,0.94,0.8,0.892,0.77,0.88,1.0,,1.0,1.0,,,Good
2026-01-28,UĞUR MUMCU MAH,90.25857259900731,False,1.0,1.0,1.0,0.9359999999999999,0.87,0.8783,0.7693,0.94,0.7600000000000001,0.74,0.8172,0.92,1.0,,1.0,1.0,,,Good
2026-01-28,YAMANLAR,88.90613613087923,False,1.0,1.0,1.0,0.44900000000000007,0.87,0.96085,0.8005,0.94,0.72,0.888,0.7588,0.88,1.0,,1.0,1.0,,,Good
2026-01-28,YAMAÇ MAH,88.95738528537541,False,1.0,1.0,1.0,0.471,0.87,0.9621999999999999,0.81235,0.94,0.72,0.888,0.7564,0.88,1.0,,1.0,1.0,,,Good
2026-01-28,YEŞİLOVA,89.09143297417283,False,1.0,1.0,1.0,0.489,0.87,0.96135,0.79925,0.94,0.7600000000000001,0.884,0.7556,0.88,1.0,,1.0,1.0,,,Good
2026-01-28,YEŞİLÇAM,89.20672298198481,False,1.0,1.0,1.0,0.538,0.87,0.9615,0.8382499999999999,0.94,0.7600000000000001,0.884,0.7548,0.88,1.0,,1.0,1.0,,,Good
2026-01-28,ÇAMLIK MAH,90.24589629359703,False,1.0,1.0,1.0,0.931,0.87,0.87155,0.764,0.94,0.7600000000000001,0.74,0.8172,0.92,1.0,,1.0,1.0,,,Good
2026-01-28,ÇAMLIKULE,89.781031478941,False,1.0,1.0,1.0,0.924,0.87,0.95795,0.7898000000000001,0.94,0.6399999999999999,0.8,0.78,0.88,1.0,,1.0,1.0,,,Good
2026-01-28,ÇANKAYA,88.93405197585908,False,1.0,1.0,1.0,0.42199999999999993,0.87,0.95845,0.7512,0.94,0.7600000000000001,0.884,0.7532,0.88,1.0,,1.0,1.0,,,Good
2026-01-28,ÇAY MAH,89.04793056389151,False,1.0,1.0,1.0,0.471,0.87,0.96135,0.77475,0.94,0.7600000000000001,0.884,0.7552,0.88,1.0,,1.0,1.0,,,Good
2026-01-28,İNCİRALTI,89.06452563662866,False,1.0,1.0,1.0,0.42900000000000005,0.87,0.96705,0.90605,0.94,0.8,0.892,0.77,0.88,1.0,,1.0,1.0,,,Good
2026-01-28,İZYUVA,89.02639091333467,False,1.0,1.0,1.0,0.45999999999999996,0.87,0.96005,0.80575,0.94,0.7600000000000001,0.884,0.754,0.88,1.0,,1.0,1.0,,,Good
2026-02-04,ALTINDAĞ,89.93574474596778,False,1.0,1.0,1.0,0.8190000000000001,0.87,0.966,0.79545,0.94,0.8000000000000007,0.908,0.768,0.88,1.0,,1.0,1.0,,,Good
2026-02-04,ATATÜRK MAH,90.4211709156211,False,1.0,1.0,1.0,0.8240000000000001,0.87,0.9671,0.7938,0.94,1.0,0.884,0.7688,0.88,1.0,,1.0,1.0,,,Good
2026-02-04,BALATÇIK,90.09369049320263,False,1.0,1.0,1.0,0.808,0.87,0.9418,0.8362,0.94,0.8000000000000007,0.908,0.7628,0.92,1.0,,1.0,1.0,,,Good
2026-02-04,BALÇOVA,89.86374460544742,False,1.0,1.0,1.0,0.741,0.87,0.9702,0.8882,0.94,0.8399999999999999,0.888,0.7744,0.88,1.0,,1.0,1.0,,,Good
2026-02-04,BORNOVA,90.43322409662085,False,1.0,1.0,1.0,0.829,0.87,0.9663,0.80095,0.94,1.0,0.884,0.7712,0.88,1.0,,1.0,1.0,,,Good
2026-02-04,BOSTANLI,90.50466393009232,False,1.0,1.0,1.0,0.779,0.87,0.9582,0.82485,0.94,1.0,0.904,0.7672,0.92,1.0,,1.0,1.0,,,Good
2026-02-04,BUCA,90.6618181547534,False,1.0,1.0,1.0,0.933,0.87,0.9716,0.93315,0.94,0.9199999999999999,0.736,0.8428,0.92,1.0,,1.0,1.0,,,Good
2026-02-04,EGEKENT,90.09841732401613,False,1.0,1.0,1.0,0.81,0.87,0.9436,0.83615,0.94,0.8000000000000007,0.908,0.7632,0.92,1.0,,1.0,1.0,,,Good
2026-02-04,ESKİ İZMİR,90.67382554755304,False,1.0,1.0,1.0,0.942,0.87,0.73325,0.21550000000000002,0.94,0.9600000000000002,0.788,0.8232,0.92,1.0,,1.0,1.0,,,Good
2026-02-04,EVKA-2,90.57218581792372,False,1.0,1.0,1.0,0.81,0.87,0.9429,0.81735,0.94,1.0,0.904,0.7628,0.92,1.0,,1.0,1.0,,,Good
2026-02-04,EVKA-3,89.42397361789895,False,1.0,1.0,1.0,0.593,0.87,0.96455,0.8121,0.94,0.8000000000000007,0.884,0.7716000000000001,0.88,1.0,,1.0,1.0,,,Good
2026-02-04,GAZİEMİR,90.66172779302066,False,1.0,1.0,1.0,0.9390000000000001,0.87,0.74525,0.15650000000000008,0.94,0.9600000000000002,0.788,0.8240000000000001,0.92,1.0,,1.0,1.0,,,Good
2026-02-04,GEDİZ,90.64918710166052,False,1.0,1.0,1.0,0.928,0.87,0.9718,0.9213,0.94,0.9199999999999999,0.736,0.8428,0.92,1.0,,1.0,1.0,,,Good
2026-02-04,GÜLTEPE,90.31323916087914,False,1.0,1.0,1.0,0.773,0.87,0.97965,0.84695,0.94,1.0,0.884,0.772,0.88,1.0,,1.0,1.0,,,Good
2026-02-04,GÜLÇEŞME,90.64664369516133,False,1.0,1.0,1.0,0.928,0.87,0.9663,0.90435,0.94,0.9199999999999999,0.736,0.8424,0.92,1.0,,1.0,1.0,,,Good
2026-02-04,GÜMÜŞPALA,90.48566089818705,False,1.0,1.0,1.0,0.771,0.87,0.9577,0.8176,0.94,1.0,0.904,0.7644,0.92,1.0,,1.0,1.0,,,Good
2026-02-04,GÜZELBAHÇE,89.81767570998504,False,1.0,1.0,1.0,0.721,0.87,0.97055,0.8806,0.94,0.8399999999999999,0.888,0.7748,0.88,1.0,,1.0,1.0,,,Good
2026-02-04,GÜZELYALI,89.8442146103061,False,1.0,1.0,1.0,0.733,0.87,0.9658,0.8832,0.94,0.8399999999999999,0.884,0.774,0.88,1.0,,1.0,1.0,,,Good
2026-02-04,HATAY,90.55681015223833,False,1.0,1.0,1.0,0.9319999999999999,0.87,0.7316499999999999,0.21849999999999992,0.94,0.9199999999999999,0.796,0.8228,0.92,1.0,,1.0,1.0,,,Good
2026-02-04,IŞIKKENT,89.91221376718397,False,1.0,1.0,1.0,0.8089999999999999,0.87,0.96485,0.80745,0.94,0.8000000000000007,0.884,0.7724,0.88,1.0,,1.0,1.0,,,Good
2026-02-04,KARABAĞLAR,90.65360138186287,False,1.0,1.0,1.0,0.938,0.87,0.69145,0.15849999999999997,0.94,0.9600000000000002,0.788,0.8236,0.92,1.0,,1.0,1.0,,,Good
2026-02-04,KARŞIYAKA,90.48503732125334,False,1.0,1.0,1.0,0.771,0.87,0.9576,0.8119000000000001,0.94,1.0,0.904,0.768,0.92,1.0,,1.0,1.0,,,Good
2026-02-04,KONAK,89.95693451275163,False,1.0,1.0,1.0,0.783,0.87,0.9835,0.8587,0.94,0.8399999999999999,0.888,0.7736,0.88,1.0,,1.0,1.0,,,Good
2026-02-04,MANAVKUYU,89.8259110363257,False,1.0,1.0,1.0,0.77,0.87,0.9581500000000001,0.8127,0.94,0.8000000000000007,0.908,0.7648,0.88,1.0,,1.0,1.0,,,Good
2026-02-04,NARLIDERE,89.81293711356902,False,1.0,1.0,1.0,0.719,0.87,0.97025,0.87895,0.94,0.8399999999999999,0.888,0.7756000000000001,0.88,1.0,,1.0,1.0,,,Good
2026-02-04,OSMANGAZİ,89.83025367496451,False,1.0,1.0,1.0,0.771,0.87,0.9617,0.8276,0.94,0.8000000000000007,0.908,0.764,0.88,1.0,,1.0,1.0,,,Good
2026-02-04,PINARBAŞI,89.9854315642059,False,1.0,1.0,1.0,0.841,0.87,0.9614,0.8180000000000001,0.94,0.8000000000000007,0.884,0.7736,0.88,1.0,,1.0,1.0,,,Good
2026-02-04,YENİŞEHİR,89.9120874298589,False,1.0,1.0,1.0,0.764,0.87,0.9851,0.84065,0.94,0.8399999999999999,0.888,0.774,0.88,1.0,,1.0,1.0,,,Good
2026-02-04,YEŞİLYURT,90.65463132460678,False,1.0,1.0,1.0,0.935,0.87,0.70565,0.2134999999999999,0.94,0.9600000000000002,0.788,0.8224,0.92,1.0,,1.0,1.0,,,Good
2026-02-04,ÇAMDİBİ,89.91901157030304,False,1.0,1.0,1.0,0.812,0.87,0.9672000000000001,0.7865,0.94,0.8000000000000007,0.908,0.766,0.88,1.0,,1.0,1.0,,,Good
2026-02-04,ÇİĞLİ,90.08228894557337,False,1.0,1.0,1.0,0.803,0.87,0.94255,0.8347,0.94,0.8000000000000007,0.908,0.7624,0.92,1.0,,1.0,1.0,,,Good
2026-02-04,ÖRNEKKÖY,90.5001545366639,False,1.0,1.0,1.0,0.777,0.87,0.95945,0.8239,0.94,1.0,0.904,0.7652,0.92,1.0,,1.0,1.0,,,Good
2026-02-04,ÖZKANLAR,89.8342492283289,False,1.0,1.0,1.0,0.773,0.87,0.96045,0.8242,0.94,0.8000000000000007,0.908,0.7636000000000001,0.88,1.0,,1.0,1.0,,,Good
2026-02-04,ÜÇKUYULAR,89.85444683805386,False,1.0,1.0,1.0,0.737,0.87,0.9702,0.88915,0.94,0.8399999999999999,0.884,0.7752,0.88,1.0,,1.0,1.0,,,Good
2026-02-04,ŞEMİKLER,90.49067892766298,False,1.0,1.0,1.0,0.773,0.87,0.9593,0.8201,0.94,1.0,0.904,0.7676000000000001,0.92,1.0,,1.0,1.0,,,Good
2026-02-04,ŞİRİNYER,90.65427391465889,False,1.0,1.0,1.0,0.93,0.87,0.9717,0.9263,0.94,0.9199999999999999,0.736,0.8436,0.92,1.0,,1.0,1.0,,,Good
2026-02-11,9 EYLÜL MAH,90.17720041775034,False,1.0,1.0,1.0,0.949,0.87,0.8282,0.6657500000000001,0.94,0.72,0.76,0.8232,0.92,1.0,,1.0,1.0,,,Good
2026-02-11,ADATEPE,90.29009324359085,False,1.0,1.0,1.0,0.918,0.87,0.7372,0.7033,0.94,0.8,0.74,0.8624,0.92,1.0,,1.0,1.0,,,Good
2026-02-11,AKINCILAR,90.13958977583431,False,1.0,1.0,1.0,0.905,0.87,0.58955,0.61605,0.94,0.7600000000000001,0.748,0.8656,0.92,1.0,,1.0,1.0,,,Good
2026-02-11,AKTEPE,90.16877217363552,False,1.0,1.0,1.0,0.948,0.87,0.8195,0.61995,0.94,0.72,0.76,0.8232,0.92,1.0,,1.0,1.0,,,Good
2026-02-11,ALAYBEY,89.31286638896034,False,1.0,1.0,1.0,0.713,0.87,0.98405,0.7679,0.94,0.6399999999999999,0.9,0.7492,0.88,1.0,,1.0,1.0,,,Good
2026-02-11,BEYAZEVLER,90.16047199357894,False,1.0,1.0,1.0,0.9410000000000001,0.87,0.8689,0.64035,0.94,0.72,0.756,0.8236,0.92,1.0,,1.0,1.0,,,Good
2026-02-11,CENGİZHAN,89.2584828326998,False,1.0,1.0,1.0,0.69,0.87,0.97825,0.75305,0.94,0.6399999999999999,0.9,0.7484,0.88,1.0,,1.0,1.0,,,Good
2026-02-11,CENNETÇEŞME,90.1773418312422,False,1.0,1.0,1.0,0.948,0.87,0.8664499999999999,0.6487499999999999,0.94,0.72,0.76,0.8232,0.92,1.0,,1.0,1.0,,,Good
2026-02-11,CUMHURİYET MAH,89.09806495136567,False,1.0,1.0,1.0,0.617,0.87,0.98455,0.7887,0.94,0.6399999999999999,0.9,0.7492,0.88,1.0,,1.0,1.0,,,Good
2026-02-11,DOĞANÇAY,89.2577167109663,False,1.0,1.0,1.0,0.688,0.87,0.9769,0.7875,0.94,0.6399999999999999,0.9,0.75,0.88,1.0,,1.0,1.0,,,Good
2026-02-11,EGEKENT-2,89.20931511808473,False,1.0,1.0,1.0,0.592,0.87,0.9539,0.6797,0.94,0.72,0.8280000000000001,0.7044,0.88,1.0,,1.0,1.0,,,Good
2026-02-11,ESENDERE,89.23323096782798,False,1.0,1.0,1.0,0.52,0.87,0.9212,0.7342,0.94,0.72,0.856,0.7944,0.92,1.0,,1.0,1.0,,,Good
2026-02-11,EVKA-1,90.36711268779712,False,1.0,1.0,1.0,0.949,0.87,0.83045,0.67085,0.94,0.8,0.74,0.8624,0.92,1.0,,1.0,1.0,,,Good
2026-02-11,EVKA-5,88.96107583812055,False,1.0,1.0,1.0,0.497,0.87,0.9123,0.42700000000000005,0.94,0.72,0.8280000000000001,0.7048,0.88,1.0,,1.0,1.0,,,Good
2026-02-11,GÜZELTEPE,89.03015712080939,False,1.0,1.0,1.0,0.518,0.87,0.9406,0.5892999999999999,0.94,0.72,0.8280000000000001,0.7052,0.88,1.0,,1.0,1.0,,,Good
2026-02-11,KADİFEKALE,90.04888860308478,False,1.0,1.0,1.0,0.906,0.87,0.5182,0.6214,0.94,0.72,0.856,0.8652,0.92,1.0,,1.0,1.0,,,Good
2026-02-11,KOZAĞAÇ,90.38415176912744,False,1.0,1.0,1.0,0.953,0.87,0.8781,0.69055,0.94,0.8,0.744,0.8632,0.92,1.0,,1.0,1.0,,,Good
2026-02-11,KURUÇEŞME,90.3995848457134,False,1.0,1.0,1.0,0.955,0.87,0.8757,0.7926,0.94,0.8,0.74,0.8628,0.92,1.0,,1.0,1.0,,,Good
2026-02-11,LEVENT,89.3376019606162,False,1.0,1.0,1.0,0.518,0.87,0.98705,0.76795,0.94,0.7600000000000001,0.884,0.7752,0.92,1.0,,1.0,1.0,,,Good
2026-02-11,MERSİNLİ,89.37908433126601,False,1.0,1.0,1.0,0.74,0.87,0.9724,0.825,0.94,0.6399999999999999,0.9,0.7476,0.88,1.0,,1.0,1.0,,,Good
2026-02-11,MEVLANA,89.4069201630036,False,1.0,1.0,1.0,0.753,0.87,0.97645,0.8069999999999999,0.94,0.6399999999999999,0.9,0.7476,0.88,1.0,,1.0,1.0,,,Good
2026-02-11,NALDÖKEN,89.38241399677995,False,1.0,1.0,1.0,0.741,0.87,0.9737,0.8331,0.94,0.6399999999999999,0.9,0.748,0.88,1.0,,1.0,1.0,,,Good
2026-02-11,POSTACI MAH,89.32577257614298,False,1.0,1.0,1.0,0.718,0.87,0.98345,0.78255,0.94,0.6399999999999999,0.9,0.7496,0.88,1.0,,1.0,1.0,,,Good
2026-02-11,TOROS,89.19915045919194,False,1.0,1.0,1.0,0.537,0.87,0.98605,0.7651,0.94,0.7600000000000001,0.884,0.7756000000000001,0.88,1.0,,1.0,1.0,,,Good
2026-02-11,UFUK MAH,89.31829257052216,False,1.0,1.0,1.0,0.509,0.87,0.981,0.78335,0.94,0.7600000000000001,0.884,0.7748,0.92,1.0,,1.0,1.0,,,Good
2026-02-11,UZUNDERE,90.16943195242314,False,1.0,1.0,1.0,0.9430000000000001,0.87,0.8865000000000001,0.66515,0.94,0.72,0.752,0.8236,0.92,1.0,,1.0,1.0,,,Good
2026-02-11,UĞUR MUMCU MAH,90.1806076909886,False,1.0,1.0,1.0,0.95,0.87,0.88825,0.61905,0.94,0.72,0.756,0.8228,0.92,1.0,,1.0,1.0,,,Good
2026-02-11,YAMANLAR,89.3043553331047,False,1.0,1.0,1.0,0.708,0.87,0.9837,0.79305,0.94,0.6399999999999999,0.9,0.7488,0.88,1.0,,1.0,1.0,,,Good
2026-02-11,YAMAÇ MAH,89.31668048053197,False,1.0,1.0,1.0,0.715,0.87,0.9823500000000001,0.76325,0.94,0.6399999999999999,0.9,0.75,0.88,1.0,,1.0,1.0,,,Good
2026-02-11,YEŞİLOVA,89.41220699124486,False,1.0,1.0,1.0,0.755,0.87,0.9776,0.81255,0.94,0.6399999999999999,0.9,0.748,0.88,1.0,,1.0,1.0,,,Good
2026-02-11,YEŞİLÇAM,89.6823202530319,False,1.0,1.0,1.0,0.8340000000000001,0.87,0.97055,0.79545,0.94,0.68,0.888,0.7388,0.88,1.0,,1.0,1.0,,,Good
2026-02-11,ÇAMLIK MAH,90.17684405575085,False,1.0,1.0,1.0,0.949,0.87,0.84255,0.6514500000000001,0.94,0.72,0.756,0.8232,0.92,1.0,,1.0,1.0,,,Good
2026-02-11,ÇAMLIKULE,90.39294972467538,False,1.0,1.0,1.0,0.958,0.87,0.87155,0.6781,0.94,0.8,0.74,0.8628,0.92,1.0,,1.0,1.0,,,Good
2026-02-11,ÇANKAYA,89.61724032314918,False,1.0,1.0,1.0,0.759,0.87,0.97565,0.85215,0.94,0.72,0.912,0.7592,0.88,1.0,,1.0,1.0,,,Good
2026-02-11,ÇAY MAH,89.29552954738156,False,1.0,1.0,1.0,0.705,0.87,0.97365,0.78515,0.94,0.6399999999999999,0.9,0.748,0.88,1.0,,1.0,1.0,,,Good
2026-02-11,İNCİRALTI,89.25452421951661,False,1.0,1.0,1.0,0.528,0.87,0.92345,0.7602,0.94,0.72,0.856,0.794,0.92,1.0,,1.0,1.0,,,Good
2026-02-11,İZYUVA,89.39031821905932,False,1.0,1.0,1.0,0.745,0.87,0.9766,0.8201,0.94,0.6399999999999999,0.9,0.7476,0.88,1.0,,1.0,1.0,,,Good
2026-02-18,ALTINDAĞ,88.55277390751378,False,1.0,1.0,1.0,0.29200000000000004,0.87,0.9749,0.79935,0.94,0.72,0.892,0.764,0.88,1.0,,1.0,1.0,,,Good
2026-02-18,ATATÜRK MAH,88.54021421018034,False,1.0,1.0,1.0,0.32400000000000007,0.87,0.98185,0.87955,0.94,0.68,0.896,0.7732,0.88,1.0,,1.0,1.0,,,Good
2026-02-18,BALATÇIK,88.65184517515029,False,1.0,1.0,1.0,0.2889999999999999,0.87,0.9767,0.9144,0.94,0.7600000000000001,0.864,0.7536,0.88,1.0,,1.0,1.0,,,Good
2026-02-18,BALÇOVA,89.46822246515572,False,1.0,1.0,1.0,0.533,0.87,0.96675,0.83975,0.94,0.8,0.832,0.8076,0.92,1.0,,1.0,1.0,,,Good
2026-02-18,BORNOVA,88.48990260034105,False,1.0,1.0,1.0,0.265,0.87,0.9748,0.78355,0.94,0.72,0.892,0.766,0.88,1.0,,1.0,1.0,,,Good
2026-02-18,BOSTANLI,88.53416171272876,False,1.0,1.0,1.0,0.32099999999999995,0.87,0.9831,0.888,0.94,0.68,0.892,0.7732,0.88,1.0,,1.0,1.0,,,Good
2026-02-18,BUCA,90.06182081034991,False,1.0,1.0,1.0,0.88,0.87,0.94815,0.88205,0.94,0.72,0.784,0.8815999999999999,0.92,1.0,,1.0,1.0,,,Good
2026-02-18,EGEKENT,88.61151042708661,False,1.0,1.0,1.0,0.272,0.87,0.9735,0.9011,0.94,0.7600000000000001,0.864,0.7532,0.88,1.0,,1.0,1.0,,,Good
2026-02-18,ESKİ İZMİR,90.10545807253708,False,1.0,1.0,1.0,0.895,0.87,0.9882,0.9507,0.94,0.72,0.76,0.8344,0.92,1.0,,1.0,1.0,,,Good
2026-02-18,EVKA-2,88.52541828622329,False,1.0,1.0,1.0,0.31999999999999995,0.87,0.97775,0.8360000000000001,0.94,0.68,0.892,0.774,0.88,1.0,,1.0,1.0,,,Good
2026-02-18,EVKA-3,88.537486995913,False,1.0,1.0,1.0,0.28600000000000003,0.87,0.9729,0.7892,0.94,0.72,0.888,0.7668,0.88,1.0,,1.0,1.0,,,Good
2026-02-18,GAZİEMİR,90.11331251726733,False,1.0,1.0,1.0,0.899,0.87,0.9796,0.9454,0.94,0.72,0.764,0.836,0.92,1.0,,1.0,1.0,,,Good
2026-02-18,GEDİZ,90.07252501976812,False,1.0,1.0,1.0,0.881,0.87,0.9713,0.93355,0.94,0.72,0.784,0.8812,0.92,1.0,,1.0,1.0,,,Good
2026-02-18,GÜLTEPE,90.04951625272705,False,1.0,1.0,1.0,0.871,0.87,0.9693,0.9322,0.94,0.72,0.784,0.8808,0.92,1.0,,1.0,1.0,,,Good
2026-02-18,GÜLÇEŞME,90.08942268760659,False,1.0,1.0,1.0,0.889,0.87,0.9714,0.92275,0.94,0.72,0.784,0.882,0.92,1.0,,1.0,1.0,,,Good
2026-02-18,GÜMÜŞPALA,88.35270829165357,False,1.0,1.0,1.0,0.253,0.87,0.96685,0.6569,0.94,0.68,0.896,0.776,0.88,1.0,,1.0,1.0,,,Good
2026-02-18,GÜZELBAHÇE,89.41462471538674,False,1.0,1.0,1.0,0.51,0.87,0.96185,0.83085,0.94,0.8,0.832,0.808,0.92,1.0,,1.0,1.0,,,Good
2026-02-18,GÜZELYALI,89.40972615202872,False,1.0,1.0,1.0,0.508,0.87,0.95785,0.82835,0.94,0.8,0.836,0.808,0.92,1.0,,1.0,1.0,,,Good
2026-02-18,HATAY,90.09650739041794,False,1.0,1.0,1.0,0.891,0.87,0.9851,0.95145,0.94,0.72,0.764,0.8348,0.92,1.0,,1.0,1.0,,,Good
2026-02-18,IŞIKKENT,88.53795128468947,False,1.0,1.0,1.0,0.28600000000000003,0.87,0.9761,0.787,0.94,0.72,0.892,0.7656,0.88,1.0,,1.0,1.0,,,Good
2026-02-18,KARABAĞLAR,90.10845400221022,False,1.0,1.0,1.0,0.897,0.87,0.98605,0.9361,0.94,0.72,0.764,0.8348,0.92,1.0,,1.0,1.0,,,Good
2026-02-18,KARŞIYAKA,88.56571343850925,False,1.0,1.0,1.0,0.33799999999999997,0.87,0.97495,0.83175,0.94,0.68,0.896,0.7744,0.88,1.0,,1.0,1.0,,,Good
2026-02-18,KONAK,89.46732081273161,False,1.0,1.0,1.0,0.5269999999999999,0.87,0.98095,0.9379,0.94,0.8,0.832,0.8036,0.92,1.0,,1.0,1.0,,,Good
2026-02-18,MANAVKUYU,88.56778214819896,False,1.0,1.0,1.0,0.3360000000000001,0.87,0.98285,0.8822,0.94,0.68,0.896,0.7736,0.88,1.0,,1.0,1.0,,,Good
2026-02-18,NARLIDERE,89.34394421580116,False,1.0,1.0,1.0,0.48,0.87,0.9565,0.8114,0.94,0.8,0.832,0.8084,0.92,1.0,,1.0,1.0,,,Good
2026-02-18,OSMANGAZİ,88.48084113340383,False,1.0,1.0,1.0,0.29800000000000015,0.87,0.98185,0.8747,0.94,0.68,0.896,0.7736,0.88,1.0,,1.0,1.0,,,Good
2026-02-18,PINARBAŞI,88.57049697762153,False,1.0,1.0,1.0,0.30000000000000004,0.87,0.97595,0.798,0.94,0.72,0.888,0.766,0.88,1.0,,1.0,1.0,,,Good
2026-02-18,YENİŞEHİR,89.40221562491068,False,1.0,1.0,1.0,0.498,0.87,0.9848,0.9385,0.94,0.8,0.832,0.8044,0.92,1.0,,1.0,1.0,,,Good
2026-02-18,YEŞİLYURT,90.09815185963207,False,1.0,1.0,1.0,0.892,0.87,0.98695,0.9442,0.94,0.72,0.764,0.834,0.92,1.0,,1.0,1.0,,,Good
2026-02-18,ÇAMDİBİ,88.60144186982575,False,1.0,1.0,1.0,0.31399999999999995,0.87,0.97245,0.7918000000000001,0.94,0.72,0.892,0.7664,0.88,1.0,,1.0,1.0,,,Good
2026-02-18,ÇİĞLİ,88.66414695809159,False,1.0,1.0,1.0,0.379,0.87,0.98165,0.8752,0.94,0.68,0.896,0.7736,0.88,1.0,,1.0,1.0,,,Good
2026-02-18,ÖRNEKKÖY,88.33164084902874,False,1.0,1.0,1.0,0.246,0.87,0.9652499999999999,0.61215,0.94,0.68,0.896,0.7776000000000001,0.88,1.0,,1.0,1.0,,,Good
2026-02-18,ÖZKANLAR,88.5101399725628,False,1.0,1.0,1.0,0.31100000000000005,0.87,0.9825,0.873,0.94,0.68,0.896,0.774,0.88,1.0,,1.0,1.0,,,Good
2026-02-18,ÜÇKUYULAR,89.4001100345823,False,1.0,1.0,1.0,0.504,0.87,0.95695,0.82425,0.94,0.8,0.836,0.808,0.92,1.0,,1.0,1.0,,,Good
2026-02-18,ŞEMİKLER,88.57612350786438,False,1.0,1.0,1.0,0.3400000000000002,0.87,0.98245,0.8795,0.94,0.68,0.892,0.774,0.88,1.0,,1.0,1.0,,,Good
2026-02-18,ŞİRİNYER,89.98448301609076,False,1.0,1.0,1.0,0.842,0.87,0.97085,0.9358,0.94,0.72,0.784,0.8808,0.92,1.0,,1.0,1.0,,,Good
2026-02-25,9 EYLÜL MAH,89.77227727523888,False,1.0,1.0,1.0,0.895,0.87,0.91885,0.5294,0.94,0.6,0.848,0.8528,0.92,1.0,,1.0,1.0,,,Good
2026-02-25,ADATEPE,90.29759698286128,False,1.0,1.0,1.0,0.9,0.87,0.9721,0.861,0.94,0.8,0.78,0.884,0.92,1.0,,1.0,1.0,,,Good
2026-02-25,AKINCILAR,89.75456985290614,False,1.0,1.0,1.0,0.662,0.87,0.9798,0.73785,0.94,0.8,0.884,0.7872,0.92,1.0,,1.0,1.0,,,Good
2026-02-25,AKTEPE,89.67845686025132,False,1.0,1.0,1.0,0.892,0.87,0.9242,0.5967499999999999,0.94,0.5600000000000002,0.848,0.854,0.92,1.0,,1.0,1.0,,,Good
2026-02-25,ALAYBEY,89.7463246782322,False,1.0,1.0,1.0,0.856,0.87,0.97815,0.89895,0.94,0.68,0.904,0.762,0.88,1.0,,1.0,1.0,,,Good
2026-02-25,BEYAZEVLER,89.43889259243382,False,1.0,1.0,1.0,0.744,0.87,0.92305,0.5952,0.94,0.6,0.852,0.8516,0.92,1.0,,1.0,1.0,,,Good
2026-02-25,CENGİZHAN,89.74824631789038,False,1.0,1.0,1.0,0.857,0.87,0.9785,0.89885,0.94,0.68,0.9,0.7612,0.88,1.0,,1.0,1.0,,,Good
2026-02-25,CENNETÇEŞME,89.66497053835967,False,1.0,1.0,1.0,0.889,0.87,0.9209,0.5378000000000001,0.94,0.5600000000000002,0.852,0.852,0.92,1.0,,1.0,1.0,,,Good
2026-02-25,CUMHURİYET MAH,89.56621985957491,False,1.0,1.0,1.0,0.822,0.87,0.97355,0.83685,0.94,0.6399999999999999,0.9,0.762,0.88,1.0,,1.0,1.0,,,Good
2026-02-25,DOĞANÇAY,89.52932632398753,False,1.0,1.0,1.0,0.803,0.87,0.9706,0.89055,0.94,0.6399999999999999,0.904,0.7612,0.88,1.0,,1.0,1.0,,,Good
2026-02-25,EGEKENT-2,89.54199228090732,False,1.0,1.0,1.0,0.73,0.87,0.96815,0.8419,0.94,0.72,0.832,0.7168,0.88,1.0,,1.0,1.0,,,Good
2026-02-25,ESENDERE,89.74482540941439,False,1.0,1.0,1.0,0.883,0.87,0.9278500000000001,0.5147999999999999,0.94,0.6,0.852,0.8496,0.92,1.0,,1.0,1.0,,,Good
2026-02-25,EVKA-1,90.30666170082026,False,1.0,1.0,1.0,0.904,0.87,0.9689,0.86455,0.94,0.8,0.78,0.8812,0.92,1.0,,1.0,1.0,,,Good
2026-02-25,EVKA-5,89.60799278582792,False,1.0,1.0,1.0,0.76,0.87,0.9672000000000001,0.82945,0.94,0.72,0.8280000000000001,0.7168,0.88,1.0,,1.0,1.0,,,Good
2026-02-25,GÜZELBAHÇE,89.3315504515705,False,1.0,1.0,1.0,0.553,0.87,0.97725,0.8919,0.94,0.72,0.848,0.8160000000000001,0.92,1.0,,1.0,1.0,,,Good
2026-02-25,GÜZELTEPE,89.63170154667657,False,1.0,1.0,1.0,0.848,0.87,0.9713,0.89785,0.94,0.6399999999999999,0.9,0.7628,0.88,1.0,,1.0,1.0,,,Good
2026-02-25,KADİFEKALE,88.75772148627664,False,1.0,1.0,1.0,0.21599999999999997,0.87,0.98105,0.8419,0.94,0.8,0.888,0.7876,0.92,1.0,,1.0,1.0,,,Good
2026-02-25,KOZAĞAÇ,90.28600763811484,False,1.0,1.0,1.0,0.895,0.87,0.9563,0.8745499999999999,0.94,0.8,0.78,0.8815999999999999,0.92,1.0,,1.0,1.0,,,Good
2026-02-25,LEVENT,89.8326095106081,False,1.0,1.0,1.0,0.694,0.87,0.97935,0.78495,0.94,0.8,0.888,0.7867999999999999,0.92,1.0,,1.0,1.0,,,Good
2026-02-25,MERSİNLİ,89.8644487553231,False,1.0,1.0,1.0,0.868,0.87,0.974,0.8651,0.94,0.72,0.904,0.7624,0.88,1.0,,1.0,1.0,,,Good
2026-02-25,MEVLANA,89.67854289919688,False,1.0,1.0,1.0,0.87,0.87,0.9719,0.8712,0.94,0.6399999999999999,0.9,0.764,0.88,1.0,,1.0,1.0,,,Good
2026-02-25,NALDÖKEN,89.66207512837367,False,1.0,1.0,1.0,0.862,0.87,0.97375,0.8806499999999999,0.94,0.6399999999999999,0.904,0.7632,0.88,1.0,,1.0,1.0,,,Good
2026-02-25,POSTACI MAH,89.6234167524079,False,1.0,1.0,1.0,0.844,0.87,0.9772,0.89555,0.94,0.6399999999999999,0.904,0.7624,0.88,1.0,,1.0,1.0,,,Good
2026-02-25,TOROS,89.8098254213229,False,1.0,1.0,1.0,0.6839999999999999,0.87,0.9795,0.7835,0.94,0.8,0.888,0.7856,0.92,1.0,,1.0,1.0,,,Good
2026-02-25,UFUK MAH,89.7425359041413,False,1.0,1.0,1.0,0.656,0.87,0.97325,0.7579,0.94,0.8,0.884,0.7888,0.92,1.0,,1.0,1.0,,,Good
2026-02-25,UZUNDERE,89.65588047910295,False,1.0,1.0,1.0,0.885,0.87,0.923,0.53535,0.94,0.5600000000000002,0.852,0.852,0.92,1.0,,1.0,1.0,,,Good
2026-02-25,UĞUR MUMCU MAH,89.67890101174655,False,1.0,1.0,1.0,0.893,0.87,0.9229499999999999,0.5789500000000001,0.94,0.5600000000000002,0.852,0.8512,0.92,1.0,,1.0,1.0,,,Good
2026-02-25,YAMANLAR,89.54896424590585,False,1.0,1.0,1.0,0.812,0.87,0.97625,0.8785499999999999,0.94,0.6399999999999999,0.904,0.7604,0.88,1.0,,1.0,1.0,,,Good
2026-02-25,YAMAÇ MAH,89.37940494393476,False,1.0,1.0,1.0,0.738,0.87,0.97285,0.863,0.94,0.6399999999999999,0.904,0.7624,0.88,1.0,,1.0,1.0,,,Good
2026-02-25,YEŞİLOVA,89.89398833681062,False,1.0,1.0,1.0,0.881,0.87,0.9744,0.8624499999999999,0.94,0.72,0.908,0.7644,0.88,1.0,,1.0,1.0,,,Good
2026-02-25,YEŞİLÇAM,89.60710894852667,False,1.0,1.0,1.0,0.841,0.87,0.9527,0.8359,0.94,0.6399999999999999,0.904,0.7624,0.88,1.0,,1.0,1.0,,,Good
2026-02-25,ÇAMLIK MAH,89.77969254622882,False,1.0,1.0,1.0,0.894,0.87,0.93035,0.60335,0.94,0.6,0.848,0.854,0.92,1.0,,1.0,1.0,,,Good
2026-02-25,ÇAMLIKULE,90.30509687568474,False,1.0,1.0,1.0,0.903,0.87,0.96765,0.872,0.94,0.8,0.78,0.8808,0.92,1.0,,1.0,1.0,,,Good
2026-02-25,ÇANKAYA,89.71830865891185,False,1.0,1.0,1.0,0.8049999999999999,0.87,0.9736,0.843,0.94,0.72,0.892,0.7664,0.88,1.0,,1.0,1.0,,,Good
2026-02-25,ÇAY MAH,89.75200226023416,False,1.0,1.0,1.0,0.859,0.87,0.97875,0.8918,0.94,0.68,0.9,0.7612,0.88,1.0,,1.0,1.0,,,Good
2026-02-25,İNCİRALTI,89.3564154686711,False,1.0,1.0,1.0,0.5650000000000001,0.87,0.96985,0.87925,0.94,0.72,0.848,0.814,0.92,1.0,,1.0,1.0,,,Good
2026-02-25,İZYUVA,89.6836584474168,False,1.0,1.0,1.0,0.872,0.87,0.9707,0.87445,0.94,0.6399999999999999,0.904,0.7636000000000001,0.88,1.0,,1.0,1.0,,,Good
2026-03-04,ALTINDAĞ,88.63559552049692,False,1.0,1.0,1.0,0.2849999999999998,0.87,0.96675,0.84865,0.94,0.7600000000000001,0.88,0.7444,0.88,1.0,,1.0,1.0,,,Good
2026-03-04,ATATÜRK MAH,88.75989405003477,False,1.0,1.0,1.0,0.29900000000000004,0.87,0.9573,0.83455,0.94,0.8,0.88,0.7464,0.88,1.0,,1.0,1.0,,,Good
2026-03-04,BALATÇIK,88.57877852086847,False,1.0,1.0,1.0,0.265,0.87,0.9495,0.8151,0.94,0.7600000000000001,0.8200000000000001,0.7016,0.88,1.0,,1.0,1.0,,,Good
2026-03-04,BALÇOVA,90.17318772804786,False,1.0,1.0,1.0,0.84,0.87,0.9654,0.88615,0.94,0.8,0.892,0.7872,0.92,1.0,,1.0,1.0,,,Good
2026-03-04,BORNOVA,90.22567747482542,False,1.0,1.0,1.0,0.871,0.87,0.9461,0.8204,0.94,0.8,0.796,0.86,0.92,1.0,,1.0,1.0,,,Good
2026-03-04,BOSTANLI,88.67142087513218,False,1.0,1.0,1.0,0.29900000000000004,0.87,0.9645,0.8845,0.94,0.7600000000000001,0.884,0.7428,0.88,1.0,,1.0,1.0,,,Good
2026-03-04,BUCA,90.18672368458658,False,1.0,1.0,1.0,0.895,0.87,0.9501,0.8369,0.94,0.7600000000000001,0.792,0.866,0.92,1.0,,1.0,1.0,,,Good
2026-03-04,EGEKENT,88.56232749340269,False,1.0,1.0,1.0,0.2559999999999999,0.87,0.9555,0.8432999999999999,0.94,0.7600000000000001,0.8200000000000001,0.7063999999999999,0.88,1.0,,1.0,1.0,,,Good
2026-03-04,ESKİ İZMİR,89.91313000752618,False,1.0,1.0,1.0,0.896,0.87,0.9672000000000001,0.8709,0.94,0.6399999999999999,0.84,0.8464,0.92,1.0,,1.0,1.0,,,Good
2026-03-04,EVKA-2,88.78736899454114,False,1.0,1.0,1.0,0.30800000000000016,0.87,0.9668,0.88775,0.94,0.8,0.88,0.7484,0.88,1.0,,1.0,1.0,,,Good
2026-03-04,EVKA-3,88.67672308916136,False,1.0,1.0,1.0,0.30199999999999994,0.87,0.9626,0.8733,0.94,0.7600000000000001,0.884,0.7424,0.88,1.0,,1.0,1.0,,,Good
2026-03-04,GAZİEMİR,89.91568359579676,False,1.0,1.0,1.0,0.898,0.87,0.9588,0.862,0.94,0.6399999999999999,0.84,0.8448,0.92,1.0,,1.0,1.0,,,Good
2026-03-04,GEDİZ,90.1760190226452,False,1.0,1.0,1.0,0.89,0.87,0.9503,0.84195,0.94,0.7600000000000001,0.792,0.8676,0.92,1.0,,1.0,1.0,,,Good
2026-03-04,GÜLTEPE,90.18213102689417,False,1.0,1.0,1.0,0.893,0.87,0.94715,0.83935,0.94,0.7600000000000001,0.792,0.8648,0.92,1.0,,1.0,1.0,,,Good
2026-03-04,GÜLÇEŞME,90.14951700296284,False,1.0,1.0,1.0,0.878,0.87,0.946,0.85215,0.94,0.7600000000000001,0.792,0.8656,0.92,1.0,,1.0,1.0,,,Good
2026-03-04,GÜMÜŞPALA,88.75796562252899,False,1.0,1.0,1.0,0.29500000000000004,0.87,0.965,0.8899,0.94,0.8,0.88,0.7452,0.88,1.0,,1.0,1.0,,,Good
2026-03-04,GÜZELBAHÇE,90.13565455095411,False,1.0,1.0,1.0,0.823,0.87,0.9655,0.89425,0.94,0.8,0.892,0.7876,0.92,1.0,,1.0,1.0,,,Good
2026-03-04,GÜZELYALI,90.43345665780674,False,1.0,1.0,1.0,0.955,0.87,0.9662,0.8864,0.94,0.8,0.892,0.7816,0.92,1.0,,1.0,1.0,,,Good
2026-03-04,IŞIKKENT,88.63336774891157,False,1.0,1.0,1.0,0.28400000000000003,0.87,0.96615,0.84655,0.94,0.7600000000000001,0.884,0.742,0.88,1.0,,1.0,1.0,,,Good
2026-03-04,KARABAĞLAR,89.91499553431078,False,1.0,1.0,1.0,0.896,0.87,0.97315,0.8815999999999999,0.94,0.6399999999999999,0.84,0.8444,0.92,1.0,,1.0,1.0,,,Good
2026-03-04,KARŞIYAKA,88.63902066840055,False,1.0,1.0,1.0,0.28700000000000003,0.87,0.9509,0.8518,0.94,0.7600000000000001,0.884,0.7416,0.88,1.0,,1.0,1.0,,,Good
2026-03-04,KONAK,90.07743962388179,False,1.0,1.0,1.0,0.756,0.87,0.97255,0.87205,0.94,0.8399999999999999,0.892,0.7684,0.92,1.0,,1.0,1.0,,,Good
2026-03-04,MANAVKUYU,90.12338311088247,False,1.0,1.0,1.0,0.864,0.87,0.94365,0.8301499999999999,0.94,0.7600000000000001,0.884,0.8624,0.92,1.0,,1.0,1.0,,,Good
2026-03-04,NARLIDERE,90.11800139567673,False,1.0,1.0,1.0,0.815,0.87,0.96895,0.89495,0.94,0.8,0.892,0.7852,0.92,1.0,,1.0,1.0,,,Good
2026-03-04,OSMANGAZİ,90.1231984814275,False,1.0,1.0,1.0,0.867,0.87,0.9437,0.8357,0.94,0.7600000000000001,0.8,0.862,0.92,1.0,,1.0,1.0,,,Good
2026-03-04,PINARBAŞI,88.66357932731239,False,1.0,1.0,1.0,0.29800000000000015,0.87,0.9559,0.84385,0.94,0.7600000000000001,0.884,0.742,0.88,1.0,,1.0,1.0,,,Good
2026-03-04,YENİŞEHİR,89.78022067649833,False,1.0,1.0,1.0,0.748,0.87,0.9661,0.86475,0.94,0.8,0.88,0.7464,0.88,1.0,,1.0,1.0,,,Good
2026-03-04,YEŞİLYURT,89.91206748311374,False,1.0,1.0,1.0,0.895,0.87,0.9672499999999999,0.88165,0.94,0.6399999999999999,0.84,0.844,0.92,1.0,,1.0,1.0,,,Good
2026-03-04,ÇAMDİBİ,88.66722983175664,False,1.0,1.0,1.0,0.29900000000000004,0.87,0.96545,0.8466,0.94,0.7600000000000001,0.884,0.7416,0.88,1.0,,1.0,1.0,,,Good
2026-03-04,ÇİĞLİ,88.63791719064086,False,1.0,1.0,1.0,0.28400000000000003,0.87,0.968,0.88485,0.94,0.7600000000000001,0.884,0.7428,0.88,1.0,,1.0,1.0,,,Good
2026-03-04,ÖRNEKKÖY,88.70980969018834,False,1.0,1.0,1.0,0.274,0.87,0.96415,0.8847,0.94,0.8,0.88,0.75,0.88,1.0,,1.0,1.0,,,Good
2026-03-04,ÖZKANLAR,90.14483746082102,False,1.0,1.0,1.0,0.874,0.87,0.9388,0.82765,0.94,0.7600000000000001,0.88,0.8648,0.92,1.0,,1.0,1.0,,,Good
2026-03-04,ÜÇKUYULAR,90.17399910209875,False,1.0,1.0,1.0,0.841,0.87,0.96585,0.873,0.94,0.8,0.892,0.7856,0.92,1.0,,1.0,1.0,,,Good
2026-03-04,ŞEMİKLER,88.65982745767717,False,1.0,1.0,1.0,0.29400000000000004,0.87,0.96195,0.8847,0.94,0.7600000000000001,0.884,0.7412000000000001,0.88,1.0,,1.0,1.0,,,Good
2026-03-04,ŞİRİNYER,90.17863076014366,False,1.0,1.0,1.0,0.891,0.87,0.94765,0.84775,0.94,0.7600000000000001,0.792,0.8668,0.92,1.0,,1.0,1.0,,,Good
2026-03-11,9 EYLÜL MAH,90.2703035835072,False,1.0,1.0,1.0,0.929,0.87,0.9837,0.8190500000000001,0.94,0.7600000000000001,0.848,0.844,0.92,1.0,,1.0,1.0,,,Good
2026-03-11,ADATEPE,90.23427097325826,False,1.0,1.0,1.0,0.926,0.87,0.94885,0.6225,0.94,0.7600000000000001,0.812,0.8652,0.92,1.0,,1.0,1.0,,,Good
2026-03-11,AKINCILAR,89.98127728238399,False,1.0,1.0,1.0,0.927,0.87,0.9868,0.8275,0.94,0.6399999999999999,0.848,0.8436,0.92,1.0,,1.0,1.0,,,Good
2026-03-11,AKTEPE,90.24555622243182,False,1.0,1.0,1.0,0.92,0.87,0.9717,0.7923,0.94,0.7600000000000001,0.848,0.844,0.92,1.0,,1.0,1.0,,,Good
2026-03-11,ALAYBEY,89.16038568073776,False,1.0,1.0,1.0,0.61,0.87,0.97955,0.6801,0.94,0.68,0.852,0.7588,0.88,1.0,,1.0,1.0,,,Good
2026-03-11,BEYAZEVLER,90.26605348585746,False,1.0,1.0,1.0,0.928,0.87,0.9815,0.80365,0.94,0.7600000000000001,0.848,0.8444,0.92,1.0,,1.0,1.0,,,Good
2026-03-11,CENGİZHAN,89.16125475149333,False,1.0,1.0,1.0,0.611,0.87,0.97635,0.6709499999999999,0.94,0.68,0.852,0.7592,0.88,1.0,,1.0,1.0,,,Good
2026-03-11,CENNETÇEŞME,90.26233917564568,False,1.0,1.0,1.0,0.926,0.87,0.9822,0.81015,0.94,0.7600000000000001,0.848,0.844,0.92,1.0,,1.0,1.0,,,Good
2026-03-11,CUMHURİYET MAH,89.14567618870693,False,1.0,1.0,1.0,0.601,0.87,0.9759,0.7048,0.94,0.68,0.888,0.7604,0.88,1.0,,1.0,1.0,,,Good
2026-03-11,DOĞANÇAY,89.06335113654768,False,1.0,1.0,1.0,0.5650000000000001,0.87,0.971,0.70165,0.94,0.68,0.888,0.7648,0.88,1.0,,1.0,1.0,,,Good
2026-03-11,EGEKENT-2,89.32562910247982,False,1.0,1.0,1.0,0.6,0.87,0.9624,0.6739999999999999,0.94,0.7600000000000001,0.852,0.7548,0.88,1.0,,1.0,1.0,,,Good
2026-03-11,ESENDERE,89.22256143597511,False,1.0,1.0,1.0,0.505,0.87,0.9728,0.81115,0.94,0.8,0.848,0.786,0.88,1.0,,1.0,1.0,,,Good
2026-03-11,EVKA-1,90.23478526584546,False,1.0,1.0,1.0,0.928,0.87,0.95,0.5858,0.94,0.7600000000000001,0.812,0.8664000000000001,0.92,1.0,,1.0,1.0,,,Good
2026-03-11,EVKA-5,89.33286661522192,False,1.0,1.0,1.0,0.646,0.87,0.96915,0.66005,0.94,0.72,0.844,0.7508,0.88,1.0,,1.0,1.0,,,Good
2026-03-11,GÜZELBAHÇE,89.03688755751807,False,1.0,1.0,1.0,0.42400000000000004,0.87,0.9668,0.7959499999999999,0.94,0.8,0.848,0.7856,0.88,1.0,,1.0,1.0,,,Good
2026-03-11,GÜZELTEPE,89.12427387893338,False,1.0,1.0,1.0,0.592,0.87,0.97665,0.6949,0.94,0.68,0.888,0.76,0.88,1.0,,1.0,1.0,,,Good
2026-03-11,KADİFEKALE,90.25955350252937,False,1.0,1.0,1.0,0.872,0.87,0.9133,0.277,0.94,0.8399999999999999,0.812,0.8692,0.92,1.0,,1.0,1.0,,,Good
2026-03-11,KOZAĞAÇ,90.23439338077682,False,1.0,1.0,1.0,0.927,0.87,0.94345,0.6089500000000001,0.94,0.7600000000000001,0.812,0.8656,0.92,1.0,,1.0,1.0,,,Good
2026-03-11,KURUÇEŞME,90.22409485838406,False,1.0,1.0,1.0,0.927,0.87,0.951,0.5104,0.94,0.7600000000000001,0.812,0.8652,0.92,1.0,,1.0,1.0,,,Good
2026-03-11,LEVENT,89.075256235293,False,1.0,1.0,1.0,0.41600000000000004,0.87,0.98255,0.4079999999999999,0.94,0.8399999999999999,0.884,0.7912,0.88,1.0,,1.0,1.0,,,Good
2026-03-11,MERSİNLİ,90.16865466051235,False,1.0,1.0,1.0,0.905,0.87,0.95475,0.4565,0.94,0.7600000000000001,0.812,0.8664000000000001,0.92,1.0,,1.0,1.0,,,Good
2026-03-11,MEVLANA,90.16004947983652,False,1.0,1.0,1.0,0.903,0.87,0.94925,0.42600000000000005,0.94,0.7600000000000001,0.812,0.8656,0.92,1.0,,1.0,1.0,,,Good
2026-03-11,NALDÖKEN,90.16012505120656,False,1.0,1.0,1.0,0.902,0.87,0.95445,0.4415,0.94,0.7600000000000001,0.812,0.8652,0.92,1.0,,1.0,1.0,,,Good
2026-03-11,POSTACI MAH,89.12175015719225,False,1.0,1.0,1.0,0.5900000000000001,0.87,0.97415,0.7149,0.94,0.68,0.888,0.7624,0.88,1.0,,1.0,1.0,,,Good
2026-03-11,TOROS,89.13705845646727,False,1.0,1.0,1.0,0.44199999999999995,0.87,0.9805,0.4365,0.94,0.8399999999999999,0.884,0.7892,0.88,1.0,,1.0,1.0,,,Good
2026-03-11,UFUK MAH,89.15337870473577,False,1.0,1.0,1.0,0.44800000000000006,0.87,0.9831,0.45799999999999996,0.94,0.8399999999999999,0.884,0.7912,0.88,1.0,,1.0,1.0,,,Good
2026-03-11,UZUNDERE,90.26919286537674,False,1.0,1.0,1.0,0.929,0.87,0.9842,0.8087,0.94,0.7600000000000001,0.848,0.8444,0.92,1.0,,1.0,1.0,,,Good
2026-03-11,UĞUR MUMCU MAH,90.31712214314975,False,1.0,1.0,1.0,0.89,0.87,0.9322,0.40700000000000003,0.94,0.8399999999999999,0.812,0.8688,0.92,1.0,,1.0,1.0,,,Good
2026-03-11,YAMANLAR,89.10499299779931,False,1.0,1.0,1.0,0.583,0.87,0.97385,0.70695,0.94,0.68,0.888,0.764,0.88,1.0,,1.0,1.0,,,Good
2026-03-11,YAMAÇ MAH,89.0695366758124,False,1.0,1.0,1.0,0.568,0.87,0.9687,0.69885,0.94,0.68,0.888,0.762,0.88,1.0,,1.0,1.0,,,Good
2026-03-11,YEŞİLOVA,90.17302920203493,False,1.0,1.0,1.0,0.908,0.87,0.95445,0.4355,0.94,0.7600000000000001,0.812,0.866,0.92,1.0,,1.0,1.0,,,Good
2026-03-11,YEŞİLÇAM,90.17484902397896,False,1.0,1.0,1.0,0.898,0.87,0.94515,0.6609499999999999,0.94,0.7600000000000001,0.812,0.8652,0.92,1.0,,1.0,1.0,,,Good
2026-03-11,ÇAMLIK MAH,90.27046400297236,False,1.0,1.0,1.0,0.929,0.87,0.9855,0.8187,0.94,0.7600000000000001,0.848,0.8436,0.92,1.0,,1.0,1.0,,,Good
2026-03-11,ÇAMLIKULE,90.23893920232072,False,1.0,1.0,1.0,0.928,0.87,0.9509,0.62165,0.94,0.7600000000000001,0.812,0.866,0.92,1.0,,1.0,1.0,,,Good
2026-03-11,ÇANKAYA,88.61306062857851,False,1.0,1.0,1.0,0.346,0.87,0.9791,0.24349999999999994,0.94,0.72,0.896,0.7807999999999999,0.88,1.0,,1.0,1.0,,,Good
2026-03-11,ÇAY MAH,89.19135523545495,False,1.0,1.0,1.0,0.624,0.87,0.97905,0.67435,0.94,0.68,0.852,0.7588,0.88,1.0,,1.0,1.0,,,Good
2026-03-11,İNCİRALTI,89.00625173864167,False,1.0,1.0,1.0,0.40900000000000003,0.87,0.9746,0.81735,0.94,0.8,0.848,0.7856,0.88,1.0,,1.0,1.0,,,Good
2026-03-11,İZYUVA,90.16299993093067,False,1.0,1.0,1.0,0.902,0.87,0.95675,0.4665,0.94,0.7600000000000001,0.812,0.8416,0.92,1.0,,1.0,1.0,,,Good
2026-03-25,ALTINDAĞ,89.29442573618375,False,1.0,1.0,1.0,0.534,0.87,0.96555,0.848,0.94,0.8,0.884,0.7464,0.88,1.0,,1.0,1.0,,,Good
2026-03-25,ATATÜRK MAH,89.23946476035326,False,1.0,1.0,1.0,0.509,0.87,0.9656,0.8621,0.94,0.8,0.884,0.7468,0.88,1.0,,1.0,1.0,,,Good
2026-03-25,BALATÇIK,88.66757524984043,False,1.0,1.0,1.0,0.262,0.87,0.95975,0.7528,0.94,0.8,0.884,0.7472,0.88,1.0,,1.0,1.0,,,Good
2026-03-25,BALÇOVA,89.3307447936018,False,1.0,1.0,1.0,0.491,0.87,0.96595,0.4135,0.94,0.8,0.9,0.7756000000000001,0.92,1.0,,1.0,1.0,,,Good
2026-03-25,BORNOVA,89.27367347594958,False,1.0,1.0,1.0,0.525,0.87,0.96325,0.8468,0.94,0.8,0.884,0.7472,0.88,1.0,,1.0,1.0,,,Good
2026-03-25,BOSTANLI,88.9490509993617,False,1.0,1.0,1.0,0.376,0.87,0.9659,0.95445,0.94,0.8,0.884,0.7504000000000001,0.88,1.0,,1.0,1.0,,,Good
2026-03-25,BUCA,90.46015453666391,False,1.0,1.0,1.0,0.937,0.87,0.95345,0.7179,0.94,0.8399999999999999,0.804,0.8508,0.92,1.0,,1.0,1.0,,,Good
2026-03-25,EGEKENT,88.55223478569455,False,1.0,1.0,1.0,0.2150000000000002,0.87,0.9471,0.6859500000000001,0.94,0.8,0.884,0.7468,0.88,1.0,,1.0,1.0,,,Good
2026-03-25,ESKİ İZMİR,89.62909320310193,False,1.0,1.0,1.0,0.772,0.87,0.9686,0.81375,0.94,0.6399999999999999,0.872,0.8396,0.92,1.0,,1.0,1.0,,,Good
2026-03-25,EVKA-2,88.60846803042861,False,1.0,1.0,1.0,0.24,0.87,0.9534,0.67665,0.94,0.8,0.884,0.7476,0.88,1.0,,1.0,1.0,,,Good
2026-03-25,EVKA-3,89.3035153429173,False,1.0,1.0,1.0,0.5389999999999999,0.87,0.9648,0.829,0.94,0.8,0.884,0.7476,0.88,1.0,,1.0,1.0,,,Good
2026-03-25,GAZİEMİR,89.64328184095953,False,1.0,1.0,1.0,0.779,0.87,0.9667,0.8011,0.94,0.6399999999999999,0.872,0.8392000000000001,0.92,1.0,,1.0,1.0,,,Good
2026-03-25,GEDİZ,90.47027566997247,False,1.0,1.0,1.0,0.942,0.87,0.94625,0.7144999999999999,0.94,0.8399999999999999,0.804,0.8516,0.92,1.0,,1.0,1.0,,,Good
2026-03-25,GÜLTEPE,90.4586987696133,False,1.0,1.0,1.0,0.937,0.87,0.95045,0.708,0.94,0.8399999999999999,0.804,0.8512,0.92,1.0,,1.0,1.0,,,Good
2026-03-25,GÜLÇEŞME,89.56579497604008,False,1.0,1.0,1.0,0.542,0.87,0.9533,0.71245,0.94,0.8399999999999999,0.804,0.8516,0.92,1.0,,1.0,1.0,,,Good
2026-03-25,GÜMÜŞPALA,88.97006662808312,False,1.0,1.0,1.0,0.386,0.87,0.96585,0.9434,0.94,0.8,0.88,0.7512,0.88,1.0,,1.0,1.0,,,Good
2026-03-25,GÜZELBAHÇE,89.19020399268341,False,1.0,1.0,1.0,0.4139999999999999,0.87,0.96605,0.71745,0.94,0.8,0.892,0.7764,0.92,1.0,,1.0,1.0,,,Good
2026-03-25,GÜZELYALI,88.86281886211857,False,1.0,1.0,1.0,0.28400000000000003,0.87,0.9763,0.40700000000000003,0.94,0.8,0.9,0.7756000000000001,0.92,1.0,,1.0,1.0,,,Good
2026-03-25,HATAY,89.61717329017691,False,1.0,1.0,1.0,0.769,0.87,0.9632000000000001,0.77385,0.94,0.6399999999999999,0.872,0.8388,0.92,1.0,,1.0,1.0,,,Good
2026-03-25,IŞIKKENT,90.4273332571189,False,1.0,1.0,1.0,0.927,0.87,0.9430499999999999,0.63815,0.94,0.8399999999999999,0.804,0.8512,0.92,1.0,,1.0,1.0,,,Good
2026-03-25,KARABAĞLAR,89.81274283822535,False,1.0,1.0,1.0,0.764,0.87,0.96915,0.81135,0.94,0.8,0.9,0.7692,0.88,1.0,,1.0,1.0,,,Good
2026-03-25,KARŞIYAKA,88.94902022778587,False,1.0,1.0,1.0,0.377,0.87,0.96065,0.9425,0.94,0.8,0.88,0.752,0.88,1.0,,1.0,1.0,,,Good
2026-03-25,KONAK,89.08466752646069,False,1.0,1.0,1.0,0.404,0.87,0.98175,0.8049999999999999,0.94,0.7600000000000001,0.9,0.7712,0.92,1.0,,1.0,1.0,,,Good
2026-03-25,MANAVKUYU,88.9078462754961,False,1.0,1.0,1.0,0.358,0.87,0.9661,0.9531,0.94,0.8,0.88,0.752,0.88,1.0,,1.0,1.0,,,Good
2026-03-25,NARLIDERE,89.53929530233312,False,1.0,1.0,1.0,0.576,0.87,0.98145,0.54775,0.94,0.8,0.892,0.7767999999999999,0.92,1.0,,1.0,1.0,,,Good
2026-03-25,OSMANGAZİ,88.92942801070812,False,1.0,1.0,1.0,0.368,0.87,0.96025,0.94975,0.94,0.8,0.88,0.7516,0.88,1.0,,1.0,1.0,,,Good
2026-03-25,PINARBAŞI,90.41832035306334,False,1.0,1.0,1.0,0.923,0.87,0.945,0.6365000000000001,0.94,0.8399999999999999,0.804,0.8516,0.92,1.0,,1.0,1.0,,,Good
2026-03-25,YENİŞEHİR,89.15756697342974,False,1.0,1.0,1.0,0.43499999999999994,0.87,0.98605,0.82505,0.94,0.7600000000000001,0.9,0.7716000000000001,0.92,1.0,,1.0,1.0,,,Good
2026-03-25,YEŞİLYURT,89.60777008488382,False,1.0,1.0,1.0,0.763,0.87,0.96755,0.80635,0.94,0.6399999999999999,0.872,0.8392000000000001,0.92,1.0,,1.0,1.0,,,Good
2026-03-25,ÇAMDİBİ,89.26900683071823,False,1.0,1.0,1.0,0.522,0.87,0.9626,0.8662,0.94,0.8,0.884,0.7472,0.88,1.0,,1.0,1.0,,,Good
2026-03-25,ÇİĞLİ,88.67801767460249,False,1.0,1.0,1.0,0.2659999999999999,0.87,0.9616,0.76335,0.94,0.8,0.884,0.746,0.88,1.0,,1.0,1.0,,,Good
2026-03-25,ÖRNEKKÖY,88.97481404870102,False,1.0,1.0,1.0,0.388,0.87,0.9666,0.94455,0.94,0.8,0.88,0.752,0.88,1.0,,1.0,1.0,,,Good
2026-03-25,ÖZKANLAR,88.9503572075033,False,1.0,1.0,1.0,0.377,0.87,0.9626,0.9524,0.94,0.8,0.88,0.7516,0.88,1.0,,1.0,1.0,,,Good
2026-03-25,ÜÇKUYULAR,88.54841865776862,False,1.0,1.0,1.0,0.134,0.87,0.98005,0.6241,0.94,0.8,0.9,0.7764,0.92,1.0,,1.0,1.0,,,Good
2026-03-25,ŞEMİKLER,88.92058683919709,False,1.0,1.0,1.0,0.364,0.87,0.9657,0.94615,0.94,0.8,0.88,0.7516,0.88,1.0,,1.0,1.0,,,Good
2026-03-25,ŞİRİNYER,90.45499735631198,False,1.0,1.0,1.0,0.9359999999999999,0.87,0.937,0.7087,0.94,0.8399999999999999,0.804,0.8516,0.92,1.0,,1.0,1.0,,,Good
2026-04-01,9 EYLÜL MAH,89.71444586155648,False,1.0,1.0,1.0,0.8180000000000001,0.87,0.95735,0.6713,0.94,0.6399999999999999,0.856,0.8516,0.92,1.0,,1.0,1.0,,,Good
2026-04-01,ADATEPE,89.9925052040165,False,1.0,1.0,1.0,0.914,0.87,0.95795,0.40049999999999997,0.94,0.68,0.812,0.866,0.92,1.0,,1.0,1.0,,,Good
2026-04-01,AKINCILAR,90.0345171458649,False,1.0,1.0,1.0,0.901,0.87,0.80855,0.3420000000000001,0.94,0.72,0.808,0.8704000000000001,0.92,1.0,,1.0,1.0,,,Good
2026-04-01,AKTEPE,89.71487010203207,False,1.0,1.0,1.0,0.817,0.87,0.9632000000000001,0.6892,0.94,0.6399999999999999,0.856,0.8516,0.92,1.0,,1.0,1.0,,,Good
2026-04-01,ALAYBEY,89.33915954538092,False,1.0,1.0,1.0,0.604,0.87,0.964,0.6928000000000001,0.94,0.7600000000000001,0.876,0.7548,0.88,1.0,,1.0,1.0,,,Good
2026-04-01,BEYAZEVLER,89.7240692193737,False,1.0,1.0,1.0,0.821,0.87,0.96335,0.6903,0.94,0.6399999999999999,0.856,0.8524,0.92,1.0,,1.0,1.0,,,Good
2026-04-01,CENGİZHAN,89.33204429725532,False,1.0,1.0,1.0,0.601,0.87,0.9688,0.68485,0.94,0.7600000000000001,0.876,0.758,0.88,1.0,,1.0,1.0,,,Good
2026-04-01,CENNETÇEŞME,89.99051161317367,False,1.0,1.0,1.0,0.906,0.87,0.94375,0.5569500000000001,0.94,0.68,0.812,0.8676,0.92,1.0,,1.0,1.0,,,Good
2026-04-01,CUMHURİYET MAH,89.23824755637486,False,1.0,1.0,1.0,0.5610000000000002,0.87,0.96405,0.6605,0.94,0.7600000000000001,0.876,0.758,0.88,1.0,,1.0,1.0,,,Good
2026-04-01,DOĞANÇAY,89.23216926510236,False,1.0,1.0,1.0,0.5559999999999999,0.87,0.9592,0.71175,0.94,0.7600000000000001,0.876,0.7564,0.88,1.0,,1.0,1.0,,,Good
2026-04-01,EGEKENT-2,89.23981880019434,False,1.0,1.0,1.0,0.602,0.87,0.9489,0.7175,0.94,0.72,0.868,0.7648,0.88,1.0,,1.0,1.0,,,Good
2026-04-01,ESENDERE,89.98557345403793,False,1.0,1.0,1.0,0.904,0.87,0.93805,0.5589999999999999,0.94,0.68,0.812,0.8676,0.92,1.0,,1.0,1.0,,,Good
2026-04-01,EVKA-1,90.00087326254918,False,1.0,1.0,1.0,0.914,0.87,0.95545,0.477,0.94,0.68,0.812,0.8656,0.92,1.0,,1.0,1.0,,,Good
2026-04-01,EVKA-5,89.51987987891432,False,1.0,1.0,1.0,0.683,0.87,0.9515,0.71545,0.94,0.7600000000000001,0.884,0.766,0.88,1.0,,1.0,1.0,,,Good
2026-04-01,GÜZELBAHÇE,89.35508852782303,False,1.0,1.0,1.0,0.614,0.87,0.82435,0.83215,0.94,0.68,0.9,0.8312,0.92,1.0,,1.0,1.0,,,Good
2026-04-01,GÜZELTEPE,89.34500071451028,False,1.0,1.0,1.0,0.6060000000000001,0.87,0.9695,0.6989000000000001,0.94,0.7600000000000001,0.876,0.7552,0.88,1.0,,1.0,1.0,,,Good
2026-04-01,KADİFEKALE,89.93818205959968,False,1.0,1.0,1.0,0.901,0.87,0.8089500000000001,0.32900000000000007,0.94,0.68,0.812,0.87,0.92,1.0,,1.0,1.0,,,Good
2026-04-01,KOZAĞAÇ,90.01499922594721,False,1.0,1.0,1.0,0.92,0.87,0.95625,0.481,0.94,0.68,0.812,0.8664000000000001,0.92,1.0,,1.0,1.0,,,Good
2026-04-01,KURUÇEŞME,90.01505217115856,False,1.0,1.0,1.0,0.92,0.87,0.95975,0.478,0.94,0.68,0.812,0.866,0.92,1.0,,1.0,1.0,,,Good
2026-04-01,LEVENT,89.07301655520305,False,1.0,1.0,1.0,0.44699999999999995,0.87,0.97325,0.623,0.94,0.8,0.88,0.7888,0.88,1.0,,1.0,1.0,,,Good
2026-04-01,MERSİNLİ,89.92779843903321,False,1.0,1.0,1.0,0.8280000000000001,0.87,0.9689,0.57335,0.94,0.8,0.868,0.78,0.88,1.0,,1.0,1.0,,,Good
2026-04-01,MEVLANA,89.88767660312288,False,1.0,1.0,1.0,0.81,0.87,0.97105,0.57655,0.94,0.8,0.868,0.78,0.88,1.0,,1.0,1.0,,,Good
2026-04-01,NALDÖKEN,89.92873380443378,False,1.0,1.0,1.0,0.8280000000000001,0.87,0.97095,0.5796,0.94,0.8,0.868,0.7796,0.88,1.0,,1.0,1.0,,,Good
2026-04-01,POSTACI MAH,89.3259438323473,False,1.0,1.0,1.0,0.5959999999999999,0.87,0.96635,0.7336,0.94,0.7600000000000001,0.876,0.7552,0.88,1.0,,1.0,1.0,,,Good
2026-04-01,TOROS,89.07755400506827,False,1.0,1.0,1.0,0.44900000000000007,0.87,0.97745,0.6191,0.94,0.8,0.88,0.7864,0.88,1.0,,1.0,1.0,,,Good
2026-04-01,UFUK MAH,89.03735003620186,False,1.0,1.0,1.0,0.43099999999999994,0.87,0.975,0.62595,0.94,0.8,0.88,0.7892,0.88,1.0,,1.0,1.0,,,Good
2026-04-01,UZUNDERE,89.99108654386616,False,1.0,1.0,1.0,0.906,0.87,0.94385,0.5619,0.94,0.68,0.812,0.868,0.92,1.0,,1.0,1.0,,,Good
2026-04-01,UĞUR MUMCU MAH,89.72633749178313,False,1.0,1.0,1.0,0.822,0.87,0.9628,0.6909000000000001,0.94,0.6399999999999999,0.856,0.8524,0.92,1.0,,1.0,1.0,,,Good
2026-04-01,YAMANLAR,89.3010699910448,False,1.0,1.0,1.0,0.5860000000000001,0.87,0.95665,0.7234,0.94,0.7600000000000001,0.876,0.7556,0.88,1.0,,1.0,1.0,,,Good
2026-04-01,YAMAÇ MAH,89.32367307106043,False,1.0,1.0,1.0,0.5959999999999999,0.87,0.9637,0.7160500000000001,0.94,0.7600000000000001,0.876,0.7568,0.88,1.0,,1.0,1.0,,,Good
2026-04-01,YEŞİLOVA,89.90620742709613,False,1.0,1.0,1.0,0.8180000000000001,0.87,0.9696,0.5818,0.94,0.8,0.868,0.78,0.88,1.0,,1.0,1.0,,,Good
2026-04-01,YEŞİLÇAM,89.92992079653605,False,1.0,1.0,1.0,0.892,0.87,0.88815,0.357,0.94,0.68,0.812,0.8672,0.92,1.0,,1.0,1.0,,,Good
2026-04-01,ÇAMLIK MAH,89.68544274629168,False,1.0,1.0,1.0,0.8049999999999999,0.87,0.95395,0.6782999999999999,0.94,0.6399999999999999,0.856,0.852,0.92,1.0,,1.0,1.0,,,Good
2026-04-01,ÇAMLIKULE,90.017782243467,False,1.0,1.0,1.0,0.921,0.87,0.95435,0.48750000000000004,0.94,0.68,0.812,0.8664000000000001,0.92,1.0,,1.0,1.0,,,Good
2026-04-01,ÇANKAYA,88.79556766650471,False,1.0,1.0,1.0,0.377,0.87,0.95605,0.4285,0.94,0.7600000000000001,0.884,0.7656,0.88,1.0,,1.0,1.0,,,Good
2026-04-01,ÇAY MAH,89.37574468642525,False,1.0,1.0,1.0,0.619,0.87,0.97075,0.70915,0.94,0.7600000000000001,0.876,0.7584,0.88,1.0,,1.0,1.0,,,Good
2026-04-01,İNCİRALTI,89.40009716148884,False,1.0,1.0,1.0,0.63,0.87,0.8665499999999999,0.8677,0.94,0.68,0.9,0.8324,0.92,1.0,,1.0,1.0,,,Good
2026-04-01,İZYUVA,89.92200659492983,False,1.0,1.0,1.0,0.825,0.87,0.969,0.5821500000000001,0.94,0.8,0.868,0.7787999999999999,0.88,1.0,,1.0,1.0,,,Good
2026-04-08,ALTINDAĞ,90.24478857640973,False,1.0,1.0,1.0,0.857,0.87,0.9366,0.4365,0.94,0.8399999999999999,0.796,0.8628,0.92,1.0,,1.0,1.0,,,Good
2026-04-08,ATATÜRK MAH,89.07308932807453,False,1.0,1.0,1.0,0.404,0.87,0.9551499999999999,0.6569499999999999,0.94,0.8399999999999999,0.888,0.7424,0.88,1.0,,1.0,1.0,,,Good
2026-04-08,BALATÇIK,89.65174157116046,False,1.0,1.0,1.0,0.663,0.87,0.94385,0.65345,0.94,0.8399999999999999,0.8280000000000001,0.7136,0.88,1.0,,1.0,1.0,,,Good
2026-04-08,BALÇOVA,89.53414501700534,False,1.0,1.0,1.0,0.74,0.87,0.96305,0.62095,0.94,0.6399999999999999,0.876,0.788,0.92,1.0,,1.0,1.0,,,Good
2026-04-08,BORNOVA,90.21936175178865,False,1.0,1.0,1.0,0.846,0.87,0.9411,0.4275,0.94,0.8399999999999999,0.796,0.8596,0.92,1.0,,1.0,1.0,,,Good
2026-04-08,BOSTANLI,89.75304386140405,False,1.0,1.0,1.0,0.703,0.87,0.97585,0.66355,0.94,0.8399999999999999,0.892,0.7404,0.88,1.0,,1.0,1.0,,,Good
2026-04-08,BUCA,90.28590853553973,False,1.0,1.0,1.0,0.916,0.87,0.9149499999999999,0.474,0.94,0.8,0.808,0.8644000000000001,0.92,1.0,,1.0,1.0,,,Good
2026-04-08,EGEKENT,89.57326047710232,False,1.0,1.0,1.0,0.6279999999999999,0.87,0.95415,0.64975,0.94,0.8399999999999999,0.8280000000000001,0.7096,0.88,1.0,,1.0,1.0,,,Good
2026-04-08,ESKİ İZMİR,89.86306940514638,False,1.0,1.0,1.0,0.888,0.87,0.9494,0.63535,0.94,0.6399999999999999,0.804,0.842,0.92,1.0,,1.0,1.0,,,Good
2026-04-08,EVKA-2,89.71039499318833,False,1.0,1.0,1.0,0.726,0.87,0.97525,0.6725,0.94,0.8,0.888,0.74,0.88,1.0,,1.0,1.0,,,Good
2026-04-08,EVKA-3,90.12872325349872,False,1.0,1.0,1.0,0.847,0.87,0.94085,0.45200000000000007,0.94,0.8,0.792,0.858,0.92,1.0,,1.0,1.0,,,Good
2026-04-08,GAZİEMİR,89.95892617441672,False,1.0,1.0,1.0,0.888,0.87,0.9480999999999999,0.6355500000000001,0.94,0.68,0.812,0.8408,0.92,1.0,,1.0,1.0,,,Good
2026-04-08,GEDİZ,90.18716421589642,False,1.0,1.0,1.0,0.914,0.87,0.91765,0.47750000000000004,0.94,0.7600000000000001,0.812,0.8628,0.92,1.0,,1.0,1.0,,,Good
2026-04-08,GÜLTEPE,90.28851204426152,False,1.0,1.0,1.0,0.875,0.87,0.91275,0.4804999999999999,0.94,0.8399999999999999,0.804,0.862,0.92,1.0,,1.0,1.0,,,Good
2026-04-08,GÜLÇEŞME,90.47352221412444,False,1.0,1.0,1.0,0.916,0.87,0.91705,0.4525,0.94,0.8800000000000001,0.8,0.864,0.92,1.0,,1.0,1.0,,,Good
2026-04-08,GÜMÜŞPALA,89.44992627444816,False,1.0,1.0,1.0,0.618,0.87,0.95425,0.5447,0.94,0.8,0.896,0.7404,0.88,1.0,,1.0,1.0,,,Good
2026-04-08,GÜZELBAHÇE,89.99646241199615,False,1.0,1.0,1.0,0.733,0.87,0.9648,0.6324000000000001,0.94,0.8399999999999999,0.88,0.7836,0.92,1.0,,1.0,1.0,,,Good
2026-04-08,GÜZELYALI,89.59416081959091,False,1.0,1.0,1.0,0.724,0.87,0.9634,0.62605,0.94,0.68,0.88,0.7847999999999999,0.92,1.0,,1.0,1.0,,,Good
2026-04-08,HATAY,89.86469735726466,False,1.0,1.0,1.0,0.886,0.87,0.9453,0.6396,0.94,0.6399999999999999,0.872,0.84,0.92,1.0,,1.0,1.0,,,Good
2026-04-08,IŞIKKENT,90.12637239561005,False,1.0,1.0,1.0,0.847,0.87,0.93905,0.4295,0.94,0.8,0.796,0.862,0.92,1.0,,1.0,1.0,,,Good
2026-04-08,KARABAĞLAR,89.96051000552555,False,1.0,1.0,1.0,0.889,0.87,0.94785,0.633,0.94,0.68,0.808,0.8408,0.92,1.0,,1.0,1.0,,,Good
2026-04-08,KARŞIYAKA,89.7088842445721,False,1.0,1.0,1.0,0.725,0.87,0.9766,0.6777,0.94,0.8,0.888,0.7412000000000001,0.88,1.0,,1.0,1.0,,,Good
2026-04-08,KONAK,89.25851016271781,False,1.0,1.0,1.0,0.45799999999999996,0.87,0.95345,0.36850000000000005,0.94,0.8800000000000001,0.896,0.7504000000000001,0.88,1.0,,1.0,1.0,,,Good
2026-04-08,MANAVKUYU,89.06047094563053,False,1.0,1.0,1.0,0.397,0.87,0.974,0.6668499999999999,0.94,0.8399999999999999,0.888,0.7388,0.88,1.0,,1.0,1.0,,,Good
2026-04-08,NARLIDERE,89.98191537578477,False,1.0,1.0,1.0,0.727,0.87,0.96395,0.6246,0.94,0.8399999999999999,0.88,0.7844,0.92,1.0,,1.0,1.0,,,Good
2026-04-08,OSMANGAZİ,89.03827536273305,False,1.0,1.0,1.0,0.388,0.87,0.972,0.6524000000000001,0.94,0.8399999999999999,0.888,0.742,0.88,1.0,,1.0,1.0,,,Good
2026-04-08,PINARBAŞI,90.16490330294283,False,1.0,1.0,1.0,0.822,0.87,0.937,0.43000000000000005,0.94,0.8399999999999999,0.796,0.8624,0.92,1.0,,1.0,1.0,,,Good
2026-04-08,YENİŞEHİR,89.35895424276201,False,1.0,1.0,1.0,0.497,0.87,0.9523,0.47450000000000003,0.94,0.8800000000000001,0.9,0.748,0.88,1.0,,1.0,1.0,,,Good
2026-04-08,YEŞİLYURT,89.86345337105948,False,1.0,1.0,1.0,0.888,0.87,0.947,0.6414,0.94,0.6399999999999999,0.804,0.8388,0.92,1.0,,1.0,1.0,,,Good
2026-04-08,ÇAMDİBİ,90.13200630912573,False,1.0,1.0,1.0,0.849,0.87,0.93585,0.4425,0.94,0.8,0.796,0.862,0.92,1.0,,1.0,1.0,,,Good
2026-04-08,ÇİĞLİ,89.67506311507427,False,1.0,1.0,1.0,0.71,0.87,0.9742,0.6814,0.94,0.8,0.888,0.738,0.88,1.0,,1.0,1.0,,,Good
2026-04-08,ÖRNEKKÖY,89.55939290443663,False,1.0,1.0,1.0,0.625,0.87,0.9477,0.5428999999999999,0.94,0.8399999999999999,0.888,0.7436,0.88,1.0,,1.0,1.0,,,Good
2026-04-08,ÖZKANLAR,89.06460836500996,False,1.0,1.0,1.0,0.399,0.87,0.97185,0.6625,0.94,0.8399999999999999,0.892,0.7372000000000001,0.88,1.0,,1.0,1.0,,,Good
2026-04-08,ÜÇKUYULAR,89.547756235293,False,1.0,1.0,1.0,0.746,0.87,0.96175,0.6225,0.94,0.6399999999999999,0.876,0.7888,0.92,1.0,,1.0,1.0,,,Good
2026-04-08,ŞEMİKLER,89.67054195604332,False,1.0,1.0,1.0,0.708,0.87,0.9757,0.6768000000000001,0.94,0.8,0.892,0.7372000000000001,0.88,1.0,,1.0,1.0,,,Good
2026-04-08,ŞİRİNYER,90.18588176522145,False,1.0,1.0,1.0,0.915,0.87,0.9077500000000001,0.45599999999999996,0.94,0.7600000000000001,0.812,0.8636,0.92,1.0,,1.0,1.0,,,Good
2026-04-15,GÜZELTEPE,89.7400163980108,False,1.0,1.0,1.0,0.704,0.87,0.9626,0.5967499999999999,0.94,0.8399999999999999,0.8280000000000001,0.6916,0.88,1.0,,1.0,1.0,,,Good
2026-04-21,ALTINDAĞ,89.11630913763373,False,1.0,1.0,1.0,0.42500000000000004,0.87,0.95555,0.6197999999999999,0.94,0.8399999999999999,0.888,0.7272000000000001,0.88,1.0,,1.0,1.0,,,Good
2026-04-21,ATATÜRK MAH,89.18908459325311,False,1.0,1.0,1.0,0.45799999999999996,0.87,0.9601500000000001,0.5985499999999999,0.94,0.8399999999999999,0.888,0.7263999999999999,0.88,1.0,,1.0,1.0,,,Good
2026-04-21,BALATÇIK,88.81503875027389,False,1.0,1.0,1.0,0.33499999999999996,0.87,0.94995,0.6387499999999999,0.94,0.8,0.848,0.6988,0.88,1.0,,1.0,1.0,,,Good
2026-04-21,BALÇOVA,89.31625881229338,False,1.0,1.0,1.0,0.6970000000000001,0.87,0.72875,0.6095,0.94,0.6,0.9,0.8216,0.92,1.0,,1.0,1.0,,,Good
2026-04-21,BORNOVA,89.11100171958806,False,1.0,1.0,1.0,0.42300000000000004,0.87,0.96095,0.60755,0.94,0.8399999999999999,0.888,0.7263999999999999,0.88,1.0,,1.0,1.0,,,Good
2026-04-21,BOSTANLI,88.91391823144417,False,1.0,1.0,1.0,0.376,0.87,0.9637,0.6445000000000001,0.94,0.8,0.888,0.7303999999999999,0.88,1.0,,1.0,1.0,,,Good
2026-04-21,BUCA,90.30557171539627,False,1.0,1.0,1.0,0.875,0.87,0.92045,0.6211,0.94,0.8399999999999999,0.808,0.8532,0.92,1.0,,1.0,1.0,,,Good
2026-04-21,EGEKENT,88.87362059028075,False,1.0,1.0,1.0,0.36,0.87,0.9581500000000001,0.64815,0.94,0.8,0.848,0.7016,0.88,1.0,,1.0,1.0,,,Good
2026-04-21,ESKİ İZMİR,89.81573502862804,False,1.0,1.0,1.0,0.865,0.87,0.9645,0.60815,0.94,0.6399999999999999,0.872,0.8331999999999999,0.92,1.0,,1.0,1.0,,,Good
2026-04-21,EVKA-2,88.93581628035477,False,1.0,1.0,1.0,0.386,0.87,0.96345,0.63825,0.94,0.8,0.888,0.7312000000000001,0.88,1.0,,1.0,1.0,,,Good
2026-04-21,EVKA-3,89.11656209808797,False,1.0,1.0,1.0,0.42500000000000004,0.87,0.9619,0.61575,0.94,0.8399999999999999,0.888,0.7263999999999999,0.88,1.0,,1.0,1.0,,,Good
2026-04-21,GAZİEMİR,89.81347444911258,False,1.0,1.0,1.0,0.864,0.87,0.96915,0.60355,0.94,0.6399999999999999,0.872,0.8328,0.92,1.0,,1.0,1.0,,,Good
2026-04-21,GEDİZ,90.3215247411091,False,1.0,1.0,1.0,0.881,0.87,0.91855,0.64395,0.94,0.8399999999999999,0.808,0.854,0.92,1.0,,1.0,1.0,,,Good
2026-04-21,GÜLTEPE,89.61119232711233,False,1.0,1.0,1.0,0.646,0.87,0.9627,0.5610999999999999,0.94,0.8399999999999999,0.892,0.762,0.88,1.0,,1.0,1.0,,,Good
2026-04-21,GÜLÇEŞME,89.7165546552726,False,1.0,1.0,1.0,0.6910000000000001,0.87,0.9648,0.5903,0.94,0.8399999999999999,0.892,0.7624,0.88,1.0,,1.0,1.0,,,Good
2026-04-21,GÜMÜŞPALA,88.97328783093734,False,1.0,1.0,1.0,0.365,0.87,0.9509,0.54315,0.94,0.8399999999999999,0.908,0.7408,0.88,1.0,,1.0,1.0,,,Good
2026-04-21,GÜZELBAHÇE,89.31440912381987,False,1.0,1.0,1.0,0.7,0.87,0.7097,0.5522,0.94,0.6,0.9,0.8216,0.92,1.0,,1.0,1.0,,,Good
2026-04-21,GÜZELYALI,89.37416480893995,False,1.0,1.0,1.0,0.724,0.87,0.70445,0.60565,0.94,0.6,0.9,0.8216,0.92,1.0,,1.0,1.0,,,Good
2026-04-21,HATAY,89.82027157344689,False,1.0,1.0,1.0,0.868,0.87,0.9591,0.59365,0.94,0.6399999999999999,0.872,0.8331999999999999,0.92,1.0,,1.0,1.0,,,Good
2026-04-21,IŞIKKENT,89.10207773633618,False,1.0,1.0,1.0,0.41900000000000004,0.87,0.9577,0.61195,0.94,0.8399999999999999,0.888,0.726,0.88,1.0,,1.0,1.0,,,Good
2026-04-21,KARABAĞLAR,89.82804003877409,False,1.0,1.0,1.0,0.87,0.87,0.9668,0.61465,0.94,0.6399999999999999,0.872,0.8328,0.92,1.0,,1.0,1.0,,,Good
2026-04-21,KARŞIYAKA,88.95690748044623,False,1.0,1.0,1.0,0.395,0.87,0.965,0.6431,0.94,0.8,0.888,0.7316,0.88,1.0,,1.0,1.0,,,Good
2026-04-21,KONAK,88.80802953547305,False,1.0,1.0,1.0,0.21399999999999997,0.87,0.96435,0.5,0.94,0.8399999999999999,0.892,0.7624,0.92,1.0,,1.0,1.0,,,Good
2026-04-21,MANAVKUYU,88.88916114112054,False,1.0,1.0,1.0,0.365,0.87,0.96705,0.64225,0.94,0.8,0.888,0.7312000000000001,0.88,1.0,,1.0,1.0,,,Good
2026-04-21,NARLIDERE,89.31182770537407,False,1.0,1.0,1.0,0.696,0.87,0.70905,0.61,0.94,0.6,0.9,0.822,0.92,1.0,,1.0,1.0,,,Good
2026-04-21,OSMANGAZİ,88.91921999295016,False,1.0,1.0,1.0,0.378,0.87,0.96715,0.64785,0.94,0.8,0.888,0.7312000000000001,0.88,1.0,,1.0,1.0,,,Good
2026-04-21,PINARBAŞI,89.14318381014985,False,1.0,1.0,1.0,0.43700000000000006,0.87,0.9601999999999999,0.6128,0.94,0.8399999999999999,0.888,0.726,0.88,1.0,,1.0,1.0,,,Good
2026-04-21,YENİŞEHİR,88.77560625005954,False,1.0,1.0,1.0,0.19999999999999996,0.87,0.97075,0.487,0.94,0.8399999999999999,0.892,0.7624,0.92,1.0,,1.0,1.0,,,Good
2026-04-21,YEŞİLYURT,89.82545296378862,False,1.0,1.0,1.0,0.869,0.87,0.9673,0.6112500000000001,0.94,0.6399999999999999,0.872,0.8331999999999999,0.92,1.0,,1.0,1.0,,,Good
2026-04-21,ÇAMDİBİ,89.10619366086485,False,1.0,1.0,1.0,0.42100000000000004,0.87,0.95875,0.6072500000000001,0.94,0.8399999999999999,0.888,0.7263999999999999,0.88,1.0,,1.0,1.0,,,Good
2026-04-21,ÇİĞLİ,88.87047238655958,False,1.0,1.0,1.0,0.358,0.87,0.9596,0.6246,0.94,0.8,0.888,0.73,0.88,1.0,,1.0,1.0,,,Good
2026-04-21,ÖRNEKKÖY,88.90862348404737,False,1.0,1.0,1.0,0.377,0.87,0.95235,0.5853999999999999,0.94,0.8,0.892,0.736,0.88,1.0,,1.0,1.0,,,Good
2026-04-21,ÖZKANLAR,88.85772412996465,False,1.0,1.0,1.0,0.351,0.87,0.96615,0.6453,0.94,0.8,0.888,0.7308,0.88,1.0,,1.0,1.0,,,Good
2026-04-21,ÜÇKUYULAR,89.29399105194966,False,1.0,1.0,1.0,0.688,0.87,0.72505,0.5964,0.94,0.6,0.9,0.8212,0.92,1.0,,1.0,1.0,,,Good
2026-04-21,ŞEMİKLER,88.92706402964741,False,1.0,1.0,1.0,0.382,0.87,0.96365,0.64075,0.94,0.8,0.888,0.7303999999999999,0.88,1.0,,1.0,1.0,,,Good
2026-04-21,ŞİRİNYER,90.3101797588766,False,1.0,1.0,1.0,0.876,0.87,0.92165,0.6406000000000001,0.94,0.8399999999999999,0.808,0.8536,0.92,1.0,,1.0,1.0,,,Good
2026-04-28,9 EYLÜL MAH,89.66054327788734,False,1.0,1.0,1.0,0.874,0.87,0.9838,0.73055,0.94,0.5600000000000002,0.86,0.8371999999999999,0.92,1.0,,1.0,1.0,,,Good
2026-04-28,ADATEPE,89.74577749435537,False,1.0,1.0,1.0,0.768,0.87,0.94275,0.278,0.94,0.72,0.856,0.8596,0.92,1.0,,1.0,1.0,,,Good
2026-04-28,AKINCILAR,90.1106979812703,False,1.0,1.0,1.0,0.886,0.87,0.9415,0.2995,0.94,0.7600000000000001,0.86,0.8608,0.92,1.0,,1.0,1.0,,,Good
2026-04-28,AKTEPE,89.76054945840121,False,1.0,1.0,1.0,0.876,0.87,0.98635,0.73305,0.94,0.6,0.856,0.8376,0.92,1.0,,1.0,1.0,,,Good
2026-04-28,ALAYBEY,88.82328502053026,False,1.0,1.0,1.0,0.40900000000000003,0.87,0.96045,0.877,0.94,0.72,0.88,0.7332000000000001,0.88,1.0,,1.0,1.0,,,Good
2026-04-28,BEYAZEVLER,89.45111411205427,False,1.0,1.0,1.0,0.739,0.87,0.97055,0.7504500000000001,0.94,0.6,0.86,0.8376,0.92,1.0,,1.0,1.0,,,Good
2026-04-28,CENGİZHAN,88.79011326178704,False,1.0,1.0,1.0,0.42199999999999993,0.87,0.94485,0.3390000000000001,0.94,0.72,0.88,0.738,0.88,1.0,,1.0,1.0,,,Good
2026-04-28,CENNETÇEŞME,89.76028156468223,False,1.0,1.0,1.0,0.876,0.87,0.9739,0.7367,0.94,0.6,0.864,0.838,0.92,1.0,,1.0,1.0,,,Good
2026-04-28,CUMHURİYET MAH,89.36742165394838,False,1.0,1.0,1.0,0.607,0.87,0.9591,0.88275,0.94,0.7600000000000001,0.884,0.7343999999999999,0.88,1.0,,1.0,1.0,,,Good
2026-04-28,DOĞANÇAY,89.67292525269846,False,1.0,1.0,1.0,0.751,0.87,0.9683,0.6931,0.94,0.7600000000000001,0.884,0.7456,0.88,1.0,,1.0,1.0,,,Good
2026-04-28,EGEKENT-2,88.82851565253841,False,1.0,1.0,1.0,0.46699999999999997,0.87,0.9484,0.5807,0.94,0.7600000000000001,0.8240000000000001,0.6992,0.84,1.0,,1.0,1.0,,,Good
2026-04-28,ESENDERE,89.66780423847494,False,1.0,1.0,1.0,0.878,0.87,0.9728,0.7257,0.94,0.5600000000000002,0.86,0.8376,0.92,1.0,,1.0,1.0,,,Good
2026-04-28,EVKA-1,90.03006024512466,False,1.0,1.0,1.0,0.891,0.87,0.94345,0.32700000000000007,0.94,0.72,0.86,0.8592,0.92,1.0,,1.0,1.0,,,Good
2026-04-28,EVKA-5,88.82751339706765,False,1.0,1.0,1.0,0.508,0.87,0.9531,0.5923499999999999,0.94,0.72,0.8200000000000001,0.7004,0.84,1.0,,1.0,1.0,,,Good
2026-04-28,GÜZELBAHÇE,89.25272947688322,False,1.0,1.0,1.0,0.745,0.87,0.71785,0.77595,0.94,0.5200000000000002,0.908,0.8304,0.92,1.0,,1.0,1.0,,,Good
2026-04-28,GÜZELTEPE,89.29963308706546,False,1.0,1.0,1.0,0.619,0.87,0.96085,0.8839,0.94,0.72,0.884,0.7343999999999999,0.88,1.0,,1.0,1.0,,,Good
2026-04-28,KADİFEKALE,90.01117260662875,False,1.0,1.0,1.0,0.886,0.87,0.9289000000000001,0.2745000000000001,0.94,0.72,0.86,0.8604,0.92,1.0,,1.0,1.0,,,Good
2026-04-28,KOZAĞAÇ,90.04211795135613,False,1.0,1.0,1.0,0.895,0.87,0.9425,0.35450000000000004,0.94,0.72,0.86,0.8596,0.92,1.0,,1.0,1.0,,,Good
2026-04-28,KURUÇEŞME,90.01273788428745,False,1.0,1.0,1.0,0.892,0.87,0.937,0.16349999999999998,0.94,0.72,0.856,0.8596,0.92,1.0,,1.0,1.0,,,Good
2026-04-28,LEVENT,89.44345926576923,False,1.0,1.0,1.0,0.607,0.87,0.94175,0.7553,0.94,0.8,0.848,0.7796,0.88,1.0,,1.0,1.0,,,Good
2026-04-28,MERSİNLİ,89.43293931664238,False,1.0,1.0,1.0,0.5660000000000001,0.87,0.96175,0.704,0.94,0.7600000000000001,0.848,0.7847999999999999,0.92,1.0,,1.0,1.0,,,Good
2026-04-28,MEVLANA,89.43249810654777,False,1.0,1.0,1.0,0.5660000000000001,0.87,0.96105,0.7008,0.94,0.7600000000000001,0.848,0.7847999999999999,0.92,1.0,,1.0,1.0,,,Good
2026-04-28,NALDÖKEN,89.93880230215211,False,1.0,1.0,1.0,0.792,0.87,0.9571,0.65985,0.94,0.7600000000000001,0.848,0.7884,0.92,1.0,,1.0,1.0,,,Good
2026-04-28,POSTACI MAH,89.22589556717826,False,1.0,1.0,1.0,0.5860000000000001,0.87,0.9564,0.8996,0.94,0.72,0.88,0.7363999999999999,0.88,1.0,,1.0,1.0,,,Good
2026-04-28,TOROS,89.38428258405023,False,1.0,1.0,1.0,0.5799999999999998,0.87,0.97125,0.74275,0.94,0.8,0.848,0.7792,0.88,1.0,,1.0,1.0,,,Good
2026-04-28,UFUK MAH,89.3120088337287,False,1.0,1.0,1.0,0.5900000000000001,0.87,0.9761,0.73805,0.94,0.7600000000000001,0.852,0.778,0.88,1.0,,1.0,1.0,,,Good
2026-04-28,UZUNDERE,89.76939425009765,False,1.0,1.0,1.0,0.88,0.87,0.97435,0.7368,0.94,0.6,0.864,0.838,0.92,1.0,,1.0,1.0,,,Good
2026-04-28,UĞUR MUMCU MAH,89.76207265140472,False,1.0,1.0,1.0,0.876,0.87,0.98755,0.74205,0.94,0.6,0.86,0.8384,0.92,1.0,,1.0,1.0,,,Good
2026-04-28,YAMANLAR,89.16837376270637,False,1.0,1.0,1.0,0.5610000000000002,0.87,0.9537,0.89375,0.94,0.72,0.88,0.7376,0.88,1.0,,1.0,1.0,,,Good
2026-04-28,YAMAÇ MAH,89.27991031705203,False,1.0,1.0,1.0,0.611,0.87,0.95095,0.8794,0.94,0.72,0.884,0.7352000000000001,0.88,1.0,,1.0,1.0,,,Good
2026-04-28,YEŞİLOVA,89.43147721426735,False,1.0,1.0,1.0,0.568,0.87,0.95875,0.6535,0.94,0.7600000000000001,0.848,0.792,0.92,1.0,,1.0,1.0,,,Good
2026-04-28,YEŞİLÇAM,90.07852199977135,False,1.0,1.0,1.0,0.867,0.87,0.93695,0.4445,0.94,0.7600000000000001,0.804,0.86,0.92,1.0,,1.0,1.0,,,Good
2026-04-28,ÇAMLIK MAH,89.7679740061162,False,1.0,1.0,1.0,0.88,0.87,0.98,0.7217,0.94,0.6,0.86,0.8392000000000001,0.92,1.0,,1.0,1.0,,,Good
2026-04-28,ÇAMLIKULE,90.03723997780254,False,1.0,1.0,1.0,0.896,0.87,0.94485,0.28900000000000003,0.94,0.72,0.86,0.86,0.92,1.0,,1.0,1.0,,,Good
2026-04-28,ÇANKAYA,89.23623187525604,False,1.0,1.0,1.0,0.522,0.87,0.9666,0.66675,0.94,0.72,0.864,0.8216,0.92,1.0,,1.0,1.0,,,Good
2026-04-28,ÇAY MAH,88.45061906361046,False,1.0,1.0,1.0,0.2849999999999998,0.87,0.94995,0.07299999999999995,0.94,0.72,0.88,0.738,0.88,1.0,,1.0,1.0,,,Good
2026-04-28,İNCİRALTI,89.36969034315547,False,1.0,1.0,1.0,0.752,0.87,0.7555499999999999,0.79,0.94,0.5600000000000002,0.908,0.8304,0.92,1.0,,1.0,1.0,,,Good
2026-04-28,İZYUVA,90.16767780588185,False,1.0,1.0,1.0,0.847,0.87,0.96165,0.7339,0.94,0.8,0.852,0.7784,0.92,1.0,,1.0,1.0,,,Good
2026-05-06,ALTINDAĞ,90.24366088866024,False,1.0,1.0,1.0,0.928,0.87,0.90575,0.5629500000000001,0.94,0.8399999999999999,0.9,0.7532,0.88,1.0,,1.0,1.0,,,Good
2026-05-06,ATATÜRK MAH,89.0617500023817,False,1.0,1.0,1.0,0.4019999999999999,0.87,0.95395,0.58755,0.94,0.8399999999999999,0.9,0.752,0.88,1.0,,1.0,1.0,,,Good
2026-05-06,BALATÇIK,89.15880219497556,False,1.0,1.0,1.0,0.43300000000000005,0.87,0.97355,0.84685,0.94,0.8399999999999999,0.852,0.7192000000000001,0.88,1.0,,1.0,1.0,,,Good
2026-05-06,BALÇOVA,89.5325101341374,False,1.0,1.0,1.0,0.788,0.87,0.7743,0.65185,0.94,0.6,0.904,0.8268,0.92,1.0,,1.0,1.0,,,Good
2026-05-06,BORNOVA,89.77905014194937,False,1.0,1.0,1.0,0.724,0.87,0.94445,0.49750000000000005,0.94,0.8399999999999999,0.9,0.752,0.88,1.0,,1.0,1.0,,,Good
2026-05-06,BUCA,90.26205468147131,False,1.0,1.0,1.0,0.921,0.87,0.94375,0.14749999999999996,0.94,0.8,0.792,0.86,0.92,1.0,,1.0,1.0,,,Good
2026-05-06,EGEKENT,89.17411444787409,False,1.0,1.0,1.0,0.44000000000000006,0.87,0.9747,0.84105,0.94,0.8399999999999999,0.852,0.7192000000000001,0.88,1.0,,1.0,1.0,,,Good
2026-05-06,ESKİ İZMİR,90.00523038192956,False,1.0,1.0,1.0,0.906,0.87,0.97125,0.63005,0.94,0.68,0.852,0.8364,0.92,1.0,,1.0,1.0,,,Good
2026-05-06,EVKA-2,88.79782612630636,False,1.0,1.0,1.0,0.3370000000000001,0.87,0.9666,0.384,0.94,0.8,0.9,0.7532,0.88,1.0,,1.0,1.0,,,Good
2026-05-06,EVKA-3,89.78354143445083,False,1.0,1.0,1.0,0.719,0.87,0.95765,0.624,0.94,0.8399999999999999,0.9,0.752,0.88,1.0,,1.0,1.0,,,Good
2026-05-06,GAZİEMİR,90.02105737993845,False,1.0,1.0,1.0,0.926,0.87,0.9507,0.39049999999999996,0.94,0.68,0.852,0.8364,0.92,1.0,,1.0,1.0,,,Good
2026-05-06,GEDİZ,90.28333662008059,False,1.0,1.0,1.0,0.923,0.87,0.9484,0.2909999999999999,0.94,0.8,0.792,0.8596,0.92,1.0,,1.0,1.0,,,Good
2026-05-06,GÜLTEPE,89.75036206617318,False,1.0,1.0,1.0,0.663,0.87,0.97765,0.74735,0.94,0.8,0.796,0.8604,0.92,1.0,,1.0,1.0,,,Good
2026-05-06,GÜLÇEŞME,89.66649458877552,False,1.0,1.0,1.0,0.629,0.87,0.9648,0.7021,0.94,0.8,0.792,0.86,0.92,1.0,,1.0,1.0,,,Good
2026-05-06,GÜMÜŞPALA,89.00929034839521,False,1.0,1.0,1.0,0.383,0.87,0.9565,0.5011,0.94,0.8399999999999999,0.9,0.7544,0.88,1.0,,1.0,1.0,,,Good
2026-05-06,GÜZELBAHÇE,89.51556314127296,False,1.0,1.0,1.0,0.781,0.87,0.7722,0.64415,0.94,0.6,0.904,0.8268,0.92,1.0,,1.0,1.0,,,Good
2026-05-06,GÜZELYALI,89.82387283622472,False,1.0,1.0,1.0,0.906,0.87,0.9795,0.6621,0.94,0.6,0.904,0.8268,0.92,1.0,,1.0,1.0,,,Good
2026-05-06,HATAY,89.80222848609563,False,1.0,1.0,1.0,0.815,0.87,0.97775,0.64915,0.94,0.68,0.852,0.8364,0.92,1.0,,1.0,1.0,,,Good
2026-05-06,IŞIKKENT,90.29028050482532,False,1.0,1.0,1.0,0.942,0.87,0.94345,0.6574,0.94,0.8399999999999999,0.9,0.7524,0.88,1.0,,1.0,1.0,,,Good
2026-05-06,KARABAĞLAR,90.01467680318576,False,1.0,1.0,1.0,0.909,0.87,0.9767,0.6481,0.94,0.68,0.852,0.8364,0.92,1.0,,1.0,1.0,,,Good
2026-05-06,KARŞIYAKA,88.73241087675174,False,1.0,1.0,1.0,0.27600000000000013,0.87,0.9273,0.22299999999999998,0.94,0.8399999999999999,0.9,0.7528,0.88,1.0,,1.0,1.0,,,Good
2026-05-06,KONAK,90.01872307487115,False,1.0,1.0,1.0,0.779,0.87,0.97395,0.64985,0.94,0.8800000000000001,0.892,0.7644,0.88,1.0,,1.0,1.0,,,Good
2026-05-06,MANAVKUYU,88.92320754379948,False,1.0,1.0,1.0,0.351,0.87,0.9671,0.36965000000000003,0.94,0.8399999999999999,0.9,0.7536,0.88,1.0,,1.0,1.0,,,Good
2026-05-06,NARLIDERE,89.52835823401641,False,1.0,1.0,1.0,0.787,0.87,0.76015,0.6493,0.94,0.6,0.904,0.8268,0.92,1.0,,1.0,1.0,,,Good
2026-05-06,OSMANGAZİ,89.69049701334706,False,1.0,1.0,1.0,0.6769999999999999,0.87,0.9483,0.6509,0.94,0.8399999999999999,0.9,0.752,0.88,1.0,,1.0,1.0,,,Good
2026-05-06,PINARBAŞI,90.2578176236341,False,1.0,1.0,1.0,0.933,0.87,0.95385,0.54005,0.94,0.8399999999999999,0.9,0.7524,0.88,1.0,,1.0,1.0,,,Good
2026-05-06,YENİŞEHİR,90.01603621852583,False,1.0,1.0,1.0,0.777,0.87,0.97445,0.6656,0.94,0.8800000000000001,0.892,0.7644,0.88,1.0,,1.0,1.0,,,Good
2026-05-06,YEŞİLYURT,90.01476730782055,False,1.0,1.0,1.0,0.909,0.87,0.97785,0.64775,0.94,0.68,0.852,0.8364,0.92,1.0,,1.0,1.0,,,Good
2026-05-06,ÇAMDİBİ,89.37659458448846,False,1.0,1.0,1.0,0.5559999999999999,0.87,0.95045,0.29400000000000004,0.94,0.8399999999999999,0.9,0.7528,0.88,1.0,,1.0,1.0,,,Good
2026-05-06,ÇİĞLİ,89.19604485219165,False,1.0,1.0,1.0,0.44999999999999996,0.87,0.96685,0.84275,0.94,0.8399999999999999,0.852,0.7192000000000001,0.88,1.0,,1.0,1.0,,,Good
2026-05-06,ÖRNEKKÖY,89.61565225261272,False,1.0,1.0,1.0,0.6859999999999999,0.87,0.9576,0.642,0.94,0.8,0.9,0.7536,0.88,1.0,,1.0,1.0,,,Good
2026-05-06,ÖZKANLAR,89.69250508493145,False,1.0,1.0,1.0,0.679,0.87,0.96165,0.6153,0.94,0.8399999999999999,0.9,0.752,0.88,1.0,,1.0,1.0,,,Good
2026-05-06,ÜÇKUYULAR,89.53926766269399,False,1.0,1.0,1.0,0.793,0.87,0.763,0.6228499999999999,0.94,0.6,0.904,0.8271999999999999,0.92,1.0,,1.0,1.0,,,Good
2026-05-06,ŞEMİKLER,88.80300087170254,False,1.0,1.0,1.0,0.30300000000000016,0.87,0.9601,0.2742,0.94,0.8399999999999999,0.9,0.7524,0.88,1.0,,1.0,1.0,,,Good
2026-05-06,ŞİRİNYER,90.3099789219469,False,1.0,1.0,1.0,0.929,0.87,0.9504,0.4045000000000001,0.94,0.8,0.792,0.8596,0.92,1.0,,1.0,1.0,,,Good
2026-05-13,9 EYLÜL MAH,90.04067162774967,False,1.0,1.0,1.0,0.949,0.87,0.97655,0.9081,0.94,0.6399999999999999,0.868,0.8268,0.92,1.0,,1.0,1.0,,,Good
2026-05-13,ADATEPE,90.39747721903075,False,1.0,1.0,1.0,0.969,0.87,0.94715,0.363,0.94,0.8,0.8160000000000001,0.8468,0.92,1.0,,1.0,1.0,,,Good
2026-05-13,AKINCILAR,90.49580612240037,False,1.0,1.0,1.0,0.968,0.87,0.94315,0.4202,0.94,0.8399999999999999,0.808,0.85,0.92,1.0,,1.0,1.0,,,Good
2026-05-13,AKTEPE,90.04879079853669,False,1.0,1.0,1.0,0.953,0.87,0.9761,0.90035,0.94,0.6399999999999999,0.868,0.8264,0.92,1.0,,1.0,1.0,,,Good
2026-05-13,ALAYBEY,89.12447522792877,False,1.0,1.0,1.0,0.45899999999999996,0.87,0.97825,0.8287,0.94,0.8,0.892,0.7208,0.88,1.0,,1.0,1.0,,,Good
2026-05-13,BEYAZEVLER,90.04624693951432,False,1.0,1.0,1.0,0.951,0.87,0.97965,0.91425,0.94,0.6399999999999999,0.868,0.8271999999999999,0.92,1.0,,1.0,1.0,,,Good
2026-05-13,CENGİZHAN,89.12539837520363,False,1.0,1.0,1.0,0.45799999999999996,0.87,0.9871,0.84785,0.94,0.8,0.892,0.7228,0.88,1.0,,1.0,1.0,,,Good
2026-05-13,CENNETÇEŞME,90.04948791048615,False,1.0,1.0,1.0,0.953,0.87,0.97655,0.90635,0.94,0.6399999999999999,0.868,0.8228,0.92,1.0,,1.0,1.0,,,Good
2026-05-13,CUMHURİYET MAH,89.14706744738822,False,1.0,1.0,1.0,0.46799999999999997,0.87,0.98305,0.8436,0.94,0.8,0.892,0.7208,0.88,1.0,,1.0,1.0,,,Good
2026-05-13,DOĞANÇAY,89.1560228810007,False,1.0,1.0,1.0,0.472,0.87,0.9845,0.8411500000000001,0.94,0.8,0.892,0.7228,0.88,1.0,,1.0,1.0,,,Good
2026-05-13,EGEKENT-2,88.79070649585108,False,1.0,1.0,1.0,0.353,0.87,0.9873,0.80175,0.94,0.8399999999999999,0.8280000000000001,0.6796,0.84,1.0,,1.0,1.0,,,Good
2026-05-13,ESENDERE,89.48058431459411,False,1.0,1.0,1.0,0.8049999999999999,0.87,0.6455500000000001,0.8281,0.94,0.5600000000000002,0.9,0.812,0.92,1.0,,1.0,1.0,,,Good
2026-05-13,EVKA-1,90.37497392037497,False,1.0,1.0,1.0,0.967,0.87,0.9401,0.21120000000000005,0.94,0.8,0.8160000000000001,0.846,0.92,1.0,,1.0,1.0,,,Good
2026-05-13,EVKA-5,88.83752974744444,False,1.0,1.0,1.0,0.373,0.87,0.98925,0.81375,0.94,0.8399999999999999,0.8280000000000001,0.6788000000000001,0.84,1.0,,1.0,1.0,,,Good
2026-05-13,GÜZELBAHÇE,89.5702757652405,False,1.0,1.0,1.0,0.843,0.87,0.66475,0.842,0.94,0.5600000000000002,0.9,0.8084,0.92,1.0,,1.0,1.0,,,Good
2026-05-13,GÜZELTEPE,89.12254272771442,False,1.0,1.0,1.0,0.4570000000000001,0.87,0.9873,0.8426,0.94,0.8,0.892,0.7203999999999999,0.88,1.0,,1.0,1.0,,,Good
2026-05-13,KADİFEKALE,90.4749411838959,False,1.0,1.0,1.0,0.959,0.87,0.9421,0.41685000000000005,0.94,0.8399999999999999,0.808,0.8496,0.92,1.0,,1.0,1.0,,,Good
2026-05-13,KOZAĞAÇ,90.37102248802005,False,1.0,1.0,1.0,0.969,0.87,0.91275,0.16374999999999995,0.94,0.8,0.8160000000000001,0.8444,0.92,1.0,,1.0,1.0,,,Good
2026-05-13,KURUÇEŞME,90.48433511246391,False,1.0,1.0,1.0,0.967,0.87,0.9375,0.34455,0.94,0.8399999999999999,0.808,0.8488,0.92,1.0,,1.0,1.0,,,Good
2026-05-13,LEVENT,89.2997338925567,False,1.0,1.0,1.0,0.45399999999999996,0.87,0.9846,0.7715,0.94,0.8800000000000001,0.908,0.7584,0.88,1.0,,1.0,1.0,,,Good
2026-05-13,MERSİNLİ,89.38308345718178,False,1.0,1.0,1.0,0.487,0.87,0.9828,0.87895,0.94,0.8800000000000001,0.876,0.7172000000000001,0.88,1.0,,1.0,1.0,,,Good
2026-05-13,MEVLANA,89.19642392370935,False,1.0,1.0,1.0,0.488,0.87,0.98455,0.87825,0.94,0.8,0.892,0.7223999999999999,0.88,1.0,,1.0,1.0,,,Good
2026-05-13,NALDÖKEN,89.40623114883725,False,1.0,1.0,1.0,0.497,0.87,0.98525,0.88095,0.94,0.8800000000000001,0.876,0.7192000000000001,0.88,1.0,,1.0,1.0,,,Good
2026-05-13,POSTACI MAH,89.13965127135195,False,1.0,1.0,1.0,0.46399999999999997,0.87,0.99105,0.84995,0.94,0.8,0.892,0.722,0.88,1.0,,1.0,1.0,,,Good
2026-05-13,TOROS,89.18499717768441,False,1.0,1.0,1.0,0.44699999999999995,0.87,0.98595,0.7603,0.94,0.8399999999999999,0.88,0.7604,0.88,1.0,,1.0,1.0,,,Good
2026-05-13,UFUK MAH,89.30549835900807,False,1.0,1.0,1.0,0.4570000000000001,0.87,0.97835,0.7687999999999999,0.94,0.8800000000000001,0.908,0.7572,0.88,1.0,,1.0,1.0,,,Good
2026-05-13,UZUNDERE,90.04930079215373,False,1.0,1.0,1.0,0.952,0.87,0.9795,0.92165,0.94,0.6399999999999999,0.868,0.8240000000000001,0.92,1.0,,1.0,1.0,,,Good
2026-05-13,UĞUR MUMCU MAH,90.05333910895806,False,1.0,1.0,1.0,0.954,0.87,0.97995,0.9168000000000001,0.94,0.6399999999999999,0.868,0.8251999999999999,0.92,1.0,,1.0,1.0,,,Good
2026-05-13,YAMANLAR,89.13898017948497,False,1.0,1.0,1.0,0.46399999999999997,0.87,0.98855,0.84655,0.94,0.8,0.892,0.7216,0.88,1.0,,1.0,1.0,,,Good
2026-05-13,YAMAÇ MAH,89.14855059209084,False,1.0,1.0,1.0,0.46799999999999997,0.87,0.991,0.8486,0.94,0.8,0.892,0.7228,0.88,1.0,,1.0,1.0,,,Good
2026-05-13,YEŞİLOVA,89.39024984042604,False,1.0,1.0,1.0,0.49,0.87,0.98265,0.88235,0.94,0.8800000000000001,0.876,0.7183999999999999,0.88,1.0,,1.0,1.0,,,Good
2026-05-13,YEŞİLÇAM,90.27211087770442,False,1.0,1.0,1.0,0.906,0.87,0.94115,0.52075,0.94,0.8,0.8160000000000001,0.848,0.92,1.0,,1.0,1.0,,,Good
2026-05-13,ÇAMLIK MAH,90.05229219659512,False,1.0,1.0,1.0,0.954,0.87,0.97805,0.90935,0.94,0.6399999999999999,0.868,0.8264,0.92,1.0,,1.0,1.0,,,Good
2026-05-13,ÇAMLIKULE,90.3987042356169,False,1.0,1.0,1.0,0.969,0.87,0.9438,0.3771,0.94,0.8,0.8160000000000001,0.848,0.92,1.0,,1.0,1.0,,,Good
2026-05-13,ÇANKAYA,89.1936709156211,False,1.0,1.0,1.0,0.44599999999999995,0.87,0.97305,0.86315,0.94,0.8399999999999999,0.892,0.7243999999999999,0.88,1.0,,1.0,1.0,,,Good
2026-05-13,ÇAY MAH,89.11650516352758,False,1.0,1.0,1.0,0.45399999999999996,0.87,0.98995,0.84655,0.94,0.8,0.892,0.7208,0.88,1.0,,1.0,1.0,,,Good
2026-05-13,İNCİRALTI,89.55096863776234,False,1.0,1.0,1.0,0.8340000000000001,0.87,0.6658,0.85,0.94,0.5600000000000002,0.9,0.812,0.92,1.0,,1.0,1.0,,,Good
2026-05-13,İZYUVA,89.38608345956348,False,1.0,1.0,1.0,0.488,0.87,0.98635,0.88195,0.94,0.8800000000000001,0.876,0.7168,0.88,1.0,,1.0,1.0,,,Good
2026-05-20,ALTINDAĞ,90.14361972095992,False,1.0,1.0,1.0,0.902,0.87,0.9266,0.32755,0.94,0.7600000000000001,0.808,0.854,0.92,1.0,,1.0,1.0,,,Good
2026-05-20,ATATÜRK MAH,90.12493255023007,False,1.0,1.0,1.0,0.895,0.87,0.9318,0.2972,0.94,0.7600000000000001,0.808,0.8536,0.92,1.0,,1.0,1.0,,,Good
2026-05-20,BALATÇIK,88.8428338846971,False,1.0,1.0,1.0,0.29800000000000015,0.87,0.996935,0.7737499999999999,0.94,0.8399999999999999,0.804,0.6588,0.88,1.0,,1.0,1.0,,,Good
2026-05-20,BALÇOVA,89.60917276382101,False,1.0,1.0,1.0,0.814,0.87,0.7332000000000001,0.8553,0.94,0.6,0.9,0.808,0.92,1.0,,1.0,1.0,,,Good
2026-05-20,BORNOVA,90.15868308611277,False,1.0,1.0,1.0,0.908,0.87,0.9339500000000001,0.3333499999999999,0.94,0.7600000000000001,0.808,0.854,0.92,1.0,,1.0,1.0,,,Good
2026-05-20,BOSTANLI,89.30250420965636,False,1.0,1.0,1.0,0.491,0.87,0.996935,0.89155,0.94,0.8399999999999999,0.904,0.726,0.88,1.0,,1.0,1.0,,,Good
2026-05-20,BUCA,88.7400928506102,False,1.0,1.0,1.0,0.34099999999999997,0.87,0.9922,0.6189500000000001,0.94,0.7600000000000001,0.888,0.7636000000000001,0.88,1.0,,1.0,1.0,,,Good
2026-05-20,EGEKENT,88.86125836572447,False,1.0,1.0,1.0,0.30599999999999994,0.87,0.996935,0.77645,0.94,0.8399999999999999,0.804,0.6608,0.88,1.0,,1.0,1.0,,,Good
2026-05-20,ESKİ İZMİR,89.94538956291025,False,1.0,1.0,1.0,0.952,0.87,0.978,0.84035,0.94,0.6,0.876,0.8240000000000001,0.92,1.0,,1.0,1.0,,,Good
2026-05-20,EVKA-2,89.29366416945325,False,1.0,1.0,1.0,0.487,0.87,0.996935,0.89325,0.94,0.8399999999999999,0.904,0.728,0.88,1.0,,1.0,1.0,,,Good
2026-05-20,EVKA-3,90.14128605895186,False,1.0,1.0,1.0,0.901,0.87,0.9339999999999999,0.31965,0.94,0.7600000000000001,0.808,0.8524,0.92,1.0,,1.0,1.0,,,Good
2026-05-20,GAZİEMİR,89.92847809311498,False,1.0,1.0,1.0,0.945,0.87,0.9761,0.8327,0.94,0.6,0.876,0.8248,0.92,1.0,,1.0,1.0,,,Good
2026-05-20,GEDİZ,88.64234377232845,False,1.0,1.0,1.0,0.30099999999999993,0.87,0.9918,0.55525,0.94,0.7600000000000001,0.888,0.7644,0.88,1.0,,1.0,1.0,,,Good
2026-05-20,GÜLTEPE,88.56243474139491,False,1.0,1.0,1.0,0.2659999999999999,0.87,0.99205,0.5488500000000001,0.94,0.7600000000000001,0.888,0.762,0.88,1.0,,1.0,1.0,,,Good
2026-05-20,GÜLÇEŞME,88.66976554536187,False,1.0,1.0,1.0,0.31200000000000006,0.87,0.9931,0.5765,0.94,0.7600000000000001,0.888,0.7624,0.88,1.0,,1.0,1.0,,,Good
2026-05-20,GÜMÜŞPALA,89.30729869268437,False,1.0,1.0,1.0,0.493,0.87,0.996935,0.89345,0.94,0.8399999999999999,0.904,0.732,0.88,1.0,,1.0,1.0,,,Good
2026-05-20,GÜZELBAHÇE,89.60746494136252,False,1.0,1.0,1.0,0.813,0.87,0.73085,0.86265,0.94,0.6,0.9,0.8068,0.92,1.0,,1.0,1.0,,,Good
2026-05-20,GÜZELYALI,89.59975824544857,False,1.0,1.0,1.0,0.8089999999999999,0.87,0.74535,0.8599,0.94,0.6,0.9,0.8084,0.92,1.0,,1.0,1.0,,,Good
2026-05-20,HATAY,89.93140659683519,False,1.0,1.0,1.0,0.946,0.87,0.9761,0.83865,0.94,0.6,0.876,0.8240000000000001,0.92,1.0,,1.0,1.0,,,Good
2026-05-20,IŞIKKENT,90.15374492697705,False,1.0,1.0,1.0,0.905,0.87,0.93955,0.34409999999999996,0.94,0.7600000000000001,0.808,0.854,0.92,1.0,,1.0,1.0,,,Good
2026-05-20,KARABAĞLAR,89.92641232482589,False,1.0,1.0,1.0,0.944,0.87,0.97475,0.83595,0.94,0.6,0.876,0.8228,0.92,1.0,,1.0,1.0,,,Good
2026-05-20,KARŞIYAKA,89.2732940650395,False,1.0,1.0,1.0,0.478,0.87,0.996935,0.893,0.94,0.8399999999999999,0.904,0.7303999999999999,0.88,1.0,,1.0,1.0,,,Good
2026-05-20,KONAK,88.91679409957415,False,1.0,1.0,1.0,0.40900000000000003,0.87,0.9338,0.8765499999999999,0.94,0.7600000000000001,0.892,0.7575999999999999,0.88,1.0,,1.0,1.0,,,Good
2026-05-20,MANAVKUYU,90.14982132479732,False,1.0,1.0,1.0,0.904,0.87,0.93735,0.3316500000000001,0.94,0.7600000000000001,0.808,0.8536,0.92,1.0,,1.0,1.0,,,Good
2026-05-20,NARLIDERE,89.62281068097593,False,1.0,1.0,1.0,0.8190000000000001,0.87,0.7588,0.85025,0.94,0.6,0.9,0.808,0.92,1.0,,1.0,1.0,,,Good
2026-05-20,OSMANGAZİ,90.15470857507597,False,1.0,1.0,1.0,0.906,0.87,0.93415,0.3380500000000001,0.94,0.7600000000000001,0.808,0.8536,0.92,1.0,,1.0,1.0,,,Good
2026-05-20,PINARBAŞI,90.12718588937476,False,1.0,1.0,1.0,0.896,0.87,0.93495,0.29400000000000004,0.94,0.7600000000000001,0.808,0.8532,0.92,1.0,,1.0,1.0,,,Good
2026-05-20,YENİŞEHİR,89.17125147665456,False,1.0,1.0,1.0,0.396,0.87,0.9358,0.86985,0.94,0.8800000000000001,0.88,0.7228,0.88,1.0,,1.0,1.0,,,Good
2026-05-20,YEŞİLYURT,89.93188943906179,False,1.0,1.0,1.0,0.946,0.87,0.9775,0.84155,0.94,0.6,0.876,0.8236,0.92,1.0,,1.0,1.0,,,Good
2026-05-20,ÇAMDİBİ,90.15495904665275,False,1.0,1.0,1.0,0.906,0.87,0.937,0.33735000000000004,0.94,0.7600000000000001,0.808,0.8544,0.92,1.0,,1.0,1.0,,,Good
2026-05-20,ÇİĞLİ,88.86484608257834,False,1.0,1.0,1.0,0.30800000000000016,0.87,0.9937,0.77175,0.94,0.8399999999999999,0.804,0.6564,0.88,1.0,,1.0,1.0,,,Good
2026-05-20,ÖRNEKKÖY,89.33265582873665,False,1.0,1.0,1.0,0.504,0.87,0.996935,0.89775,0.94,0.8399999999999999,0.904,0.73,0.88,1.0,,1.0,1.0,,,Good
2026-05-20,ÖZKANLAR,90.14926902026352,False,1.0,1.0,1.0,0.904,0.87,0.9361,0.32805000000000006,0.94,0.7600000000000001,0.808,0.8532,0.92,1.0,,1.0,1.0,,,Good
2026-05-20,ÜÇKUYULAR,89.6098972534225,False,1.0,1.0,1.0,0.815,0.87,0.71495,0.86005,0.94,0.6,0.9,0.8068,0.92,1.0,,1.0,1.0,,,Good
2026-05-20,ŞEMİKLER,89.30902167466918,False,1.0,1.0,1.0,0.494,0.87,0.996935,0.889,0.94,0.8399999999999999,0.904,0.728,0.88,1.0,,1.0,1.0,,,Good
2026-05-20,ŞİRİNYER,88.72251843436509,False,1.0,1.0,1.0,0.33399999999999996,0.87,0.99165,0.60425,0.94,0.7600000000000001,0.888,0.7624,0.88,1.0,,1.0,1.0,,,Good
2026-06-04,9 EYLÜL MAH,90.39970453809292,False,1.0,1.0,1.0,0.945,0.87,0.96915,0.8468,0.94,0.8,0.812,0.8104,0.92,1.0,,1.0,1.0,,,Good
2026-06-04,ADATEPE,89.43763543542256,False,1.0,1.0,1.0,0.5549999999999999,0.87,0.9831,0.83035,0.94,0.8399999999999999,0.888,0.7548,0.88,1.0,,1.0,1.0,,,Good
2026-06-04,AKINCILAR,90.28548768898797,False,1.0,1.0,1.0,0.931,0.87,0.93935,0.14700000000000002,0.94,0.8,0.812,0.8104,0.92,1.0,,1.0,1.0,,,Good
2026-06-04,AKTEPE,90.40060551173225,False,1.0,1.0,1.0,0.944,0.87,0.97585,0.868,0.94,0.8,0.812,0.8112,0.92,1.0,,1.0,1.0,,,Good
2026-06-04,ALAYBEY,89.0545195275658,False,1.0,1.0,1.0,0.46799999999999997,0.87,0.98485,0.8829,0.94,0.7600000000000001,0.872,0.7076,0.88,1.0,,1.0,1.0,,,Good
2026-06-04,BEYAZEVLER,90.40553507292768,False,1.0,1.0,1.0,0.946,0.87,0.97395,0.87325,0.94,0.8,0.812,0.814,0.92,1.0,,1.0,1.0,,,Good
2026-06-04,CENGİZHAN,89.03920320195871,False,1.0,1.0,1.0,0.46399999999999997,0.87,0.9862,0.8229,0.94,0.7600000000000001,0.876,0.7083999999999999,0.88,1.0,,1.0,1.0,,,Good
2026-06-04,CENNETÇEŞME,90.31013716215573,False,1.0,1.0,1.0,0.964,0.87,0.9596,0.5277000000000001,0.94,0.7600000000000001,0.808,0.8384,0.92,1.0,,1.0,1.0,,,Good
2026-06-04,CUMHURİYET MAH,89.08287168824488,False,1.0,1.0,1.0,0.48,0.87,0.98935,0.88895,0.94,0.7600000000000001,0.872,0.7083999999999999,0.88,1.0,,1.0,1.0,,,Good
2026-06-04,DOĞANÇAY,89.05886397629732,False,1.0,1.0,1.0,0.4690000000000001,0.87,0.98795,0.89145,0.94,0.7600000000000001,0.88,0.712,0.88,1.0,,1.0,1.0,,,Good
2026-06-04,EGEKENT-2,89.08273282317299,False,1.0,1.0,1.0,0.4019999999999999,0.87,0.9816,0.80915,0.94,0.8399999999999999,0.8280000000000001,0.6748000000000001,0.88,1.0,,1.0,1.0,,,Good
2026-06-04,ESENDERE,90.29753959577772,False,1.0,1.0,1.0,0.962,0.87,0.95275,0.46310000000000007,0.94,0.7600000000000001,0.808,0.8396,0.92,1.0,,1.0,1.0,,,Good
2026-06-04,EVKA-1,89.37807365648251,False,1.0,1.0,1.0,0.53,0.87,0.9828,0.8041,0.94,0.8399999999999999,0.888,0.7556,0.88,1.0,,1.0,1.0,,,Good
2026-06-04,EVKA-5,88.90247926729353,False,1.0,1.0,1.0,0.4019999999999999,0.87,0.9856,0.81215,0.94,0.8399999999999999,0.8280000000000001,0.6708000000000001,0.84,1.0,,1.0,1.0,,,Good
2026-06-04,GÜZELBAHÇE,89.63777562233845,False,1.0,1.0,1.0,0.817,0.87,0.8765000000000001,0.91475,0.94,0.6,0.888,0.804,0.92,1.0,,1.0,1.0,,,Good
2026-06-04,GÜZELTEPE,89.06449404336601,False,1.0,1.0,1.0,0.472,0.87,0.9879,0.88805,0.94,0.7600000000000001,0.872,0.7072,0.88,1.0,,1.0,1.0,,,Good
2026-06-04,KADİFEKALE,89.92542020349252,False,1.0,1.0,1.0,0.744,0.87,0.9705,0.6706000000000001,0.94,0.8,0.812,0.8416,0.92,1.0,,1.0,1.0,,,Good
2026-06-04,KOZAĞAÇ,89.46524093286462,False,1.0,1.0,1.0,0.567,0.87,0.97665,0.84075,0.94,0.8399999999999999,0.888,0.7556,0.88,1.0,,1.0,1.0,,,Good
2026-06-04,KURUÇEŞME,89.4364778811436,False,1.0,1.0,1.0,0.554,0.87,0.9837,0.83955,0.94,0.8399999999999999,0.888,0.7544,0.88,1.0,,1.0,1.0,,,Good
2026-06-04,LEVENT,89.36041235578801,False,1.0,1.0,1.0,0.524,0.87,0.9841,0.76675,0.94,0.8399999999999999,0.888,0.7548,0.88,1.0,,1.0,1.0,,,Good
2026-06-04,MERSİNLİ,90.44037633256166,False,1.0,1.0,1.0,0.952,0.87,0.9548,0.24230000000000007,0.94,0.8399999999999999,0.804,0.8436,0.92,1.0,,1.0,1.0,,,Good
2026-06-04,MEVLANA,90.44743365772099,False,1.0,1.0,1.0,0.955,0.87,0.95345,0.24280000000000002,0.94,0.8399999999999999,0.808,0.844,0.92,1.0,,1.0,1.0,,,Good
2026-06-04,NALDÖKEN,90.44048018663008,False,1.0,1.0,1.0,0.952,0.87,0.94975,0.2451000000000001,0.94,0.8399999999999999,0.808,0.8432,0.92,1.0,,1.0,1.0,,,Good
2026-06-04,POSTACI MAH,89.07301392342355,False,1.0,1.0,1.0,0.475,0.87,0.9896,0.8983,0.94,0.7600000000000001,0.876,0.7092,0.88,1.0,,1.0,1.0,,,Good
2026-06-04,TOROS,89.3442120261606,False,1.0,1.0,1.0,0.517,0.87,0.9826,0.76505,0.94,0.8399999999999999,0.888,0.7548,0.88,1.0,,1.0,1.0,,,Good
2026-06-04,UFUK MAH,89.28162603484904,False,1.0,1.0,1.0,0.491,0.87,0.9793,0.7351000000000001,0.94,0.8399999999999999,0.888,0.7552,0.88,1.0,,1.0,1.0,,,Good
2026-06-04,UZUNDERE,90.3057739337125,False,1.0,1.0,1.0,0.964,0.87,0.9548,0.4939,0.94,0.7600000000000001,0.808,0.8388,0.92,1.0,,1.0,1.0,,,Good
2026-06-04,UĞUR MUMCU MAH,90.06797676888927,False,1.0,1.0,1.0,0.797,0.87,0.9729,0.8708,0.94,0.8,0.812,0.8104,0.92,1.0,,1.0,1.0,,,Good
2026-06-04,YAMANLAR,89.0751253965532,False,1.0,1.0,1.0,0.476,0.87,0.9883,0.895,0.94,0.7600000000000001,0.88,0.71,0.88,1.0,,1.0,1.0,,,Good
2026-06-04,YAMAÇ MAH,89.08661428115502,False,1.0,1.0,1.0,0.481,0.87,0.98975,0.8984,0.94,0.7600000000000001,0.876,0.7088,0.88,1.0,,1.0,1.0,,,Good
2026-06-04,YEŞİLOVA,90.43831576828907,False,1.0,1.0,1.0,0.951,0.87,0.95425,0.24470000000000003,0.94,0.8399999999999999,0.804,0.8428,0.92,1.0,,1.0,1.0,,,Good
2026-06-04,YEŞİLÇAM,90.27152191879352,False,1.0,1.0,1.0,0.914,0.87,0.95035,0.3602000000000001,0.94,0.8,0.8,0.8348,0.92,1.0,,1.0,1.0,,,Good
2026-06-04,ÇAMLIK MAH,90.39665362685415,False,1.0,1.0,1.0,0.942,0.87,0.9732,0.87575,0.94,0.8,0.812,0.8108,0.92,1.0,,1.0,1.0,,,Good
2026-06-04,ÇAMLIKULE,89.40764446206903,False,1.0,1.0,1.0,0.5469999999999999,0.87,0.97405,0.7343,0.94,0.8399999999999999,0.888,0.7548,0.88,1.0,,1.0,1.0,,,Good
2026-06-04,ÇANKAYA,89.2452814932312,False,1.0,1.0,1.0,0.509,0.87,0.9821,0.8918,0.94,0.8,0.892,0.732,0.88,1.0,,1.0,1.0,,,Good
2026-06-04,ÇAY MAH,89.07211543866167,False,1.0,1.0,1.0,0.475,0.87,0.9918,0.8947499999999999,0.94,0.7600000000000001,0.868,0.7068,0.88,1.0,,1.0,1.0,,,Good
2026-06-04,İNCİRALTI,89.6572114926596,False,1.0,1.0,1.0,0.825,0.87,0.8881,0.9149499999999999,0.94,0.6,0.888,0.804,0.92,1.0,,1.0,1.0,,,Good
2026-06-04,İZYUVA,90.44259980517687,False,1.0,1.0,1.0,0.952,0.87,0.9548,0.25885,0.94,0.8399999999999999,0.808,0.8424,0.92,1.0,,1.0,1.0,,,Good
2026-06-10,ALTINDAĞ,90.47710628102165,False,1.0,1.0,1.0,0.964,0.87,0.9554,0.31279999999999997,0.94,0.8399999999999999,0.8200000000000001,0.8532,0.92,1.0,,1.0,1.0,,,Good
2026-06-10,ATATÜRK MAH,89.39516492087989,False,1.0,1.0,1.0,0.491,0.87,0.9915,0.8976500000000001,0.94,0.8800000000000001,0.876,0.7096,0.88,1.0,,1.0,1.0,,,Good
2026-06-10,BALATÇIK,89.05021419827185,False,1.0,1.0,1.0,0.42400000000000004,0.87,0.98585,0.843,0.94,0.8800000000000001,0.8200000000000001,0.6592,0.84,1.0,,1.0,1.0,,,Good
2026-06-10,BALÇOVA,89.7818059485362,False,1.0,1.0,1.0,0.796,0.87,0.8564,0.8546,0.94,0.7600000000000001,0.896,0.786,0.88,1.0,,1.0,1.0,,,Good
2026-06-10,BORNOVA,90.24328348433318,False,1.0,1.0,1.0,0.86,0.87,0.95495,0.32635000000000003,0.94,0.8399999999999999,0.8200000000000001,0.854,0.92,1.0,,1.0,1.0,,,Good
2026-06-10,BOSTANLI,89.29378216487086,False,1.0,1.0,1.0,0.49,0.87,0.98895,0.8733500000000001,0.94,0.8399999999999999,0.868,0.6996,0.88,1.0,,1.0,1.0,,,Good
2026-06-10,BUCA,90.44011183276649,False,1.0,1.0,1.0,0.962,0.87,0.94825,0.03304000000000007,0.94,0.8399999999999999,0.8200000000000001,0.852,0.92,1.0,,1.0,1.0,,,Good
2026-06-10,EGEKENT,88.9976058904227,False,1.0,1.0,1.0,0.4019999999999999,0.87,0.97635,0.82735,0.94,0.8800000000000001,0.8200000000000001,0.6608,0.84,1.0,,1.0,1.0,,,Good
2026-06-10,ESKİ İZMİR,90.50636914458829,False,1.0,1.0,1.0,0.945,0.87,0.97535,0.90585,0.94,0.8399999999999999,0.856,0.814,0.92,1.0,,1.0,1.0,,,Good
2026-06-10,EVKA-2,89.49636010603332,False,1.0,1.0,1.0,0.494,0.87,0.9908,0.89775,0.94,0.9199999999999999,0.868,0.702,0.88,1.0,,1.0,1.0,,,Good
2026-06-10,EVKA-3,90.21987219792886,False,1.0,1.0,1.0,0.85,0.87,0.9575,0.3167,0.94,0.8399999999999999,0.8200000000000001,0.856,0.92,1.0,,1.0,1.0,,,Good
2026-06-10,GAZİEMİR,90.50136944230091,False,1.0,1.0,1.0,0.9430000000000001,0.87,0.97625,0.9005,0.94,0.8399999999999999,0.856,0.8172,0.92,1.0,,1.0,1.0,,,Good
2026-06-10,GEDİZ,90.44274302876141,False,1.0,1.0,1.0,0.963,0.87,0.9505,0.03408,0.94,0.8399999999999999,0.8200000000000001,0.8516,0.92,1.0,,1.0,1.0,,,Good
2026-06-10,GÜLTEPE,89.46880560080787,False,1.0,1.0,1.0,0.532,0.87,0.99005,0.73525,0.94,0.8800000000000001,0.868,0.7243999999999999,0.88,1.0,,1.0,1.0,,,Good
2026-06-10,GÜLÇEŞME,90.44240635152,False,1.0,1.0,1.0,0.96,0.87,0.95375,0.08794999999999997,0.94,0.8399999999999999,0.8200000000000001,0.8504,0.92,1.0,,1.0,1.0,,,Good
2026-06-10,GÜMÜŞPALA,89.46414837520364,False,1.0,1.0,1.0,0.482,0.87,0.9688,0.8755,0.94,0.9199999999999999,0.868,0.696,0.88,1.0,,1.0,1.0,,,Good
2026-06-10,GÜZELBAHÇE,89.80380491011461,False,1.0,1.0,1.0,0.804,0.87,0.86005,0.88915,0.94,0.7600000000000001,0.892,0.7792,0.88,1.0,,1.0,1.0,,,Good
2026-06-10,GÜZELYALI,89.77991621176179,False,1.0,1.0,1.0,0.794,0.87,0.8615,0.8727,0.94,0.7600000000000001,0.896,0.7872,0.88,1.0,,1.0,1.0,,,Good
2026-06-10,HATAY,90.50194211037754,False,1.0,1.0,1.0,0.9430000000000001,0.87,0.97505,0.90705,0.94,0.8399999999999999,0.856,0.8136,0.92,1.0,,1.0,1.0,,,Good
2026-06-10,IŞIKKENT,90.46925296759935,False,1.0,1.0,1.0,0.961,0.87,0.95175,0.30700000000000005,0.94,0.8399999999999999,0.8200000000000001,0.8536,0.92,1.0,,1.0,1.0,,,Good
2026-06-10,KARABAĞLAR,90.51641764792744,False,1.0,1.0,1.0,0.949,0.87,0.97705,0.9131,0.94,0.8399999999999999,0.856,0.8124,0.92,1.0,,1.0,1.0,,,Good
2026-06-10,KARŞIYAKA,89.50519901492851,False,1.0,1.0,1.0,0.498,0.87,0.98905,0.89795,0.94,0.9199999999999999,0.868,0.698,0.88,1.0,,1.0,1.0,,,Good
2026-06-10,KONAK,89.34471017081559,False,1.0,1.0,1.0,0.478,0.87,0.98615,0.72255,0.94,0.8800000000000001,0.868,0.7203999999999999,0.88,1.0,,1.0,1.0,,,Good
2026-06-10,MANAVKUYU,89.32324413863404,False,1.0,1.0,1.0,0.502,0.87,0.9806,0.8987,0.94,0.8399999999999999,0.872,0.7024,0.88,1.0,,1.0,1.0,,,Good
2026-06-10,NARLIDERE,89.83511046328846,False,1.0,1.0,1.0,0.8180000000000001,0.87,0.85475,0.89085,0.94,0.7600000000000001,0.892,0.7832,0.88,1.0,,1.0,1.0,,,Good
2026-06-10,OSMANGAZİ,89.41904253241495,False,1.0,1.0,1.0,0.502,0.87,0.9898,0.9011,0.94,0.8800000000000001,0.864,0.696,0.88,1.0,,1.0,1.0,,,Good
2026-06-10,PINARBAŞI,90.41879821753503,False,1.0,1.0,1.0,0.938,0.87,0.9566,0.31610000000000005,0.94,0.8399999999999999,0.8200000000000001,0.8544,0.92,1.0,,1.0,1.0,,,Good
2026-06-10,YENİŞEHİR,89.41642445959206,False,1.0,1.0,1.0,0.509,0.87,0.98535,0.7314,0.94,0.8800000000000001,0.876,0.7136,0.88,1.0,,1.0,1.0,,,Good
2026-06-10,YEŞİLYURT,90.5144919355607,False,1.0,1.0,1.0,0.948,0.87,0.9784,0.9146,0.94,0.8399999999999999,0.856,0.814,0.92,1.0,,1.0,1.0,,,Good
2026-06-10,ÇAMDİBİ,90.4788895617194,False,1.0,1.0,1.0,0.964,0.87,0.95495,0.32904500000000003,0.94,0.8399999999999999,0.8200000000000001,0.8528,0.92,1.0,,1.0,1.0,,,Good
2026-06-10,ÇİĞLİ,89.42413726456887,False,1.0,1.0,1.0,0.504,0.87,0.9881,0.89705,0.94,0.8800000000000001,0.876,0.7108,0.88,1.0,,1.0,1.0,,,Good
2026-06-10,ÖRNEKKÖY,89.45410236074194,False,1.0,1.0,1.0,0.477,0.87,0.97565,0.87985,0.94,0.9199999999999999,0.868,0.696,0.88,1.0,,1.0,1.0,,,Good
2026-06-10,ÖZKANLAR,89.41216938418741,False,1.0,1.0,1.0,0.499,0.87,0.988,0.89885,0.94,0.8800000000000001,0.868,0.6972,0.88,1.0,,1.0,1.0,,,Good
2026-06-10,ÜÇKUYULAR,89.79152999275962,False,1.0,1.0,1.0,0.7979999999999999,0.87,0.86915,0.8879,0.94,0.7600000000000001,0.896,0.7847999999999999,0.88,1.0,,1.0,1.0,,,Good
2026-06-10,ŞEMİKLER,89.49947572808597,False,1.0,1.0,1.0,0.495,0.87,0.99095,0.8989,0.94,0.9199999999999999,0.876,0.7,0.88,1.0,,1.0,1.0,,,Good
2026-06-10,ŞİRİNYER,90.46330703935523,False,1.0,1.0,1.0,0.967,0.87,0.95335,0.13312999999999997,0.94,0.8399999999999999,0.8200000000000001,0.85,0.92,1.0,,1.0,1.0,,,Good
2026-06-17,9 EYLÜL MAH,90.19809499652271,False,1.0,1.0,1.0,0.933,0.87,0.9789,0.944,0.94,0.72,0.856,0.81,0.92,1.0,,1.0,1.0,,,Good
2026-06-17,ADATEPE,90.48438670010574,False,1.0,1.0,1.0,0.964,0.87,0.9463,0.38715,0.94,0.8399999999999999,0.8200000000000001,0.842,0.92,1.0,,1.0,1.0,,,Good
2026-06-17,AKINCILAR,90.49219996522717,False,1.0,1.0,1.0,0.967,0.87,0.9575,0.38495,0.94,0.8399999999999999,0.8200000000000001,0.8428,0.92,1.0,,1.0,1.0,,,Good
2026-06-17,AKTEPE,90.18142313774806,False,1.0,1.0,1.0,0.926,0.87,0.97675,0.93875,0.94,0.72,0.856,0.8104,0.92,1.0,,1.0,1.0,,,Good
2026-06-17,ALAYBEY,89.35940880229025,False,1.0,1.0,1.0,0.484,0.87,0.9693,0.76395,0.94,0.8800000000000001,0.848,0.7376,0.88,1.0,,1.0,1.0,,,Good
2026-06-17,BEYAZEVLER,90.19537420093934,False,1.0,1.0,1.0,0.9319999999999999,0.87,0.9747,0.94095,0.94,0.72,0.86,0.81,0.92,1.0,,1.0,1.0,,,Good
2026-06-17,CENGİZHAN,89.40951850343441,False,1.0,1.0,1.0,0.506,0.87,0.9629,0.77335,0.94,0.8800000000000001,0.848,0.7368,0.88,1.0,,1.0,1.0,,,Good
2026-06-17,CENNETÇEŞME,90.18448739842046,False,1.0,1.0,1.0,0.927,0.87,0.97605,0.9434,0.94,0.72,0.86,0.8096,0.92,1.0,,1.0,1.0,,,Good
2026-06-17,CUMHURİYET MAH,89.35198945859175,False,1.0,1.0,1.0,0.481,0.87,0.96945,0.75825,0.94,0.8800000000000001,0.848,0.7372000000000001,0.88,1.0,,1.0,1.0,,,Good
2026-06-17,DOĞANÇAY,89.36200583278554,False,1.0,1.0,1.0,0.485,0.87,0.9689,0.76705,0.94,0.8800000000000001,0.848,0.7408,0.88,1.0,,1.0,1.0,,,Good
2026-06-17,EGEKENT-2,88.96434107862471,False,1.0,1.0,1.0,0.4019999999999999,0.87,0.95475,0.63925,0.94,0.8,0.8160000000000001,0.6992,0.88,1.0,,1.0,1.0,,,Good
2026-06-17,ESENDERE,90.17551046995722,False,1.0,1.0,1.0,0.923,0.87,0.9783,0.9418,0.94,0.72,0.86,0.8096,0.92,1.0,,1.0,1.0,,,Good
2026-06-17,EVKA-1,90.47715402221651,False,1.0,1.0,1.0,0.967,0.87,0.9565,0.2530500000000001,0.94,0.8399999999999999,0.8200000000000001,0.8416,0.92,1.0,,1.0,1.0,,,Good
2026-06-17,EVKA-5,88.99053764516466,False,1.0,1.0,1.0,0.41300000000000003,0.87,0.9584,0.6406000000000001,0.94,0.8,0.8240000000000001,0.7012,0.88,1.0,,1.0,1.0,,,Good
2026-06-17,GÜZELBAHÇE,89.749033565311,False,1.0,1.0,1.0,0.8260000000000001,0.87,0.87105,0.8881,0.94,0.6399999999999999,0.88,0.802,0.92,1.0,,1.0,1.0,,,Good
2026-06-17,GÜZELTEPE,89.3603441676908,False,1.0,1.0,1.0,0.485,0.87,0.9628,0.75875,0.94,0.8800000000000001,0.848,0.7372000000000001,0.88,1.0,,1.0,1.0,,,Good
2026-06-17,KADİFEKALE,90.31661328084064,False,1.0,1.0,1.0,0.863,0.87,0.97335,0.9002,0.94,0.8399999999999999,0.8160000000000001,0.8432,0.92,1.0,,1.0,1.0,,,Good
2026-06-17,KOZAĞAÇ,90.47816812664932,False,1.0,1.0,1.0,0.964,0.87,0.9594,0.31905000000000006,0.94,0.8399999999999999,0.8200000000000001,0.8424,0.92,1.0,,1.0,1.0,,,Good
2026-06-17,KURUÇEŞME,90.50116399677994,False,1.0,1.0,1.0,0.967,0.87,0.9525,0.46924999999999994,0.94,0.8399999999999999,0.8200000000000001,0.842,0.92,1.0,,1.0,1.0,,,Good
2026-06-17,LEVENT,89.31298037716616,False,1.0,1.0,1.0,0.4650000000000001,0.87,0.9809,0.67885,0.94,0.8800000000000001,0.9,0.7564,0.88,1.0,,1.0,1.0,,,Good
2026-06-17,MERSİNLİ,90.4339638529252,False,1.0,1.0,1.0,0.953,0.87,0.9543,0.15974999999999995,0.94,0.8399999999999999,0.812,0.8432,0.92,1.0,,1.0,1.0,,,Good
2026-06-17,MEVLANA,90.43691611411205,False,1.0,1.0,1.0,0.953,0.87,0.9561,0.18075000000000008,0.94,0.8399999999999999,0.8160000000000001,0.8444,0.92,1.0,,1.0,1.0,,,Good
2026-06-17,NALDÖKEN,90.32824471024227,False,1.0,1.0,1.0,0.897,0.87,0.9666,0.3297,0.94,0.8399999999999999,0.8160000000000001,0.844,0.92,1.0,,1.0,1.0,,,Good
2026-06-17,POSTACI MAH,89.37702688702163,False,1.0,1.0,1.0,0.493,0.87,0.95585,0.7531,0.94,0.8800000000000001,0.848,0.738,0.88,1.0,,1.0,1.0,,,Good
2026-06-17,TOROS,89.19399302876143,False,1.0,1.0,1.0,0.41600000000000004,0.87,0.98025,0.6109,0.94,0.8800000000000001,0.896,0.7568,0.88,1.0,,1.0,1.0,,,Good
2026-06-17,UFUK MAH,89.1254984423676,False,1.0,1.0,1.0,0.389,0.87,0.9608,0.5618000000000001,0.94,0.8800000000000001,0.9,0.7556,0.88,1.0,,1.0,1.0,,,Good
2026-06-17,UZUNDERE,90.17581954328503,False,1.0,1.0,1.0,0.928,0.87,0.9758,0.8502,0.94,0.72,0.856,0.81,0.92,1.0,,1.0,1.0,,,Good
2026-06-17,UĞUR MUMCU MAH,90.18463808863739,False,1.0,1.0,1.0,0.928,0.87,0.9688,0.9319500000000001,0.94,0.72,0.86,0.81,0.92,1.0,,1.0,1.0,,,Good
2026-06-17,YAMANLAR,89.3637577762535,False,1.0,1.0,1.0,0.487,0.87,0.9665,0.745,0.94,0.8800000000000001,0.848,0.74,0.88,1.0,,1.0,1.0,,,Good
2026-06-17,YAMAÇ MAH,89.51895150380597,False,1.0,1.0,1.0,0.5549999999999999,0.87,0.9655,0.758,0.94,0.8800000000000001,0.848,0.7376,0.88,1.0,,1.0,1.0,,,Good
2026-06-17,YEŞİLOVA,90.44033673678393,False,1.0,1.0,1.0,0.955,0.87,0.95125,0.17909999999999993,0.94,0.8399999999999999,0.812,0.8436,0.92,1.0,,1.0,1.0,,,Good
2026-06-17,YEŞİLÇAM,90.4349836138977,False,1.0,1.0,1.0,0.954,0.87,0.94,0.15980000000000005,0.94,0.8399999999999999,0.8160000000000001,0.844,0.92,1.0,,1.0,1.0,,,Good
2026-06-17,ÇAMLIK MAH,90.19162391513524,False,1.0,1.0,1.0,0.93,0.87,0.9749,0.9476,0.94,0.72,0.86,0.81,0.92,1.0,,1.0,1.0,,,Good
2026-06-17,ÇAMLIKULE,90.48268408166376,False,1.0,1.0,1.0,0.964,0.87,0.9574,0.361,0.94,0.8399999999999999,0.8200000000000001,0.842,0.92,1.0,,1.0,1.0,,,Good
2026-06-17,ÇANKAYA,88.8321766245582,False,1.0,1.0,1.0,0.31399999999999995,0.87,0.9427,0.3521500000000001,0.94,0.8399999999999999,0.872,0.7492,0.88,1.0,,1.0,1.0,,,Good
2026-06-17,ÇAY MAH,89.26081169558051,False,1.0,1.0,1.0,0.44100000000000006,0.87,0.9672499999999999,0.7545,0.94,0.8800000000000001,0.848,0.7372000000000001,0.88,1.0,,1.0,1.0,,,Good
2026-06-17,İNCİRALTI,89.74406350329151,False,1.0,1.0,1.0,0.823,0.87,0.8855500000000001,0.8897,0.94,0.6399999999999999,0.88,0.8016,0.92,1.0,,1.0,1.0,,,Good
2026-06-17,İZYUVA,90.42917276382101,False,1.0,1.0,1.0,0.952,0.87,0.9476,0.14090000000000003,0.94,0.8399999999999999,0.8160000000000001,0.8432,0.92,1.0,,1.0,1.0,,,Good
2026-06-24,ALTINDAĞ,90.3765171673002,False,1.0,1.0,1.0,0.935,0.87,0.9491,0.009800000000000031,0.94,0.8399999999999999,0.8200000000000001,0.8552,0.92,1.0,,1.0,1.0,,,Good
2026-06-24,ATATÜRK MAH,89.58633387159773,False,1.0,1.0,1.0,0.549,0.87,0.9642,0.6951,0.94,0.8399999999999999,0.872,0.7716000000000001,0.92,1.0,,1.0,1.0,,,Good
2026-06-24,BALATÇIK,89.05784503701163,False,1.0,1.0,1.0,0.43899999999999995,0.87,0.9711,0.7017,0.94,0.8,0.8240000000000001,0.7156,0.88,1.0,,1.0,1.0,,,Good
2026-06-24,BALÇOVA,89.58253196242629,False,1.0,1.0,1.0,0.755,0.87,0.8828,0.8099,0.94,0.6399999999999999,0.9,0.7856,0.92,1.0,,1.0,1.0,,,Good
2026-06-24,BORNOVA,90.40622621871636,False,1.0,1.0,1.0,0.942,0.87,0.95825,0.12344999999999995,0.94,0.8399999999999999,0.8200000000000001,0.8528,0.92,1.0,,1.0,1.0,,,Good
2026-06-24,BOSTANLI,89.52407052930921,False,1.0,1.0,1.0,0.522,0.87,0.9584,0.69095,0.94,0.8399999999999999,0.872,0.7664,0.92,1.0,,1.0,1.0,,,Good
2026-06-24,BUCA,90.41714967561234,False,1.0,1.0,1.0,0.946,0.87,0.9536,0.1452,0.94,0.8399999999999999,0.8200000000000001,0.846,0.92,1.0,,1.0,1.0,,,Good
2026-06-24,EGEKENT,89.06639138967485,False,1.0,1.0,1.0,0.4650000000000001,0.87,0.94285,0.28575000000000006,0.94,0.8,0.8240000000000001,0.7123999999999999,0.88,1.0,,1.0,1.0,,,Good
2026-06-24,ESKİ İZMİR,90.02568887126431,False,1.0,1.0,1.0,0.857,0.87,0.9772,0.93525,0.94,0.72,0.864,0.8112,0.92,1.0,,1.0,1.0,,,Good
2026-06-24,EVKA-2,89.56167973029619,False,1.0,1.0,1.0,0.538,0.87,0.9633,0.69865,0.94,0.8399999999999999,0.872,0.7644,0.92,1.0,,1.0,1.0,,,Good
2026-06-24,EVKA-3,90.3828941238675,False,1.0,1.0,1.0,0.938,0.87,0.9476,0.007699999999999929,0.94,0.8399999999999999,0.8200000000000001,0.8548,0.92,1.0,,1.0,1.0,,,Good
2026-06-24,GAZİEMİR,90.0389344508274,False,1.0,1.0,1.0,0.863,0.87,0.9795,0.9299999999999999,0.94,0.72,0.864,0.8116,0.92,1.0,,1.0,1.0,,,Good
2026-06-24,GEDİZ,90.39769027408614,False,1.0,1.0,1.0,0.9410000000000001,0.87,0.9502,0.07640000000000002,0.94,0.8399999999999999,0.8200000000000001,0.8484,0.92,1.0,,1.0,1.0,,,Good
2026-06-24,GÜLTEPE,89.26599580106128,False,1.0,1.0,1.0,0.45099999999999996,0.87,0.9653,0.57485,0.94,0.8800000000000001,0.88,0.76,0.88,1.0,,1.0,1.0,,,Good
2026-06-24,GÜLÇEŞME,90.40780213066964,False,1.0,1.0,1.0,0.9430000000000001,0.87,0.95435,0.12159999999999993,0.94,0.8399999999999999,0.8200000000000001,0.8488,0.92,1.0,,1.0,1.0,,,Good
2026-06-24,GÜMÜŞPALA,89.41523522869092,False,1.0,1.0,1.0,0.511,0.87,0.96645,0.6931,0.94,0.8800000000000001,0.88,0.7572,0.88,1.0,,1.0,1.0,,,Good
2026-06-24,GÜZELBAHÇE,89.68242464298304,False,1.0,1.0,1.0,0.793,0.87,0.9073,0.908,0.94,0.6399999999999999,0.9,0.7904,0.92,1.0,,1.0,1.0,,,Good
2026-06-24,GÜZELYALI,89.67214535282517,False,1.0,1.0,1.0,0.789,0.87,0.90825,0.8959,0.94,0.6399999999999999,0.9,0.794,0.92,1.0,,1.0,1.0,,,Good
2026-06-24,HATAY,90.03240001619557,False,1.0,1.0,1.0,0.86,0.87,0.9796,0.9323,0.94,0.72,0.864,0.8096,0.92,1.0,,1.0,1.0,,,Good
2026-06-24,IŞIKKENT,90.2832861637467,False,1.0,1.0,1.0,0.935,0.87,0.9524,0.021050000000000013,0.94,0.8,0.8240000000000001,0.8584,0.92,1.0,,1.0,1.0,,,Good
2026-06-24,KARABAĞLAR,90.02359753541589,False,1.0,1.0,1.0,0.856,0.87,0.98,0.9339,0.94,0.72,0.864,0.812,0.92,1.0,,1.0,1.0,,,Good
2026-06-24,KARŞIYAKA,89.45742441672145,False,1.0,1.0,1.0,0.5290000000000001,0.87,0.9669,0.7053499999999999,0.94,0.8800000000000001,0.88,0.76,0.88,1.0,,1.0,1.0,,,Good
2026-06-24,KONAK,89.50165425800489,False,1.0,1.0,1.0,0.549,0.87,0.97515,0.68835,0.94,0.8800000000000001,0.88,0.7564,0.88,1.0,,1.0,1.0,,,Good
2026-06-24,MANAVKUYU,89.50612413901511,False,1.0,1.0,1.0,0.514,0.87,0.96425,0.68605,0.94,0.8399999999999999,0.872,0.7716000000000001,0.92,1.0,,1.0,1.0,,,Good
2026-06-24,NARLIDERE,89.66998116074575,False,1.0,1.0,1.0,0.789,0.87,0.9035,0.882,0.94,0.6399999999999999,0.9,0.788,0.92,1.0,,1.0,1.0,,,Good
2026-06-24,OSMANGAZİ,89.55842495736755,False,1.0,1.0,1.0,0.537,0.87,0.9615,0.6912,0.94,0.8399999999999999,0.872,0.7704,0.92,1.0,,1.0,1.0,,,Good
2026-06-24,PINARBAŞI,90.29942472396087,False,1.0,1.0,1.0,0.9390000000000001,0.87,0.9442,0.09200000000000008,0.94,0.8,0.8240000000000001,0.8572,0.92,1.0,,1.0,1.0,,,Good
2026-06-24,YENİŞEHİR,89.53293356483466,False,1.0,1.0,1.0,0.563,0.87,0.9789,0.6976,0.94,0.8800000000000001,0.86,0.75,0.88,1.0,,1.0,1.0,,,Good
2026-06-24,YEŞİLYURT,90.02883390732325,False,1.0,1.0,1.0,0.859,0.87,0.9735,0.92675,0.94,0.72,0.864,0.8112,0.92,1.0,,1.0,1.0,,,Good
2026-06-24,ÇAMDİBİ,90.29019687139768,False,1.0,1.0,1.0,0.9390000000000001,0.87,0.9525,0.0020999999999999908,0.94,0.8,0.8240000000000001,0.8576,0.92,1.0,,1.0,1.0,,,Good
2026-06-24,ÇİĞLİ,89.54020546933798,False,1.0,1.0,1.0,0.528,0.87,0.96705,0.70505,0.94,0.8399999999999999,0.872,0.7648,0.92,1.0,,1.0,1.0,,,Good
2026-06-24,ÖRNEKKÖY,89.628031988625,False,1.0,1.0,1.0,0.525,0.87,0.96225,0.6978,0.94,0.8800000000000001,0.88,0.7632,0.92,1.0,,1.0,1.0,,,Good
2026-06-24,ÖZKANLAR,89.55697575190298,False,1.0,1.0,1.0,0.536,0.87,0.96175,0.6982999999999999,0.94,0.8399999999999999,0.872,0.7684,0.92,1.0,,1.0,1.0,,,Good
2026-06-24,ÜÇKUYULAR,89.61045897758343,False,1.0,1.0,1.0,0.767,0.87,0.8805499999999999,0.81875,0.94,0.6399999999999999,0.9,0.7888,0.92,1.0,,1.0,1.0,,,Good
2026-06-24,ŞEMİKLER,89.64844372517076,False,1.0,1.0,1.0,0.534,0.87,0.9646,0.6960999999999999,0.94,0.8800000000000001,0.88,0.7604,0.92,1.0,,1.0,1.0,,,Good
2026-06-24,ŞİRİNYER,90.39570528118361,False,1.0,1.0,1.0,0.9390000000000001,0.87,0.95535,0.0938,0.94,0.8399999999999999,0.8200000000000001,0.8472,0.92,1.0,,1.0,1.0,,,Good
2026-07-01,9 EYLÜL MAH,90.05955163289414,False,1.0,1.0,1.0,0.871,0.87,0.98155,0.95,0.94,0.72,0.864,0.814,0.92,1.0,,1.0,1.0,,,Good
2026-07-01,ADATEPE,90.36952712519172,False,1.0,1.0,1.0,0.965,0.87,0.9642,0.18545,0.94,0.8,0.808,0.8448,0.92,1.0,,1.0,1.0,,,Good
2026-07-01,AKINCILAR,90.35841768127125,False,1.0,1.0,1.0,0.954,0.87,0.9758,0.28284999999999993,0.94,0.8,0.8240000000000001,0.8448,0.92,1.0,,1.0,1.0,,,Good
2026-07-01,AKTEPE,90.1610129850334,False,1.0,1.0,1.0,0.915,0.87,0.98795,0.96045,0.94,0.72,0.864,0.814,0.92,1.0,,1.0,1.0,,,Good
2026-07-01,ALAYBEY,89.3753982799356,False,1.0,1.0,1.0,0.536,0.87,0.97795,0.7618,0.94,0.7600000000000001,0.872,0.762,0.92,1.0,,1.0,1.0,,,Good
2026-07-01,BEYAZEVLER,90.14770111082531,False,1.0,1.0,1.0,0.912,0.87,0.9681,0.9226,0.94,0.72,0.864,0.8144,0.92,1.0,,1.0,1.0,,,Good
2026-07-01,CENGİZHAN,89.39189071327179,False,1.0,1.0,1.0,0.5429999999999999,0.87,0.9776,0.7679,0.94,0.7600000000000001,0.872,0.7624,0.92,1.0,,1.0,1.0,,,Good
2026-07-01,CENNETÇEŞME,90.41072460868654,False,1.0,1.0,1.0,0.953,0.87,0.9863,0.7461,0.94,0.8,0.836,0.8324,0.92,1.0,,1.0,1.0,,,Good
2026-07-01,CUMHURİYET MAH,89.39749634408909,False,1.0,1.0,1.0,0.5450000000000002,0.87,0.97605,0.779,0.94,0.7600000000000001,0.872,0.7624,0.92,1.0,,1.0,1.0,,,Good
2026-07-01,DOĞANÇAY,89.41504044128155,False,1.0,1.0,1.0,0.554,0.87,0.95965,0.77035,0.94,0.7600000000000001,0.872,0.764,0.92,1.0,,1.0,1.0,,,Good
2026-07-01,EGEKENT-2,89.14109866672382,False,1.0,1.0,1.0,0.474,0.87,0.97145,0.717,0.94,0.8,0.848,0.7288,0.88,1.0,,1.0,1.0,,,Good
2026-07-01,ESENDERE,90.38646733020855,False,1.0,1.0,1.0,0.9430000000000001,0.87,0.97425,0.7437,0.94,0.8,0.836,0.8328,0.92,1.0,,1.0,1.0,,,Good
2026-07-01,EVKA-1,90.34353532538798,False,1.0,1.0,1.0,0.952,0.87,0.9675,0.21239999999999992,0.94,0.8,0.808,0.8448,0.92,1.0,,1.0,1.0,,,Good
2026-07-01,EVKA-5,89.11145364733679,False,1.0,1.0,1.0,0.46199999999999997,0.87,0.9726,0.6908,0.94,0.8,0.852,0.7263999999999999,0.88,1.0,,1.0,1.0,,,Good
2026-07-01,GÜZELBAHÇE,89.61191723351148,False,1.0,1.0,1.0,0.762,0.87,0.8893,0.94705,0.94,0.6399999999999999,0.868,0.8068,0.92,1.0,,1.0,1.0,,,Good
2026-07-01,GÜZELTEPE,89.40768377204265,False,1.0,1.0,1.0,0.55,0.87,0.97695,0.76815,0.94,0.7600000000000001,0.872,0.7624,0.92,1.0,,1.0,1.0,,,Good
2026-07-01,KADİFEKALE,90.45134594682138,False,1.0,1.0,1.0,0.956,0.87,0.96585,0.22895,0.94,0.8399999999999999,0.8280000000000001,0.8444,0.92,1.0,,1.0,1.0,,,Good
2026-07-01,KOZAĞAÇ,90.45547680461479,False,1.0,1.0,1.0,0.963,0.87,0.9556,0.13885000000000003,0.94,0.8399999999999999,0.8240000000000001,0.8452,0.92,1.0,,1.0,1.0,,,Good
2026-07-01,KURUÇEŞME,90.39028458944239,False,1.0,1.0,1.0,0.968,0.87,0.9616,0.3115000000000001,0.94,0.8,0.808,0.8452,0.92,1.0,,1.0,1.0,,,Good
2026-07-01,LEVENT,88.66936189469071,False,1.0,1.0,1.0,0.30599999999999994,0.87,0.97145,0.73055,0.94,0.7600000000000001,0.868,0.7628,0.88,1.0,,1.0,1.0,,,Good
2026-07-01,MERSİNLİ,90.04746759695904,False,1.0,1.0,1.0,0.841,0.87,0.97055,0.6228,0.94,0.7600000000000001,0.852,0.8,0.92,1.0,,1.0,1.0,,,Good
2026-07-01,MEVLANA,90.022891515905,False,1.0,1.0,1.0,0.831,0.87,0.9621,0.61395,0.94,0.7600000000000001,0.852,0.8008,0.92,1.0,,1.0,1.0,,,Good
2026-07-01,NALDÖKEN,90.02129637171683,False,1.0,1.0,1.0,0.8340000000000001,0.87,0.96665,0.5353,0.94,0.7600000000000001,0.852,0.8008,0.92,1.0,,1.0,1.0,,,Good
2026-07-01,POSTACI MAH,89.18176972286528,False,1.0,1.0,1.0,0.53,0.87,0.97945,0.77205,0.94,0.7600000000000001,0.868,0.7608,0.88,1.0,,1.0,1.0,,,Good
2026-07-01,TOROS,88.82401123686492,False,1.0,1.0,1.0,0.372,0.87,0.97655,0.77235,0.94,0.7600000000000001,0.868,0.764,0.88,1.0,,1.0,1.0,,,Good
2026-07-01,UFUK MAH,88.73134467261139,False,1.0,1.0,1.0,0.3320000000000001,0.87,0.97655,0.7534,0.94,0.7600000000000001,0.868,0.762,0.88,1.0,,1.0,1.0,,,Good
2026-07-01,UZUNDERE,90.37247101469985,False,1.0,1.0,1.0,0.937,0.87,0.9754,0.7388,0.94,0.8,0.836,0.8331999999999999,0.92,1.0,,1.0,1.0,,,Good
2026-07-01,UĞUR MUMCU MAH,90.01832790305524,False,1.0,1.0,1.0,0.853,0.87,0.98475,0.93905,0.94,0.72,0.868,0.8160000000000001,0.92,1.0,,1.0,1.0,,,Good
2026-07-01,YAMANLAR,89.38664167071556,False,1.0,1.0,1.0,0.541,0.87,0.9727,0.76605,0.94,0.7600000000000001,0.872,0.7668,0.92,1.0,,1.0,1.0,,,Good
2026-07-01,YAMAÇ MAH,89.39358518629665,False,1.0,1.0,1.0,0.544,0.87,0.96915,0.7712,0.94,0.7600000000000001,0.872,0.764,0.92,1.0,,1.0,1.0,,,Good
2026-07-01,YEŞİLOVA,90.0595988382063,False,1.0,1.0,1.0,0.846,0.87,0.9699,0.6306499999999999,0.94,0.7600000000000001,0.852,0.8004,0.92,1.0,,1.0,1.0,,,Good
2026-07-01,YEŞİLÇAM,90.31923890365543,False,1.0,1.0,1.0,0.929,0.87,0.9661,0.45909999999999995,0.94,0.8,0.808,0.844,0.92,1.0,,1.0,1.0,,,Good
2026-07-01,ÇAMLIK MAH,90.15980610572846,False,1.0,1.0,1.0,0.915,0.87,0.97995,0.95455,0.94,0.72,0.868,0.8144,0.92,1.0,,1.0,1.0,,,Good
2026-07-01,ÇAMLIKULE,90.35299102336924,False,1.0,1.0,1.0,0.957,0.87,0.9647,0.18594999999999995,0.94,0.8,0.8240000000000001,0.8452,0.92,1.0,,1.0,1.0,,,Good
2026-07-01,ÇANKAYA,89.56140566797184,False,1.0,1.0,1.0,0.621,0.87,0.96875,0.7219,0.94,0.7600000000000001,0.86,0.7979999999999999,0.92,1.0,,1.0,1.0,,,Good
2026-07-01,ÇAY MAH,89.37619426819857,False,1.0,1.0,1.0,0.536,0.87,0.9786,0.76825,0.94,0.7600000000000001,0.872,0.7612,0.92,1.0,,1.0,1.0,,,Good
2026-07-01,İNCİRALTI,89.71847309154306,False,1.0,1.0,1.0,0.8089999999999999,0.87,0.88705,0.95115,0.94,0.6399999999999999,0.868,0.8072,0.92,1.0,,1.0,1.0,,,Good
2026-07-01,İZYUVA,90.02575168862595,False,1.0,1.0,1.0,0.8340000000000001,0.87,0.9689,0.5724,0.94,0.7600000000000001,0.852,0.8012,0.92,1.0,,1.0,1.0,,,Good
2026-07-08,ALTINDAĞ,90.05387108567454,False,1.0,1.0,1.0,0.763,0.87,0.97055,0.5462,0.94,0.8399999999999999,0.864,0.7924,0.92,1.0,,1.0,1.0,,,Good
2026-07-08,ATATÜRK MAH,90.10160133661056,False,1.0,1.0,1.0,0.843,0.87,0.96185,0.12864999999999993,0.94,0.8800000000000001,0.876,0.748,0.88,1.0,,1.0,1.0,,,Good
2026-07-08,BALATÇIK,89.11446736831576,False,1.0,1.0,1.0,0.42800000000000005,0.87,0.96425,0.6017,0.94,0.8399999999999999,0.808,0.6912,0.88,1.0,,1.0,1.0,,,Good
2026-07-08,BALÇOVA,89.8948717454057,False,1.0,1.0,1.0,0.845,0.87,0.90065,0.92525,0.94,0.68,0.88,0.8052,0.92,1.0,,1.0,1.0,,,Good
2026-07-08,BORNOVA,90.06540069736202,False,1.0,1.0,1.0,0.768,0.87,0.9702,0.5484,0.94,0.8399999999999999,0.864,0.7932,0.92,1.0,,1.0,1.0,,,Good
2026-07-08,BOSTANLI,89.50268533205674,False,1.0,1.0,1.0,0.546,0.87,0.975,0.76155,0.94,0.8800000000000001,0.876,0.7472,0.88,1.0,,1.0,1.0,,,Good
2026-07-08,BUCA,90.44134450589233,False,1.0,1.0,1.0,0.962,0.87,0.9638,0.019650000000000056,0.94,0.8399999999999999,0.832,0.8412,0.92,1.0,,1.0,1.0,,,Good
2026-07-08,EGEKENT,89.05650231739499,False,1.0,1.0,1.0,0.401,0.87,0.96825,0.6252,0.94,0.8399999999999999,0.808,0.6928000000000001,0.88,1.0,,1.0,1.0,,,Good
2026-07-08,ESKİ İZMİR,90.2221251083674,False,1.0,1.0,1.0,0.945,0.87,0.9781,0.92665,0.94,0.72,0.844,0.812,0.92,1.0,,1.0,1.0,,,Good
2026-07-08,EVKA-2,89.49160575466576,False,1.0,1.0,1.0,0.541,0.87,0.9748,0.76375,0.94,0.8800000000000001,0.876,0.748,0.88,1.0,,1.0,1.0,,,Good
2026-07-08,EVKA-3,89.94055136376194,False,1.0,1.0,1.0,0.711,0.87,0.97115,0.5842499999999999,0.94,0.8399999999999999,0.864,0.7884,0.92,1.0,,1.0,1.0,,,Good
2026-07-08,GAZİEMİR,90.24162885716463,False,1.0,1.0,1.0,0.953,0.87,0.9802,0.93695,0.94,0.72,0.844,0.812,0.92,1.0,,1.0,1.0,,,Good
2026-07-08,GEDİZ,90.42439185648823,False,1.0,1.0,1.0,0.952,0.87,0.9652000000000001,0.06840000000000002,0.94,0.8399999999999999,0.832,0.8412,0.92,1.0,,1.0,1.0,,,Good
2026-07-08,GÜLTEPE,90.44487984318882,False,1.0,1.0,1.0,0.963,0.87,0.9595,0.03520000000000001,0.94,0.8399999999999999,0.832,0.8412,0.92,1.0,,1.0,1.0,,,Good
2026-07-08,GÜLÇEŞME,90.44323016995817,False,1.0,1.0,1.0,0.962,0.87,0.96855,0.03159999999999996,0.94,0.8399999999999999,0.832,0.8408,0.92,1.0,,1.0,1.0,,,Good
2026-07-08,GÜMÜŞPALA,89.48366352043976,False,1.0,1.0,1.0,0.5389999999999999,0.87,0.9577,0.75055,0.94,0.8800000000000001,0.876,0.7492,0.88,1.0,,1.0,1.0,,,Good
2026-07-08,GÜZELBAHÇE,89.86239189459545,False,1.0,1.0,1.0,0.8320000000000001,0.87,0.884,0.9148000000000001,0.94,0.68,0.88,0.8052,0.92,1.0,,1.0,1.0,,,Good
2026-07-08,GÜZELYALI,89.9002793973344,False,1.0,1.0,1.0,0.848,0.87,0.88945,0.92425,0.94,0.68,0.88,0.8052,0.92,1.0,,1.0,1.0,,,Good
2026-07-08,HATAY,90.21908189002258,False,1.0,1.0,1.0,0.9430000000000001,0.87,0.983,0.93485,0.94,0.72,0.844,0.812,0.92,1.0,,1.0,1.0,,,Good
2026-07-08,IŞIKKENT,89.98421668238589,False,1.0,1.0,1.0,0.73,0.87,0.97295,0.5885499999999999,0.94,0.8399999999999999,0.864,0.7867999999999999,0.92,1.0,,1.0,1.0,,,Good
2026-07-08,KARABAĞLAR,90.20406377718712,False,1.0,1.0,1.0,0.9359999999999999,0.87,0.983,0.9421,0.94,0.72,0.844,0.812,0.92,1.0,,1.0,1.0,,,Good
2026-07-08,KARŞIYAKA,89.46569676660283,False,1.0,1.0,1.0,0.53,0.87,0.975,0.7545,0.94,0.8800000000000001,0.876,0.7484,0.88,1.0,,1.0,1.0,,,Good
2026-07-08,KONAK,89.43476621223813,False,1.0,1.0,1.0,0.5509999999999999,0.87,0.98825,0.8835500000000001,0.94,0.8399999999999999,0.884,0.7484,0.88,1.0,,1.0,1.0,,,Good
2026-07-08,MANAVKUYU,88.66493076395439,False,1.0,1.0,1.0,0.2150000000000002,0.87,0.92225,0.02905000000000002,0.94,0.8800000000000001,0.876,0.748,0.88,1.0,,1.0,1.0,,,Good
2026-07-08,NARLIDERE,89.91373630521973,False,1.0,1.0,1.0,0.854,0.87,0.8846499999999999,0.9279999999999999,0.94,0.68,0.88,0.8052,0.92,1.0,,1.0,1.0,,,Good
2026-07-08,OSMANGAZİ,89.57001670763192,False,1.0,1.0,1.0,0.5740000000000001,0.87,0.96935,0.8023,0.94,0.8800000000000001,0.876,0.748,0.88,1.0,,1.0,1.0,,,Good
2026-07-08,PINARBAŞI,90.06310165337678,False,1.0,1.0,1.0,0.767,0.87,0.9751,0.54305,0.94,0.8399999999999999,0.864,0.7948,0.92,1.0,,1.0,1.0,,,Good
2026-07-08,YENİŞEHİR,89.48126817237798,False,1.0,1.0,1.0,0.572,0.87,0.9865,0.87625,0.94,0.8399999999999999,0.884,0.7496,0.88,1.0,,1.0,1.0,,,Good
2026-07-08,YEŞİLYURT,90.20765567988035,False,1.0,1.0,1.0,0.938,0.87,0.97815,0.9387,0.94,0.72,0.844,0.812,0.92,1.0,,1.0,1.0,,,Good
2026-07-08,ÇAMDİBİ,90.02551530481009,False,1.0,1.0,1.0,0.749,0.87,0.97015,0.57605,0.94,0.8399999999999999,0.864,0.7912,0.92,1.0,,1.0,1.0,,,Good
2026-07-08,ÇİĞLİ,89.00922903150514,False,1.0,1.0,1.0,0.383,0.87,0.9582,0.57745,0.94,0.8399999999999999,0.808,0.692,0.88,1.0,,1.0,1.0,,,Good
2026-07-08,ÖRNEKKÖY,89.49476572398945,False,1.0,1.0,1.0,0.5429999999999999,0.87,0.9624,0.76405,0.94,0.8800000000000001,0.876,0.7484,0.88,1.0,,1.0,1.0,,,Good
2026-07-08,ÖZKANLAR,89.10757965598712,False,1.0,1.0,1.0,0.397,0.87,0.9402,0.28385000000000005,0.94,0.8800000000000001,0.876,0.7476,0.88,1.0,,1.0,1.0,,,Good
2026-07-08,ÜÇKUYULAR,89.91178479903208,False,1.0,1.0,1.0,0.853,0.87,0.8895,0.9259,0.94,0.68,0.88,0.8052,0.92,1.0,,1.0,1.0,,,Good
2026-07-08,ŞEMİKLER,89.45634854287538,False,1.0,1.0,1.0,0.525,0.87,0.97975,0.76715,0.94,0.8800000000000001,0.876,0.748,0.88,1.0,,1.0,1.0,,,Good
2026-07-08,ŞİRİNYER,90.44869235092933,False,1.0,1.0,1.0,0.963,0.87,0.96395,0.0644499999999999,0.94,0.8399999999999999,0.832,0.8412,0.92,1.0,,1.0,1.0,,,Good
2026-07-22,9 EYLÜL MAH,90.24985609763068,False,1.0,1.0,1.0,0.915,0.87,0.98515,0.91225,0.94,0.7600000000000001,0.856,0.8216,0.92,1.0,,1.0,1.0,,,Good
2026-07-22,BEYAZEVLER,90.24710747187211,False,1.0,1.0,1.0,0.916,0.87,0.9652000000000001,0.888,0.94,0.7600000000000001,0.856,0.8204,0.92,1.0,,1.0,1.0,,,Good
2026-07-22,CENNETÇEŞME,90.25082902245468,False,1.0,1.0,1.0,0.916,0.87,0.98035,0.90565,0.94,0.7600000000000001,0.856,0.8216,0.92,1.0,,1.0,1.0,,,Good
2026-07-22,DOĞANÇAY,89.32928704973943,False,1.0,1.0,1.0,0.46799999999999997,0.87,0.97365,0.7992,0.94,0.8800000000000001,0.864,0.7544,0.88,1.0,,1.0,1.0,,,Good
2026-07-22,EGEKENT-2,89.21335657873426,False,1.0,1.0,1.0,0.46399999999999997,0.87,0.9775,0.7384999999999999,0.94,0.8399999999999999,0.812,0.702,0.88,1.0,,1.0,1.0,,,Good
2026-07-22,EVKA-5,89.201736462412,False,1.0,1.0,1.0,0.45899999999999996,0.87,0.9652499999999999,0.7481,0.94,0.8399999999999999,0.812,0.7012,0.88,1.0,,1.0,1.0,,,Good
2026-07-22,GÜZELTEPE,89.19434449636552,False,1.0,1.0,1.0,0.45499999999999996,0.87,0.97905,0.7487999999999999,0.94,0.8399999999999999,0.812,0.7032,0.88,1.0,,1.0,1.0,,,Good
2026-07-22,KADİFEKALE,90.6270832380653,False,1.0,1.0,1.0,0.975,0.87,0.9756,0.5347500000000001,0.94,0.8800000000000001,0.848,0.8412,0.92,1.0,,1.0,1.0,,,Good
2026-07-22,MERSİNLİ,89.32878528489906,False,1.0,1.0,1.0,0.515,0.87,0.97455,0.69645,0.94,0.8399999999999999,0.864,0.7484,0.88,1.0,,1.0,1.0,,,Good
2026-07-22,MEVLANA,90.20391939847761,False,1.0,1.0,1.0,0.843,0.87,0.9744,0.30489999999999995,0.94,0.8399999999999999,0.8160000000000001,0.8196,0.92,1.0,,1.0,1.0,,,Good
2026-07-22,POSTACI MAH,89.32414963750512,False,1.0,1.0,1.0,0.507,0.87,0.98105,0.80875,0.94,0.8399999999999999,0.864,0.7512,0.88,1.0,,1.0,1.0,,,Good
2026-07-22,TOROS,89.08144132203455,False,1.0,1.0,1.0,0.4099999999999999,0.87,0.9558,0.6287499999999999,0.94,0.8399999999999999,0.864,0.7496,0.88,1.0,,1.0,1.0,,,Good
2026-07-22,UFUK MAH,89.1151373288748,False,1.0,1.0,1.0,0.42100000000000004,0.87,0.97575,0.68665,0.94,0.8399999999999999,0.864,0.7496,0.88,1.0,,1.0,1.0,,,Good
2026-07-22,YAMANLAR,89.43780617956119,False,1.0,1.0,1.0,0.516,0.87,0.9729,0.79925,0.94,0.8800000000000001,0.864,0.7536,0.88,1.0,,1.0,1.0,,,Good
2026-07-22,YAMAÇ MAH,89.4388881624701,False,1.0,1.0,1.0,0.515,0.87,0.98575,0.8159,0.94,0.8800000000000001,0.864,0.7544,0.88,1.0,,1.0,1.0,,,Good
2026-07-22,YEŞİLÇAM,90.32384165975974,False,1.0,1.0,1.0,0.881,0.87,0.96745,0.61265,0.94,0.8399999999999999,0.8160000000000001,0.81,0.92,1.0,,1.0,1.0,,,Good
2026-07-22,ÇAMLIK MAH,90.60912870235407,False,1.0,1.0,1.0,0.971,0.87,0.97695,0.48055000000000003,0.94,0.8800000000000001,0.8160000000000001,0.838,0.92,1.0,,1.0,1.0,,,Good
2026-07-22,ÇAMLIKULE,90.58887059742585,False,1.0,1.0,1.0,0.969,0.87,0.97595,0.34245000000000003,0.94,0.8800000000000001,0.8160000000000001,0.8384,0.92,1.0,,1.0,1.0,,,Good
2026-07-22,ÇANKAYA,89.35400530642964,False,1.0,1.0,1.0,0.52,0.87,0.97655,0.81725,0.94,0.8399999999999999,0.864,0.75,0.88,1.0,,1.0,1.0,,,Good
2026-07-22,ÇAY MAH,89.32284659702573,False,1.0,1.0,1.0,0.507,0.87,0.9757,0.80255,0.94,0.8399999999999999,0.864,0.7516,0.88,1.0,,1.0,1.0,,,Good
2026-07-22,İNCİRALTI,89.77690288376347,False,1.0,1.0,1.0,0.839,0.87,0.857,0.8828,0.94,0.6399999999999999,0.888,0.7932,0.92,1.0,,1.0,1.0,,,Good
2026-07-22,İZYUVA,90.29868431268875,False,1.0,1.0,1.0,0.876,0.87,0.9709,0.48624999999999996,0.94,0.8399999999999999,0.8160000000000001,0.8172,0.92,1.0,,1.0,1.0,,,Good
2026-07-29,ALTINDAĞ,90.28626022940543,False,1.0,1.0,1.0,0.957,0.87,0.97785,0.43784999999999996,0.94,0.7600000000000001,0.808,0.8452,0.92,1.0,,1.0,1.0,,,Good
2026-07-29,ATATÜRK MAH,89.48857891051473,False,1.0,1.0,1.0,0.5820000000000001,0.87,0.9775,0.7652,0.94,0.8399999999999999,0.864,0.758,0.88,1.0,,1.0,1.0,,,Good
2026-07-29,BALATÇIK,89.29726749835663,False,1.0,1.0,1.0,0.499,0.87,0.96735,0.78435,0.94,0.8399999999999999,0.8200000000000001,0.6972,0.88,1.0,,1.0,1.0,,,Good
2026-07-29,BORNOVA,90.2864032267284,False,1.0,1.0,1.0,0.957,0.87,0.9735,0.4434,0.94,0.7600000000000001,0.808,0.846,0.92,1.0,,1.0,1.0,,,Good
2026-07-29,BOSTANLI,89.5101511427401,False,1.0,1.0,1.0,0.591,0.87,0.9724,0.7814,0.94,0.8399999999999999,0.864,0.7528,0.88,1.0,,1.0,1.0,,,Good
2026-07-29,EGEKENT,89.31541639277106,False,1.0,1.0,1.0,0.508,0.87,0.96945,0.7624500000000001,0.94,0.8399999999999999,0.8200000000000001,0.7,0.88,1.0,,1.0,1.0,,,Good
2026-07-29,ESKİ İZMİR,90.19672724522945,False,1.0,1.0,1.0,0.9339999999999999,0.87,0.9743,0.91555,0.94,0.72,0.856,0.822,0.92,1.0,,1.0,1.0,,,Good
2026-07-29,EVKA-2,89.46874006830718,False,1.0,1.0,1.0,0.5730000000000001,0.87,0.9701,0.7777499999999999,0.94,0.8399999999999999,0.864,0.7516,0.88,1.0,,1.0,1.0,,,Good
2026-07-29,EVKA-3,90.27331195756761,False,1.0,1.0,1.0,0.951,0.87,0.96815,0.45299999999999996,0.94,0.7600000000000001,0.808,0.8464,0.92,1.0,,1.0,1.0,,,Good
2026-07-29,GAZİEMİR,90.1918085445902,False,1.0,1.0,1.0,0.9319999999999999,0.87,0.9669,0.9196,0.94,0.72,0.856,0.8204,0.92,1.0,,1.0,1.0,,,Good
2026-07-29,GEDİZ,90.29827539845856,False,1.0,1.0,1.0,0.969,0.87,0.9726,0.30345,0.94,0.7600000000000001,0.8160000000000001,0.8384,0.92,1.0,,1.0,1.0,,,Good
2026-07-29,GÜLTEPE,90.03771572256042,False,1.0,1.0,1.0,0.853,0.87,0.9752,0.31755,0.94,0.7600000000000001,0.8160000000000001,0.84,0.92,1.0,,1.0,1.0,,,Good
2026-07-29,GÜLÇEŞME,90.31985419226996,False,1.0,1.0,1.0,0.974,0.87,0.9782,0.3884000000000001,0.94,0.7600000000000001,0.8160000000000001,0.8408,0.92,1.0,,1.0,1.0,,,Good
2026-07-29,GÜMÜŞPALA,89.21837769251289,False,1.0,1.0,1.0,0.44400000000000006,0.87,0.94785,0.3287,0.94,0.8800000000000001,0.86,0.7436,0.88,1.0,,1.0,1.0,,,Good
2026-07-29,GÜZELBAHÇE,89.7861633775377,False,1.0,1.0,1.0,0.838,0.87,0.88265,0.8747,0.94,0.72,0.888,0.7944,0.88,1.0,,1.0,1.0,,,Good
2026-07-29,GÜZELYALI,89.800037738051,False,1.0,1.0,1.0,0.845,0.87,0.8782,0.86195,0.94,0.72,0.888,0.7924,0.88,1.0,,1.0,1.0,,,Good
2026-07-29,IŞIKKENT,90.29361282593577,False,1.0,1.0,1.0,0.959,0.87,0.97915,0.4613499999999999,0.94,0.7600000000000001,0.808,0.8476,0.92,1.0,,1.0,1.0,,,Good
2026-07-29,KONAK,89.61432528794764,False,1.0,1.0,1.0,0.5959999999999999,0.87,0.98405,0.7354499999999999,0.94,0.8800000000000001,0.88,0.7556,0.88,1.0,,1.0,1.0,,,Good
2026-07-29,MANAVKUYU,89.48563230586755,False,1.0,1.0,1.0,0.5799999999999998,0.87,0.97335,0.7738,0.94,0.8399999999999999,0.876,0.7568,0.88,1.0,,1.0,1.0,,,Good
2026-07-29,NARLIDERE,89.80707605723704,False,1.0,1.0,1.0,0.847,0.87,0.8791,0.8832,0.94,0.72,0.888,0.7932,0.88,1.0,,1.0,1.0,,,Good
2026-07-29,OSMANGAZİ,89.4999490077834,False,1.0,1.0,1.0,0.5860000000000001,0.87,0.97815,0.78515,0.94,0.8399999999999999,0.864,0.7568,0.88,1.0,,1.0,1.0,,,Good
2026-07-29,YENİŞEHİR,89.63020930387646,False,1.0,1.0,1.0,0.604,0.87,0.9754,0.7246,0.94,0.8800000000000001,0.88,0.7544,0.88,1.0,,1.0,1.0,,,Good
2026-07-29,ÇAMDİBİ,90.1143441867444,False,1.0,1.0,1.0,0.881,0.87,0.97365,0.4422999999999999,0.94,0.7600000000000001,0.808,0.8468,0.92,1.0,,1.0,1.0,,,Good
2026-07-29,ÇİĞLİ,89.4931532410186,False,1.0,1.0,1.0,0.585,0.87,0.96485,0.7587,0.94,0.8399999999999999,0.864,0.7528,0.88,1.0,,1.0,1.0,,,Good
2026-07-29,ÖRNEKKÖY,89.45483802052074,False,1.0,1.0,1.0,0.533,0.87,0.9574,0.6293,0.94,0.8800000000000001,0.86,0.7436,0.88,1.0,,1.0,1.0,,,Good
2026-07-29,ÖZKANLAR,89.59185230834453,False,1.0,1.0,1.0,0.584,0.87,0.97615,0.7847999999999999,0.94,0.8800000000000001,0.88,0.7544,0.88,1.0,,1.0,1.0,,,Good
2026-07-29,ÜÇKUYULAR,89.8191600098126,False,1.0,1.0,1.0,0.852,0.87,0.88415,0.8849,0.94,0.72,0.888,0.794,0.88,1.0,,1.0,1.0,,,Good
2026-07-29,ŞİRİNYER,90.31300095506207,False,1.0,1.0,1.0,0.971,0.87,0.97875,0.38739999999999997,0.94,0.7600000000000001,0.8160000000000001,0.8392000000000001,0.92,1.0,,1.0,1.0,,,Good
