Tarih,NoktaAdi,Alüminyum,Amonyum,Arsenik,Bulanıklık,C.Perfringens,Demir,E.Coli,Klorür,Koku,Koliform Bakteri,Nitrit,Oksitlenebilirlik,Renk,Toplam Sertlik,Tuzluluk,pH,İletkenlik,HealthFactor,FailFast,E.coli_score,Koliform Bakteri_score,C.Perfringens_score,Arsenik_score,Nitrit_score,Alüminyum_score,Demir_score,Amonyum_score,pH_score,Klorür_score,İletkenlik_score,Oksitlenebilirlik_score,Bulanıklık_score,Tat_score,Koku_score,Renk_score,Toplam Sertlik_score,Tuzluluk_score,RiskClass,NoktaId,NoktaTanimi,Ilce,IlceKodu,NoktaKodu,Enlem,Boylam,WAWQI,FailFastReason,WAWQICoverage,WAWQIParametersUsed,WAWQIParameterList,E.coli,PredictedRiskClass,PredictionModel,Probability_Caution,Probability_Good,Probability_Risk
2025-08-06,YENİŞEHİR,9.210000,0.030000,2.310000,0.500000,0.000000,42.630000,,37.000000,1.000000,0.000000,0.065000,0.600000,1.000000,29.000000,0.000000,7.400000,582.000000,89.910470,False,1.000000,1.000000,1.000000,0.769000,0.870000,0.953950,0.786850,0.940000,0.840000,0.852000,0.767200,0.880000,,,1.000000,1.000000,,,Good,2.000000,Gaziler Cad. No:185 İtfaiye Önü,KONAK,8.000000,35-BS-00-04-A1*A5-K1*K122-D1*D44-S1-I10,38.422640,27.153840,10.089530,,1.000000,9.000000,"Arsenik, Nitrit, Amonyum, Alüminyum, Demir, Klorür, İletkenlik, Oksitlenebilirlik, pH",0.000000,Good,Decision Tree,0.000000,1.000000,0.000000
2025-08-06,KONAK,9.960000,0.030000,2.260000,0.500000,0.000000,45.970000,,37.000000,1.000000,0.000000,0.065000,0.600000,1.000000,29.000000,0.000000,7.400000,584.000000,89.919463,False,1.000000,1.000000,1.000000,0.774000,0.870000,0.950200,0.770150,0.940000,0.840000,0.852000,0.766400,0.880000,,,1.000000,1.000000,,,Good,3.000000,854 Sok No:51/A,KONAK,8.000000,35-BS-00-04-A1*A5-K1*K122-D1*D44-S1-I5,38.420610,27.130760,10.080537,,1.000000,9.000000,"Arsenik, Nitrit, Amonyum, Alüminyum, Demir, Klorür, İletkenlik, Oksitlenebilirlik, pH",0.000000,Good,Decision Tree,0.000000,1.000000,0.000000
2025-08-06,GÜZELBAHÇE,33.700000,0.030000,2.260000,0.400000,0.000000,44.690000,,22.000000,1.000000,0.000000,0.065000,0.400000,1.000000,25.000000,0.000000,7.900000,491.000000,89.617194,False,1.000000,1.000000,1.000000,0.774000,0.870000,0.831500,0.776550,0.940000,0.640000,0.912000,0.803600,0.920000,,,1.000000,1.000000,,,Good,4.000000,Kazım Dirik Cad. No.46,GÜZELBAHÇE,6.000000,35-BS-00-28-A1*A5-K1*K122-D1*D44-S1-I1,38.363366,26.866501,10.382806,,1.000000,9.000000,"Arsenik, Nitrit, Amonyum, Alüminyum, Demir, Klorür, İletkenlik, Oksitlenebilirlik, pH",0.000000,Good,Decision Tree,0.000000,1.000000,0.000000
2025-08-06,NARLIDERE,35.130000,0.030000,2.270000,0.500000,0.000000,45.550000,,22.000000,1.000000,0.000000,0.065000,0.400000,1.000000,25.000000,0.000000,7.900000,492.000000,89.613633,False,1.000000,1.000000,1.000000,0.773000,0.870000,0.824350,0.772250,0.940000,0.640000,0.912000,0.803200,0.920000,,,1.000000,1.000000,,,Good,5.000000,İzsu Narlıdere Teknik Amirlik,NARLIDERE,9.000000,35-BS-00-27-A1*A5-K1*K122-D1*D44-S1-I2,38.394150,27.009890,10.386367,,1.000000,9.000000,"Arsenik, Nitrit, Amonyum, Alüminyum, Demir, Klorür, İletkenlik, Oksitlenebilirlik, pH",0.000000,Good,Decision Tree,0.000000,1.000000,0.000000
2025-08-06,BALÇOVA,34.670000,0.030000,2.190000,0.500000,0.000000,44.280000,,23.000000,1.000000,0.000000,0.065000,0.400000,1.000000,25.000000,0.000000,7.900000,493.000000,89.632346,False,1.000000,1.000000,1.000000,0.781000,0.870000,0.826650,0.778600,0.940000,0.640000,0.908000,0.802800,0.920000,,,1.000000,1.000000,,,Good,6.000000,M.Pasa Cad. İle Hüseyin Ögütcen Kavşağı,BALÇOVA,1.000000,35-BS-00-26-A1*A5-K1*K122-D1*D44-S1-I2,38.394150,27.038360,10.367654,,1.000000,9.000000,"Arsenik, Nitrit, Amonyum, Alüminyum, Demir, Klorür, İletkenlik, Oksitlenebilirlik, pH",0.000000,Good,Decision Tree,0.000000,1.000000,0.000000
2025-08-06,ÜÇKUYULAR,41.090000,0.030000,2.220000,0.400000,0.000000,45.720000,,22.000000,1.000000,0.000000,0.065000,0.400000,1.000000,25.000000,0.000000,7.800000,493.000000,89.716743,False,1.000000,1.000000,1.000000,0.778000,0.870000,0.794550,0.771400,0.940000,0.680000,0.912000,0.802800,0.920000,,,1.000000,1.000000,,,Good,7.000000,65/17 Sok. No:45 Yumurtacı Ahmet Camii,KARABAĞLAR,59.000000,35-BS-00-30-A1*A5-K1*K122-D1*D44-S1-I6,38.393940,27.069370,10.283257,,1.000000,9.000000,"Arsenik, Nitrit, Amonyum, Alüminyum, Demir, Klorür, İletkenlik, Oksitlenebilirlik, pH",0.000000,Good,Decision Tree,0.000000,1.000000,0.000000
2025-08-06,GÜZELYALI,31.550000,0.030000,2.210000,0.400000,0.000000,44.740000,,23.000000,1.000000,0.000000,0.065000,0.400000,1.000000,25.000000,0.000000,7.800000,495.000000,89.724587,False,1.000000,1.000000,1.000000,0.779000,0.870000,0.842250,0.776300,0.940000,0.680000,0.908000,0.802000,0.920000,,,1.000000,1.000000,,,Good,8.000000,34.Sok. No:5 TSM Güzelyalı,KONAK,8.000000,35-BS-00-04-A1*A5-K1*K122-D1*D44-S1-I11,38.398080,27.079620,10.275413,,1.000000,9.000000,"Arsenik, Nitrit, Amonyum, Alüminyum, Demir, Klorür, İletkenlik, Oksitlenebilirlik, pH",0.000000,Good,Decision Tree,0.000000,1.000000,0.000000
2025-08-06,HATAY,8.750000,0.030000,1.100000,0.500000,0.000000,54.200000,,23.000000,1.000000,0.000000,0.065000,0.400000,1.000000,25.000000,0.000000,7.800000,496.000000,89.983279,False,1.000000,1.000000,1.000000,0.890000,0.870000,0.956250,0.729000,0.940000,0.680000,0.908000,0.801600,0.920000,,,1.000000,1.000000,,,Good,9.000000,İnönü Cad. İle 100 Sok. Kavşağı,KONAK,8.000000,35-BS-00-04-A1*A5-K1*K122-D1*D44-S1-I13,38.401640,27.099450,10.016721,,1.000000,9.000000,"Arsenik, Nitrit, Amonyum, Alüminyum, Demir, Klorür, İletkenlik, Oksitlenebilirlik, pH",0.000000,Good,Decision Tree,0.000000,1.000000,0.000000
2025-08-06,YEŞİLYURT,7.910000,0.030000,0.980000,0.600000,0.000000,50.530000,,47.000000,1.000000,0.000000,0.065000,0.400000,1.000000,23.000000,0.000000,7.600000,498.000000,90.194822,False,1.000000,1.000000,1.000000,0.902000,0.870000,0.960450,0.747350,0.940000,0.760000,0.812000,0.800800,0.920000,,,1.000000,1.000000,,,Good,11.000000,Ulu Önder Cad. İle Gökdere Cad.Kavşağı,KARABAĞLAR,59.000000,35-BS-00-30-A1*A5-K1*K122-D1*D44-S1-I7,38.404270,27.113010,9.805178,,1.000000,9.000000,"Arsenik, Nitrit, Amonyum, Alüminyum, Demir, Klorür, İletkenlik, Oksitlenebilirlik, pH",0.000000,Good,Decision Tree,0.000000,1.000000,0.000000
2025-08-06,KARABAĞLAR,7.310000,0.030000,0.990000,0.400000,0.000000,50.970000,,47.000000,1.000000,0.000000,0.065000,0.400000,1.000000,23.000000,0.000000,7.500000,497.000000,90.287922,False,1.000000,1.000000,1.000000,0.901000,0.870000,0.963450,0.745150,0.940000,0.800000,0.812000,0.801200,0.920000,,,1.000000,1.000000,,,Good,13.000000,4058 Sok. İle 4056 Sok. Kavşağı,KARABAĞLAR,59.000000,35-BS-00-30-A1*A5-K1*K122-D1*D44-S1-I8,38.374260,27.134100,9.712078,,1.000000,9.000000,"Arsenik, Nitrit, Amonyum, Alüminyum, Demir, Klorür, İletkenlik, Oksitlenebilirlik, pH",0.000000,Good,Decision Tree,0.000000,1.000000,0.000000
2025-08-06,ESKİ İZMİR,10.200000,0.030000,1.040000,0.400000,0.000000,53.020000,,47.000000,1.000000,0.000000,0.065000,0.400000,1.000000,23.000000,0.000000,7.600000,497.000000,90.178546,False,1.000000,1.000000,1.000000,0.896000,0.870000,0.949000,0.734900,0.940000,0.760000,0.812000,0.801200,0.920000,,,1.000000,1.000000,,,Good,14.000000,Eski Izmir Cad. No:562/A Kahve,KARABAĞLAR,59.000000,35-BS-00-30-A1*A5-K1*K122-D1*D44-S1-I3,38.376220,27.107190,9.821454,,1.000000,9.000000,"Arsenik, Nitrit, Amonyum, Alüminyum, Demir, Klorür, İletkenlik, Oksitlenebilirlik, pH",0.000000,Good,Decision Tree,0.000000,1.000000,0.000000
2025-08-06,GAZİEMİR,5.200000,0.030000,0.970000,0.500000,0.000000,49.370000,,46.000000,1.000000,0.000000,0.065000,0.400000,1.000000,23.000000,0.000000,7.600000,498.000000,90.199636,False,1.000000,1.000000,1.000000,0.903000,0.870000,0.974000,0.753150,0.940000,0.760000,0.816000,0.800800,0.920000,,,1.000000,1.000000,,,Good,15.000000,Abdullah Arda Meydanı No:29 Arkadaşlar Kahvesi,GAZİEMİR,5.000000,35-BS-00-25-A1*A5-K1*K122-D1*D44-S1-I4-Y1,38.321780,27.126430,9.800364,,1.000000,9.000000,"Arsenik, Nitrit, Amonyum, Alüminyum, Demir, Klorür, İletkenlik, Oksitlenebilirlik, pH",0.000000,Good,Decision Tree,0.000000,1.000000,0.000000
2025-08-06,GEDİZ,7.370000,0.030000,1.030000,0.500000,0.000000,95.950000,,46.000000,1.000000,0.000000,0.065000,0.400000,1.000000,23.000000,0.000000,7.500000,498.000000,90.253752,False,1.000000,1.000000,1.000000,0.897000,0.870000,0.963150,0.520250,0.940000,0.800000,0.816000,0.800800,0.920000,,,1.000000,1.000000,,,Good,16.000000,682/4 Sok. No:2 Gediz,BUCA,3.000000,35-BS-00-02-A1*A5-K1*K122-D1*D44-S1-I10,38.361880,27.144380,9.746248,,1.000000,9.000000,"Arsenik, Nitrit, Amonyum, Alüminyum, Demir, Klorür, İletkenlik, Oksitlenebilirlik, pH",0.000000,Good,Decision Tree,0.000000,1.000000,0.000000
2025-08-06,ŞİRİNYER,9.010000,0.030000,1.020000,0.500000,0.000000,90.440000,,45.000000,1.000000,0.000000,0.065000,0.400000,1.000000,23.000000,0.000000,7.600000,498.000000,90.163298,False,1.000000,1.000000,1.000000,0.898000,0.870000,0.954950,0.547800,0.940000,0.760000,0.820000,0.800800,0.920000,,,1.000000,1.000000,,,Good,17.000000,Koşuyolu Cad. Efeler Mah. No:41 Avni Naili Limboz Camii,BUCA,3.000000,35-BS-00-02-A1*A5-K1*K122-D1*D44-S1-I6,38.391680,27.150310,9.836702,,1.000000,9.000000,"Arsenik, Nitrit, Amonyum, Alüminyum, Demir, Klorür, İletkenlik, Oksitlenebilirlik, pH",0.000000,Good,Decision Tree,0.000000,1.000000,0.000000
2025-08-06,BUCA,7.220000,0.030000,1.050000,1.000000,0.000000,87.480000,,46.000000,1.000000,0.000000,0.065000,0.400000,1.000000,23.000000,0.000000,7.600000,499.000000,90.158832,False,1.000000,1.000000,1.000000,0.895000,0.870000,0.963900,0.562600,0.940000,0.760000,0.816000,0.800400,0.920000,1.000000,,1.000000,1.000000,,,Good,18.000000,Başarı Cad.İle 170. Sok.Kavşağı,BUCA,3.000000,35-BS-00-02-A1*A5-K1*K122-D1*D44-S1-I1,38.389300,27.176440,9.841168,,1.000000,9.000000,"Arsenik, Nitrit, Amonyum, Alüminyum, Demir, Klorür, İletkenlik, Oksitlenebilirlik, pH",0.000000,Good,Decision Tree,0.000000,1.000000,0.000000
2025-08-06,GÜLÇEŞME,9.270000,0.030000,1.040000,0.500000,0.000000,63.970000,,45.000000,1.000000,0.000000,0.065000,0.400000,1.000000,23.000000,0.000000,7.600000,498.000000,90.173599,False,1.000000,1.000000,1.000000,0.896000,0.870000,0.953650,0.680150,0.940000,0.760000,0.820000,0.800800,0.920000,,,1.000000,1.000000,,,Good,19.000000,3586 Sok. No:1 Gürçeşme,KONAK,8.000000,35-BS-00-04-A1*A5-K1*K122-D1*D44-S1-I15,38.404510,27.151350,9.826401,,1.000000,9.000000,"Arsenik, Nitrit, Amonyum, Alüminyum, Demir, Klorür, İletkenlik, Oksitlenebilirlik, pH",0.000000,Good,Decision Tree,0.000000,1.000000,0.000000
2025-08-06,GÜLTEPE,6.600000,0.030000,1.020000,0.400000,0.000000,52.740000,,45.000000,1.000000,0.000000,0.065000,0.400000,1.000000,23.000000,0.000000,7.600000,495.000000,90.185997,False,1.000000,1.000000,1.000000,0.898000,0.870000,0.967000,0.736300,0.940000,0.760000,0.820000,0.802000,0.920000,,,1.000000,1.000000,,,Good,20.000000,Selimiye Cad. No:30/B Gültepe,KONAK,8.000000,35-BS-00-04-A1*A5-K1*K122-D1*D44-S1-I16,38.416220,27.172680,9.814003,,1.000000,9.000000,"Arsenik, Nitrit, Amonyum, Alüminyum, Demir, Klorür, İletkenlik, Oksitlenebilirlik, pH",0.000000,Good,Decision Tree,0.000000,1.000000,0.000000
2025-08-06,ALTINDAĞ,13.870000,0.030000,4.960000,0.400000,0.000000,25.310000,,28.000000,1.000000,0.000000,0.065000,0.600000,1.000000,30.000000,0.100000,7.500000,660.000000,89.225746,False,1.000000,1.000000,1.000000,0.504000,0.870000,0.930650,0.873450,0.940000,0.800000,0.888000,0.736000,0.880000,,,1.000000,1.000000,,,Good,21.000000,Kemalpaşa Cad. No: 46,BORNOVA,2.000000,35-BS-00-01-A1*A5-K1*K122-D1*D44-S1-I9,38.425580,27.202560,10.774254,,1.000000,9.000000,"Arsenik, Nitrit, Amonyum, Alüminyum, Demir, Klorür, İletkenlik, Oksitlenebilirlik, pH",0.000000,Good,Decision Tree,0.000000,1.000000,0.000000
2025-08-06,ÇAMDİBİ,13.670000,0.030000,4.960000,0.400000,0.000000,22.240000,,28.000000,1.000000,0.000000,0.065000,0.600000,1.000000,30.000000,0.100000,7.500000,664.000000,89.227581,False,1.000000,1.000000,1.000000,0.504000,0.870000,0.931650,0.888800,0.940000,0.800000,0.888000,0.734400,0.880000,,,1.000000,1.000000,,,Good,22.000000,5227 Sok. No:35/C Çamdibi,BORNOVA,2.000000,35-BS-00-01-A1*A5-K1*K122-D1*D44-S1-I12,38.435530,27.191010,10.772419,,1.000000,9.000000,"Arsenik, Nitrit, Amonyum, Alüminyum, Demir, Klorür, İletkenlik, Oksitlenebilirlik, pH",0.000000,Good,Decision Tree,0.000000,1.000000,0.000000
2025-08-06,IŞIKKENT,6.790000,0.030000,1.610000,0.400000,0.000000,51.170000,,22.000000,1.000000,0.000000,0.065000,0.600000,1.000000,29.000000,0.000000,7.500000,602.000000,89.975481,False,1.000000,1.000000,1.000000,0.839000,0.870000,0.966050,0.744150,0.940000,0.800000,0.912000,0.759200,0.880000,,,1.000000,1.000000,,,Good,23.000000,Cumhuriyet Meydanı No:16  Işıkkent,BORNOVA,2.000000,35-BS-00-01-A1*A5-K1*K122-D1*D44-S1-I8,38.424540,27.230760,10.024519,,1.000000,9.000000,"Arsenik, Nitrit, Amonyum, Alüminyum, Demir, Klorür, İletkenlik, Oksitlenebilirlik, pH",0.000000,Good,Decision Tree,0.000000,1.000000,0.000000
2025-08-06,PINARBAŞI,8.050000,0.030000,1.640000,0.400000,0.000000,47.060000,,22.000000,1.000000,0.000000,0.065000,0.600000,1.000000,29.000000,0.000000,7.500000,603.000000,89.970302,False,1.000000,1.000000,1.000000,0.836000,0.870000,0.959750,0.764700,0.940000,0.800000,0.912000,0.758800,0.880000,,,1.000000,1.000000,,,Good,24.000000,Çanakkale Cad.İle 7057 Sok KavsağıPınarbaşı,BORNOVA,2.000000,35-BS-00-01-A1*A5-K1*K122-D1*D44-S1-I10,38.429880,27.266470,10.029698,,1.000000,9.000000,"Arsenik, Nitrit, Amonyum, Alüminyum, Demir, Klorür, İletkenlik, Oksitlenebilirlik, pH",0.000000,Good,Decision Tree,0.000000,1.000000,0.000000
2025-08-06,EVKA-3,13.830000,0.030000,4.960000,0.500000,0.000000,60.970000,,28.000000,1.000000,0.000000,0.065000,0.600000,1.000000,30.000000,0.100000,7.500000,666.000000,89.205576,False,1.000000,1.000000,1.000000,0.504000,0.870000,0.930850,0.695150,0.940000,0.800000,0.888000,0.733600,0.880000,,,1.000000,1.000000,,,Good,25.000000,Şehitler Cad. No:22 H.Mustafa Gökdemir Camii Evka-3,BORNOVA,2.000000,35-BS-00-01-A1*A5-K1*K122-D1*D44-S1-I2,38.473220,27.250940,10.794424,,1.000000,9.000000,"Arsenik, Nitrit, Amonyum, Alüminyum, Demir, Klorür, İletkenlik, Oksitlenebilirlik, pH",0.000000,Good,Decision Tree,0.000000,1.000000,0.000000
2025-08-06,BORNOVA,16.820000,0.030000,5.100000,0.500000,0.000000,61.800000,,28.000000,1.000000,0.000000,0.065000,0.600000,1.000000,30.000000,0.100000,7.500000,665.000000,89.171742,False,1.000000,1.000000,1.000000,0.490000,0.870000,0.915900,0.691000,0.940000,0.800000,0.888000,0.734000,0.880000,,,1.000000,1.000000,,,Good,26.000000,Ege Üni.Kampüsü İtfaiye Çeşmesi/İzsu Teknik Amirlik,BORNOVA,2.000000,35-BS-00-01-A1*A5-K1*K122-D1*D44-S1-I11,38.460950,27.228200,10.828258,,1.000000,9.000000,"Arsenik, Nitrit, Amonyum, Alüminyum, Demir, Klorür, İletkenlik, Oksitlenebilirlik, pH",0.000000,Good,Decision Tree,0.000000,1.000000,0.000000
2025-08-06,ATATÜRK MAH,13.950000,0.030000,5.010000,0.400000,0.000000,62.410000,,28.000000,1.000000,0.000000,0.065000,0.600000,1.000000,30.000000,0.100000,7.500000,666.000000,89.193380,False,1.000000,1.000000,1.000000,0.499000,0.870000,0.930250,0.687950,0.940000,0.800000,0.888000,0.733600,0.880000,,,1.000000,1.000000,,,Good,27.000000,Hürriyet Cad. Polis Mer. No:86 Atatürk,BORNOVA,2.000000,35-BS-00-01-A1*A5-K1*K122-D1*D44-S1-I13,38.475820,27.208680,10.806620,,1.000000,9.000000,"Arsenik, Nitrit, Amonyum, Alüminyum, Demir, Klorür, İletkenlik, Oksitlenebilirlik, pH",0.000000,Good,Decision Tree,0.000000,1.000000,0.000000
2025-08-06,OSMANGAZİ,13.250000,0.030000,4.900000,0.400000,0.000000,59.540000,,28.000000,1.000000,0.000000,0.065000,0.600000,1.000000,30.000000,0.100000,7.500000,666.000000,89.220288,False,1.000000,1.000000,1.000000,0.510000,0.870000,0.933750,0.702300,0.940000,0.800000,0.888000,0.733600,0.880000,,,1.000000,1.000000,,,Good,28.000000,Yavuz Cad. 241/C  Osmangazi,BAYRAKLI,60.000000,35-BS-00-29-A1*A5-K1*K122-D1*D44-S1-I6,38.475430,27.187450,10.779712,,1.000000,9.000000,"Arsenik, Nitrit, Amonyum, Alüminyum, Demir, Klorür, İletkenlik, Oksitlenebilirlik, pH",0.000000,Good,Decision Tree,0.000000,1.000000,0.000000
2025-08-06,ÖZKANLAR,12.890000,0.030000,5.040000,0.400000,0.000000,58.450000,,28.000000,1.000000,0.000000,0.065000,0.600000,1.000000,30.000000,0.100000,7.400000,666.000000,89.284700,False,1.000000,1.000000,1.000000,0.496000,0.870000,0.935550,0.707750,0.940000,0.840000,0.888000,0.733600,0.880000,,,1.000000,1.000000,,,Good,29.000000,273/4 No:6 Aile Sağlığı Merkezi Özkanlar,BAYRAKLI,60.000000,35-BS-00-29-A1*A5-K1*K122-D1*D44-S1-I10,38.458040,27.191060,10.715300,,1.000000,9.000000,"Arsenik, Nitrit, Amonyum, Alüminyum, Demir, Klorür, İletkenlik, Oksitlenebilirlik, pH",0.000000,Good,Decision Tree,0.000000,1.000000,0.000000
2025-08-06,MANAVKUYU,14.250000,0.030000,4.970000,0.500000,0.000000,61.670000,,28.000000,1.000000,0.000000,0.065000,0.600000,1.000000,30.000000,0.100000,7.500000,666.000000,89.202680,False,1.000000,1.000000,1.000000,0.503000,0.870000,0.928750,0.691650,0.940000,0.800000,0.888000,0.733600,0.880000,,,1.000000,1.000000,,,Good,30.000000,Sakarya Cad.No:112 Manavkuyu,BAYRAKLI,60.000000,35-BS-00-29-A1*A5-K1*K122-D1*D44-S1-I8,38.457390,27.186910,10.797320,,1.000000,9.000000,"Arsenik, Nitrit, Amonyum, Alüminyum, Demir, Klorür, İletkenlik, Oksitlenebilirlik, pH",0.000000,Good,Decision Tree,0.000000,1.000000,0.000000
2025-08-06,EGEKENT,15.890000,0.030000,5.350000,0.500000,0.000000,65.270000,,42.000000,1.000000,0.000000,0.065000,0.600000,1.000000,31.000000,0.100000,7.400000,741.000000,89.203664,False,1.000000,1.000000,1.000000,0.465000,0.870000,0.920550,0.673650,0.940000,0.840000,0.832000,0.703600,0.880000,,,1.000000,1.000000,,,Good,32.000000,8819 Sok. No:13 Egekent,ÇİĞLİ,4.000000,35-BS-00-24-A1*A5-K1*K122-D1*D44-S1-I7,38.504140,27.058100,10.796336,,1.000000,9.000000,"Arsenik, Nitrit, Amonyum, Alüminyum, Demir, Klorür, İletkenlik, Oksitlenebilirlik, pH",0.000000,Good,Decision Tree,0.000000,1.000000,0.000000
2025-08-06,BALATÇIK,16.790000,0.030000,5.350000,0.700000,0.000000,65.480000,,42.000000,1.000000,0.000000,0.065000,0.600000,1.000000,31.000000,0.100000,7.400000,742.000000,89.203033,False,1.000000,1.000000,1.000000,0.465000,0.870000,0.916050,0.672600,0.940000,0.840000,0.832000,0.703200,0.880000,,,1.000000,1.000000,,,Good,33.000000,8790/5 Sok. 9 Eylül Camii Balatçık,ÇİĞLİ,4.000000,35-BS-00-24-A1*A5-K1*K122-D1*D44-S1-I2-Y1,38.511900,27.045600,10.796967,,1.000000,9.000000,"Arsenik, Nitrit, Amonyum, Alüminyum, Demir, Klorür, İletkenlik, Oksitlenebilirlik, pH",0.000000,Good,Decision Tree,0.000000,1.000000,0.000000
2025-08-06,ÇİĞLİ,17.060000,0.030000,5.200000,0.600000,0.000000,64.230000,,42.000000,1.000000,0.000000,0.065000,0.600000,1.000000,31.000000,0.100000,7.400000,743.000000,89.237523,False,1.000000,1.000000,1.000000,0.480000,0.870000,0.914700,0.678850,0.940000,0.840000,0.832000,0.702800,0.880000,,,1.000000,1.000000,,,Good,34.000000,8022/1 Sok. No:8/1-B Ataşehir,ÇİĞLİ,4.000000,35-BS-00-24-A1*A5-K1*K122-D1*D44-S1-I3-IY1,38.492860,27.060890,10.762477,,1.000000,9.000000,"Arsenik, Nitrit, Amonyum, Alüminyum, Demir, Klorür, İletkenlik, Oksitlenebilirlik, pH",0.000000,Good,Decision Tree,0.000000,1.000000,0.000000
2025-08-06,BOSTANLI,14.170000,0.030000,4.260000,0.600000,0.000000,57.890000,,28.000000,1.000000,0.000000,0.065000,0.600000,1.000000,30.000000,0.100000,7.500000,667.000000,89.365505,False,1.000000,1.000000,1.000000,0.574000,0.870000,0.929150,0.710550,0.940000,0.800000,0.888000,0.733200,0.880000,,,1.000000,1.000000,,,Good,35.000000,1799 Sok No:14 Bostanlı,KARŞIYAKA,7.000000,35-BS-00-03-A1*A5-K1*K122-D1*D44-S1-I7,38.457730,27.098860,10.634495,,1.000000,9.000000,"Arsenik, Nitrit, Amonyum, Alüminyum, Demir, Klorür, İletkenlik, Oksitlenebilirlik, pH",0.000000,Good,Decision Tree,0.000000,1.000000,0.000000
2025-08-06,ŞEMİKLER,14.080000,0.030000,4.820000,0.500000,0.000000,56.460000,,28.000000,1.000000,0.000000,0.065000,0.600000,1.000000,30.000000,0.100000,7.500000,667.000000,89.239658,False,1.000000,1.000000,1.000000,0.518000,0.870000,0.929600,0.717700,0.940000,0.800000,0.888000,0.733200,0.880000,,,1.000000,1.000000,,,Good,36.000000,6276 Sok.İle 6279 Sok Kavşağı,KARŞIYAKA,7.000000,35-BS-00-03-A1*A5-K1*K122-D1*D44-S1-I4,38.477100,27.093760,10.760342,,1.000000,9.000000,"Arsenik, Nitrit, Amonyum, Alüminyum, Demir, Klorür, İletkenlik, Oksitlenebilirlik, pH",0.000000,Good,Decision Tree,0.000000,1.000000,0.000000
2025-08-06,KARŞIYAKA,13.220000,0.030000,4.870000,0.600000,0.000000,57.220000,,28.000000,1.000000,0.000000,0.065000,0.600000,1.000000,30.000000,0.100000,7.400000,666.000000,89.323674,False,1.000000,1.000000,1.000000,0.513000,0.870000,0.933900,0.713900,0.940000,0.840000,0.888000,0.733600,0.880000,,,1.000000,1.000000,,,Good,37.000000,Atatürk Cad. İle Zübeyde Hanim Cad.Kavşağı,KARŞIYAKA,7.000000,35-BS-00-03-A1*A5-K1*K122-D1*D44-S1-I5,38.461670,27.116100,10.676326,,1.000000,9.000000,"Arsenik, Nitrit, Amonyum, Alüminyum, Demir, Klorür, İletkenlik, Oksitlenebilirlik, pH",0.000000,Good,Decision Tree,0.000000,1.000000,0.000000
2025-08-06,EVKA-2,14.340000,0.030000,5.020000,0.600000,0.000000,56.200000,,28.000000,1.000000,0.000000,0.065000,0.600000,1.000000,30.000000,0.100000,7.500000,666.000000,89.194410,False,1.000000,1.000000,1.000000,0.498000,0.870000,0.928300,0.719000,0.940000,0.800000,0.888000,0.733600,0.880000,,,1.000000,1.000000,,,Good,38.000000,6800 Sok. No:9 Sağlık Ocağı Evka 2,ÇİĞLİ,4.000000,35-BS-00-24-A1*A5-K1*K122-D1*D44-S1-I5,38.499050,27.087510,10.805590,,1.000000,9.000000,"Arsenik, Nitrit, Amonyum, Alüminyum, Demir, Klorür, İletkenlik, Oksitlenebilirlik, pH",0.000000,Good,Decision Tree,0.000000,1.000000,0.000000
2025-08-06,ÖRNEKKÖY,13.840000,0.030000,4.920000,0.500000,0.000000,56.430000,,28.000000,1.000000,0.000000,0.065000,0.600000,1.000000,30.000000,0.100000,7.500000,664.000000,89.217196,False,1.000000,1.000000,1.000000,0.508000,0.870000,0.930800,0.717850,0.940000,0.800000,0.888000,0.734400,0.880000,,,1.000000,1.000000,,,Good,39.000000,Başpehlivan Kara Ali Cad. No:25/A,KARŞIYAKA,7.000000,35-BS-00-03-A1*A5-K1*K122-D1*D44-S1-I6,38.482130,27.111060,10.782804,,1.000000,9.000000,"Arsenik, Nitrit, Amonyum, Alüminyum, Demir, Klorür, İletkenlik, Oksitlenebilirlik, pH",0.000000,Good,Decision Tree,0.000000,1.000000,0.000000
2025-08-06,GÜMÜŞPALA,15.200000,0.030000,4.910000,0.500000,0.000000,55.980000,,28.000000,1.000000,0.000000,0.065000,0.600000,1.000000,30.000000,0.100000,7.500000,662.000000,89.218951,False,1.000000,1.000000,1.000000,0.509000,0.870000,0.924000,0.720100,0.940000,0.800000,0.888000,0.735200,0.880000,,,1.000000,1.000000,,,Good,40.000000,7019 Sok. No:20/3 Merkez Cami Gümüşpala,BAYRAKLI,60.000000,35-BS-00-29-A1*A5-K1*K122-D1*D44-S1-I7,38.479310,27.109960,10.781049,,1.000000,9.000000,"Arsenik, Nitrit, Amonyum, Alüminyum, Demir, Klorür, İletkenlik, Oksitlenebilirlik, pH",0.000000,Good,Decision Tree,0.000000,1.000000,0.000000
2025-08-13,DOĞANÇAY,15.320000,0.030000,4.280000,0.500000,0.000000,35.200000,,25.000000,1.000000,0.000000,0.065000,0.600000,1.000000,29.000000,0.100000,7.700000,655.000000,89.183758,False,1.000000,1.000000,1.000000,0.572000,0.870000,0.923400,0.824000,0.940000,0.720000,0.900000,0.738000,0.880000,,,1.000000,1.000000,,,Good,41.000000,7191 Sok. No:1/A Doğançay,BAYRAKLI,60.000000,35-BS-00-29-A1*A5-K1*K122-D1*D44-S1-I1,38.495500,27.155140,10.816242,,1.000000,9.000000,"Arsenik, Nitrit, Amonyum, Alüminyum, Demir, Klorür, İletkenlik, Oksitlenebilirlik, pH",0.000000,Good,Decision Tree,0.000000,1.000000,0.000000
2025-08-13,YAMANLAR,15.840000,0.030000,4.380000,0.400000,0.000000,38.650000,,27.000000,1.000000,0.000000,0.065000,0.600000,1.000000,30.000000,0.100000,7.700000,664.000000,89.158129,False,1.000000,1.000000,1.000000,0.562000,0.870000,0.920800,0.806750,0.940000,0.720000,0.892000,0.734400,0.880000,,,1.000000,1.000000,,,Good,42.000000,7348 Sok. No:2 Polis Merkezi Yamanlar,BAYRAKLI,60.000000,35-BS-00-29-A1*A5-K1*K122-D1*D44-S1-I2,38.481110,27.132940,10.841871,,1.000000,9.000000,"Arsenik, Nitrit, Amonyum, Alüminyum, Demir, Klorür, İletkenlik, Oksitlenebilirlik, pH",0.000000,Good,Decision Tree,0.000000,1.000000,0.000000
2025-08-13,POSTACI MAH,17.030000,0.030000,4.420000,0.600000,0.000000,39.860000,,27.000000,1.000000,0.000000,0.065000,0.600000,1.000000,30.000000,0.100000,7.700000,667.000000,89.147710,False,1.000000,1.000000,1.000000,0.558000,0.870000,0.914850,0.800700,0.940000,0.720000,0.892000,0.733200,0.880000,,,1.000000,1.000000,,,Good,43.000000,7659/2 Sok. No:1/B Postacılar Mah.,BAYRAKLI,60.000000,35-BS-00-29-A1*A5*-K1*K122-D1*D44-S1-I3-IY1,38.482170,27.119910,10.852290,,1.000000,9.000000,"Arsenik, Nitrit, Amonyum, Alüminyum, Demir, Klorür, İletkenlik, Oksitlenebilirlik, pH",0.000000,Good,Decision Tree,0.000000,1.000000,0.000000
2025-08-13,YAMAÇ MAH,16.740000,0.030000,4.550000,0.700000,0.000000,41.190000,,27.000000,1.000000,0.000000,0.065000,0.600000,1.000000,30.000000,0.100000,7.700000,668.000000,89.117704,False,1.000000,1.000000,1.000000,0.545000,0.870000,0.916300,0.794050,0.940000,0.720000,0.892000,0.732800,0.880000,,,1.000000,1.000000,,,Good,44.000000,6730 Sok. No:6/A Yamaç Mah.,KARŞIYAKA,7.000000,35-BS-00-03-A1*A5-K1*K122-D1*D44-S1-I1,38.483710,27.099770,10.882296,,1.000000,9.000000,"Arsenik, Nitrit, Amonyum, Alüminyum, Demir, Klorür, İletkenlik, Oksitlenebilirlik, pH",0.000000,Good,Decision Tree,0.000000,1.000000,0.000000
2025-08-13,CUMHURİYET MAH,14.770000,0.030000,4.340000,0.600000,0.000000,37.940000,,27.000000,1.000000,0.000000,0.065000,0.600000,1.000000,30.000000,0.100000,7.700000,670.000000,89.168165,False,1.000000,1.000000,1.000000,0.566000,0.870000,0.926150,0.810300,0.940000,0.720000,0.892000,0.732000,0.880000,,,1.000000,1.000000,,,Good,45.000000,Alim Dağhan Cd. İle 6716 Sok. Kvs.,KARŞIYAKA,7.000000,35-BS-00-03-A1*A5-K1*K122-D1*D44-S1-I2,38.485320,27.096540,10.831835,,1.000000,9.000000,"Arsenik, Nitrit, Amonyum, Alüminyum, Demir, Klorür, İletkenlik, Oksitlenebilirlik, pH",0.000000,Good,Decision Tree,0.000000,1.000000,0.000000
2025-08-13,GÜZELTEPE,16.820000,0.030000,4.110000,0.300000,0.000000,25.380000,,38.000000,1.000000,0.000000,0.065000,0.800000,1.000000,30.000000,0.100000,7.500000,733.000000,89.231466,False,1.000000,1.000000,1.000000,0.589000,0.870000,0.915900,0.873100,0.940000,0.800000,0.848000,0.706800,0.840000,,,1.000000,1.000000,,,Good,46.000000,8172 Sok. No:90/1 Güzeltepe,ÇİĞLİ,4.000000,35-BS-00-24-A1*A5-K1*K122-D1*D44-S1-I4-IY1,38.502720,27.077990,10.768534,,1.000000,9.000000,"Arsenik, Nitrit, Amonyum, Alüminyum, Demir, Klorür, İletkenlik, Oksitlenebilirlik, pH",0.000000,Good,Decision Tree,0.000000,1.000000,0.000000
2025-08-13,EVKA-5,20.480000,0.030000,3.840000,0.400000,0.000000,33.780000,,39.000000,1.000000,0.000000,0.065000,0.800000,1.000000,31.000000,0.100000,7.600000,735.000000,89.190098,False,1.000000,1.000000,1.000000,0.616000,0.870000,0.897600,0.831100,0.940000,0.760000,0.844000,0.706000,0.840000,,,1.000000,1.000000,,,Good,47.000000,8809 Sok. No:141/A Evka-5,ÇİĞLİ,4.000000,35-BS-00-24-A1*A5-K1*K122-D1*D44-S1-I8-IY1,38.518190,27.056590,10.809902,,1.000000,9.000000,"Arsenik, Nitrit, Amonyum, Alüminyum, Demir, Klorür, İletkenlik, Oksitlenebilirlik, pH",0.000000,Good,Decision Tree,0.000000,1.000000,0.000000
2025-08-13,EGEKENT-2,14.460000,0.030000,4.300000,0.500000,0.000000,38.520000,,27.000000,1.000000,0.000000,0.065000,0.400000,1.000000,31.000000,0.100000,7.600000,672.000000,89.453332,False,1.000000,1.000000,1.000000,0.570000,0.870000,0.927700,0.807400,0.940000,0.760000,0.892000,0.731200,0.920000,,,1.000000,1.000000,,,Good,48.000000,8818 Sok. No:38 6 Nolu Sağlık Ocağı Egekent,ÇİĞLİ,4.000000,35-BS-00-24-A1*A5-K1*K122-D1*D44-S1-I6,38.555690,27.049780,10.546668,,1.000000,9.000000,"Arsenik, Nitrit, Amonyum, Alüminyum, Demir, Klorür, İletkenlik, Oksitlenebilirlik, pH",0.000000,Good,Decision Tree,0.000000,1.000000,0.000000
2025-08-13,ALAYBEY,13.940000,0.030000,4.100000,0.400000,0.000000,35.680000,,27.000000,1.000000,0.000000,0.065000,0.400000,1.000000,31.000000,0.100000,7.600000,673.000000,89.500482,False,1.000000,1.000000,1.000000,0.590000,0.870000,0.930300,0.821600,0.940000,0.760000,0.892000,0.730800,0.920000,,,1.000000,1.000000,,,Good,49.000000,1643/7 Sok. No:8 Adalet Mah.,BAYRAKLI,60.000000,35-BS-00-03-A1*A5-K1*K122-D1*D44-S1-13-IY1,38.466750,27.159340,10.499518,,1.000000,9.000000,"Arsenik, Nitrit, Amonyum, Alüminyum, Demir, Klorür, İletkenlik, Oksitlenebilirlik, pH",0.000000,Good,Decision Tree,0.000000,1.000000,0.000000
2025-08-13,CENGİZHAN,14.280000,0.030000,4.210000,0.600000,0.000000,38.650000,,27.000000,1.000000,0.000000,0.065000,0.400000,1.000000,31.000000,0.100000,7.600000,671.000000,89.473728,False,1.000000,1.000000,1.000000,0.579000,0.870000,0.928600,0.806750,0.940000,0.760000,0.892000,0.731600,0.920000,,,1.000000,1.000000,,,Good,50.000000,1620/19 İle 1620/39 Sok. Kavsağı Cengizhan,BAYRAKLI,60.000000,35-BS-00-29-A1*A5-K1*K122-D1*D44-S1-I4,38.473400,27.158880,10.526272,,1.000000,9.000000,"Arsenik, Nitrit, Amonyum, Alüminyum, Demir, Klorür, İletkenlik, Oksitlenebilirlik, pH",0.000000,Good,Decision Tree,0.000000,1.000000,0.000000
2025-08-13,ÇAY MAH,16.510000,0.030000,4.550000,0.400000,0.000000,58.990000,,27.000000,1.000000,0.000000,0.065000,0.400000,1.000000,31.000000,0.100000,7.600000,671.000000,89.384032,False,1.000000,1.000000,1.000000,0.545000,0.870000,0.917450,0.705050,0.940000,0.760000,0.892000,0.731600,0.920000,,,1.000000,1.000000,,,Good,51.000000,Hakan Uysal Cad. No:273/1 Çay Mahallesi,BAYRAKLI,60.000000,35-BS-00-29-A1*A5-K1*K122-D1*D44-S1-I5,38.470860,27.180440,10.615968,,1.000000,9.000000,"Arsenik, Nitrit, Amonyum, Alüminyum, Demir, Klorür, İletkenlik, Oksitlenebilirlik, pH",0.000000,Good,Decision Tree,0.000000,1.000000,0.000000
2025-08-13,İZYUVA,16.330000,0.030000,4.380000,0.500000,0.000000,52.830000,,30.000000,1.000000,0.000000,0.065000,0.400000,1.000000,30.000000,0.100000,7.500000,661.000000,89.520301,False,1.000000,1.000000,1.000000,0.562000,0.870000,0.918350,0.735850,0.940000,0.800000,0.880000,0.735600,0.920000,,,1.000000,1.000000,,,Good,52.000000,113/19 Sok. No:10 İzyuva,BORNOVA,2.000000,35-BS-00-01-A1*A5-K1*K122-D1*D44-S1-I7,38.464570,27.249790,10.479699,,1.000000,9.000000,"Arsenik, Nitrit, Amonyum, Alüminyum, Demir, Klorür, İletkenlik, Oksitlenebilirlik, pH",0.000000,Good,Decision Tree,0.000000,1.000000,0.000000
2025-08-13,NALDÖKEN,17.110000,0.030000,4.460000,0.400000,0.000000,51.770000,,30.000000,1.000000,0.000000,0.065000,0.400000,1.000000,30.000000,0.100000,7.500000,660.000000,89.502362,False,1.000000,1.000000,1.000000,0.554000,0.870000,0.914450,0.741150,0.940000,0.800000,0.880000,0.736000,0.920000,,,1.000000,1.000000,,,Good,53.000000,Ankara Cad. İle Atatürk Cad. Kav.,BORNOVA,2.000000,35-BS-00-01-A1*A5-K1*K122-D1*D44-S1-I6,38.452100,27.266070,10.497638,,1.000000,9.000000,"Arsenik, Nitrit, Amonyum, Alüminyum, Demir, Klorür, İletkenlik, Oksitlenebilirlik, pH",0.000000,Good,Decision Tree,0.000000,1.000000,0.000000
2025-08-13,YEŞİLÇAM,11.790000,0.030000,4.330000,0.600000,0.000000,46.620000,,30.000000,1.000000,0.000000,0.065000,0.600000,1.000000,29.000000,0.100000,7.500000,669.000000,89.356657,False,1.000000,1.000000,1.000000,0.567000,0.870000,0.941050,0.766900,0.940000,0.800000,0.880000,0.732400,0.880000,,,1.000000,1.000000,,,Good,54.000000,Mrk. Bornova Jandarma Komando Ambarlar Yanı,BORNOVA,2.000000,35-BS-00-01-A1*A5-K1*K122-D1*D44-S1-IY1,38.445680,27.289280,10.643343,,1.000000,9.000000,"Arsenik, Nitrit, Amonyum, Alüminyum, Demir, Klorür, İletkenlik, Oksitlenebilirlik, pH",0.000000,Good,Decision Tree,0.000000,1.000000,0.000000
2025-08-13,MEVLANA,10.660000,0.030000,4.130000,0.700000,0.000000,43.620000,,30.000000,1.000000,0.000000,0.065000,0.400000,1.000000,30.000000,0.100000,7.500000,662.000000,89.585280,False,1.000000,1.000000,1.000000,0.587000,0.870000,0.946700,0.781900,0.940000,0.800000,0.880000,0.735200,0.920000,,,1.000000,1.000000,,,Good,55.000000,1754 Sok. No:25 Asm Mevlana,BORNOVA,2.000000,35-BS-00-01-A1*A5-K1*K122-D1*D44-S1-I4,38.448220,27.230660,10.414720,,1.000000,9.000000,"Arsenik, Nitrit, Amonyum, Alüminyum, Demir, Klorür, İletkenlik, Oksitlenebilirlik, pH",0.000000,Good,Decision Tree,0.000000,1.000000,0.000000
2025-08-13,YEŞİLOVA,16.880000,0.030000,3.890000,0.500000,0.000000,28.340000,,30.000000,1.000000,0.000000,0.065000,0.600000,1.000000,30.000000,0.100000,7.500000,664.000000,89.463691,False,1.000000,1.000000,1.000000,0.611000,0.870000,0.915600,0.858300,0.940000,0.800000,0.880000,0.734400,0.880000,,,1.000000,1.000000,,,Good,56.000000,A.İpekçi Cd. İle 4040 Sok. Kvs. Yesilova,BORNOVA,2.000000,35-BS-00-01-A1*A5-K1*K122-D1*D44-S1-I3,38.440370,27.201350,10.536309,,1.000000,9.000000,"Arsenik, Nitrit, Amonyum, Alüminyum, Demir, Klorür, İletkenlik, Oksitlenebilirlik, pH",0.000000,Good,Decision Tree,0.000000,1.000000,0.000000
2025-08-13,MERSİNLİ,14.410000,0.030000,4.000000,0.700000,0.000000,40.210000,,30.000000,1.000000,0.000000,0.065000,0.600000,1.000000,30.000000,0.100000,7.500000,665.000000,89.433481,False,1.000000,1.000000,1.000000,0.600000,0.870000,0.927950,0.798950,0.940000,0.800000,0.880000,0.734000,0.880000,,,1.000000,1.000000,,,Good,57.000000,Fatih cd. İle Beyazıt Cd. Tuğlacı Önü Mersinli,BORNOVA,2.000000,35-BS-00-01-A1*A5-K1*K122-D1*D44-S1-I14,38.440000,27.180530,10.566519,,1.000000,9.000000,"Arsenik, Nitrit, Amonyum, Alüminyum, Demir, Klorür, İletkenlik, Oksitlenebilirlik, pH",0.000000,Good,Decision Tree,0.000000,1.000000,0.000000
2025-08-13,ÇANKAYA,16.600000,0.030000,4.440000,0.300000,0.000000,61.340000,,27.000000,1.000000,0.000000,0.065000,0.400000,1.000000,32.000000,0.100000,7.700000,641.000000,89.312381,False,1.000000,1.000000,1.000000,0.556000,0.870000,0.917000,0.693300,0.940000,0.720000,0.892000,0.743600,0.920000,,,1.000000,1.000000,,,Good,59.000000,Hürriyet Bulvarı No:14/E,KONAK,8.000000,35-BS-00-04-A1*A5-K1*K122-D1*D44-S1-IY-1,38.424780,27.142050,10.687619,,1.000000,9.000000,"Arsenik, Nitrit, Amonyum, Alüminyum, Demir, Klorür, İletkenlik, Oksitlenebilirlik, pH",0.000000,Good,Decision Tree,0.000000,1.000000,0.000000
2025-08-13,TOROS,8.860000,0.030000,9.280000,0.500000,0.000000,157.500000,,25.000000,1.000000,0.000000,0.065000,0.400000,1.000000,28.000000,0.100000,7.700000,625.000000,88.168042,False,1.000000,1.000000,1.000000,0.072000,0.870000,0.955700,0.212500,0.940000,0.720000,0.900000,0.750000,0.920000,,,1.000000,1.000000,,,Good,60.000000,Dicle Cad. No:88 Aile Sağlığı Merkezi,KONAK,8.000000,35-BS-00-04-A1*A5-K1*K122-D1*D44-S1-I3,38.407410,27.183640,11.831958,,1.000000,9.000000,"Arsenik, Nitrit, Amonyum, Alüminyum, Demir, Klorür, İletkenlik, Oksitlenebilirlik, pH",0.000000,Good,Decision Tree,0.000000,1.000000,0.000000
2025-08-13,LEVENT,9.070000,0.030000,7.740000,0.600000,0.000000,118.500000,,25.000000,1.000000,0.000000,0.065000,0.600000,1.000000,28.000000,0.100000,7.700000,625.000000,88.357417,False,1.000000,1.000000,1.000000,0.226000,0.870000,0.954650,0.407500,0.940000,0.720000,0.900000,0.750000,0.880000,,,1.000000,1.000000,,,Good,61.000000,3513 İle 3514 Sok. Kvs Levent,KONAK,8.000000,35-BS-00-04-A1*A5-K1*K122-D1*D44-S1-I8,38.411300,27.163150,11.642583,,1.000000,9.000000,"Arsenik, Nitrit, Amonyum, Alüminyum, Demir, Klorür, İletkenlik, Oksitlenebilirlik, pH",0.000000,Good,Decision Tree,0.000000,1.000000,0.000000
2025-08-13,UFUK MAH,8.700000,0.030000,8.980000,0.700000,0.000000,152.100000,,25.000000,1.000000,0.000000,0.065000,0.400000,1.000000,28.000000,0.100000,7.700000,630.000000,88.239048,False,1.000000,1.000000,1.000000,0.102000,0.870000,0.956500,0.239500,0.940000,0.720000,0.900000,0.748000,0.920000,,,1.000000,1.000000,,,Good,62.000000,914 Sok. No.7/A Ufuk Mah.,BUCA,3.000000,35-BS-00-02-A1*A5-K1*K122-D1*D44-S1-I5,38.403620,27.165620,11.760952,,1.000000,9.000000,"Arsenik, Nitrit, Amonyum, Alüminyum, Demir, Klorür, İletkenlik, Oksitlenebilirlik, pH",0.000000,Good,Decision Tree,0.000000,1.000000,0.000000
2025-08-13,ADATEPE,10.880000,0.030000,0.940000,0.500000,0.000000,56.700000,,47.000000,1.000000,0.000000,0.065000,0.400000,1.000000,21.000000,0.000000,7.600000,506.000000,90.198673,False,1.000000,1.000000,1.000000,0.906000,0.870000,0.945600,0.716500,0.940000,0.760000,0.812000,0.797600,0.920000,,,1.000000,1.000000,,,Good,64.000000,3 İle 3/8 Sok. Kvs. Adatepe,BUCA,3.000000,35-BS-00-02-A1*A5-K1*K122-D1*D44-S1-I4,38.381540,27.184940,9.801327,,1.000000,9.000000,"Arsenik, Nitrit, Amonyum, Alüminyum, Demir, Klorür, İletkenlik, Oksitlenebilirlik, pH",0.000000,Good,Decision Tree,0.000000,1.000000,0.000000
2025-08-13,KURUÇEŞME,12.270000,0.030000,1.160000,0.400000,0.000000,84.260000,,47.000000,1.000000,0.000000,0.065000,0.400000,1.000000,21.000000,0.000000,7.600000,507.000000,90.132517,False,1.000000,1.000000,1.000000,0.884000,0.870000,0.938650,0.578700,0.940000,0.760000,0.812000,0.797200,0.920000,,,1.000000,1.000000,,,Good,65.000000,Dogus Cad. İle A.Yesevi Cd. Kvs. Kuruçeşme,BUCA,3.000000,35-BS-00-02-A1*A5-K1*K122-D1*D44-S1-I2,38.372330,27.194500,9.867483,,1.000000,9.000000,"Arsenik, Nitrit, Amonyum, Alüminyum, Demir, Klorür, İletkenlik, Oksitlenebilirlik, pH",0.000000,Good,Decision Tree,0.000000,1.000000,0.000000
2025-08-13,KOZAĞAÇ,12.800000,0.030000,1.070000,0.600000,0.000000,83.760000,,47.000000,1.000000,0.000000,0.065000,0.400000,1.000000,21.000000,0.000000,7.600000,507.000000,90.152863,False,1.000000,1.000000,1.000000,0.893000,0.870000,0.936000,0.581200,0.940000,0.760000,0.812000,0.797200,0.920000,,,1.000000,1.000000,,,Good,66.000000,I.Sivri Cd. İle 254 Sok.. Kvs. Kozağaç,BUCA,3.000000,35-BS-00-02-A1*A5-K1*K122-D1*D44-S1-I8,38.377130,27.169560,9.847137,,1.000000,9.000000,"Arsenik, Nitrit, Amonyum, Alüminyum, Demir, Klorür, İletkenlik, Oksitlenebilirlik, pH",0.000000,Good,Decision Tree,0.000000,1.000000,0.000000
2025-08-13,ÇAMLIKULE,11.170000,0.030000,1.070000,0.700000,0.000000,75.830000,,47.000000,1.000000,0.000000,0.065000,0.400000,1.000000,21.000000,0.000000,7.600000,506.000000,90.158274,False,1.000000,1.000000,1.000000,0.893000,0.870000,0.944150,0.620850,0.940000,0.760000,0.812000,0.797600,0.920000,,,1.000000,1.000000,,,Good,67.000000,220 Sok. No:163/B Çamlıkule,BUCA,3.000000,35-BS-00-02-A1*A5-K1*K122-D1*D44-S1-I3,38.372280,27.171530,9.841726,,1.000000,9.000000,"Arsenik, Nitrit, Amonyum, Alüminyum, Demir, Klorür, İletkenlik, Oksitlenebilirlik, pH",0.000000,Good,Decision Tree,0.000000,1.000000,0.000000
2025-08-13,AKINCILAR,13.650000,0.030000,1.080000,0.800000,0.000000,94.380000,,47.000000,1.000000,0.000000,0.065000,0.400000,1.000000,21.000000,0.000000,7.600000,506.000000,90.144116,False,1.000000,1.000000,1.000000,0.892000,0.870000,0.931750,0.528100,0.940000,0.760000,0.812000,0.797600,0.920000,,,1.000000,1.000000,,,Good,68.000000,A.Hatboyu Cd. İle 545 Sok.. Kvs. Akıncılar,BUCA,3.000000,35-BS-00-02-A1*A5-K1*K122-D1*D44-S1-I7,38.387460,27.147600,9.855884,,1.000000,9.000000,"Arsenik, Nitrit, Amonyum, Alüminyum, Demir, Klorür, İletkenlik, Oksitlenebilirlik, pH",0.000000,Good,Decision Tree,0.000000,1.000000,0.000000
2025-08-13,UĞUR MUMCU MAH,11.900000,0.030000,2.290000,0.600000,0.000000,80.540000,,47.000000,1.000000,0.000000,0.065000,0.400000,1.000000,21.000000,0.000000,7.600000,506.000000,89.879158,False,1.000000,1.000000,1.000000,0.771000,0.870000,0.940500,0.597300,0.940000,0.760000,0.812000,0.797600,0.920000,,,1.000000,1.000000,,,Good,69.000000,5777 İle 5780 Sok. Kvs. U. Mumcu,KARABAĞLAR,59.000000,35-BS-00-30-A1*A5-K1*K122-D1*D44-S1-I1,38.381830,27.130670,10.120842,,1.000000,9.000000,"Arsenik, Nitrit, Amonyum, Alüminyum, Demir, Klorür, İletkenlik, Oksitlenebilirlik, pH",0.000000,Good,Decision Tree,0.000000,1.000000,0.000000
2025-08-13,ÇAMLIK MAH,10.220000,0.030000,1.560000,0.500000,0.000000,28.040000,,46.000000,1.000000,0.000000,0.065000,0.400000,1.000000,21.000000,0.000000,7.700000,501.000000,89.980088,False,1.000000,1.000000,1.000000,0.844000,0.870000,0.948900,0.859800,0.940000,0.720000,0.816000,0.799600,0.920000,,,1.000000,1.000000,,,Good,70.000000,4969 Sok. No:2/A Çamlık,KARABAĞLAR,59.000000,35-BS-00-30-A1*A5-K1*K122-D1*D44-S1-I2,38.366230,27.120330,10.019912,,1.000000,9.000000,"Arsenik, Nitrit, Amonyum, Alüminyum, Demir, Klorür, İletkenlik, Oksitlenebilirlik, pH",0.000000,Good,Decision Tree,0.000000,1.000000,0.000000
2025-08-13,AKTEPE,9.320000,0.030000,0.970000,0.500000,0.000000,24.210000,,46.000000,1.000000,0.000000,0.065000,0.400000,1.000000,21.000000,0.000000,7.700000,500.000000,90.116262,False,1.000000,1.000000,1.000000,0.903000,0.870000,0.953400,0.878950,0.940000,0.720000,0.816000,0.800000,0.920000,,,1.000000,1.000000,,,Good,71.000000,Altan Aydin İle 4165 Sok.. Kvs Aktepe,GAZİEMİR,5.000000,35-BS-00-25-A1*A5-K1*K122-D1*D44-S1-I5,38.352350,27.125160,9.883738,,1.000000,9.000000,"Arsenik, Nitrit, Amonyum, Alüminyum, Demir, Klorür, İletkenlik, Oksitlenebilirlik, pH",0.000000,Good,Decision Tree,0.000000,1.000000,0.000000
2025-08-13,9 EYLÜL MAH,11.980000,0.030000,0.980000,0.400000,0.000000,30.220000,,46.000000,1.000000,0.000000,0.065000,0.400000,1.000000,21.000000,0.000000,7.700000,500.000000,90.109095,False,1.000000,1.000000,1.000000,0.902000,0.870000,0.940100,0.848900,0.940000,0.720000,0.816000,0.800000,0.920000,,,1.000000,1.000000,,,Good,72.000000,Kahramanlar Cd. No:2 H. Bayram Camii,GAZİEMİR,5.000000,35-BS-00-25-A1*A5-K1*K122-D1*D44-S1-I2,38.327138,27.137154,9.890905,,1.000000,9.000000,"Arsenik, Nitrit, Amonyum, Alüminyum, Demir, Klorür, İletkenlik, Oksitlenebilirlik, pH",0.000000,Good,Decision Tree,0.000000,1.000000,0.000000
2025-08-13,BEYAZEVLER,9.470000,0.030000,0.950000,0.600000,0.000000,28.420000,,46.000000,1.000000,0.000000,0.065000,0.400000,1.000000,22.000000,0.000000,7.700000,501.000000,90.118317,False,1.000000,1.000000,1.000000,0.905000,0.870000,0.952650,0.857900,0.940000,0.720000,0.816000,0.799600,0.920000,,,1.000000,1.000000,,,Good,73.000000,514 Sok.. No:3/A Beyazevler,GAZİEMİR,5.000000,35-BS-00-25-A1*A5-K1*K122-D1*D44-S1-I3,38.341790,27.140280,9.881683,,1.000000,9.000000,"Arsenik, Nitrit, Amonyum, Alüminyum, Demir, Klorür, İletkenlik, Oksitlenebilirlik, pH",0.000000,Good,Decision Tree,0.000000,1.000000,0.000000
2025-08-13,UZUNDERE,8.350000,0.030000,0.970000,0.700000,0.000000,27.330000,,46.000000,1.000000,0.000000,0.065000,0.400000,1.000000,22.000000,0.000000,7.700000,501.000000,90.115042,False,1.000000,1.000000,1.000000,0.903000,0.870000,0.958250,0.863350,0.940000,0.720000,0.816000,0.799600,0.920000,,,1.000000,1.000000,,,Good,74.000000,Eski Izmir Cad. 3959 Kvs Uzundere,KARABAĞLAR,59.000000,35-BS-00-30-A1*A5-K1*K122-D1*D44-S1-I4,38.360060,27.104090,9.884958,,1.000000,9.000000,"Arsenik, Nitrit, Amonyum, Alüminyum, Demir, Klorür, İletkenlik, Oksitlenebilirlik, pH",0.000000,Good,Decision Tree,0.000000,1.000000,0.000000
2025-08-13,CENNETÇEŞME,10.880000,0.030000,1.040000,0.800000,0.000000,33.980000,,46.000000,1.000000,0.000000,0.065000,0.400000,1.000000,22.000000,0.000000,7.700000,501.000000,90.094011,False,1.000000,1.000000,1.000000,0.896000,0.870000,0.945600,0.830100,0.940000,0.720000,0.816000,0.799600,0.920000,,,1.000000,1.000000,,,Good,75.000000,3948/6 Sok. No:2 C.Çeşme,KARABAĞLAR,59.000000,35-BS-00-30-A1*A5-K1*K122-D1*D44-S1-I9,38.361680,27.093850,9.905989,,1.000000,9.000000,"Arsenik, Nitrit, Amonyum, Alüminyum, Demir, Klorür, İletkenlik, Oksitlenebilirlik, pH",0.000000,Good,Decision Tree,0.000000,1.000000,0.000000
2025-08-13,GÜZELBAHÇE,28.530000,0.030000,2.240000,0.400000,0.000000,17.580000,,22.000000,1.000000,0.000000,0.065000,0.400000,1.000000,23.000000,0.000000,8.100000,495.000000,89.449428,False,1.000000,1.000000,1.000000,0.776000,0.870000,0.857350,0.912100,0.940000,0.560000,0.912000,0.802000,0.920000,,,1.000000,1.000000,,,Good,76.000000,Mithatpaşa Caddesi No:479,GÜZELBAHÇE,6.000000,35-BS-00-28-A1*A5-K1*K122-D1*D44-S1-IY-1,38.377140,26.883660,10.550572,,1.000000,9.000000,"Arsenik, Nitrit, Amonyum, Alüminyum, Demir, Klorür, İletkenlik, Oksitlenebilirlik, pH",0.000000,Good,Decision Tree,0.000000,1.000000,0.000000
2025-08-13,İNCİRALTI,27.450000,0.030000,2.120000,0.600000,0.000000,15.260000,,22.000000,1.000000,0.000000,0.065000,0.400000,1.000000,23.000000,0.000000,8.100000,494.000000,89.478506,False,1.000000,1.000000,1.000000,0.788000,0.870000,0.862750,0.923700,0.940000,0.560000,0.912000,0.802400,0.920000,,,1.000000,1.000000,,,Good,78.000000,Başak Cd. No:16 Bahçe Cafe İnciralti,BALÇOVA,1.000000,35-BS-00-26-A1*A5-K1*K122-D1*D44-S1-I1,38.409090,27.035910,10.521494,,1.000000,9.000000,"Arsenik, Nitrit, Amonyum, Alüminyum, Demir, Klorür, İletkenlik, Oksitlenebilirlik, pH",0.000000,Good,Decision Tree,0.000000,1.000000,0.000000
2025-08-13,ESENDERE,28.490000,0.030000,2.130000,0.500000,0.000000,14.680000,,25.000000,1.000000,0.000000,0.065000,0.400000,1.000000,23.000000,0.000000,8.100000,492.000000,89.474905,False,1.000000,1.000000,1.000000,0.787000,0.870000,0.857550,0.926600,0.940000,0.560000,0.900000,0.803200,0.920000,,,1.000000,1.000000,,,Good,79.000000,52/74 İle 52/18 Sok. Kvs Esendere,KARABAĞLAR,59.000000,35-BS-00-30-A1*A5-K1*K122-D1*D44-S1-I5,38.391050,27.089590,10.525095,,1.000000,9.000000,"Arsenik, Nitrit, Amonyum, Alüminyum, Demir, Klorür, İletkenlik, Oksitlenebilirlik, pH",0.000000,Good,Decision Tree,0.000000,1.000000,0.000000
2025-08-13,KADİFEKALE,6.910000,0.030000,1.000000,0.700000,0.000000,31.700000,,46.000000,1.000000,0.000000,0.065000,0.400000,1.000000,21.000000,0.000000,7.700000,500.000000,90.106600,False,1.000000,1.000000,1.000000,0.900000,0.870000,0.965450,0.841500,0.940000,0.720000,0.816000,0.800000,0.920000,,,1.000000,1.000000,,,Good,80.000000,R.Erkutlu Şehitlik Önü No:290/A Kadifekale,KONAK,8.000000,35-BS-00-04-A1*A5-K1*K122-D1*D44-S1-I6,38.412820,27.140320,9.893400,,1.000000,9.000000,"Arsenik, Nitrit, Amonyum, Alüminyum, Demir, Klorür, İletkenlik, Oksitlenebilirlik, pH",0.000000,Good,Decision Tree,0.000000,1.000000,0.000000
2025-08-20,YENİŞEHİR,11.390000,0.030000,2.120000,0.600000,0.000000,38.410000,,37.000000,1.000000,0.000000,0.065000,0.400000,1.000000,26.000000,0.000000,7.600000,577.000000,89.945105,False,1.000000,1.000000,1.000000,0.788000,0.870000,0.943050,0.807950,0.940000,0.760000,0.852000,0.769200,0.920000,,,1.000000,1.000000,,,Good,2.000000,Gaziler Cad. No:185 İtfaiye Önü,KONAK,8.000000,35-BS-00-04-A1*A5-K1*K122-D1*D44-S1-I10,38.422640,27.153840,10.054895,,1.000000,9.000000,"Arsenik, Nitrit, Amonyum, Alüminyum, Demir, Klorür, İletkenlik, Oksitlenebilirlik, pH",0.000000,Good,Decision Tree,0.000000,1.000000,0.000000
2025-08-20,KONAK,10.870000,0.030000,2.130000,0.500000,0.000000,38.840000,,37.000000,1.000000,0.000000,0.065000,0.400000,1.000000,26.000000,0.000000,7.600000,578.000000,89.942890,False,1.000000,1.000000,1.000000,0.787000,0.870000,0.945650,0.805800,0.940000,0.760000,0.852000,0.768800,0.920000,,,1.000000,1.000000,,,Good,3.000000,854 Sok No:51/A,KONAK,8.000000,35-BS-00-04-A1*A5-K1*K122-D1*D44-S1-I5,38.420610,27.130760,10.057110,,1.000000,9.000000,"Arsenik, Nitrit, Amonyum, Alüminyum, Demir, Klorür, İletkenlik, Oksitlenebilirlik, pH",0.000000,Good,Decision Tree,0.000000,1.000000,0.000000
2025-08-20,GÜZELBAHÇE,10.220000,0.030000,2.120000,0.700000,0.000000,35.880000,,37.000000,1.000000,0.000000,0.065000,0.400000,1.000000,26.000000,0.000000,7.600000,581.000000,89.947184,False,1.000000,1.000000,1.000000,0.788000,0.870000,0.948900,0.820600,0.940000,0.760000,0.852000,0.767600,0.920000,,,1.000000,1.000000,,,Good,4.000000,Kazım Dirik Cad. No.46,GÜZELBAHÇE,6.000000,35-BS-00-28-A1*A5-K1*K122-D1*D44-S1-I1,38.363366,26.866501,10.052816,,1.000000,9.000000,"Arsenik, Nitrit, Amonyum, Alüminyum, Demir, Klorür, İletkenlik, Oksitlenebilirlik, pH",0.000000,Good,Decision Tree,0.000000,1.000000,0.000000
2025-08-20,NARLIDERE,10.380000,0.030000,2.030000,0.600000,0.000000,34.010000,,26.000000,1.000000,0.000000,0.065000,0.400000,1.000000,25.000000,0.000000,8.000000,501.000000,89.591714,False,1.000000,1.000000,1.000000,0.797000,0.870000,0.948100,0.829950,0.940000,0.600000,0.896000,0.799600,0.920000,,,1.000000,1.000000,,,Good,5.000000,İzsu Narlıdere Teknik Amirlik,NARLIDERE,9.000000,35-BS-00-27-A1*A5-K1*K122-D1*D44-S1-I2,38.394150,27.009890,10.408286,,1.000000,9.000000,"Arsenik, Nitrit, Amonyum, Alüminyum, Demir, Klorür, İletkenlik, Oksitlenebilirlik, pH",0.000000,Good,Decision Tree,0.000000,1.000000,0.000000
2025-08-20,BALÇOVA,10.700000,0.030000,2.130000,0.400000,0.000000,34.300000,,26.000000,1.000000,0.000000,0.065000,0.400000,1.000000,25.000000,0.000000,8.000000,501.000000,89.568743,False,1.000000,1.000000,1.000000,0.787000,0.870000,0.946500,0.828500,0.940000,0.600000,0.896000,0.799600,0.920000,,,1.000000,1.000000,,,Good,6.000000,M.Pasa Cad. İle Hüseyin Ögütcen Kavşağı,BALÇOVA,1.000000,35-BS-00-26-A1*A5-K1*K122-D1*D44-S1-I2,38.394150,27.038360,10.431257,,1.000000,9.000000,"Arsenik, Nitrit, Amonyum, Alüminyum, Demir, Klorür, İletkenlik, Oksitlenebilirlik, pH",0.000000,Good,Decision Tree,0.000000,1.000000,0.000000
2025-08-20,ÜÇKUYULAR,12.240000,0.030000,2.220000,0.700000,0.000000,35.210000,,26.000000,1.000000,0.000000,0.065000,0.400000,1.000000,25.000000,0.000000,8.000000,500.000000,89.546997,False,1.000000,1.000000,1.000000,0.778000,0.870000,0.938800,0.823950,0.940000,0.600000,0.896000,0.800000,0.920000,,,1.000000,1.000000,,,Good,7.000000,65/17 Sok. No:45 Yumurtacı Ahmet Camii,KARABAĞLAR,59.000000,35-BS-00-30-A1*A5-K1*K122-D1*D44-S1-I6,38.393940,27.069370,10.453003,,1.000000,9.000000,"Arsenik, Nitrit, Amonyum, Alüminyum, Demir, Klorür, İletkenlik, Oksitlenebilirlik, pH",0.000000,Good,Decision Tree,0.000000,1.000000,0.000000
2025-08-20,GÜZELYALI,10.720000,0.030000,2.100000,0.800000,0.000000,35.360000,,26.000000,1.000000,0.000000,0.065000,0.400000,1.000000,25.000000,0.000000,8.000000,502.000000,89.574916,False,1.000000,1.000000,1.000000,0.790000,0.870000,0.946400,0.823200,0.940000,0.600000,0.896000,0.799200,0.920000,,,1.000000,1.000000,,,Good,8.000000,34.Sok. No:5 TSM Güzelyalı,KONAK,8.000000,35-BS-00-04-A1*A5-K1*K122-D1*D44-S1-I11,38.398080,27.079620,10.425084,,1.000000,9.000000,"Arsenik, Nitrit, Amonyum, Alüminyum, Demir, Klorür, İletkenlik, Oksitlenebilirlik, pH",0.000000,Good,Decision Tree,0.000000,1.000000,0.000000
2025-08-20,HATAY,10.210000,0.030000,0.790000,0.600000,0.000000,40.830000,,26.000000,1.000000,0.000000,0.065000,0.400000,1.000000,25.000000,0.000000,8.000000,497.000000,89.868531,False,1.000000,1.000000,1.000000,0.921000,0.870000,0.948950,0.795850,0.940000,0.600000,0.896000,0.801200,0.920000,,,1.000000,1.000000,,,Good,9.000000,İnönü Cad. İle 100 Sok. Kavşağı,KONAK,8.000000,35-BS-00-04-A1*A5-K1*K122-D1*D44-S1-I13,38.401640,27.099450,10.131469,,1.000000,9.000000,"Arsenik, Nitrit, Amonyum, Alüminyum, Demir, Klorür, İletkenlik, Oksitlenebilirlik, pH",0.000000,Good,Decision Tree,0.000000,1.000000,0.000000
2025-08-20,YEŞİLYURT,9.980000,0.030000,2.010000,0.600000,0.000000,40.240000,,26.000000,1.000000,0.000000,0.065000,0.400000,1.000000,25.000000,0.000000,8.000000,497.000000,89.592956,False,1.000000,1.000000,1.000000,0.799000,0.870000,0.950100,0.798800,0.940000,0.600000,0.896000,0.801200,0.920000,,,1.000000,1.000000,,,Good,11.000000,Ulu Önder Cad. İle Gökdere Cad.Kavşağı,KARABAĞLAR,59.000000,35-BS-00-30-A1*A5-K1*K122-D1*D44-S1-I7,38.404270,27.113010,10.407044,,1.000000,9.000000,"Arsenik, Nitrit, Amonyum, Alüminyum, Demir, Klorür, İletkenlik, Oksitlenebilirlik, pH",0.000000,Good,Decision Tree,0.000000,1.000000,0.000000
2025-08-20,KARABAĞLAR,10.000000,0.030000,0.790000,0.600000,0.000000,40.860000,,26.000000,1.000000,0.000000,0.065000,0.400000,1.000000,25.000000,0.000000,7.900000,498.000000,89.963898,False,1.000000,1.000000,1.000000,0.921000,0.870000,0.950000,0.795700,0.940000,0.640000,0.896000,0.800800,0.920000,,,1.000000,1.000000,,,Good,13.000000,4058 Sok. İle 4056 Sok. Kavşağı,KARABAĞLAR,59.000000,35-BS-00-30-A1*A5-K1*K122-D1*D44-S1-I8,38.374260,27.134100,10.036102,,1.000000,9.000000,"Arsenik, Nitrit, Amonyum, Alüminyum, Demir, Klorür, İletkenlik, Oksitlenebilirlik, pH",0.000000,Good,Decision Tree,0.000000,1.000000,0.000000
2025-08-20,ESKİ İZMİR,11.680000,0.030000,0.900000,0.700000,0.000000,41.040000,,26.000000,1.000000,0.000000,0.065000,0.400000,1.000000,25.000000,0.000000,8.000000,498.000000,89.842689,False,1.000000,1.000000,1.000000,0.910000,0.870000,0.941600,0.794800,0.940000,0.600000,0.896000,0.800800,0.920000,,,1.000000,1.000000,,,Good,14.000000,Eski Izmir Cad. No:562/A Kahve,KARABAĞLAR,59.000000,35-BS-00-30-A1*A5-K1*K122-D1*D44-S1-I3,38.376220,27.107190,10.157311,,1.000000,9.000000,"Arsenik, Nitrit, Amonyum, Alüminyum, Demir, Klorür, İletkenlik, Oksitlenebilirlik, pH",0.000000,Good,Decision Tree,0.000000,1.000000,0.000000
2025-08-20,GAZİEMİR,10.060000,0.030000,0.830000,0.700000,0.000000,40.490000,,26.000000,1.000000,0.000000,0.065000,0.400000,1.000000,25.000000,0.000000,7.900000,498.000000,89.955023,False,1.000000,1.000000,1.000000,0.917000,0.870000,0.949700,0.797550,0.940000,0.640000,0.896000,0.800800,0.920000,,,1.000000,1.000000,,,Good,15.000000,Abdullah Arda Meydanı No:29 Arkadaşlar Kahvesi,GAZİEMİR,5.000000,35-BS-00-25-A1*A5-K1*K122-D1*D44-S1-I4-Y1,38.321780,27.126430,10.044977,,1.000000,9.000000,"Arsenik, Nitrit, Amonyum, Alüminyum, Demir, Klorür, İletkenlik, Oksitlenebilirlik, pH",0.000000,Good,Decision Tree,0.000000,1.000000,0.000000
2025-08-20,GEDİZ,10.630000,0.030000,1.660000,0.500000,0.000000,48.260000,,46.000000,1.000000,0.000000,0.065000,0.400000,1.000000,23.000000,0.000000,7.600000,496.000000,90.041079,False,1.000000,1.000000,1.000000,0.834000,0.870000,0.946850,0.758700,0.940000,0.760000,0.816000,0.801600,0.920000,,,1.000000,1.000000,,,Good,16.000000,682/4 Sok. No:2 Gediz,BUCA,3.000000,35-BS-00-02-A1*A5-K1*K122-D1*D44-S1-I10,38.361880,27.144380,9.958921,,1.000000,9.000000,"Arsenik, Nitrit, Amonyum, Alüminyum, Demir, Klorür, İletkenlik, Oksitlenebilirlik, pH",0.000000,Good,Decision Tree,0.000000,1.000000,0.000000
2025-08-20,ŞİRİNYER,11.120000,0.030000,0.910000,0.700000,0.000000,44.370000,,46.000000,1.000000,0.000000,0.065000,0.400000,1.000000,23.000000,0.000000,7.600000,496.000000,90.212698,False,1.000000,1.000000,1.000000,0.909000,0.870000,0.944400,0.778150,0.940000,0.760000,0.816000,0.801600,0.920000,,,1.000000,1.000000,,,Good,17.000000,Koşuyolu Cad. Efeler Mah. No:41 Avni Naili Limboz Camii,BUCA,3.000000,35-BS-00-02-A1*A5-K1*K122-D1*D44-S1-I6,38.391680,27.150310,9.787302,,1.000000,9.000000,"Arsenik, Nitrit, Amonyum, Alüminyum, Demir, Klorür, İletkenlik, Oksitlenebilirlik, pH",0.000000,Good,Decision Tree,0.000000,1.000000,0.000000
2025-08-20,BUCA,11.720000,0.030000,0.890000,0.700000,0.000000,46.660000,,46.000000,1.000000,0.000000,0.065000,0.400000,1.000000,24.000000,0.000000,7.600000,496.000000,90.215589,False,1.000000,1.000000,1.000000,0.911000,0.870000,0.941400,0.766700,0.940000,0.760000,0.816000,0.801600,0.920000,,,1.000000,1.000000,,,Good,18.000000,Başarı Cad.İle 170. Sok.Kavşağı,BUCA,3.000000,35-BS-00-02-A1*A5-K1*K122-D1*D44-S1-I1,38.389300,27.176440,9.784411,,1.000000,9.000000,"Arsenik, Nitrit, Amonyum, Alüminyum, Demir, Klorür, İletkenlik, Oksitlenebilirlik, pH",0.000000,Good,Decision Tree,0.000000,1.000000,0.000000
2025-08-20,GÜLÇEŞME,10.210000,0.030000,0.920000,0.600000,0.000000,44.170000,,46.000000,1.000000,0.000000,0.065000,0.400000,1.000000,23.000000,0.000000,7.600000,495.000000,90.211067,False,1.000000,1.000000,1.000000,0.908000,0.870000,0.948950,0.779150,0.940000,0.760000,0.816000,0.802000,0.920000,,,1.000000,1.000000,,,Good,19.000000,3586 Sok. No:1 Gürçeşme,KONAK,8.000000,35-BS-00-04-A1*A5-K1*K122-D1*D44-S1-I15,38.404510,27.151350,9.788933,,1.000000,9.000000,"Arsenik, Nitrit, Amonyum, Alüminyum, Demir, Klorür, İletkenlik, Oksitlenebilirlik, pH",0.000000,Good,Decision Tree,0.000000,1.000000,0.000000
2025-08-20,GÜLTEPE,12.540000,0.030000,0.890000,0.500000,0.000000,46.830000,,46.000000,1.000000,0.000000,0.065000,0.400000,1.000000,23.000000,0.000000,7.600000,493.000000,90.215040,False,1.000000,1.000000,1.000000,0.911000,0.870000,0.937300,0.765850,0.940000,0.760000,0.816000,0.802800,0.920000,,,1.000000,1.000000,,,Good,20.000000,Selimiye Cad. No:30/B Gültepe,KONAK,8.000000,35-BS-00-04-A1*A5-K1*K122-D1*D44-S1-I16,38.416220,27.172680,9.784960,,1.000000,9.000000,"Arsenik, Nitrit, Amonyum, Alüminyum, Demir, Klorür, İletkenlik, Oksitlenebilirlik, pH",0.000000,Good,Decision Tree,0.000000,1.000000,0.000000
2025-08-20,ALTINDAĞ,20.350000,0.030000,5.390000,0.400000,0.000000,42.100000,,29.000000,1.000000,0.000000,0.065000,0.400000,1.000000,31.000000,0.100000,7.500000,654.000000,89.295960,False,1.000000,1.000000,1.000000,0.461000,0.870000,0.898250,0.789500,0.940000,0.800000,0.884000,0.738400,0.920000,,,1.000000,1.000000,,,Good,21.000000,Kemalpaşa Cad. No: 46,BORNOVA,2.000000,35-BS-00-01-A1*A5-K1*K122-D1*D44-S1-I9,38.425580,27.202560,10.704040,,1.000000,9.000000,"Arsenik, Nitrit, Amonyum, Alüminyum, Demir, Klorür, İletkenlik, Oksitlenebilirlik, pH",0.000000,Good,Decision Tree,0.000000,1.000000,0.000000
2025-08-20,ÇAMDİBİ,21.020000,0.030000,5.720000,0.700000,0.000000,43.190000,,29.000000,1.000000,0.000000,0.065000,0.400000,1.000000,31.000000,0.100000,7.500000,658.000000,89.220283,False,1.000000,1.000000,1.000000,0.428000,0.870000,0.894900,0.784050,0.940000,0.800000,0.884000,0.736800,0.920000,,,1.000000,1.000000,,,Good,22.000000,5227 Sok. No:35/C Çamdibi,BORNOVA,2.000000,35-BS-00-01-A1*A5-K1*K122-D1*D44-S1-I12,38.435530,27.191010,10.779717,,1.000000,9.000000,"Arsenik, Nitrit, Amonyum, Alüminyum, Demir, Klorür, İletkenlik, Oksitlenebilirlik, pH",0.000000,Good,Decision Tree,0.000000,1.000000,0.000000
2025-08-20,IŞIKKENT,151.600000,0.030000,4.130000,0.600000,0.000000,153.600000,,26.000000,1.000000,0.000000,0.065000,0.400000,1.000000,26.000000,0.100000,7.500000,630.000000,89.444910,False,1.000000,1.000000,1.000000,0.587000,0.870000,0.242000,0.232000,0.940000,0.800000,0.896000,0.748000,0.920000,,,1.000000,1.000000,,,Good,23.000000,Cumhuriyet Meydanı No:16  Işıkkent,BORNOVA,2.000000,35-BS-00-01-A1*A5-K1*K122-D1*D44-S1-I8,38.424540,27.230760,10.555090,,1.000000,9.000000,"Arsenik, Nitrit, Amonyum, Alüminyum, Demir, Klorür, İletkenlik, Oksitlenebilirlik, pH",0.000000,Good,Decision Tree,0.000000,1.000000,0.000000
2025-08-20,PINARBAŞI,189.800000,0.030000,4.350000,0.500000,0.000000,162.400000,,26.000000,1.000000,0.000000,0.065000,0.400000,1.000000,26.000000,0.100000,7.500000,630.000000,89.368547,False,1.000000,1.000000,1.000000,0.565000,0.870000,0.051000,0.188000,0.940000,0.800000,0.896000,0.748000,0.920000,,,1.000000,1.000000,,,Good,24.000000,Çanakkale Cad.İle 7057 Sok KavsağıPınarbaşı,BORNOVA,2.000000,35-BS-00-01-A1*A5-K1*K122-D1*D44-S1-I10,38.429880,27.266470,10.631453,,1.000000,9.000000,"Arsenik, Nitrit, Amonyum, Alüminyum, Demir, Klorür, İletkenlik, Oksitlenebilirlik, pH",0.000000,Good,Decision Tree,0.000000,1.000000,0.000000
2025-08-20,EVKA-3,22.920000,0.030000,3.200000,0.400000,0.000000,43.200000,,26.000000,1.000000,0.000000,0.065000,0.600000,1.000000,31.000000,0.100000,7.500000,661.000000,89.609448,False,1.000000,1.000000,1.000000,0.680000,0.870000,0.885400,0.784000,0.940000,0.800000,0.896000,0.735600,0.880000,,,1.000000,1.000000,,,Good,25.000000,Şehitler Cad. No:22 H.Mustafa Gökdemir Camii Evka-3,BORNOVA,2.000000,35-BS-00-01-A1*A5-K1*K122-D1*D44-S1-I2,38.473220,27.250940,10.390552,,1.000000,9.000000,"Arsenik, Nitrit, Amonyum, Alüminyum, Demir, Klorür, İletkenlik, Oksitlenebilirlik, pH",0.000000,Good,Decision Tree,0.000000,1.000000,0.000000
2025-08-20,BORNOVA,20.980000,0.030000,3.260000,0.600000,0.000000,43.690000,,26.000000,1.000000,0.000000,0.065000,0.600000,1.000000,31.000000,0.100000,7.500000,661.000000,89.596693,False,1.000000,1.000000,1.000000,0.674000,0.870000,0.895100,0.781550,0.940000,0.800000,0.896000,0.735600,0.880000,,,1.000000,1.000000,,,Good,26.000000,Ege Üni.Kampüsü İtfaiye Çeşmesi/İzsu Teknik Amirlik,BORNOVA,2.000000,35-BS-00-01-A1*A5-K1*K122-D1*D44-S1-I11,38.460950,27.228200,10.403307,,1.000000,9.000000,"Arsenik, Nitrit, Amonyum, Alüminyum, Demir, Klorür, İletkenlik, Oksitlenebilirlik, pH",0.000000,Good,Decision Tree,0.000000,1.000000,0.000000
2025-08-20,ATATÜRK MAH,19.240000,0.030000,4.480000,0.600000,0.000000,39.260000,,29.000000,1.000000,0.000000,0.065000,0.400000,1.000000,31.000000,0.100000,7.500000,650.000000,89.504107,False,1.000000,1.000000,1.000000,0.552000,0.870000,0.903800,0.803700,0.940000,0.800000,0.884000,0.740000,0.920000,,,1.000000,1.000000,,,Good,27.000000,Hürriyet Cad. Polis Mer. No:86 Atatürk,BORNOVA,2.000000,35-BS-00-01-A1*A5-K1*K122-D1*D44-S1-I13,38.475820,27.208680,10.495893,,1.000000,9.000000,"Arsenik, Nitrit, Amonyum, Alüminyum, Demir, Klorür, İletkenlik, Oksitlenebilirlik, pH",0.000000,Good,Decision Tree,0.000000,1.000000,0.000000
2025-08-20,OSMANGAZİ,20.160000,0.030000,3.660000,0.500000,0.000000,41.340000,,29.000000,1.000000,0.000000,0.065000,0.400000,1.000000,31.000000,0.100000,7.500000,650.000000,89.687944,False,1.000000,1.000000,1.000000,0.634000,0.870000,0.899200,0.793300,0.940000,0.800000,0.884000,0.740000,0.920000,,,1.000000,1.000000,,,Good,28.000000,Yavuz Cad. 241/C  Osmangazi,BAYRAKLI,60.000000,35-BS-00-29-A1*A5-K1*K122-D1*D44-S1-I6,38.475430,27.187450,10.312056,,1.000000,9.000000,"Arsenik, Nitrit, Amonyum, Alüminyum, Demir, Klorür, İletkenlik, Oksitlenebilirlik, pH",0.000000,Good,Decision Tree,0.000000,1.000000,0.000000
2025-08-20,ÖZKANLAR,20.400000,0.030000,3.640000,0.700000,0.000000,38.000000,,29.000000,1.000000,0.000000,0.065000,0.400000,1.000000,31.000000,0.100000,7.500000,651.000000,89.694219,False,1.000000,1.000000,1.000000,0.636000,0.870000,0.898000,0.810000,0.940000,0.800000,0.884000,0.739600,0.920000,,,1.000000,1.000000,,,Good,29.000000,273/4 No:6 Aile Sağlığı Merkezi Özkanlar,BAYRAKLI,60.000000,35-BS-00-29-A1*A5-K1*K122-D1*D44-S1-I10,38.458040,27.191060,10.305781,,1.000000,9.000000,"Arsenik, Nitrit, Amonyum, Alüminyum, Demir, Klorür, İletkenlik, Oksitlenebilirlik, pH",0.000000,Good,Decision Tree,0.000000,1.000000,0.000000
2025-08-20,MANAVKUYU,19.200000,0.030000,3.520000,0.400000,0.000000,37.940000,,29.000000,1.000000,0.000000,0.065000,0.400000,1.000000,31.000000,0.100000,7.500000,649.000000,89.722091,False,1.000000,1.000000,1.000000,0.648000,0.870000,0.904000,0.810300,0.940000,0.800000,0.884000,0.740400,0.920000,,,1.000000,1.000000,,,Good,30.000000,Sakarya Cad.No:112 Manavkuyu,BAYRAKLI,60.000000,35-BS-00-29-A1*A5-K1*K122-D1*D44-S1-I8,38.457390,27.186910,10.277909,,1.000000,9.000000,"Arsenik, Nitrit, Amonyum, Alüminyum, Demir, Klorür, İletkenlik, Oksitlenebilirlik, pH",0.000000,Good,Decision Tree,0.000000,1.000000,0.000000
2025-08-20,EGEKENT,19.830000,0.030000,3.840000,1.000000,0.000000,36.950000,,37.000000,1.000000,0.000000,0.065000,0.600000,1.000000,29.000000,0.100000,7.600000,720.000000,89.370460,False,1.000000,1.000000,1.000000,0.616000,0.870000,0.900850,0.815250,0.940000,0.760000,0.852000,0.712000,0.880000,1.000000,,1.000000,1.000000,,,Good,32.000000,8819 Sok. No:13 Egekent,ÇİĞLİ,4.000000,35-BS-00-24-A1*A5-K1*K122-D1*D44-S1-I7,38.504140,27.058100,10.629540,,1.000000,9.000000,"Arsenik, Nitrit, Amonyum, Alüminyum, Demir, Klorür, İletkenlik, Oksitlenebilirlik, pH",0.000000,Good,Decision Tree,0.000000,1.000000,0.000000
2025-08-20,BALATÇIK,22.970000,0.030000,3.370000,0.500000,0.000000,44.310000,,37.000000,1.000000,0.000000,0.065000,0.600000,1.000000,29.000000,0.100000,7.600000,722.000000,89.470856,False,1.000000,1.000000,1.000000,0.663000,0.870000,0.885150,0.778450,0.940000,0.760000,0.852000,0.711200,0.880000,,,1.000000,1.000000,,,Good,33.000000,8790/5 Sok. 9 Eylül Camii Balatçık,ÇİĞLİ,4.000000,35-BS-00-24-A1*A5-K1*K122-D1*D44-S1-I2-Y1,38.511900,27.045600,10.529144,,1.000000,9.000000,"Arsenik, Nitrit, Amonyum, Alüminyum, Demir, Klorür, İletkenlik, Oksitlenebilirlik, pH",0.000000,Good,Decision Tree,0.000000,1.000000,0.000000
2025-08-20,ÇİĞLİ,22.310000,0.030000,3.480000,0.600000,0.000000,38.030000,,37.000000,1.000000,0.000000,0.065000,0.600000,1.000000,29.000000,0.100000,7.600000,720.000000,89.449901,False,1.000000,1.000000,1.000000,0.652000,0.870000,0.888450,0.809850,0.940000,0.760000,0.852000,0.712000,0.880000,,,1.000000,1.000000,,,Good,34.000000,8022/1 Sok. No:8/1-B Ataşehir,ÇİĞLİ,4.000000,35-BS-00-24-A1*A5-K1*K122-D1*D44-S1-I3-IY1,38.492860,27.060890,10.550099,,1.000000,9.000000,"Arsenik, Nitrit, Amonyum, Alüminyum, Demir, Klorür, İletkenlik, Oksitlenebilirlik, pH",0.000000,Good,Decision Tree,0.000000,1.000000,0.000000
2025-08-20,BOSTANLI,24.560000,0.030000,3.310000,0.700000,0.000000,38.740000,,26.000000,1.000000,0.000000,0.065000,0.400000,1.000000,30.000000,0.100000,7.700000,650.000000,89.576668,False,1.000000,1.000000,1.000000,0.669000,0.870000,0.877200,0.806300,0.940000,0.720000,0.896000,0.740000,0.920000,,,1.000000,1.000000,,,Good,35.000000,1799 Sok No:14 Bostanlı,KARŞIYAKA,7.000000,35-BS-00-03-A1*A5-K1*K122-D1*D44-S1-I7,38.457730,27.098860,10.423332,,1.000000,9.000000,"Arsenik, Nitrit, Amonyum, Alüminyum, Demir, Klorür, İletkenlik, Oksitlenebilirlik, pH",0.000000,Good,Decision Tree,0.000000,1.000000,0.000000
2025-08-20,ŞEMİKLER,20.360000,0.030000,3.630000,0.400000,0.000000,38.410000,,26.000000,1.000000,0.000000,0.065000,0.400000,1.000000,30.000000,0.100000,7.500000,650.000000,89.697362,False,1.000000,1.000000,1.000000,0.637000,0.870000,0.898200,0.807950,0.940000,0.800000,0.896000,0.740000,0.920000,,,1.000000,1.000000,,,Good,36.000000,6276 Sok.İle 6279 Sok Kavşağı,KARŞIYAKA,7.000000,35-BS-00-03-A1*A5-K1*K122-D1*D44-S1-I4,38.477100,27.093760,10.302638,,1.000000,9.000000,"Arsenik, Nitrit, Amonyum, Alüminyum, Demir, Klorür, İletkenlik, Oksitlenebilirlik, pH",0.000000,Good,Decision Tree,0.000000,1.000000,0.000000
2025-08-20,KARŞIYAKA,20.130000,0.030000,3.750000,0.600000,0.000000,38.680000,,26.000000,1.000000,0.000000,0.065000,0.400000,1.000000,30.000000,0.100000,7.500000,651.000000,89.670185,False,1.000000,1.000000,1.000000,0.625000,0.870000,0.899350,0.806600,0.940000,0.800000,0.896000,0.739600,0.920000,,,1.000000,1.000000,,,Good,37.000000,Atatürk Cad. İle Zübeyde Hanim Cad.Kavşağı,KARŞIYAKA,7.000000,35-BS-00-03-A1*A5-K1*K122-D1*D44-S1-I5,38.461670,27.116100,10.329815,,1.000000,9.000000,"Arsenik, Nitrit, Amonyum, Alüminyum, Demir, Klorür, İletkenlik, Oksitlenebilirlik, pH",0.000000,Good,Decision Tree,0.000000,1.000000,0.000000
2025-08-20,EVKA-2,19.690000,0.030000,3.700000,0.500000,0.000000,37.930000,,28.000000,1.000000,0.000000,0.065000,0.600000,1.000000,31.000000,0.100000,7.500000,673.000000,89.500358,False,1.000000,1.000000,1.000000,0.630000,0.870000,0.901550,0.810350,0.940000,0.800000,0.888000,0.730800,0.880000,,,1.000000,1.000000,,,Good,38.000000,6800 Sok. No:9 Sağlık Ocağı Evka 2,ÇİĞLİ,4.000000,35-BS-00-24-A1*A5-K1*K122-D1*D44-S1-I5,38.499050,27.087510,10.499642,,1.000000,9.000000,"Arsenik, Nitrit, Amonyum, Alüminyum, Demir, Klorür, İletkenlik, Oksitlenebilirlik, pH",0.000000,Good,Decision Tree,0.000000,1.000000,0.000000
2025-08-20,ÖRNEKKÖY,26.370000,0.030000,3.550000,0.500000,0.000000,36.390000,,28.000000,1.000000,0.000000,0.065000,0.600000,1.000000,31.000000,0.100000,7.500000,672.000000,89.531393,False,1.000000,1.000000,1.000000,0.645000,0.870000,0.868150,0.818050,0.940000,0.800000,0.888000,0.731200,0.880000,,,1.000000,1.000000,,,Good,39.000000,Başpehlivan Kara Ali Cad. No:25/A,KARŞIYAKA,7.000000,35-BS-00-03-A1*A5-K1*K122-D1*D44-S1-I6,38.482130,27.111060,10.468607,,1.000000,9.000000,"Arsenik, Nitrit, Amonyum, Alüminyum, Demir, Klorür, İletkenlik, Oksitlenebilirlik, pH",0.000000,Good,Decision Tree,0.000000,1.000000,0.000000
2025-08-20,GÜMÜŞPALA,19.860000,0.030000,3.680000,0.600000,0.000000,37.350000,,28.000000,1.000000,0.000000,0.065000,0.600000,1.000000,31.000000,0.100000,7.500000,669.000000,89.505130,False,1.000000,1.000000,1.000000,0.632000,0.870000,0.900700,0.813250,0.940000,0.800000,0.888000,0.732400,0.880000,,,1.000000,1.000000,,,Good,40.000000,7019 Sok. No:20/3 Merkez Cami Gümüşpala,BAYRAKLI,60.000000,35-BS-00-29-A1*A5-K1*K122-D1*D44-S1-I7,38.479310,27.109960,10.494870,,1.000000,9.000000,"Arsenik, Nitrit, Amonyum, Alüminyum, Demir, Klorür, İletkenlik, Oksitlenebilirlik, pH",0.000000,Good,Decision Tree,0.000000,1.000000,0.000000
2025-08-27,DOĞANÇAY,15.210000,0.030000,6.360000,1.000000,0.000000,49.700000,,31.000000,1.000000,0.000000,0.065000,0.600000,1.000000,31.000000,0.100000,7.600000,654.000000,88.798093,False,1.000000,1.000000,1.000000,0.364000,0.870000,0.923950,0.751500,0.940000,0.760000,0.876000,0.738400,0.880000,1.000000,,1.000000,1.000000,,,Good,41.000000,7191 Sok. No:1/A Doğançay,BAYRAKLI,60.000000,35-BS-00-29-A1*A5-K1*K122-D1*D44-S1-I1,38.495500,27.155140,11.201907,,1.000000,9.000000,"Arsenik, Nitrit, Amonyum, Alüminyum, Demir, Klorür, İletkenlik, Oksitlenebilirlik, pH",0.000000,Good,Decision Tree,0.000000,1.000000,0.000000
2025-08-27,YAMANLAR,15.730000,0.030000,6.110000,1.000000,0.000000,49.840000,,31.000000,1.000000,0.000000,0.065000,0.600000,1.000000,31.000000,0.100000,7.600000,654.000000,88.854285,False,1.000000,1.000000,1.000000,0.389000,0.870000,0.921350,0.750800,0.940000,0.760000,0.876000,0.738400,0.880000,1.000000,,1.000000,1.000000,,,Good,42.000000,7348 Sok. No:2 Polis Merkezi Yamanlar,BAYRAKLI,60.000000,35-BS-00-29-A1*A5-K1*K122-D1*D44-S1-I2,38.481110,27.132940,11.145715,,1.000000,9.000000,"Arsenik, Nitrit, Amonyum, Alüminyum, Demir, Klorür, İletkenlik, Oksitlenebilirlik, pH",0.000000,Good,Decision Tree,0.000000,1.000000,0.000000
2025-08-27,POSTACI MAH,14.200000,0.030000,6.160000,1.000000,0.000000,50.610000,,31.000000,1.000000,0.000000,0.065000,0.600000,1.000000,31.000000,0.100000,7.600000,656.000000,88.843395,False,1.000000,1.000000,1.000000,0.384000,0.870000,0.929000,0.746950,0.940000,0.760000,0.876000,0.737600,0.880000,1.000000,,1.000000,1.000000,,,Good,43.000000,7659/2 Sok. No:1/B Postacılar Mah.,BAYRAKLI,60.000000,35-BS-00-29-A1*A5*-K1*K122-D1*D44-S1-I3-IY1,38.482170,27.119910,11.156605,,1.000000,9.000000,"Arsenik, Nitrit, Amonyum, Alüminyum, Demir, Klorür, İletkenlik, Oksitlenebilirlik, pH",0.000000,Good,Decision Tree,0.000000,1.000000,0.000000
2025-08-27,YAMAÇ MAH,14.840000,0.030000,6.090000,1.000000,0.000000,51.350000,,31.000000,1.000000,0.000000,0.065000,0.600000,1.000000,31.000000,0.100000,7.600000,656.000000,88.858453,False,1.000000,1.000000,1.000000,0.391000,0.870000,0.925800,0.743250,0.940000,0.760000,0.876000,0.737600,0.880000,1.000000,,1.000000,1.000000,,,Good,44.000000,6730 Sok. No:6/A Yamaç Mah.,KARŞIYAKA,7.000000,35-BS-00-03-A1*A5-K1*K122-D1*D44-S1-I1,38.483710,27.099770,11.141547,,1.000000,9.000000,"Arsenik, Nitrit, Amonyum, Alüminyum, Demir, Klorür, İletkenlik, Oksitlenebilirlik, pH",0.000000,Good,Decision Tree,0.000000,1.000000,0.000000
2025-08-27,CUMHURİYET MAH,14.200000,0.030000,6.180000,1.000000,0.000000,50.030000,,31.000000,1.000000,0.000000,0.065000,0.600000,1.000000,31.000000,0.100000,7.600000,657.000000,88.839194,False,1.000000,1.000000,1.000000,0.382000,0.870000,0.929000,0.749850,0.940000,0.760000,0.876000,0.737200,0.880000,1.000000,,1.000000,1.000000,,,Good,45.000000,Alim Dağhan Cd. İle 6716 Sok. Kvs.,KARŞIYAKA,7.000000,35-BS-00-03-A1*A5-K1*K122-D1*D44-S1-I2,38.485320,27.096540,11.160806,,1.000000,9.000000,"Arsenik, Nitrit, Amonyum, Alüminyum, Demir, Klorür, İletkenlik, Oksitlenebilirlik, pH",0.000000,Good,Decision Tree,0.000000,1.000000,0.000000
2025-08-27,GÜZELTEPE,12.930000,0.030000,6.040000,1.000000,0.000000,50.050000,,31.000000,1.000000,0.000000,0.065000,0.600000,1.000000,31.000000,0.100000,7.600000,657.000000,88.871578,False,1.000000,1.000000,1.000000,0.396000,0.870000,0.935350,0.749750,0.940000,0.760000,0.876000,0.737200,0.880000,1.000000,,1.000000,1.000000,,,Good,46.000000,8172 Sok. No:90/1 Güzeltepe,ÇİĞLİ,4.000000,35-BS-00-24-A1*A5-K1*K122-D1*D44-S1-I4-IY1,38.502720,27.077990,11.128422,,1.000000,9.000000,"Arsenik, Nitrit, Amonyum, Alüminyum, Demir, Klorür, İletkenlik, Oksitlenebilirlik, pH",0.000000,Good,Decision Tree,0.000000,1.000000,0.000000
2025-08-27,EVKA-5,14.430000,0.030000,5.820000,1.000000,0.000000,53.720000,,40.000000,1.000000,0.000000,0.065000,0.600000,1.000000,31.000000,0.100000,7.500000,731.000000,89.010173,False,1.000000,1.000000,1.000000,0.418000,0.870000,0.927850,0.731400,0.940000,0.800000,0.840000,0.707600,0.880000,1.000000,,1.000000,1.000000,,,Good,47.000000,8809 Sok. No:141/A Evka-5,ÇİĞLİ,4.000000,35-BS-00-24-A1*A5-K1*K122-D1*D44-S1-I8-IY1,38.518190,27.056590,10.989827,,1.000000,9.000000,"Arsenik, Nitrit, Amonyum, Alüminyum, Demir, Klorür, İletkenlik, Oksitlenebilirlik, pH",0.000000,Good,Decision Tree,0.000000,1.000000,0.000000
2025-08-27,EGEKENT-2,13.440000,0.030000,5.720000,1.000000,0.000000,52.310000,,40.000000,1.000000,0.000000,0.065000,0.600000,1.000000,30.000000,0.100000,7.600000,728.000000,88.938899,False,1.000000,1.000000,1.000000,0.428000,0.870000,0.932800,0.738450,0.940000,0.760000,0.840000,0.708800,0.880000,1.000000,,1.000000,1.000000,,,Good,48.000000,8818 Sok. No:38 6 Nolu Sağlık Ocağı Egekent,ÇİĞLİ,4.000000,35-BS-00-24-A1*A5-K1*K122-D1*D44-S1-I6,38.555690,27.049780,11.061101,,1.000000,9.000000,"Arsenik, Nitrit, Amonyum, Alüminyum, Demir, Klorür, İletkenlik, Oksitlenebilirlik, pH",0.000000,Good,Decision Tree,0.000000,1.000000,0.000000
2025-08-27,ALAYBEY,13.150000,0.030000,5.100000,1.000000,0.000000,51.510000,,31.000000,1.000000,0.000000,0.065000,0.600000,1.000000,30.000000,0.100000,7.600000,658.000000,89.083310,False,1.000000,1.000000,1.000000,0.490000,0.870000,0.934250,0.742450,0.940000,0.760000,0.876000,0.736800,0.880000,1.000000,,1.000000,1.000000,,,Good,49.000000,1643/7 Sok. No:8 Adalet Mah.,BAYRAKLI,60.000000,35-BS-00-03-A1*A5-K1*K122-D1*D44-S1-13-IY1,38.466750,27.159340,10.916690,,1.000000,9.000000,"Arsenik, Nitrit, Amonyum, Alüminyum, Demir, Klorür, İletkenlik, Oksitlenebilirlik, pH",0.000000,Good,Decision Tree,0.000000,1.000000,0.000000
2025-08-27,CENGİZHAN,12.880000,0.030000,6.080000,1.000000,0.000000,52.540000,,31.000000,1.000000,0.000000,0.065000,0.600000,1.000000,30.000000,0.100000,7.600000,657.000000,88.861147,False,1.000000,1.000000,1.000000,0.392000,0.870000,0.935600,0.737300,0.940000,0.760000,0.876000,0.737200,0.880000,1.000000,,1.000000,1.000000,,,Good,50.000000,1620/19 İle 1620/39 Sok. Kavsağı Cengizhan,BAYRAKLI,60.000000,35-BS-00-29-A1*A5-K1*K122-D1*D44-S1-I4,38.473400,27.158880,11.138853,,1.000000,9.000000,"Arsenik, Nitrit, Amonyum, Alüminyum, Demir, Klorür, İletkenlik, Oksitlenebilirlik, pH",0.000000,Good,Decision Tree,0.000000,1.000000,0.000000
2025-08-27,ÇAY MAH,13.330000,0.030000,6.040000,1.000000,0.000000,52.600000,,31.000000,1.000000,0.000000,0.065000,0.600000,1.000000,30.000000,0.100000,7.600000,657.000000,88.869909,False,1.000000,1.000000,1.000000,0.396000,0.870000,0.933350,0.737000,0.940000,0.760000,0.876000,0.737200,0.880000,1.000000,,1.000000,1.000000,,,Good,51.000000,Hakan Uysal Cad. No:273/1 Çay Mahallesi,BAYRAKLI,60.000000,35-BS-00-29-A1*A5-K1*K122-D1*D44-S1-I5,38.470860,27.180440,11.130091,,1.000000,9.000000,"Arsenik, Nitrit, Amonyum, Alüminyum, Demir, Klorür, İletkenlik, Oksitlenebilirlik, pH",0.000000,Good,Decision Tree,0.000000,1.000000,0.000000
2025-08-27,İZYUVA,20.170000,0.030000,6.180000,1.000000,0.000000,60.360000,,26.000000,1.000000,0.000000,0.065000,0.600000,1.000000,31.000000,0.100000,7.400000,662.000000,89.022302,False,1.000000,1.000000,1.000000,0.382000,0.870000,0.899150,0.698200,0.940000,0.840000,0.896000,0.735200,0.880000,1.000000,,1.000000,1.000000,,,Good,52.000000,113/19 Sok. No:10 İzyuva,BORNOVA,2.000000,35-BS-00-01-A1*A5-K1*K122-D1*D44-S1-I7,38.464570,27.249790,10.977698,,1.000000,9.000000,"Arsenik, Nitrit, Amonyum, Alüminyum, Demir, Klorür, İletkenlik, Oksitlenebilirlik, pH",0.000000,Good,Decision Tree,0.000000,1.000000,0.000000
2025-08-27,NALDÖKEN,20.210000,0.030000,6.000000,1.000000,0.000000,62.720000,,26.000000,1.000000,0.000000,0.065000,0.600000,1.000000,31.000000,0.100000,7.400000,661.000000,89.061675,False,1.000000,1.000000,1.000000,0.400000,0.870000,0.898950,0.686400,0.940000,0.840000,0.896000,0.735600,0.880000,1.000000,,1.000000,1.000000,,,Good,53.000000,Ankara Cad. İle Atatürk Cad. Kav.,BORNOVA,2.000000,35-BS-00-01-A1*A5-K1*K122-D1*D44-S1-I6,38.452100,27.266070,10.938325,,1.000000,9.000000,"Arsenik, Nitrit, Amonyum, Alüminyum, Demir, Klorür, İletkenlik, Oksitlenebilirlik, pH",0.000000,Good,Decision Tree,0.000000,1.000000,0.000000
2025-08-27,YEŞİLÇAM,21.090000,0.030000,6.450000,1.000000,0.000000,63.160000,,26.000000,1.000000,0.000000,0.065000,0.600000,1.000000,31.000000,0.100000,7.500000,635.000000,88.863937,False,1.000000,1.000000,1.000000,0.355000,0.870000,0.894550,0.684200,0.940000,0.800000,0.896000,0.746000,0.880000,1.000000,,1.000000,1.000000,,,Good,54.000000,Mrk. Bornova Jandarma Komando Ambarlar Yanı,BORNOVA,2.000000,35-BS-00-01-A1*A5-K1*K122-D1*D44-S1-IY1,38.445680,27.289280,11.136063,,1.000000,9.000000,"Arsenik, Nitrit, Amonyum, Alüminyum, Demir, Klorür, İletkenlik, Oksitlenebilirlik, pH",0.000000,Good,Decision Tree,0.000000,1.000000,0.000000
2025-08-27,MEVLANA,20.010000,0.030000,6.170000,1.000000,0.000000,63.210000,,26.000000,1.000000,0.000000,0.065000,0.600000,1.000000,31.000000,0.100000,7.400000,662.000000,89.023043,False,1.000000,1.000000,1.000000,0.383000,0.870000,0.899950,0.683950,0.940000,0.840000,0.896000,0.735200,0.880000,1.000000,,1.000000,1.000000,,,Good,55.000000,1754 Sok. No:25 Asm Mevlana,BORNOVA,2.000000,35-BS-00-01-A1*A5-K1*K122-D1*D44-S1-I4,38.448220,27.230660,10.976957,,1.000000,9.000000,"Arsenik, Nitrit, Amonyum, Alüminyum, Demir, Klorür, İletkenlik, Oksitlenebilirlik, pH",0.000000,Good,Decision Tree,0.000000,1.000000,0.000000
2025-08-27,YEŞİLOVA,20.710000,0.030000,6.060000,1.000000,0.000000,62.900000,,26.000000,1.000000,0.000000,0.065000,0.600000,1.000000,31.000000,0.100000,7.400000,663.000000,89.047708,False,1.000000,1.000000,1.000000,0.394000,0.870000,0.896450,0.685500,0.940000,0.840000,0.896000,0.734800,0.880000,1.000000,,1.000000,1.000000,,,Good,56.000000,A.İpekçi Cd. İle 4040 Sok. Kvs. Yesilova,BORNOVA,2.000000,35-BS-00-01-A1*A5-K1*K122-D1*D44-S1-I3,38.440370,27.201350,10.952292,,1.000000,9.000000,"Arsenik, Nitrit, Amonyum, Alüminyum, Demir, Klorür, İletkenlik, Oksitlenebilirlik, pH",0.000000,Good,Decision Tree,0.000000,1.000000,0.000000
2025-08-27,MERSİNLİ,19.680000,0.030000,6.030000,1.000000,0.000000,63.490000,,26.000000,1.000000,0.000000,0.065000,0.600000,1.000000,31.000000,0.100000,7.400000,660.000000,89.054755,False,1.000000,1.000000,1.000000,0.397000,0.870000,0.901600,0.682550,0.940000,0.840000,0.896000,0.736000,0.880000,1.000000,,1.000000,1.000000,,,Good,57.000000,Fatih cd. İle Beyazıt Cd. Tuğlacı Önü Mersinli,BORNOVA,2.000000,35-BS-00-01-A1*A5-K1*K122-D1*D44-S1-I14,38.440000,27.180530,10.945245,,1.000000,9.000000,"Arsenik, Nitrit, Amonyum, Alüminyum, Demir, Klorür, İletkenlik, Oksitlenebilirlik, pH",0.000000,Good,Decision Tree,0.000000,1.000000,0.000000
2025-08-27,ÇANKAYA,10.430000,0.030000,7.010000,1.000000,0.000000,77.960000,,26.000000,1.000000,0.000000,0.065000,0.600000,1.000000,31.000000,0.100000,7.500000,632.000000,88.734899,False,1.000000,1.000000,1.000000,0.299000,0.870000,0.947850,0.610200,0.940000,0.800000,0.896000,0.747200,0.880000,1.000000,,1.000000,1.000000,,,Good,59.000000,Hürriyet Bulvarı No:14/E,KONAK,8.000000,35-BS-00-04-A1*A5-K1*K122-D1*D44-S1-IY-1,38.424780,27.142050,11.265101,,1.000000,9.000000,"Arsenik, Nitrit, Amonyum, Alüminyum, Demir, Klorür, İletkenlik, Oksitlenebilirlik, pH",0.000000,Good,Decision Tree,0.000000,1.000000,0.000000
2025-08-27,TOROS,11.280000,0.030000,1.130000,1.000000,0.000000,66.580000,,49.000000,1.000000,0.000000,0.065000,0.400000,1.000000,22.000000,0.000000,7.500000,499.000000,90.244438,False,1.000000,1.000000,1.000000,0.887000,0.870000,0.943600,0.667100,0.940000,0.800000,0.804000,0.800400,0.920000,1.000000,,1.000000,1.000000,,,Good,60.000000,Dicle Cad. No:88 Aile Sağlığı Merkezi,KONAK,8.000000,35-BS-00-04-A1*A5-K1*K122-D1*D44-S1-I3,38.407410,27.183640,9.755562,,1.000000,9.000000,"Arsenik, Nitrit, Amonyum, Alüminyum, Demir, Klorür, İletkenlik, Oksitlenebilirlik, pH",0.000000,Good,Decision Tree,0.000000,1.000000,0.000000
2025-08-27,LEVENT,11.320000,0.030000,1.170000,1.000000,0.000000,65.220000,,49.000000,1.000000,0.000000,0.065000,0.400000,1.000000,22.000000,0.000000,7.500000,497.000000,90.236142,False,1.000000,1.000000,1.000000,0.883000,0.870000,0.943400,0.673900,0.940000,0.800000,0.804000,0.801200,0.920000,1.000000,,1.000000,1.000000,,,Good,61.000000,3513 İle 3514 Sok. Kvs Levent,KONAK,8.000000,35-BS-00-04-A1*A5-K1*K122-D1*D44-S1-I8,38.411300,27.163150,9.763858,,1.000000,9.000000,"Arsenik, Nitrit, Amonyum, Alüminyum, Demir, Klorür, İletkenlik, Oksitlenebilirlik, pH",0.000000,Good,Decision Tree,0.000000,1.000000,0.000000
2025-08-27,UFUK MAH,11.730000,0.030000,1.130000,1.000000,0.000000,67.680000,,49.000000,1.000000,0.000000,0.065000,0.400000,1.000000,22.000000,0.000000,7.500000,500.000000,90.243558,False,1.000000,1.000000,1.000000,0.887000,0.870000,0.941350,0.661600,0.940000,0.800000,0.804000,0.800000,0.920000,1.000000,,1.000000,1.000000,,,Good,62.000000,914 Sok. No.7/A Ufuk Mah.,BUCA,3.000000,35-BS-00-02-A1*A5-K1*K122-D1*D44-S1-I5,38.403620,27.165620,9.756442,,1.000000,9.000000,"Arsenik, Nitrit, Amonyum, Alüminyum, Demir, Klorür, İletkenlik, Oksitlenebilirlik, pH",0.000000,Good,Decision Tree,0.000000,1.000000,0.000000
2025-08-27,EVKA-1,8.890000,0.030000,2.180000,1.000000,0.000000,75.530000,,49.000000,1.000000,0.000000,0.065000,0.400000,1.000000,22.000000,0.000000,7.500000,503.000000,90.003138,False,1.000000,1.000000,1.000000,0.782000,0.870000,0.955550,0.622350,0.940000,0.800000,0.804000,0.798800,0.920000,1.000000,,1.000000,1.000000,,,Good,63.000000,Türkmenistan Cad. İle 1206 Sok.. Kvs. Evka-1,BUCA,3.000000,35-BS-00-02-A1*A5-K1*K122-D1*D44-S1-I9,38.400630,27.194670,9.996862,,1.000000,9.000000,"Arsenik, Nitrit, Amonyum, Alüminyum, Demir, Klorür, İletkenlik, Oksitlenebilirlik, pH",0.000000,Good,Decision Tree,0.000000,1.000000,0.000000
2025-08-27,ADATEPE,8.690000,0.030000,0.860000,1.000000,0.000000,77.420000,,49.000000,1.000000,0.000000,0.065000,0.400000,1.000000,22.000000,0.000000,7.500000,504.000000,90.300844,False,1.000000,1.000000,1.000000,0.914000,0.870000,0.956550,0.612900,0.940000,0.800000,0.804000,0.798400,0.920000,1.000000,,1.000000,1.000000,,,Good,64.000000,3 İle 3/8 Sok. Kvs. Adatepe,BUCA,3.000000,35-BS-00-02-A1*A5-K1*K122-D1*D44-S1-I4,38.381540,27.184940,9.699156,,1.000000,9.000000,"Arsenik, Nitrit, Amonyum, Alüminyum, Demir, Klorür, İletkenlik, Oksitlenebilirlik, pH",0.000000,Good,Decision Tree,0.000000,1.000000,0.000000
2025-08-27,KURUÇEŞME,9.440000,0.030000,0.850000,1.000000,0.000000,80.090000,,49.000000,1.000000,0.000000,0.065000,0.400000,1.000000,22.000000,0.000000,7.500000,504.000000,90.301172,False,1.000000,1.000000,1.000000,0.915000,0.870000,0.952800,0.599550,0.940000,0.800000,0.804000,0.798400,0.920000,1.000000,,1.000000,1.000000,,,Good,65.000000,Dogus Cad. İle A.Yesevi Cd. Kvs. Kuruçeşme,BUCA,3.000000,35-BS-00-02-A1*A5-K1*K122-D1*D44-S1-I2,38.372330,27.194500,9.698828,,1.000000,9.000000,"Arsenik, Nitrit, Amonyum, Alüminyum, Demir, Klorür, İletkenlik, Oksitlenebilirlik, pH",0.000000,Good,Decision Tree,0.000000,1.000000,0.000000
2025-08-27,KOZAĞAÇ,8.660000,0.030000,0.800000,1.000000,0.000000,72.680000,,49.000000,1.000000,0.000000,0.065000,0.400000,1.000000,22.000000,0.000000,7.500000,504.000000,90.317118,False,1.000000,1.000000,1.000000,0.920000,0.870000,0.956700,0.636600,0.940000,0.800000,0.804000,0.798400,0.920000,1.000000,,1.000000,1.000000,,,Good,66.000000,I.Sivri Cd. İle 254 Sok.. Kvs. Kozağaç,BUCA,3.000000,35-BS-00-02-A1*A5-K1*K122-D1*D44-S1-I8,38.377130,27.169560,9.682882,,1.000000,9.000000,"Arsenik, Nitrit, Amonyum, Alüminyum, Demir, Klorür, İletkenlik, Oksitlenebilirlik, pH",0.000000,Good,Decision Tree,0.000000,1.000000,0.000000
2025-08-27,ÇAMLIKULE,9.520000,0.030000,0.840000,1.000000,0.000000,78.910000,,49.000000,1.000000,0.000000,0.065000,0.400000,1.000000,22.000000,0.000000,7.500000,505.000000,90.304053,False,1.000000,1.000000,1.000000,0.916000,0.870000,0.952400,0.605450,0.940000,0.800000,0.804000,0.798000,0.920000,1.000000,,1.000000,1.000000,,,Good,67.000000,220 Sok. No:163/B Çamlıkule,BUCA,3.000000,35-BS-00-02-A1*A5-K1*K122-D1*D44-S1-I3,38.372280,27.171530,9.695947,,1.000000,9.000000,"Arsenik, Nitrit, Amonyum, Alüminyum, Demir, Klorür, İletkenlik, Oksitlenebilirlik, pH",0.000000,Good,Decision Tree,0.000000,1.000000,0.000000
2025-08-27,AKINCILAR,10.440000,0.030000,0.970000,1.000000,0.000000,77.470000,,47.000000,1.000000,0.000000,0.065000,0.400000,1.000000,20.000000,0.000000,7.600000,501.000000,90.180404,False,1.000000,1.000000,1.000000,0.903000,0.870000,0.947800,0.612650,0.940000,0.760000,0.812000,0.799600,0.920000,1.000000,,1.000000,1.000000,,,Good,68.000000,A.Hatboyu Cd. İle 545 Sok.. Kvs. Akıncılar,BUCA,3.000000,35-BS-00-02-A1*A5-K1*K122-D1*D44-S1-I7,38.387460,27.147600,9.819596,,1.000000,9.000000,"Arsenik, Nitrit, Amonyum, Alüminyum, Demir, Klorür, İletkenlik, Oksitlenebilirlik, pH",0.000000,Good,Decision Tree,0.000000,1.000000,0.000000
2025-08-27,UĞUR MUMCU MAH,9.980000,0.030000,0.770000,1.000000,0.000000,67.710000,,47.000000,1.000000,0.000000,0.065000,0.400000,1.000000,20.000000,0.000000,7.600000,502.000000,90.231434,False,1.000000,1.000000,1.000000,0.923000,0.870000,0.950100,0.661450,0.940000,0.760000,0.812000,0.799200,0.920000,1.000000,,1.000000,1.000000,,,Good,69.000000,5777 İle 5780 Sok. Kvs. U. Mumcu,KARABAĞLAR,59.000000,35-BS-00-30-A1*A5-K1*K122-D1*D44-S1-I1,38.381830,27.130670,9.768566,,1.000000,9.000000,"Arsenik, Nitrit, Amonyum, Alüminyum, Demir, Klorür, İletkenlik, Oksitlenebilirlik, pH",0.000000,Good,Decision Tree,0.000000,1.000000,0.000000
2025-08-27,ÇAMLIK MAH,9.100000,0.030000,0.810000,1.000000,0.000000,66.660000,,47.000000,1.000000,0.000000,0.065000,0.400000,1.000000,20.000000,0.000000,7.600000,502.000000,90.223475,False,1.000000,1.000000,1.000000,0.919000,0.870000,0.954500,0.666700,0.940000,0.760000,0.812000,0.799200,0.920000,1.000000,,1.000000,1.000000,,,Good,70.000000,4969 Sok. No:2/A Çamlık,KARABAĞLAR,59.000000,35-BS-00-30-A1*A5-K1*K122-D1*D44-S1-I2,38.366230,27.120330,9.776525,,1.000000,9.000000,"Arsenik, Nitrit, Amonyum, Alüminyum, Demir, Klorür, İletkenlik, Oksitlenebilirlik, pH",0.000000,Good,Decision Tree,0.000000,1.000000,0.000000
2025-08-27,AKTEPE,9.680000,0.030000,1.430000,1.000000,0.000000,65.910000,,47.000000,1.000000,0.000000,0.065000,0.400000,1.000000,21.000000,0.000000,7.600000,502.000000,90.083289,False,1.000000,1.000000,1.000000,0.857000,0.870000,0.951600,0.670450,0.940000,0.760000,0.812000,0.799200,0.920000,1.000000,,1.000000,1.000000,,,Good,71.000000,Altan Aydin İle 4165 Sok.. Kvs Aktepe,GAZİEMİR,5.000000,35-BS-00-25-A1*A5-K1*K122-D1*D44-S1-I5,38.352350,27.125160,9.916711,,1.000000,9.000000,"Arsenik, Nitrit, Amonyum, Alüminyum, Demir, Klorür, İletkenlik, Oksitlenebilirlik, pH",0.000000,Good,Decision Tree,0.000000,1.000000,0.000000
2025-08-27,9 EYLÜL MAH,10.390000,0.030000,0.790000,1.000000,0.000000,65.930000,,47.000000,1.000000,0.000000,0.065000,0.400000,1.000000,21.000000,0.000000,7.600000,502.000000,90.227683,False,1.000000,1.000000,1.000000,0.921000,0.870000,0.948050,0.670350,0.940000,0.760000,0.812000,0.799200,0.920000,1.000000,,1.000000,1.000000,,,Good,72.000000,Kahramanlar Cd. No:2 H. Bayram Camii,GAZİEMİR,5.000000,35-BS-00-25-A1*A5-K1*K122-D1*D44-S1-I2,38.327138,27.137154,9.772317,,1.000000,9.000000,"Arsenik, Nitrit, Amonyum, Alüminyum, Demir, Klorür, İletkenlik, Oksitlenebilirlik, pH",0.000000,Good,Decision Tree,0.000000,1.000000,0.000000
2025-08-27,BEYAZEVLER,9.120000,0.030000,0.810000,1.000000,0.000000,65.580000,,47.000000,1.000000,0.000000,0.065000,0.400000,1.000000,21.000000,0.000000,7.600000,503.000000,90.224071,False,1.000000,1.000000,1.000000,0.919000,0.870000,0.954400,0.672100,0.940000,0.760000,0.812000,0.798800,0.920000,1.000000,,1.000000,1.000000,,,Good,73.000000,514 Sok.. No:3/A Beyazevler,GAZİEMİR,5.000000,35-BS-00-25-A1*A5-K1*K122-D1*D44-S1-I3,38.341790,27.140280,9.775929,,1.000000,9.000000,"Arsenik, Nitrit, Amonyum, Alüminyum, Demir, Klorür, İletkenlik, Oksitlenebilirlik, pH",0.000000,Good,Decision Tree,0.000000,1.000000,0.000000
2025-08-27,UZUNDERE,10.530000,0.030000,0.810000,1.000000,0.000000,65.260000,,47.000000,1.000000,0.000000,0.065000,0.400000,1.000000,21.000000,0.000000,7.600000,501.000000,90.223462,False,1.000000,1.000000,1.000000,0.919000,0.870000,0.947350,0.673700,0.940000,0.760000,0.812000,0.799600,0.920000,1.000000,,1.000000,1.000000,,,Good,74.000000,Eski Izmir Cad. 3959 Kvs Uzundere,KARABAĞLAR,59.000000,35-BS-00-30-A1*A5-K1*K122-D1*D44-S1-I4,38.360060,27.104090,9.776538,,1.000000,9.000000,"Arsenik, Nitrit, Amonyum, Alüminyum, Demir, Klorür, İletkenlik, Oksitlenebilirlik, pH",0.000000,Good,Decision Tree,0.000000,1.000000,0.000000
2025-08-27,CENNETÇEŞME,9.930000,0.030000,0.840000,1.000000,0.000000,65.560000,,47.000000,1.000000,0.000000,0.065000,0.400000,1.000000,21.000000,0.000000,7.600000,502.000000,90.216840,False,1.000000,1.000000,1.000000,0.916000,0.870000,0.950350,0.672200,0.940000,0.760000,0.812000,0.799200,0.920000,1.000000,,1.000000,1.000000,,,Good,75.000000,3948/6 Sok. No:2 C.Çeşme,KARABAĞLAR,59.000000,35-BS-00-30-A1*A5-K1*K122-D1*D44-S1-I9,38.361680,27.093850,9.783160,,1.000000,9.000000,"Arsenik, Nitrit, Amonyum, Alüminyum, Demir, Klorür, İletkenlik, Oksitlenebilirlik, pH",0.000000,Good,Decision Tree,0.000000,1.000000,0.000000
2025-08-27,GÜZELBAHÇE,26.790000,0.030000,3.630000,1.000000,0.000000,84.540000,,25.000000,1.000000,0.000000,0.065000,0.400000,1.000000,29.000000,0.000000,7.700000,552.000000,89.477812,False,1.000000,1.000000,1.000000,0.637000,0.870000,0.866050,0.577300,0.940000,0.720000,0.900000,0.779200,0.920000,1.000000,,1.000000,1.000000,,,Good,76.000000,Mithatpaşa Caddesi No:479,GÜZELBAHÇE,6.000000,35-BS-00-28-A1*A5-K1*K122-D1*D44-S1-IY-1,38.377140,26.883660,10.522188,,1.000000,9.000000,"Arsenik, Nitrit, Amonyum, Alüminyum, Demir, Klorür, İletkenlik, Oksitlenebilirlik, pH",0.000000,Good,Decision Tree,0.000000,1.000000,0.000000
2025-08-27,İNCİRALTI,18.660000,0.030000,3.250000,1.000000,0.000000,48.580000,,25.000000,1.000000,0.000000,0.065000,0.400000,1.000000,29.000000,0.000000,7.700000,551.000000,89.588735,False,1.000000,1.000000,1.000000,0.675000,0.870000,0.906700,0.757100,0.940000,0.720000,0.900000,0.779600,0.920000,1.000000,,1.000000,1.000000,,,Good,78.000000,Başak Cd. No:16 Bahçe Cafe İnciralti,BALÇOVA,1.000000,35-BS-00-26-A1*A5-K1*K122-D1*D44-S1-I1,38.409090,27.035910,10.411265,,1.000000,9.000000,"Arsenik, Nitrit, Amonyum, Alüminyum, Demir, Klorür, İletkenlik, Oksitlenebilirlik, pH",0.000000,Good,Decision Tree,0.000000,1.000000,0.000000
2025-08-27,ESENDERE,11.620000,0.030000,0.840000,1.000000,0.000000,68.890000,,47.000000,1.000000,0.000000,0.065000,0.400000,1.000000,25.000000,0.000000,7.600000,501.000000,90.214004,False,1.000000,1.000000,1.000000,0.916000,0.870000,0.941900,0.655550,0.940000,0.760000,0.812000,0.799600,0.920000,1.000000,,1.000000,1.000000,,,Good,79.000000,52/74 İle 52/18 Sok. Kvs Esendere,KARABAĞLAR,59.000000,35-BS-00-30-A1*A5-K1*K122-D1*D44-S1-I5,38.391050,27.089590,9.785996,,1.000000,9.000000,"Arsenik, Nitrit, Amonyum, Alüminyum, Demir, Klorür, İletkenlik, Oksitlenebilirlik, pH",0.000000,Good,Decision Tree,0.000000,1.000000,0.000000
2025-08-27,KADİFEKALE,8.170000,0.030000,1.090000,1.000000,0.000000,82.910000,,47.000000,1.000000,0.000000,0.065000,0.400000,1.000000,25.000000,0.000000,7.600000,499.000000,90.151467,False,1.000000,1.000000,1.000000,0.891000,0.870000,0.959150,0.585450,0.940000,0.760000,0.812000,0.800400,0.920000,1.000000,,1.000000,1.000000,,,Good,80.000000,R.Erkutlu Şehitlik Önü No:290/A Kadifekale,KONAK,8.000000,35-BS-00-04-A1*A5-K1*K122-D1*D44-S1-I6,38.412820,27.140320,9.848533,,1.000000,9.000000,"Arsenik, Nitrit, Amonyum, Alüminyum, Demir, Klorür, İletkenlik, Oksitlenebilirlik, pH",0.000000,Good,Decision Tree,0.000000,1.000000,0.000000
2025-09-03,YENİŞEHİR,12.980000,0.030000,1.240000,1.000000,0.000000,13.550000,,40.000000,1.000000,0.000000,0.065000,0.400000,1.000000,25.000000,0.000000,7.500000,584.000000,90.251535,False,1.000000,1.000000,1.000000,0.876000,0.870000,0.935100,0.932250,0.940000,0.800000,0.840000,0.766400,0.920000,1.000000,,1.000000,1.000000,,,Good,2.000000,Gaziler Cad. No:185 İtfaiye Önü,KONAK,8.000000,35-BS-00-04-A1*A5-K1*K122-D1*D44-S1-I10,38.422640,27.153840,9.748465,,1.000000,9.000000,"Arsenik, Nitrit, Amonyum, Alüminyum, Demir, Klorür, İletkenlik, Oksitlenebilirlik, pH",0.000000,Good,Decision Tree,0.000000,1.000000,0.000000
2025-09-03,KONAK,14.810000,0.030000,1.100000,1.000000,0.000000,62.030000,,40.000000,1.000000,0.000000,0.065000,0.400000,1.000000,26.000000,0.000000,7.500000,585.000000,90.254750,False,1.000000,1.000000,1.000000,0.890000,0.870000,0.925950,0.689850,0.940000,0.800000,0.840000,0.766000,0.920000,1.000000,,1.000000,1.000000,,,Good,3.000000,854 Sok No:51/A,KONAK,8.000000,35-BS-00-04-A1*A5-K1*K122-D1*D44-S1-I5,38.420610,27.130760,9.745250,,1.000000,9.000000,"Arsenik, Nitrit, Amonyum, Alüminyum, Demir, Klorür, İletkenlik, Oksitlenebilirlik, pH",0.000000,Good,Decision Tree,0.000000,1.000000,0.000000
2025-09-03,GÜZELBAHÇE,67.350000,0.030000,2.780000,1.000000,0.000000,71.560000,,27.000000,1.000000,0.000000,0.065000,0.400000,1.000000,26.000000,0.000000,7.800000,504.000000,89.558716,False,1.000000,1.000000,1.000000,0.722000,0.870000,0.663250,0.642200,0.940000,0.680000,0.892000,0.798400,0.920000,1.000000,,1.000000,1.000000,,,Good,4.000000,Kazım Dirik Cad. No.46,GÜZELBAHÇE,6.000000,35-BS-00-28-A1*A5-K1*K122-D1*D44-S1-I1,38.363366,26.866501,10.441284,,1.000000,9.000000,"Arsenik, Nitrit, Amonyum, Alüminyum, Demir, Klorür, İletkenlik, Oksitlenebilirlik, pH",0.000000,Good,Decision Tree,0.000000,1.000000,0.000000
2025-09-03,NARLIDERE,63.870000,0.030000,2.700000,1.000000,0.000000,70.300000,,27.000000,1.000000,0.000000,0.065000,0.400000,1.000000,26.000000,0.000000,7.800000,504.000000,89.579498,False,1.000000,1.000000,1.000000,0.730000,0.870000,0.680650,0.648500,0.940000,0.680000,0.892000,0.798400,0.920000,1.000000,,1.000000,1.000000,,,Good,5.000000,İzsu Narlıdere Teknik Amirlik,NARLIDERE,9.000000,35-BS-00-27-A1*A5-K1*K122-D1*D44-S1-I2,38.394150,27.009890,10.420502,,1.000000,9.000000,"Arsenik, Nitrit, Amonyum, Alüminyum, Demir, Klorür, İletkenlik, Oksitlenebilirlik, pH",0.000000,Good,Decision Tree,0.000000,1.000000,0.000000
2025-09-03,BALÇOVA,63.960000,0.030000,2.690000,1.000000,0.000000,70.090000,,27.000000,1.000000,0.000000,0.065000,0.400000,1.000000,26.000000,0.000000,7.800000,500.000000,89.581843,False,1.000000,1.000000,1.000000,0.731000,0.870000,0.680200,0.649550,0.940000,0.680000,0.892000,0.800000,0.920000,1.000000,,1.000000,1.000000,,,Good,6.000000,M.Pasa Cad. İle Hüseyin Ögütcen Kavşağı,BALÇOVA,1.000000,35-BS-00-26-A1*A5-K1*K122-D1*D44-S1-I2,38.394150,27.038360,10.418157,,1.000000,9.000000,"Arsenik, Nitrit, Amonyum, Alüminyum, Demir, Klorür, İletkenlik, Oksitlenebilirlik, pH",0.000000,Good,Decision Tree,0.000000,1.000000,0.000000
2025-09-03,ÜÇKUYULAR,63.110000,0.030000,2.580000,1.000000,0.000000,62.310000,,27.000000,1.000000,0.000000,0.065000,0.400000,1.000000,26.000000,0.000000,7.800000,507.000000,89.611588,False,1.000000,1.000000,1.000000,0.742000,0.870000,0.684450,0.688450,0.940000,0.680000,0.892000,0.797200,0.920000,1.000000,,1.000000,1.000000,,,Good,7.000000,65/17 Sok. No:45 Yumurtacı Ahmet Camii,KARABAĞLAR,59.000000,35-BS-00-30-A1*A5-K1*K122-D1*D44-S1-I6,38.393940,27.069370,10.388412,,1.000000,9.000000,"Arsenik, Nitrit, Amonyum, Alüminyum, Demir, Klorür, İletkenlik, Oksitlenebilirlik, pH",0.000000,Good,Decision Tree,0.000000,1.000000,0.000000
2025-09-03,GÜZELYALI,71.610000,0.030000,2.590000,1.000000,0.000000,65.850000,,26.000000,1.000000,0.000000,0.065000,0.400000,1.000000,21.000000,0.000000,7.900000,498.000000,89.507641,False,1.000000,1.000000,1.000000,0.741000,0.870000,0.641950,0.670750,0.940000,0.640000,0.896000,0.800800,0.920000,1.000000,,1.000000,1.000000,,,Good,8.000000,34.Sok. No:5 TSM Güzelyalı,KONAK,8.000000,35-BS-00-04-A1*A5-K1*K122-D1*D44-S1-I11,38.398080,27.079620,10.492359,,1.000000,9.000000,"Arsenik, Nitrit, Amonyum, Alüminyum, Demir, Klorür, İletkenlik, Oksitlenebilirlik, pH",0.000000,Good,Decision Tree,0.000000,1.000000,0.000000
2025-09-03,HATAY,12.060000,0.030000,1.420000,1.000000,0.000000,62.180000,,49.000000,1.000000,0.000000,0.065000,0.400000,1.000000,19.000000,0.000000,7.500000,525.000000,90.180776,False,1.000000,1.000000,1.000000,0.858000,0.870000,0.939700,0.689100,0.940000,0.800000,0.804000,0.790000,0.920000,1.000000,,1.000000,1.000000,,,Good,9.000000,İnönü Cad. İle 100 Sok. Kavşağı,KONAK,8.000000,35-BS-00-04-A1*A5-K1*K122-D1*D44-S1-I13,38.401640,27.099450,9.819224,,1.000000,9.000000,"Arsenik, Nitrit, Amonyum, Alüminyum, Demir, Klorür, İletkenlik, Oksitlenebilirlik, pH",0.000000,Good,Decision Tree,0.000000,1.000000,0.000000
2025-09-03,YEŞİLYURT,11.670000,0.030000,0.880000,1.000000,0.000000,59.610000,,49.000000,1.000000,0.000000,0.065000,0.400000,1.000000,19.000000,0.000000,7.500000,525.000000,90.304631,False,1.000000,1.000000,1.000000,0.912000,0.870000,0.941650,0.701950,0.940000,0.800000,0.804000,0.790000,0.920000,1.000000,,1.000000,1.000000,,,Good,11.000000,Ulu Önder Cad. İle Gökdere Cad.Kavşağı,KARABAĞLAR,59.000000,35-BS-00-30-A1*A5-K1*K122-D1*D44-S1-I7,38.404270,27.113010,9.695369,,1.000000,9.000000,"Arsenik, Nitrit, Amonyum, Alüminyum, Demir, Klorür, İletkenlik, Oksitlenebilirlik, pH",0.000000,Good,Decision Tree,0.000000,1.000000,0.000000
2025-09-03,KARABAĞLAR,10.930000,0.030000,0.900000,1.000000,0.000000,73.500000,,49.000000,1.000000,0.000000,0.065000,0.400000,1.000000,20.000000,0.000000,7.500000,523.000000,90.292675,False,1.000000,1.000000,1.000000,0.910000,0.870000,0.945350,0.632500,0.940000,0.800000,0.804000,0.790800,0.920000,1.000000,,1.000000,1.000000,,,Good,13.000000,4058 Sok. İle 4056 Sok. Kavşağı,KARABAĞLAR,59.000000,35-BS-00-30-A1*A5-K1*K122-D1*D44-S1-I8,38.374260,27.134100,9.707325,,1.000000,9.000000,"Arsenik, Nitrit, Amonyum, Alüminyum, Demir, Klorür, İletkenlik, Oksitlenebilirlik, pH",0.000000,Good,Decision Tree,0.000000,1.000000,0.000000
2025-09-03,ESKİ İZMİR,11.110000,0.030000,0.910000,1.000000,0.000000,61.560000,,50.000000,1.000000,0.000000,0.065000,0.400000,1.000000,20.000000,0.000000,7.500000,524.000000,90.296699,False,1.000000,1.000000,1.000000,0.909000,0.870000,0.944450,0.692200,0.940000,0.800000,0.800000,0.790400,0.920000,1.000000,,1.000000,1.000000,,,Good,14.000000,Eski Izmir Cad. No:562/A Kahve,KARABAĞLAR,59.000000,35-BS-00-30-A1*A5-K1*K122-D1*D44-S1-I3,38.376220,27.107190,9.703301,,1.000000,9.000000,"Arsenik, Nitrit, Amonyum, Alüminyum, Demir, Klorür, İletkenlik, Oksitlenebilirlik, pH",0.000000,Good,Decision Tree,0.000000,1.000000,0.000000
2025-09-03,GAZİEMİR,13.720000,0.030000,0.890000,1.000000,0.000000,65.720000,,49.000000,1.000000,0.000000,0.065000,0.400000,1.000000,19.000000,0.000000,7.500000,524.000000,90.297757,False,1.000000,1.000000,1.000000,0.911000,0.870000,0.931400,0.671400,0.940000,0.800000,0.804000,0.790400,0.920000,1.000000,,1.000000,1.000000,,,Good,15.000000,Abdullah Arda Meydanı No:29 Arkadaşlar Kahvesi,GAZİEMİR,5.000000,35-BS-00-25-A1*A5-K1*K122-D1*D44-S1-I4-Y1,38.321780,27.126430,9.702243,,1.000000,9.000000,"Arsenik, Nitrit, Amonyum, Alüminyum, Demir, Klorür, İletkenlik, Oksitlenebilirlik, pH",0.000000,Good,Decision Tree,0.000000,1.000000,0.000000
2025-09-03,GEDİZ,12.790000,0.030000,0.900000,1.000000,0.000000,69.130000,,49.000000,1.000000,0.000000,0.065000,0.400000,1.000000,20.000000,0.000000,7.500000,524.000000,90.294091,False,1.000000,1.000000,1.000000,0.910000,0.870000,0.936050,0.654350,0.940000,0.800000,0.804000,0.790400,0.920000,1.000000,,1.000000,1.000000,,,Good,16.000000,682/4 Sok. No:2 Gediz,BUCA,3.000000,35-BS-00-02-A1*A5-K1*K122-D1*D44-S1-I10,38.361880,27.144380,9.705909,,1.000000,9.000000,"Arsenik, Nitrit, Amonyum, Alüminyum, Demir, Klorür, İletkenlik, Oksitlenebilirlik, pH",0.000000,Good,Decision Tree,0.000000,1.000000,0.000000
2025-09-03,ŞİRİNYER,14.150000,0.030000,1.020000,1.000000,0.000000,79.160000,,50.000000,1.000000,0.000000,0.065000,0.400000,1.000000,19.000000,0.000000,7.500000,524.000000,90.260135,False,1.000000,1.000000,1.000000,0.898000,0.870000,0.929250,0.604200,0.940000,0.800000,0.800000,0.790400,0.920000,1.000000,,1.000000,1.000000,,,Good,17.000000,Koşuyolu Cad. Efeler Mah. No:41 Avni Naili Limboz Camii,BUCA,3.000000,35-BS-00-02-A1*A5-K1*K122-D1*D44-S1-I6,38.391680,27.150310,9.739865,,1.000000,9.000000,"Arsenik, Nitrit, Amonyum, Alüminyum, Demir, Klorür, İletkenlik, Oksitlenebilirlik, pH",0.000000,Good,Decision Tree,0.000000,1.000000,0.000000
2025-09-03,BUCA,12.920000,0.030000,1.180000,1.000000,0.000000,75.650000,,50.000000,1.000000,0.000000,0.065000,0.400000,1.000000,19.000000,0.000000,7.500000,522.000000,90.226622,False,1.000000,1.000000,1.000000,0.882000,0.870000,0.935400,0.621750,0.940000,0.800000,0.800000,0.791200,0.920000,1.000000,,1.000000,1.000000,,,Good,18.000000,Başarı Cad.İle 170. Sok.Kavşağı,BUCA,3.000000,35-BS-00-02-A1*A5-K1*K122-D1*D44-S1-I1,38.389300,27.176440,9.773378,,1.000000,9.000000,"Arsenik, Nitrit, Amonyum, Alüminyum, Demir, Klorür, İletkenlik, Oksitlenebilirlik, pH",0.000000,Good,Decision Tree,0.000000,1.000000,0.000000
2025-09-03,GÜLÇEŞME,12.910000,0.030000,0.990000,1.000000,0.000000,81.330000,,49.000000,1.000000,0.000000,0.065000,0.400000,1.000000,20.000000,0.000000,7.500000,522.000000,90.266766,False,1.000000,1.000000,1.000000,0.901000,0.870000,0.935450,0.593350,0.940000,0.800000,0.804000,0.791200,0.920000,1.000000,,1.000000,1.000000,,,Good,19.000000,3586 Sok. No:1 Gürçeşme,KONAK,8.000000,35-BS-00-04-A1*A5-K1*K122-D1*D44-S1-I15,38.404510,27.151350,9.733234,,1.000000,9.000000,"Arsenik, Nitrit, Amonyum, Alüminyum, Demir, Klorür, İletkenlik, Oksitlenebilirlik, pH",0.000000,Good,Decision Tree,0.000000,1.000000,0.000000
2025-09-03,GÜLTEPE,14.090000,0.030000,1.050000,1.000000,0.000000,78.350000,,49.000000,1.000000,0.000000,0.065000,0.400000,1.000000,20.000000,0.000000,7.500000,521.000000,90.254212,False,1.000000,1.000000,1.000000,0.895000,0.870000,0.929550,0.608250,0.940000,0.800000,0.804000,0.791600,0.920000,1.000000,,1.000000,1.000000,,,Good,20.000000,Selimiye Cad. No:30/B Gültepe,KONAK,8.000000,35-BS-00-04-A1*A5-K1*K122-D1*D44-S1-I16,38.416220,27.172680,9.745788,,1.000000,9.000000,"Arsenik, Nitrit, Amonyum, Alüminyum, Demir, Klorür, İletkenlik, Oksitlenebilirlik, pH",0.000000,Good,Decision Tree,0.000000,1.000000,0.000000
2025-09-03,ALTINDAĞ,8.900000,0.030000,5.410000,1.000000,0.000000,56.420000,,29.000000,1.000000,0.000000,0.065000,0.600000,1.000000,29.000000,0.000000,7.500000,602.000000,89.108990,False,1.000000,1.000000,1.000000,0.459000,0.870000,0.955500,0.717900,0.940000,0.800000,0.884000,0.759200,0.880000,1.000000,,1.000000,1.000000,,,Good,21.000000,Kemalpaşa Cad. No: 46,BORNOVA,2.000000,35-BS-00-01-A1*A5-K1*K122-D1*D44-S1-I9,38.425580,27.202560,10.891010,,1.000000,9.000000,"Arsenik, Nitrit, Amonyum, Alüminyum, Demir, Klorür, İletkenlik, Oksitlenebilirlik, pH",0.000000,Good,Decision Tree,0.000000,1.000000,0.000000
2025-09-03,ÇAMDİBİ,7.250000,0.030000,5.470000,1.000000,0.000000,51.170000,,29.000000,1.000000,0.000000,0.065000,0.600000,1.000000,30.000000,0.000000,7.500000,601.000000,89.099321,False,1.000000,1.000000,1.000000,0.453000,0.870000,0.963750,0.744150,0.940000,0.800000,0.884000,0.759600,0.880000,1.000000,,1.000000,1.000000,,,Good,22.000000,5227 Sok. No:35/C Çamdibi,BORNOVA,2.000000,35-BS-00-01-A1*A5-K1*K122-D1*D44-S1-I12,38.435530,27.191010,10.900679,,1.000000,9.000000,"Arsenik, Nitrit, Amonyum, Alüminyum, Demir, Klorür, İletkenlik, Oksitlenebilirlik, pH",0.000000,Good,Decision Tree,0.000000,1.000000,0.000000
2025-09-03,IŞIKKENT,7.860000,0.030000,5.310000,1.000000,0.000000,53.330000,,29.000000,1.000000,0.000000,0.065000,0.600000,1.000000,29.000000,0.000000,7.500000,600.000000,89.133960,False,1.000000,1.000000,1.000000,0.469000,0.870000,0.960700,0.733350,0.940000,0.800000,0.884000,0.760000,0.880000,1.000000,,1.000000,1.000000,,,Good,23.000000,Cumhuriyet Meydanı No:16  Işıkkent,BORNOVA,2.000000,35-BS-00-01-A1*A5-K1*K122-D1*D44-S1-I8,38.424540,27.230760,10.866040,,1.000000,9.000000,"Arsenik, Nitrit, Amonyum, Alüminyum, Demir, Klorür, İletkenlik, Oksitlenebilirlik, pH",0.000000,Good,Decision Tree,0.000000,1.000000,0.000000
2025-09-03,PINARBAŞI,7.010000,0.030000,5.200000,1.000000,0.000000,48.230000,,29.000000,1.000000,0.000000,0.065000,0.600000,1.000000,29.000000,0.000000,7.500000,601.000000,89.162210,False,1.000000,1.000000,1.000000,0.480000,0.870000,0.964950,0.758850,0.940000,0.800000,0.884000,0.759600,0.880000,1.000000,,1.000000,1.000000,,,Good,24.000000,Çanakkale Cad.İle 7057 Sok KavsağıPınarbaşı,BORNOVA,2.000000,35-BS-00-01-A1*A5-K1*K122-D1*D44-S1-I10,38.429880,27.266470,10.837790,,1.000000,9.000000,"Arsenik, Nitrit, Amonyum, Alüminyum, Demir, Klorür, İletkenlik, Oksitlenebilirlik, pH",0.000000,Good,Decision Tree,0.000000,1.000000,0.000000
2025-09-03,EVKA-3,7.790000,0.030000,5.530000,1.000000,0.000000,53.690000,,29.000000,1.000000,0.000000,0.065000,0.600000,1.000000,29.000000,0.000000,7.500000,600.000000,89.084018,False,1.000000,1.000000,1.000000,0.447000,0.870000,0.961050,0.731550,0.940000,0.800000,0.884000,0.760000,0.880000,1.000000,,1.000000,1.000000,,,Good,25.000000,Şehitler Cad. No:22 H.Mustafa Gökdemir Camii Evka-3,BORNOVA,2.000000,35-BS-00-01-A1*A5-K1*K122-D1*D44-S1-I2,38.473220,27.250940,10.915982,,1.000000,9.000000,"Arsenik, Nitrit, Amonyum, Alüminyum, Demir, Klorür, İletkenlik, Oksitlenebilirlik, pH",0.000000,Good,Decision Tree,0.000000,1.000000,0.000000
2025-09-03,BORNOVA,8.620000,0.030000,5.530000,1.000000,0.000000,53.380000,,29.000000,1.000000,0.000000,0.065000,0.600000,1.000000,29.000000,0.000000,7.500000,601.000000,89.083720,False,1.000000,1.000000,1.000000,0.447000,0.870000,0.956900,0.733100,0.940000,0.800000,0.884000,0.759600,0.880000,1.000000,,1.000000,1.000000,,,Good,26.000000,Ege Üni.Kampüsü İtfaiye Çeşmesi/İzsu Teknik Amirlik,BORNOVA,2.000000,35-BS-00-01-A1*A5-K1*K122-D1*D44-S1-I11,38.460950,27.228200,10.916280,,1.000000,9.000000,"Arsenik, Nitrit, Amonyum, Alüminyum, Demir, Klorür, İletkenlik, Oksitlenebilirlik, pH",0.000000,Good,Decision Tree,0.000000,1.000000,0.000000
2025-09-03,ATATÜRK MAH,7.510000,0.030000,5.720000,1.000000,0.000000,55.550000,,29.000000,1.000000,0.000000,0.065000,0.600000,1.000000,30.000000,0.000000,7.500000,604.000000,89.040120,False,1.000000,1.000000,1.000000,0.428000,0.870000,0.962450,0.722250,0.940000,0.800000,0.884000,0.758400,0.880000,1.000000,,1.000000,1.000000,,,Good,27.000000,Hürriyet Cad. Polis Mer. No:86 Atatürk,BORNOVA,2.000000,35-BS-00-01-A1*A5-K1*K122-D1*D44-S1-I13,38.475820,27.208680,10.959880,,1.000000,9.000000,"Arsenik, Nitrit, Amonyum, Alüminyum, Demir, Klorür, İletkenlik, Oksitlenebilirlik, pH",0.000000,Good,Decision Tree,0.000000,1.000000,0.000000
2025-09-03,OSMANGAZİ,8.110000,0.030000,5.340000,1.000000,0.000000,53.930000,,29.000000,1.000000,0.000000,0.065000,0.600000,1.000000,29.000000,0.000000,7.500000,605.000000,89.126673,False,1.000000,1.000000,1.000000,0.466000,0.870000,0.959450,0.730350,0.940000,0.800000,0.884000,0.758000,0.880000,1.000000,,1.000000,1.000000,,,Good,28.000000,Yavuz Cad. 241/C  Osmangazi,BAYRAKLI,60.000000,35-BS-00-29-A1*A5-K1*K122-D1*D44-S1-I6,38.475430,27.187450,10.873327,,1.000000,9.000000,"Arsenik, Nitrit, Amonyum, Alüminyum, Demir, Klorür, İletkenlik, Oksitlenebilirlik, pH",0.000000,Good,Decision Tree,0.000000,1.000000,0.000000
2025-09-03,ÖZKANLAR,8.900000,0.030000,5.530000,1.000000,0.000000,55.030000,,29.000000,1.000000,0.000000,0.065000,0.600000,1.000000,29.000000,0.000000,7.500000,606.000000,89.082610,False,1.000000,1.000000,1.000000,0.447000,0.870000,0.955500,0.724850,0.940000,0.800000,0.884000,0.757600,0.880000,1.000000,,1.000000,1.000000,,,Good,29.000000,273/4 No:6 Aile Sağlığı Merkezi Özkanlar,BAYRAKLI,60.000000,35-BS-00-29-A1*A5-K1*K122-D1*D44-S1-I10,38.458040,27.191060,10.917390,,1.000000,9.000000,"Arsenik, Nitrit, Amonyum, Alüminyum, Demir, Klorür, İletkenlik, Oksitlenebilirlik, pH",0.000000,Good,Decision Tree,0.000000,1.000000,0.000000
2025-09-03,MANAVKUYU,8.640000,0.030000,5.440000,1.000000,0.000000,51.660000,,29.000000,1.000000,0.000000,0.065000,0.600000,1.000000,30.000000,0.000000,7.500000,603.000000,89.105038,False,1.000000,1.000000,1.000000,0.456000,0.870000,0.956800,0.741700,0.940000,0.800000,0.884000,0.758800,0.880000,1.000000,,1.000000,1.000000,,,Good,30.000000,Sakarya Cad.No:112 Manavkuyu,BAYRAKLI,60.000000,35-BS-00-29-A1*A5-K1*K122-D1*D44-S1-I8,38.457390,27.186910,10.894962,,1.000000,9.000000,"Arsenik, Nitrit, Amonyum, Alüminyum, Demir, Klorür, İletkenlik, Oksitlenebilirlik, pH",0.000000,Good,Decision Tree,0.000000,1.000000,0.000000
2025-09-03,EGEKENT,13.290000,0.030000,5.260000,1.000000,0.000000,59.060000,,39.000000,1.000000,0.000000,0.065000,0.600000,1.000000,30.000000,0.100000,7.500000,733.000000,89.134858,False,1.000000,1.000000,1.000000,0.474000,0.870000,0.933550,0.704700,0.940000,0.800000,0.844000,0.706800,0.880000,1.000000,,1.000000,1.000000,,,Good,32.000000,8819 Sok. No:13 Egekent,ÇİĞLİ,4.000000,35-BS-00-24-A1*A5-K1*K122-D1*D44-S1-I7,38.504140,27.058100,10.865142,,1.000000,9.000000,"Arsenik, Nitrit, Amonyum, Alüminyum, Demir, Klorür, İletkenlik, Oksitlenebilirlik, pH",0.000000,Good,Decision Tree,0.000000,1.000000,0.000000
2025-09-03,BALATÇIK,14.510000,0.030000,5.340000,1.000000,0.000000,60.110000,,39.000000,1.000000,0.000000,0.065000,0.600000,1.000000,30.000000,0.100000,7.500000,734.000000,89.115470,False,1.000000,1.000000,1.000000,0.466000,0.870000,0.927450,0.699450,0.940000,0.800000,0.844000,0.706400,0.880000,1.000000,,1.000000,1.000000,,,Good,33.000000,8790/5 Sok. 9 Eylül Camii Balatçık,ÇİĞLİ,4.000000,35-BS-00-24-A1*A5-K1*K122-D1*D44-S1-I2-Y1,38.511900,27.045600,10.884530,,1.000000,9.000000,"Arsenik, Nitrit, Amonyum, Alüminyum, Demir, Klorür, İletkenlik, Oksitlenebilirlik, pH",0.000000,Good,Decision Tree,0.000000,1.000000,0.000000
2025-09-03,ÇİĞLİ,12.220000,0.030000,4.840000,1.000000,0.000000,53.190000,,32.000000,1.000000,0.000000,0.065000,0.600000,1.000000,30.000000,0.100000,7.500000,675.000000,89.236558,False,1.000000,1.000000,1.000000,0.516000,0.870000,0.938900,0.734050,0.940000,0.800000,0.872000,0.730000,0.880000,1.000000,,1.000000,1.000000,,,Good,34.000000,8022/1 Sok. No:8/1-B Ataşehir,ÇİĞLİ,4.000000,35-BS-00-24-A1*A5-K1*K122-D1*D44-S1-I3-IY1,38.492860,27.060890,10.763442,,1.000000,9.000000,"Arsenik, Nitrit, Amonyum, Alüminyum, Demir, Klorür, İletkenlik, Oksitlenebilirlik, pH",0.000000,Good,Decision Tree,0.000000,1.000000,0.000000
2025-09-03,BOSTANLI,13.980000,0.030000,4.720000,1.000000,0.000000,56.880000,,32.000000,1.000000,0.000000,0.065000,0.600000,1.000000,31.000000,0.100000,7.500000,674.000000,89.260630,False,1.000000,1.000000,1.000000,0.528000,0.870000,0.930100,0.715600,0.940000,0.800000,0.872000,0.730400,0.880000,1.000000,,1.000000,1.000000,,,Good,35.000000,1799 Sok No:14 Bostanlı,KARŞIYAKA,7.000000,35-BS-00-03-A1*A5-K1*K122-D1*D44-S1-I7,38.457730,27.098860,10.739370,,1.000000,9.000000,"Arsenik, Nitrit, Amonyum, Alüminyum, Demir, Klorür, İletkenlik, Oksitlenebilirlik, pH",0.000000,Good,Decision Tree,0.000000,1.000000,0.000000
2025-09-03,ŞEMİKLER,12.140000,0.030000,4.740000,1.000000,0.000000,53.650000,,32.000000,1.000000,0.000000,0.065000,0.600000,1.000000,30.000000,0.000000,7.500000,672.000000,89.258980,False,1.000000,1.000000,1.000000,0.526000,0.870000,0.939300,0.731750,0.940000,0.800000,0.872000,0.731200,0.880000,1.000000,,1.000000,1.000000,,,Good,36.000000,6276 Sok.İle 6279 Sok Kavşağı,KARŞIYAKA,7.000000,35-BS-00-03-A1*A5-K1*K122-D1*D44-S1-I4,38.477100,27.093760,10.741020,,1.000000,9.000000,"Arsenik, Nitrit, Amonyum, Alüminyum, Demir, Klorür, İletkenlik, Oksitlenebilirlik, pH",0.000000,Good,Decision Tree,0.000000,1.000000,0.000000
2025-09-03,KARŞIYAKA,12.050000,0.030000,4.850000,1.000000,0.000000,51.760000,,32.000000,1.000000,0.000000,0.065000,0.600000,1.000000,30.000000,0.100000,7.500000,672.000000,89.235211,False,1.000000,1.000000,1.000000,0.515000,0.870000,0.939750,0.741200,0.940000,0.800000,0.872000,0.731200,0.880000,1.000000,,1.000000,1.000000,,,Good,37.000000,Atatürk Cad. İle Zübeyde Hanim Cad.Kavşağı,KARŞIYAKA,7.000000,35-BS-00-03-A1*A5-K1*K122-D1*D44-S1-I5,38.461670,27.116100,10.764789,,1.000000,9.000000,"Arsenik, Nitrit, Amonyum, Alüminyum, Demir, Klorür, İletkenlik, Oksitlenebilirlik, pH",0.000000,Good,Decision Tree,0.000000,1.000000,0.000000
2025-09-03,EVKA-2,11.710000,0.030000,4.840000,1.000000,0.000000,52.140000,,32.000000,1.000000,0.000000,0.065000,0.600000,1.000000,30.000000,0.100000,7.500000,675.000000,89.237440,False,1.000000,1.000000,1.000000,0.516000,0.870000,0.941450,0.739300,0.940000,0.800000,0.872000,0.730000,0.880000,1.000000,,1.000000,1.000000,,,Good,38.000000,6800 Sok. No:9 Sağlık Ocağı Evka 2,ÇİĞLİ,4.000000,35-BS-00-24-A1*A5-K1*K122-D1*D44-S1-I5,38.499050,27.087510,10.762560,,1.000000,9.000000,"Arsenik, Nitrit, Amonyum, Alüminyum, Demir, Klorür, İletkenlik, Oksitlenebilirlik, pH",0.000000,Good,Decision Tree,0.000000,1.000000,0.000000
2025-09-03,ÖRNEKKÖY,38.680000,0.030000,5.080000,1.000000,0.000000,69.870000,,30.000000,1.000000,0.000000,0.065000,0.600000,1.000000,28.000000,0.100000,7.500000,687.000000,89.158533,False,1.000000,1.000000,1.000000,0.492000,0.870000,0.806600,0.650650,0.940000,0.800000,0.880000,0.725200,0.880000,1.000000,,1.000000,1.000000,,,Good,39.000000,Başpehlivan Kara Ali Cad. No:25/A,KARŞIYAKA,7.000000,35-BS-00-03-A1*A5-K1*K122-D1*D44-S1-I6,38.482130,27.111060,10.841467,,1.000000,9.000000,"Arsenik, Nitrit, Amonyum, Alüminyum, Demir, Klorür, İletkenlik, Oksitlenebilirlik, pH",0.000000,Good,Decision Tree,0.000000,1.000000,0.000000
2025-09-03,GÜMÜŞPALA,15.740000,0.030000,5.170000,1.000000,0.000000,72.920000,,30.000000,1.000000,0.000000,0.065000,0.600000,1.000000,29.000000,0.100000,7.500000,688.000000,89.149417,False,1.000000,1.000000,1.000000,0.483000,0.870000,0.921300,0.635400,0.940000,0.800000,0.880000,0.724800,0.880000,1.000000,,1.000000,1.000000,,,Good,40.000000,7019 Sok. No:20/3 Merkez Cami Gümüşpala,BAYRAKLI,60.000000,35-BS-00-29-A1*A5-K1*K122-D1*D44-S1-I7,38.479310,27.109960,10.850583,,1.000000,9.000000,"Arsenik, Nitrit, Amonyum, Alüminyum, Demir, Klorür, İletkenlik, Oksitlenebilirlik, pH",0.000000,Good,Decision Tree,0.000000,1.000000,0.000000
2025-09-10,DOĞANÇAY,16.250000,0.030000,5.320000,1.000000,0.000000,36.110000,,27.000000,1.000000,0.000000,0.065000,0.600000,1.000000,30.000000,0.100000,7.600000,617.000000,89.042086,False,1.000000,1.000000,1.000000,0.468000,0.870000,0.918750,0.819450,0.940000,0.760000,0.892000,0.753200,0.880000,1.000000,,1.000000,1.000000,,,Good,41.000000,7191 Sok. No:1/A Doğançay,BAYRAKLI,60.000000,35-BS-00-29-A1*A5-K1*K122-D1*D44-S1-I1,38.495500,27.155140,10.957914,,1.000000,9.000000,"Arsenik, Nitrit, Amonyum, Alüminyum, Demir, Klorür, İletkenlik, Oksitlenebilirlik, pH",0.000000,Good,Decision Tree,0.000000,1.000000,0.000000
2025-09-10,YAMANLAR,12.720000,0.030000,3.620000,1.000000,0.000000,25.480000,,27.000000,1.000000,0.000000,0.065000,0.600000,1.000000,32.000000,0.100000,7.600000,624.000000,89.434715,False,1.000000,1.000000,1.000000,0.638000,0.870000,0.936400,0.872600,0.940000,0.760000,0.892000,0.750400,0.880000,1.000000,,1.000000,1.000000,,,Good,42.000000,7348 Sok. No:2 Polis Merkezi Yamanlar,BAYRAKLI,60.000000,35-BS-00-29-A1*A5-K1*K122-D1*D44-S1-I2,38.481110,27.132940,10.565285,,1.000000,9.000000,"Arsenik, Nitrit, Amonyum, Alüminyum, Demir, Klorür, İletkenlik, Oksitlenebilirlik, pH",0.000000,Good,Decision Tree,0.000000,1.000000,0.000000
2025-09-10,POSTACI MAH,12.460000,0.030000,4.770000,1.000000,0.000000,14.620000,,27.000000,1.000000,0.000000,0.065000,0.600000,1.000000,32.000000,0.100000,7.600000,628.000000,89.180790,False,1.000000,1.000000,1.000000,0.523000,0.870000,0.937700,0.926900,0.940000,0.760000,0.892000,0.748800,0.880000,1.000000,,1.000000,1.000000,,,Good,43.000000,7659/2 Sok. No:1/B Postacılar Mah.,BAYRAKLI,60.000000,35-BS-00-29-A1*A5*-K1*K122-D1*D44-S1-I3-IY1,38.482170,27.119910,10.819210,,1.000000,9.000000,"Arsenik, Nitrit, Amonyum, Alüminyum, Demir, Klorür, İletkenlik, Oksitlenebilirlik, pH",0.000000,Good,Decision Tree,0.000000,1.000000,0.000000
2025-09-10,YAMAÇ MAH,13.160000,0.030000,4.880000,1.000000,0.000000,15.620000,,27.000000,1.000000,0.000000,0.065000,0.600000,1.000000,32.000000,0.100000,7.600000,629.000000,89.154936,False,1.000000,1.000000,1.000000,0.512000,0.870000,0.934200,0.921900,0.940000,0.760000,0.892000,0.748400,0.880000,1.000000,,1.000000,1.000000,,,Good,44.000000,6730 Sok. No:6/A Yamaç Mah.,KARŞIYAKA,7.000000,35-BS-00-03-A1*A5-K1*K122-D1*D44-S1-I1,38.483710,27.099770,10.845064,,1.000000,9.000000,"Arsenik, Nitrit, Amonyum, Alüminyum, Demir, Klorür, İletkenlik, Oksitlenebilirlik, pH",0.000000,Good,Decision Tree,0.000000,1.000000,0.000000
2025-09-10,CUMHURİYET MAH,15.350000,0.030000,4.800000,1.000000,0.000000,35.210000,,27.000000,1.000000,0.000000,0.065000,0.600000,1.000000,32.000000,0.100000,7.600000,630.000000,89.160713,False,1.000000,1.000000,1.000000,0.520000,0.870000,0.923250,0.823950,0.940000,0.760000,0.892000,0.748000,0.880000,1.000000,,1.000000,1.000000,,,Good,45.000000,Alim Dağhan Cd. İle 6716 Sok. Kvs.,KARŞIYAKA,7.000000,35-BS-00-03-A1*A5-K1*K122-D1*D44-S1-I2,38.485320,27.096540,10.839287,,1.000000,9.000000,"Arsenik, Nitrit, Amonyum, Alüminyum, Demir, Klorür, İletkenlik, Oksitlenebilirlik, pH",0.000000,Good,Decision Tree,0.000000,1.000000,0.000000
2025-09-10,GÜZELTEPE,13.500000,0.030000,4.910000,1.000000,0.000000,36.070000,,27.000000,1.000000,0.000000,0.065000,0.600000,1.000000,32.000000,0.100000,7.600000,630.000000,89.136385,False,1.000000,1.000000,1.000000,0.509000,0.870000,0.932500,0.819650,0.940000,0.760000,0.892000,0.748000,0.880000,1.000000,,1.000000,1.000000,,,Good,46.000000,8172 Sok. No:90/1 Güzeltepe,ÇİĞLİ,4.000000,35-BS-00-24-A1*A5-K1*K122-D1*D44-S1-I4-IY1,38.502720,27.077990,10.863615,,1.000000,9.000000,"Arsenik, Nitrit, Amonyum, Alüminyum, Demir, Klorür, İletkenlik, Oksitlenebilirlik, pH",0.000000,Good,Decision Tree,0.000000,1.000000,0.000000
2025-09-10,EVKA-5,13.510000,0.030000,4.710000,1.000000,0.000000,20.800000,,36.000000,1.000000,0.000000,0.065000,0.600000,1.000000,31.000000,0.100000,7.500000,680.000000,89.282098,False,1.000000,1.000000,1.000000,0.529000,0.870000,0.932450,0.896000,0.940000,0.800000,0.856000,0.728000,0.880000,1.000000,,1.000000,1.000000,,,Good,47.000000,8809 Sok. No:141/A Evka-5,ÇİĞLİ,4.000000,35-BS-00-24-A1*A5-K1*K122-D1*D44-S1-I8-IY1,38.518190,27.056590,10.717902,,1.000000,9.000000,"Arsenik, Nitrit, Amonyum, Alüminyum, Demir, Klorür, İletkenlik, Oksitlenebilirlik, pH",0.000000,Good,Decision Tree,0.000000,1.000000,0.000000
2025-09-10,EGEKENT-2,28.110000,0.030000,6.940000,1.000000,0.000000,121.700000,,27.000000,1.000000,0.000000,0.065000,0.600000,1.000000,31.000000,0.100000,7.500000,641.000000,88.715601,False,1.000000,1.000000,1.000000,0.306000,0.870000,0.859450,0.391500,0.940000,0.800000,0.892000,0.743600,0.880000,1.000000,,1.000000,1.000000,,,Good,48.000000,8818 Sok. No:38 6 Nolu Sağlık Ocağı Egekent,ÇİĞLİ,4.000000,35-BS-00-24-A1*A5-K1*K122-D1*D44-S1-I6,38.555690,27.049780,11.284399,,1.000000,9.000000,"Arsenik, Nitrit, Amonyum, Alüminyum, Demir, Klorür, İletkenlik, Oksitlenebilirlik, pH",0.000000,Good,Decision Tree,0.000000,1.000000,0.000000
2025-09-10,ALAYBEY,12.640000,0.030000,4.850000,1.000000,0.000000,34.290000,,27.000000,1.000000,0.000000,0.065000,0.600000,1.000000,32.000000,0.100000,7.600000,631.000000,89.151450,False,1.000000,1.000000,1.000000,0.515000,0.870000,0.936800,0.828550,0.940000,0.760000,0.892000,0.747600,0.880000,1.000000,,1.000000,1.000000,,,Good,49.000000,1643/7 Sok. No:8 Adalet Mah.,BAYRAKLI,60.000000,35-BS-00-03-A1*A5-K1*K122-D1*D44-S1-13-IY1,38.466750,27.159340,10.848550,,1.000000,9.000000,"Arsenik, Nitrit, Amonyum, Alüminyum, Demir, Klorür, İletkenlik, Oksitlenebilirlik, pH",0.000000,Good,Decision Tree,0.000000,1.000000,0.000000
2025-09-10,CENGİZHAN,11.230000,0.030000,4.790000,1.000000,0.000000,20.950000,,27.000000,1.000000,0.000000,0.065000,0.600000,1.000000,32.000000,0.100000,7.600000,631.000000,89.173369,False,1.000000,1.000000,1.000000,0.521000,0.870000,0.943850,0.895250,0.940000,0.760000,0.892000,0.747600,0.880000,1.000000,,1.000000,1.000000,,,Good,50.000000,1620/19 İle 1620/39 Sok. Kavsağı Cengizhan,BAYRAKLI,60.000000,35-BS-00-29-A1*A5-K1*K122-D1*D44-S1-I4,38.473400,27.158880,10.826631,,1.000000,9.000000,"Arsenik, Nitrit, Amonyum, Alüminyum, Demir, Klorür, İletkenlik, Oksitlenebilirlik, pH",0.000000,Good,Decision Tree,0.000000,1.000000,0.000000
2025-09-10,ÇAY MAH,11.340000,0.030000,4.930000,1.000000,0.000000,22.750000,,27.000000,1.000000,0.000000,0.065000,0.600000,1.000000,32.000000,0.100000,7.600000,632.000000,89.140608,False,1.000000,1.000000,1.000000,0.507000,0.870000,0.943300,0.886250,0.940000,0.760000,0.892000,0.747200,0.880000,1.000000,,1.000000,1.000000,,,Good,51.000000,Hakan Uysal Cad. No:273/1 Çay Mahallesi,BAYRAKLI,60.000000,35-BS-00-29-A1*A5-K1*K122-D1*D44-S1-I5,38.470860,27.180440,10.859392,,1.000000,9.000000,"Arsenik, Nitrit, Amonyum, Alüminyum, Demir, Klorür, İletkenlik, Oksitlenebilirlik, pH",0.000000,Good,Decision Tree,0.000000,1.000000,0.000000
2025-09-10,İZYUVA,16.410000,0.030000,4.860000,1.000000,0.000000,17.870000,,36.000000,1.000000,0.000000,0.065000,0.600000,1.000000,34.000000,0.100000,7.400000,679.000000,89.343447,False,1.000000,1.000000,1.000000,0.514000,0.870000,0.917950,0.910650,0.940000,0.840000,0.856000,0.728400,0.880000,1.000000,,1.000000,1.000000,,,Good,52.000000,113/19 Sok. No:10 İzyuva,BORNOVA,2.000000,35-BS-00-01-A1*A5-K1*K122-D1*D44-S1-I7,38.464570,27.249790,10.656553,,1.000000,9.000000,"Arsenik, Nitrit, Amonyum, Alüminyum, Demir, Klorür, İletkenlik, Oksitlenebilirlik, pH",0.000000,Good,Decision Tree,0.000000,1.000000,0.000000
2025-09-10,NALDÖKEN,27.410000,0.030000,6.850000,1.000000,0.000000,128.300000,,26.000000,1.000000,0.000000,0.065000,0.600000,1.000000,31.000000,0.100000,7.400000,643.000000,88.828250,False,1.000000,1.000000,1.000000,0.315000,0.870000,0.862950,0.358500,0.940000,0.840000,0.896000,0.742800,0.880000,1.000000,,1.000000,1.000000,,,Good,53.000000,Ankara Cad. İle Atatürk Cad. Kav.,BORNOVA,2.000000,35-BS-00-01-A1*A5-K1*K122-D1*D44-S1-I6,38.452100,27.266070,11.171750,,1.000000,9.000000,"Arsenik, Nitrit, Amonyum, Alüminyum, Demir, Klorür, İletkenlik, Oksitlenebilirlik, pH",0.000000,Good,Decision Tree,0.000000,1.000000,0.000000
2025-09-10,YEŞİLÇAM,23.140000,0.030000,6.880000,1.000000,0.000000,123.400000,,26.000000,1.000000,0.000000,0.065000,0.600000,1.000000,31.000000,0.100000,7.400000,642.000000,88.826652,False,1.000000,1.000000,1.000000,0.312000,0.870000,0.884300,0.383000,0.940000,0.840000,0.896000,0.743200,0.880000,1.000000,,1.000000,1.000000,,,Good,54.000000,Mrk. Bornova Jandarma Komando Ambarlar Yanı,BORNOVA,2.000000,35-BS-00-01-A1*A5-K1*K122-D1*D44-S1-IY1,38.445680,27.289280,11.173348,,1.000000,9.000000,"Arsenik, Nitrit, Amonyum, Alüminyum, Demir, Klorür, İletkenlik, Oksitlenebilirlik, pH",0.000000,Good,Decision Tree,0.000000,1.000000,0.000000
2025-09-10,MEVLANA,25.470000,0.030000,6.960000,1.000000,0.000000,124.800000,,26.000000,1.000000,0.000000,0.065000,0.600000,1.000000,31.000000,0.100000,7.400000,643.000000,88.806438,False,1.000000,1.000000,1.000000,0.304000,0.870000,0.872650,0.376000,0.940000,0.840000,0.896000,0.742800,0.880000,1.000000,,1.000000,1.000000,,,Good,55.000000,1754 Sok. No:25 Asm Mevlana,BORNOVA,2.000000,35-BS-00-01-A1*A5-K1*K122-D1*D44-S1-I4,38.448220,27.230660,11.193562,,1.000000,9.000000,"Arsenik, Nitrit, Amonyum, Alüminyum, Demir, Klorür, İletkenlik, Oksitlenebilirlik, pH",0.000000,Good,Decision Tree,0.000000,1.000000,0.000000
2025-09-10,YEŞİLOVA,24.450000,0.030000,7.040000,1.000000,0.000000,155.100000,,26.000000,1.000000,0.000000,0.065000,0.600000,1.000000,31.000000,0.100000,7.400000,643.000000,88.771775,False,1.000000,1.000000,1.000000,0.296000,0.870000,0.877750,0.224500,0.940000,0.840000,0.896000,0.742800,0.880000,1.000000,,1.000000,1.000000,,,Good,56.000000,A.İpekçi Cd. İle 4040 Sok. Kvs. Yesilova,BORNOVA,2.000000,35-BS-00-01-A1*A5-K1*K122-D1*D44-S1-I3,38.440370,27.201350,11.228225,,1.000000,9.000000,"Arsenik, Nitrit, Amonyum, Alüminyum, Demir, Klorür, İletkenlik, Oksitlenebilirlik, pH",0.000000,Good,Decision Tree,0.000000,1.000000,0.000000
2025-09-10,MERSİNLİ,23.930000,0.030000,6.870000,1.000000,0.000000,123.000000,,26.000000,1.000000,0.000000,0.065000,0.600000,1.000000,31.000000,0.100000,7.400000,644.000000,88.828687,False,1.000000,1.000000,1.000000,0.313000,0.870000,0.880350,0.385000,0.940000,0.840000,0.896000,0.742400,0.880000,1.000000,,1.000000,1.000000,,,Good,57.000000,Fatih cd. İle Beyazıt Cd. Tuğlacı Önü Mersinli,BORNOVA,2.000000,35-BS-00-01-A1*A5-K1*K122-D1*D44-S1-I14,38.440000,27.180530,11.171313,,1.000000,9.000000,"Arsenik, Nitrit, Amonyum, Alüminyum, Demir, Klorür, İletkenlik, Oksitlenebilirlik, pH",0.000000,Good,Decision Tree,0.000000,1.000000,0.000000
2025-09-10,ÇANKAYA,10.380000,0.030000,7.440000,1.000000,0.000000,95.740000,,27.000000,1.000000,0.000000,0.065000,0.600000,1.000000,30.000000,0.000000,7.600000,613.000000,88.532017,False,1.000000,1.000000,1.000000,0.256000,0.870000,0.948100,0.521300,0.940000,0.760000,0.892000,0.754800,0.880000,1.000000,,1.000000,1.000000,,,Good,59.000000,Hürriyet Bulvarı No:14/E,KONAK,8.000000,35-BS-00-04-A1*A5-K1*K122-D1*D44-S1-IY-1,38.424780,27.142050,11.467983,,1.000000,9.000000,"Arsenik, Nitrit, Amonyum, Alüminyum, Demir, Klorür, İletkenlik, Oksitlenebilirlik, pH",0.000000,Good,Decision Tree,0.000000,1.000000,0.000000
2025-09-10,TOROS,10.630000,0.030000,0.950000,1.000000,0.000000,25.120000,,49.000000,1.000000,0.000000,0.065000,0.400000,1.000000,20.000000,0.000000,7.600000,494.000000,90.213735,False,1.000000,1.000000,1.000000,0.905000,0.870000,0.946850,0.874400,0.940000,0.760000,0.804000,0.802400,0.920000,1.000000,,1.000000,1.000000,,,Good,60.000000,Dicle Cad. No:88 Aile Sağlığı Merkezi,KONAK,8.000000,35-BS-00-04-A1*A5-K1*K122-D1*D44-S1-I3,38.407410,27.183640,9.786265,,1.000000,9.000000,"Arsenik, Nitrit, Amonyum, Alüminyum, Demir, Klorür, İletkenlik, Oksitlenebilirlik, pH",0.000000,Good,Decision Tree,0.000000,1.000000,0.000000
2025-09-10,LEVENT,11.380000,0.030000,0.920000,1.000000,0.000000,28.840000,,49.000000,1.000000,0.000000,0.065000,0.400000,1.000000,20.000000,0.000000,7.600000,494.000000,90.217994,False,1.000000,1.000000,1.000000,0.908000,0.870000,0.943100,0.855800,0.940000,0.760000,0.804000,0.802400,0.920000,1.000000,,1.000000,1.000000,,,Good,61.000000,3513 İle 3514 Sok. Kvs Levent,KONAK,8.000000,35-BS-00-04-A1*A5-K1*K122-D1*D44-S1-I8,38.411300,27.163150,9.782006,,1.000000,9.000000,"Arsenik, Nitrit, Amonyum, Alüminyum, Demir, Klorür, İletkenlik, Oksitlenebilirlik, pH",0.000000,Good,Decision Tree,0.000000,1.000000,0.000000
2025-09-10,UFUK MAH,11.980000,0.030000,1.120000,1.000000,0.000000,97.750000,,46.000000,1.000000,0.000000,0.065000,0.400000,1.000000,26.000000,0.000000,7.600000,507.000000,90.134462,False,1.000000,1.000000,1.000000,0.888000,0.870000,0.940100,0.511250,0.940000,0.760000,0.816000,0.797200,0.920000,1.000000,,1.000000,1.000000,,,Good,62.000000,914 Sok. No.7/A Ufuk Mah.,BUCA,3.000000,35-BS-00-02-A1*A5-K1*K122-D1*D44-S1-I5,38.403620,27.165620,9.865538,,1.000000,9.000000,"Arsenik, Nitrit, Amonyum, Alüminyum, Demir, Klorür, İletkenlik, Oksitlenebilirlik, pH",0.000000,Good,Decision Tree,0.000000,1.000000,0.000000
2025-09-10,EVKA-1,11.760000,0.030000,1.040000,1.000000,0.000000,27.430000,,49.000000,1.000000,0.000000,0.065000,0.400000,1.000000,20.000000,0.000000,7.600000,496.000000,90.191418,False,1.000000,1.000000,1.000000,0.896000,0.870000,0.941200,0.862850,0.940000,0.760000,0.804000,0.801600,0.920000,1.000000,,1.000000,1.000000,,,Good,63.000000,Türkmenistan Cad. İle 1206 Sok.. Kvs. Evka-1,BUCA,3.000000,35-BS-00-02-A1*A5-K1*K122-D1*D44-S1-I9,38.400630,27.194670,9.808582,,1.000000,9.000000,"Arsenik, Nitrit, Amonyum, Alüminyum, Demir, Klorür, İletkenlik, Oksitlenebilirlik, pH",0.000000,Good,Decision Tree,0.000000,1.000000,0.000000
2025-09-10,ADATEPE,12.490000,0.030000,1.280000,1.000000,0.000000,87.180000,,46.000000,1.000000,0.000000,0.065000,0.400000,1.000000,26.000000,0.000000,7.600000,507.000000,90.103951,False,1.000000,1.000000,1.000000,0.872000,0.870000,0.937550,0.564100,0.940000,0.760000,0.816000,0.797200,0.920000,1.000000,,1.000000,1.000000,,,Good,64.000000,3 İle 3/8 Sok. Kvs. Adatepe,BUCA,3.000000,35-BS-00-02-A1*A5-K1*K122-D1*D44-S1-I4,38.381540,27.184940,9.896049,,1.000000,9.000000,"Arsenik, Nitrit, Amonyum, Alüminyum, Demir, Klorür, İletkenlik, Oksitlenebilirlik, pH",0.000000,Good,Decision Tree,0.000000,1.000000,0.000000
2025-09-10,KURUÇEŞME,14.490000,0.030000,1.140000,1.000000,0.000000,126.800000,,46.000000,1.000000,0.000000,0.065000,0.400000,1.000000,26.000000,0.000000,7.600000,510.000000,90.112074,False,1.000000,1.000000,1.000000,0.886000,0.870000,0.927550,0.366000,0.940000,0.760000,0.816000,0.796000,0.920000,1.000000,,1.000000,1.000000,,,Good,65.000000,Dogus Cad. İle A.Yesevi Cd. Kvs. Kuruçeşme,BUCA,3.000000,35-BS-00-02-A1*A5-K1*K122-D1*D44-S1-I2,38.372330,27.194500,9.887926,,1.000000,9.000000,"Arsenik, Nitrit, Amonyum, Alüminyum, Demir, Klorür, İletkenlik, Oksitlenebilirlik, pH",0.000000,Good,Decision Tree,0.000000,1.000000,0.000000
2025-09-10,KOZAĞAÇ,14.730000,0.030000,1.060000,1.000000,0.000000,108.800000,,46.000000,1.000000,0.000000,0.065000,0.400000,1.000000,26.000000,0.000000,7.600000,509.000000,90.140225,False,1.000000,1.000000,1.000000,0.894000,0.870000,0.926350,0.456000,0.940000,0.760000,0.816000,0.796400,0.920000,1.000000,,1.000000,1.000000,,,Good,66.000000,I.Sivri Cd. İle 254 Sok.. Kvs. Kozağaç,BUCA,3.000000,35-BS-00-02-A1*A5-K1*K122-D1*D44-S1-I8,38.377130,27.169560,9.859775,,1.000000,9.000000,"Arsenik, Nitrit, Amonyum, Alüminyum, Demir, Klorür, İletkenlik, Oksitlenebilirlik, pH",0.000000,Good,Decision Tree,0.000000,1.000000,0.000000
2025-09-10,ÇAMLIKULE,12.300000,0.030000,1.080000,1.000000,0.000000,101.200000,,46.000000,1.000000,0.000000,0.065000,0.400000,1.000000,26.000000,0.000000,7.600000,509.000000,90.141373,False,1.000000,1.000000,1.000000,0.892000,0.870000,0.938500,0.494000,0.940000,0.760000,0.816000,0.796400,0.920000,1.000000,,1.000000,1.000000,,,Good,67.000000,220 Sok. No:163/B Çamlıkule,BUCA,3.000000,35-BS-00-02-A1*A5-K1*K122-D1*D44-S1-I3,38.372280,27.171530,9.858627,,1.000000,9.000000,"Arsenik, Nitrit, Amonyum, Alüminyum, Demir, Klorür, İletkenlik, Oksitlenebilirlik, pH",0.000000,Good,Decision Tree,0.000000,1.000000,0.000000
2025-09-10,AKINCILAR,13.670000,0.030000,1.030000,1.000000,0.000000,98.420000,,46.000000,1.000000,0.000000,0.065000,0.400000,1.000000,26.000000,0.000000,7.600000,509.000000,90.153484,False,1.000000,1.000000,1.000000,0.897000,0.870000,0.931650,0.507900,0.940000,0.760000,0.816000,0.796400,0.920000,1.000000,,1.000000,1.000000,,,Good,68.000000,A.Hatboyu Cd. İle 545 Sok.. Kvs. Akıncılar,BUCA,3.000000,35-BS-00-02-A1*A5-K1*K122-D1*D44-S1-I7,38.387460,27.147600,9.846516,,1.000000,9.000000,"Arsenik, Nitrit, Amonyum, Alüminyum, Demir, Klorür, İletkenlik, Oksitlenebilirlik, pH",0.000000,Good,Decision Tree,0.000000,1.000000,0.000000
2025-09-10,UĞUR MUMCU MAH,8.800000,0.030000,0.740000,1.000000,0.000000,39.870000,,52.000000,1.000000,0.000000,0.065000,0.400000,1.000000,22.000000,0.000000,7.600000,496.000000,90.252848,False,1.000000,1.000000,1.000000,0.926000,0.870000,0.956000,0.800650,0.940000,0.760000,0.792000,0.801600,0.920000,1.000000,,1.000000,1.000000,,,Good,69.000000,5777 İle 5780 Sok. Kvs. U. Mumcu,KARABAĞLAR,59.000000,35-BS-00-30-A1*A5-K1*K122-D1*D44-S1-I1,38.381830,27.130670,9.747152,,1.000000,9.000000,"Arsenik, Nitrit, Amonyum, Alüminyum, Demir, Klorür, İletkenlik, Oksitlenebilirlik, pH",0.000000,Good,Decision Tree,0.000000,1.000000,0.000000
2025-09-10,ÇAMLIK MAH,12.350000,0.030000,0.780000,1.000000,0.000000,46.440000,,52.000000,1.000000,0.000000,0.065000,0.400000,1.000000,22.000000,0.000000,7.600000,496.000000,90.238074,False,1.000000,1.000000,1.000000,0.922000,0.870000,0.938250,0.767800,0.940000,0.760000,0.792000,0.801600,0.920000,1.000000,,1.000000,1.000000,,,Good,70.000000,4969 Sok. No:2/A Çamlık,KARABAĞLAR,59.000000,35-BS-00-30-A1*A5-K1*K122-D1*D44-S1-I2,38.366230,27.120330,9.761926,,1.000000,9.000000,"Arsenik, Nitrit, Amonyum, Alüminyum, Demir, Klorür, İletkenlik, Oksitlenebilirlik, pH",0.000000,Good,Decision Tree,0.000000,1.000000,0.000000
2025-09-10,AKTEPE,9.440000,0.030000,0.700000,1.000000,0.000000,38.130000,,52.000000,1.000000,0.000000,0.065000,0.400000,1.000000,22.000000,0.000000,7.600000,497.000000,90.262517,False,1.000000,1.000000,1.000000,0.930000,0.870000,0.952800,0.809350,0.940000,0.760000,0.792000,0.801200,0.920000,1.000000,,1.000000,1.000000,,,Good,71.000000,Altan Aydin İle 4165 Sok.. Kvs Aktepe,GAZİEMİR,5.000000,35-BS-00-25-A1*A5-K1*K122-D1*D44-S1-I5,38.352350,27.125160,9.737483,,1.000000,9.000000,"Arsenik, Nitrit, Amonyum, Alüminyum, Demir, Klorür, İletkenlik, Oksitlenebilirlik, pH",0.000000,Good,Decision Tree,0.000000,1.000000,0.000000
2025-09-10,9 EYLÜL MAH,7.990000,0.030000,0.730000,1.000000,0.000000,39.020000,,52.000000,1.000000,0.000000,0.065000,0.400000,1.000000,22.000000,0.000000,7.600000,498.000000,90.256043,False,1.000000,1.000000,1.000000,0.927000,0.870000,0.960050,0.804900,0.940000,0.760000,0.792000,0.800800,0.920000,1.000000,,1.000000,1.000000,,,Good,72.000000,Kahramanlar Cd. No:2 H. Bayram Camii,GAZİEMİR,5.000000,35-BS-00-25-A1*A5-K1*K122-D1*D44-S1-I2,38.327138,27.137154,9.743957,,1.000000,9.000000,"Arsenik, Nitrit, Amonyum, Alüminyum, Demir, Klorür, İletkenlik, Oksitlenebilirlik, pH",0.000000,Good,Decision Tree,0.000000,1.000000,0.000000
2025-09-10,BEYAZEVLER,8.850000,0.030000,3.450000,1.000000,0.000000,38.610000,,52.000000,1.000000,0.000000,0.065000,0.400000,1.000000,22.000000,0.000000,7.600000,499.000000,89.640353,False,1.000000,1.000000,1.000000,0.655000,0.870000,0.955750,0.806950,0.940000,0.760000,0.792000,0.800400,0.920000,1.000000,,1.000000,1.000000,,,Good,73.000000,514 Sok.. No:3/A Beyazevler,GAZİEMİR,5.000000,35-BS-00-25-A1*A5-K1*K122-D1*D44-S1-I3,38.341790,27.140280,10.359647,,1.000000,9.000000,"Arsenik, Nitrit, Amonyum, Alüminyum, Demir, Klorür, İletkenlik, Oksitlenebilirlik, pH",0.000000,Good,Decision Tree,0.000000,1.000000,0.000000
2025-09-10,UZUNDERE,8.490000,0.030000,0.690000,1.000000,0.000000,39.340000,,52.000000,1.000000,0.000000,0.065000,0.400000,1.000000,22.000000,0.000000,7.600000,499.000000,90.264626,False,1.000000,1.000000,1.000000,0.931000,0.870000,0.957550,0.803300,0.940000,0.760000,0.792000,0.800400,0.920000,1.000000,,1.000000,1.000000,,,Good,74.000000,Eski Izmir Cad. 3959 Kvs Uzundere,KARABAĞLAR,59.000000,35-BS-00-30-A1*A5-K1*K122-D1*D44-S1-I4,38.360060,27.104090,9.735374,,1.000000,9.000000,"Arsenik, Nitrit, Amonyum, Alüminyum, Demir, Klorür, İletkenlik, Oksitlenebilirlik, pH",0.000000,Good,Decision Tree,0.000000,1.000000,0.000000
2025-09-10,CENNETÇEŞME,8.320000,0.030000,0.680000,1.000000,0.000000,38.010000,,52.000000,1.000000,0.000000,0.065000,0.400000,1.000000,22.000000,0.000000,7.600000,499.000000,90.267737,False,1.000000,1.000000,1.000000,0.932000,0.870000,0.958400,0.809950,0.940000,0.760000,0.792000,0.800400,0.920000,1.000000,,1.000000,1.000000,,,Good,75.000000,3948/6 Sok. No:2 C.Çeşme,KARABAĞLAR,59.000000,35-BS-00-30-A1*A5-K1*K122-D1*D44-S1-I9,38.361680,27.093850,9.732263,,1.000000,9.000000,"Arsenik, Nitrit, Amonyum, Alüminyum, Demir, Klorür, İletkenlik, Oksitlenebilirlik, pH",0.000000,Good,Decision Tree,0.000000,1.000000,0.000000
2025-09-10,GÜZELBAHÇE,57.790000,0.030000,2.670000,1.000000,0.000000,43.970000,,52.000000,1.000000,0.000000,0.065000,0.400000,1.000000,22.000000,0.000000,7.600000,493.000000,89.786144,False,1.000000,1.000000,1.000000,0.733000,0.870000,0.711050,0.780150,0.940000,0.760000,0.792000,0.802800,0.920000,1.000000,,1.000000,1.000000,,,Good,76.000000,Mithatpaşa Caddesi No:479,GÜZELBAHÇE,6.000000,35-BS-00-28-A1*A5-K1*K122-D1*D44-S1-IY-1,38.377140,26.883660,10.213856,,1.000000,9.000000,"Arsenik, Nitrit, Amonyum, Alüminyum, Demir, Klorür, İletkenlik, Oksitlenebilirlik, pH",0.000000,Good,Decision Tree,0.000000,1.000000,0.000000
2025-09-10,İNCİRALTI,64.680000,0.030000,2.860000,1.000000,0.000000,45.080000,,52.000000,1.000000,0.000000,0.065000,0.400000,1.000000,22.000000,0.000000,7.600000,493.000000,89.738629,False,1.000000,1.000000,1.000000,0.714000,0.870000,0.676600,0.774600,0.940000,0.760000,0.792000,0.802800,0.920000,1.000000,,1.000000,1.000000,,,Good,78.000000,Başak Cd. No:16 Bahçe Cafe İnciralti,BALÇOVA,1.000000,35-BS-00-26-A1*A5-K1*K122-D1*D44-S1-I1,38.409090,27.035910,10.261371,,1.000000,9.000000,"Arsenik, Nitrit, Amonyum, Alüminyum, Demir, Klorür, İletkenlik, Oksitlenebilirlik, pH",0.000000,Good,Decision Tree,0.000000,1.000000,0.000000
2025-09-10,ESENDERE,75.170000,0.030000,2.980000,1.000000,0.000000,50.180000,,52.000000,1.000000,0.000000,0.065000,0.400000,1.000000,22.000000,0.000000,7.600000,489.000000,89.702673,False,1.000000,1.000000,1.000000,0.702000,0.870000,0.624150,0.749100,0.940000,0.760000,0.792000,0.804400,0.920000,1.000000,,1.000000,1.000000,,,Good,79.000000,52/74 İle 52/18 Sok. Kvs Esendere,KARABAĞLAR,59.000000,35-BS-00-30-A1*A5-K1*K122-D1*D44-S1-I5,38.391050,27.089590,10.297327,,1.000000,9.000000,"Arsenik, Nitrit, Amonyum, Alüminyum, Demir, Klorür, İletkenlik, Oksitlenebilirlik, pH",0.000000,Good,Decision Tree,0.000000,1.000000,0.000000
2025-09-10,KADİFEKALE,10.180000,0.030000,0.760000,1.000000,0.000000,57.500000,,52.000000,1.000000,0.000000,0.065000,0.400000,1.000000,22.000000,0.000000,7.600000,495.000000,90.237574,False,1.000000,1.000000,1.000000,0.924000,0.870000,0.949100,0.712500,0.940000,0.760000,0.792000,0.802000,0.920000,1.000000,,1.000000,1.000000,,,Good,80.000000,R.Erkutlu Şehitlik Önü No:290/A Kadifekale,KONAK,8.000000,35-BS-00-04-A1*A5-K1*K122-D1*D44-S1-I6,38.412820,27.140320,9.762426,,1.000000,9.000000,"Arsenik, Nitrit, Amonyum, Alüminyum, Demir, Klorür, İletkenlik, Oksitlenebilirlik, pH",0.000000,Good,Decision Tree,0.000000,1.000000,0.000000
2025-09-17,YENİŞEHİR,9.820000,0.030000,2.440000,1.000000,0.000000,13.090000,,27.000000,1.000000,0.000000,0.065000,0.600000,1.000000,30.000000,0.100000,7.600000,626.000000,89.710346,False,1.000000,1.000000,1.000000,0.756000,0.870000,0.950900,0.934550,0.940000,0.760000,0.892000,0.749600,0.880000,1.000000,,1.000000,1.000000,,,Good,2.000000,Gaziler Cad. No:185 İtfaiye Önü,KONAK,8.000000,35-BS-00-04-A1*A5-K1*K122-D1*D44-S1-I10,38.422640,27.153840,10.289654,,1.000000,9.000000,"Arsenik, Nitrit, Amonyum, Alüminyum, Demir, Klorür, İletkenlik, Oksitlenebilirlik, pH",0.000000,Good,Decision Tree,0.000000,1.000000,0.000000
2025-09-17,KONAK,9.650000,0.030000,2.500000,1.000000,0.000000,17.400000,,27.000000,1.000000,0.000000,0.065000,0.600000,1.000000,30.000000,0.100000,7.600000,626.000000,89.694428,False,1.000000,1.000000,1.000000,0.750000,0.870000,0.951750,0.913000,0.940000,0.760000,0.892000,0.749600,0.880000,1.000000,,1.000000,1.000000,,,Good,3.000000,854 Sok No:51/A,KONAK,8.000000,35-BS-00-04-A1*A5-K1*K122-D1*D44-S1-I5,38.420610,27.130760,10.305572,,1.000000,9.000000,"Arsenik, Nitrit, Amonyum, Alüminyum, Demir, Klorür, İletkenlik, Oksitlenebilirlik, pH",0.000000,Good,Decision Tree,0.000000,1.000000,0.000000
2025-09-17,GÜZELBAHÇE,64.540000,0.030000,3.700000,1.000000,0.000000,30.550000,,25.000000,1.000000,0.000000,0.065000,0.400000,1.000000,24.000000,0.000000,8.100000,460.000000,89.090421,False,1.000000,1.000000,1.000000,0.630000,0.870000,0.677300,0.847250,0.940000,0.560000,0.900000,0.816000,0.920000,1.000000,,1.000000,1.000000,,,Good,4.000000,Kazım Dirik Cad. No.46,GÜZELBAHÇE,6.000000,35-BS-00-28-A1*A5-K1*K122-D1*D44-S1-I1,38.363366,26.866501,10.909579,,1.000000,9.000000,"Arsenik, Nitrit, Amonyum, Alüminyum, Demir, Klorür, İletkenlik, Oksitlenebilirlik, pH",0.000000,Good,Decision Tree,0.000000,1.000000,0.000000
2025-09-17,NARLIDERE,63.120000,0.030000,3.690000,1.000000,0.000000,32.090000,,25.000000,1.000000,0.000000,0.065000,0.400000,1.000000,24.000000,0.000000,8.100000,459.000000,89.092619,False,1.000000,1.000000,1.000000,0.631000,0.870000,0.684400,0.839550,0.940000,0.560000,0.900000,0.816400,0.920000,1.000000,,1.000000,1.000000,,,Good,5.000000,İzsu Narlıdere Teknik Amirlik,NARLIDERE,9.000000,35-BS-00-27-A1*A5-K1*K122-D1*D44-S1-I2,38.394150,27.009890,10.907381,,1.000000,9.000000,"Arsenik, Nitrit, Amonyum, Alüminyum, Demir, Klorür, İletkenlik, Oksitlenebilirlik, pH",0.000000,Good,Decision Tree,0.000000,1.000000,0.000000
2025-09-17,BALÇOVA,67.400000,0.030000,3.790000,1.000000,0.000000,36.930000,,25.000000,1.000000,0.000000,0.065000,0.400000,1.000000,24.000000,0.000000,8.100000,459.000000,89.064835,False,1.000000,1.000000,1.000000,0.621000,0.870000,0.663000,0.815350,0.940000,0.560000,0.900000,0.816400,0.920000,1.000000,,1.000000,1.000000,,,Good,6.000000,M.Pasa Cad. İle Hüseyin Ögütcen Kavşağı,BALÇOVA,1.000000,35-BS-00-26-A1*A5-K1*K122-D1*D44-S1-I2,38.394150,27.038360,10.935165,,1.000000,9.000000,"Arsenik, Nitrit, Amonyum, Alüminyum, Demir, Klorür, İletkenlik, Oksitlenebilirlik, pH",0.000000,Good,Decision Tree,0.000000,1.000000,0.000000
2025-09-17,ÜÇKUYULAR,59.040000,0.030000,3.650000,1.000000,0.000000,34.720000,,25.000000,1.000000,0.000000,0.065000,0.400000,1.000000,24.000000,0.000000,8.100000,459.000000,89.102490,False,1.000000,1.000000,1.000000,0.635000,0.870000,0.704800,0.826400,0.940000,0.560000,0.900000,0.816400,0.920000,1.000000,,1.000000,1.000000,,,Good,7.000000,65/17 Sok. No:45 Yumurtacı Ahmet Camii,KARABAĞLAR,59.000000,35-BS-00-30-A1*A5-K1*K122-D1*D44-S1-I6,38.393940,27.069370,10.897510,,1.000000,9.000000,"Arsenik, Nitrit, Amonyum, Alüminyum, Demir, Klorür, İletkenlik, Oksitlenebilirlik, pH",0.000000,Good,Decision Tree,0.000000,1.000000,0.000000
2025-09-17,GÜZELYALI,7.260000,0.030000,1.540000,1.000000,0.000000,14.770000,,53.000000,1.000000,0.000000,0.065000,0.400000,1.000000,22.000000,0.000000,7.600000,505.000000,90.086514,False,1.000000,1.000000,1.000000,0.846000,0.870000,0.963700,0.926150,0.940000,0.760000,0.788000,0.798000,0.920000,1.000000,,1.000000,1.000000,,,Good,8.000000,34.Sok. No:5 TSM Güzelyalı,KONAK,8.000000,35-BS-00-04-A1*A5-K1*K122-D1*D44-S1-I11,38.398080,27.079620,9.913486,,1.000000,9.000000,"Arsenik, Nitrit, Amonyum, Alüminyum, Demir, Klorür, İletkenlik, Oksitlenebilirlik, pH",0.000000,Good,Decision Tree,0.000000,1.000000,0.000000
2025-09-17,HATAY,10.960000,0.030000,6.170000,1.000000,0.000000,17.010000,,27.000000,1.000000,0.000000,0.065000,0.600000,1.000000,30.000000,0.100000,7.600000,625.000000,88.863531,False,1.000000,1.000000,1.000000,0.383000,0.870000,0.945200,0.914950,0.940000,0.760000,0.892000,0.750000,0.880000,1.000000,,1.000000,1.000000,,,Good,9.000000,İnönü Cad. İle 100 Sok. Kavşağı,KONAK,8.000000,35-BS-00-04-A1*A5-K1*K122-D1*D44-S1-I13,38.401640,27.099450,11.136469,,1.000000,9.000000,"Arsenik, Nitrit, Amonyum, Alüminyum, Demir, Klorür, İletkenlik, Oksitlenebilirlik, pH",0.000000,Good,Decision Tree,0.000000,1.000000,0.000000
2025-09-17,HALİL RIFAT PAŞA,7.730000,0.030000,1.490000,1.000000,0.000000,16.870000,,53.000000,1.000000,0.000000,0.065000,0.400000,1.000000,22.000000,0.000000,7.600000,506.000000,90.096369,False,1.000000,1.000000,1.000000,0.851000,0.870000,0.961350,0.915650,0.940000,0.760000,0.788000,0.797600,0.920000,1.000000,,1.000000,1.000000,,,Good,10.000000,Halilrıfatpaşa Cad. No:143/A,KONAK,8.000000,35-BS-00-04-A1*A5-K1*K122-D1*D44-S1-I12,38.409770,27.125270,9.903631,,1.000000,9.000000,"Arsenik, Nitrit, Amonyum, Alüminyum, Demir, Klorür, İletkenlik, Oksitlenebilirlik, pH",0.000000,Good,Decision Tree,0.000000,1.000000,0.000000
2025-09-17,YEŞİLYURT,8.920000,0.030000,2.240000,1.000000,0.000000,17.040000,,53.000000,1.000000,0.000000,0.065000,0.400000,1.000000,22.000000,0.000000,7.600000,505.000000,89.925907,False,1.000000,1.000000,1.000000,0.776000,0.870000,0.955400,0.914800,0.940000,0.760000,0.788000,0.798000,0.920000,1.000000,,1.000000,1.000000,,,Good,11.000000,Ulu Önder Cad. İle Gökdere Cad.Kavşağı,KARABAĞLAR,59.000000,35-BS-00-30-A1*A5-K1*K122-D1*D44-S1-I7,38.404270,27.113010,10.074093,,1.000000,9.000000,"Arsenik, Nitrit, Amonyum, Alüminyum, Demir, Klorür, İletkenlik, Oksitlenebilirlik, pH",0.000000,Good,Decision Tree,0.000000,1.000000,0.000000
2025-09-17,KARABAĞLAR,9.300000,0.030000,1.390000,1.000000,0.000000,18.150000,,53.000000,1.000000,0.000000,0.065000,0.400000,1.000000,22.000000,0.000000,7.600000,506.000000,90.117383,False,1.000000,1.000000,1.000000,0.861000,0.870000,0.953500,0.909250,0.940000,0.760000,0.788000,0.797600,0.920000,1.000000,,1.000000,1.000000,,,Good,13.000000,4058 Sok. İle 4056 Sok. Kavşağı,KARABAĞLAR,59.000000,35-BS-00-30-A1*A5-K1*K122-D1*D44-S1-I8,38.374260,27.134100,9.882617,,1.000000,9.000000,"Arsenik, Nitrit, Amonyum, Alüminyum, Demir, Klorür, İletkenlik, Oksitlenebilirlik, pH",0.000000,Good,Decision Tree,0.000000,1.000000,0.000000
2025-09-17,ESKİ İZMİR,7.990000,0.030000,1.440000,1.000000,0.000000,19.480000,,53.000000,1.000000,0.000000,0.065000,0.400000,1.000000,22.000000,0.000000,7.600000,506.000000,90.106059,False,1.000000,1.000000,1.000000,0.856000,0.870000,0.960050,0.902600,0.940000,0.760000,0.788000,0.797600,0.920000,1.000000,,1.000000,1.000000,,,Good,14.000000,Eski Izmir Cad. No:562/A Kahve,KARABAĞLAR,59.000000,35-BS-00-30-A1*A5-K1*K122-D1*D44-S1-I3,38.376220,27.107190,9.893941,,1.000000,9.000000,"Arsenik, Nitrit, Amonyum, Alüminyum, Demir, Klorür, İletkenlik, Oksitlenebilirlik, pH",0.000000,Good,Decision Tree,0.000000,1.000000,0.000000
2025-09-17,GAZİEMİR,60.540000,0.030000,3.600000,1.000000,0.000000,33.950000,,25.000000,1.000000,0.000000,0.065000,0.400000,1.000000,24.000000,0.000000,8.100000,459.000000,89.113390,False,1.000000,1.000000,1.000000,0.640000,0.870000,0.697300,0.830250,0.940000,0.560000,0.900000,0.816400,0.920000,1.000000,,1.000000,1.000000,,,Good,15.000000,Abdullah Arda Meydanı No:29 Arkadaşlar Kahvesi,GAZİEMİR,5.000000,35-BS-00-25-A1*A5-K1*K122-D1*D44-S1-I4-Y1,38.321780,27.126430,10.886610,,1.000000,9.000000,"Arsenik, Nitrit, Amonyum, Alüminyum, Demir, Klorür, İletkenlik, Oksitlenebilirlik, pH",0.000000,Good,Decision Tree,0.000000,1.000000,0.000000
2025-09-17,GEDİZ,7.680000,0.030000,1.810000,1.000000,0.000000,17.290000,,53.000000,1.000000,0.000000,0.065000,0.400000,1.000000,22.000000,0.000000,7.600000,507.000000,90.023753,False,1.000000,1.000000,1.000000,0.819000,0.870000,0.961600,0.913550,0.940000,0.760000,0.788000,0.797200,0.920000,1.000000,,1.000000,1.000000,,,Good,16.000000,682/4 Sok. No:2 Gediz,BUCA,3.000000,35-BS-00-02-A1*A5-K1*K122-D1*D44-S1-I10,38.361880,27.144380,9.976247,,1.000000,9.000000,"Arsenik, Nitrit, Amonyum, Alüminyum, Demir, Klorür, İletkenlik, Oksitlenebilirlik, pH",0.000000,Good,Decision Tree,0.000000,1.000000,0.000000
2025-09-17,ŞİRİNYER,9.590000,0.030000,1.740000,1.000000,0.000000,19.530000,,53.000000,1.000000,0.000000,0.065000,0.400000,1.000000,22.000000,0.000000,7.600000,507.000000,90.037244,False,1.000000,1.000000,1.000000,0.826000,0.870000,0.952050,0.902350,0.940000,0.760000,0.788000,0.797200,0.920000,1.000000,,1.000000,1.000000,,,Good,17.000000,Koşuyolu Cad. Efeler Mah. No:41 Avni Naili Limboz Camii,BUCA,3.000000,35-BS-00-02-A1*A5-K1*K122-D1*D44-S1-I6,38.391680,27.150310,9.962756,,1.000000,9.000000,"Arsenik, Nitrit, Amonyum, Alüminyum, Demir, Klorür, İletkenlik, Oksitlenebilirlik, pH",0.000000,Good,Decision Tree,0.000000,1.000000,0.000000
2025-09-17,BUCA,10.160000,0.030000,1.850000,1.000000,0.000000,22.650000,,53.000000,1.000000,0.000000,0.065000,0.400000,1.000000,22.000000,0.000000,7.600000,507.000000,90.010267,False,1.000000,1.000000,1.000000,0.815000,0.870000,0.949200,0.886750,0.940000,0.760000,0.788000,0.797200,0.920000,1.000000,,1.000000,1.000000,,,Good,18.000000,Başarı Cad.İle 170. Sok.Kavşağı,BUCA,3.000000,35-BS-00-02-A1*A5-K1*K122-D1*D44-S1-I1,38.389300,27.176440,9.989733,,1.000000,9.000000,"Arsenik, Nitrit, Amonyum, Alüminyum, Demir, Klorür, İletkenlik, Oksitlenebilirlik, pH",0.000000,Good,Decision Tree,0.000000,1.000000,0.000000
2025-09-17,GÜLÇEŞME,9.080000,0.030000,1.830000,1.000000,0.000000,19.350000,,53.000000,1.000000,0.000000,0.065000,0.400000,1.000000,22.000000,0.000000,7.600000,506.000000,90.017274,False,1.000000,1.000000,1.000000,0.817000,0.870000,0.954600,0.903250,0.940000,0.760000,0.788000,0.797600,0.920000,1.000000,,1.000000,1.000000,,,Good,19.000000,3586 Sok. No:1 Gürçeşme,KONAK,8.000000,35-BS-00-04-A1*A5-K1*K122-D1*D44-S1-I15,38.404510,27.151350,9.982726,,1.000000,9.000000,"Arsenik, Nitrit, Amonyum, Alüminyum, Demir, Klorür, İletkenlik, Oksitlenebilirlik, pH",0.000000,Good,Decision Tree,0.000000,1.000000,0.000000
2025-09-17,GÜLTEPE,9.660000,0.030000,2.180000,1.000000,0.000000,16.300000,,27.000000,1.000000,0.000000,0.065000,0.400000,1.000000,30.000000,0.100000,7.600000,624.000000,89.948465,False,1.000000,1.000000,1.000000,0.782000,0.870000,0.951700,0.918500,0.940000,0.760000,0.892000,0.750400,0.920000,1.000000,,1.000000,1.000000,,,Good,20.000000,Selimiye Cad. No:30/B Gültepe,KONAK,8.000000,35-BS-00-04-A1*A5-K1*K122-D1*D44-S1-I16,38.416220,27.172680,10.051535,,1.000000,9.000000,"Arsenik, Nitrit, Amonyum, Alüminyum, Demir, Klorür, İletkenlik, Oksitlenebilirlik, pH",0.000000,Good,Decision Tree,0.000000,1.000000,0.000000
2025-09-17,ALTINDAĞ,11.810000,0.030000,2.120000,1.000000,0.000000,19.030000,,28.000000,1.000000,0.000000,0.065000,0.600000,1.000000,31.000000,0.100000,7.600000,643.000000,89.777840,False,1.000000,1.000000,1.000000,0.788000,0.870000,0.940950,0.904850,0.940000,0.760000,0.888000,0.742800,0.880000,1.000000,,1.000000,1.000000,,,Good,21.000000,Kemalpaşa Cad. No: 46,BORNOVA,2.000000,35-BS-00-01-A1*A5-K1*K122-D1*D44-S1-I9,38.425580,27.202560,10.222160,,1.000000,9.000000,"Arsenik, Nitrit, Amonyum, Alüminyum, Demir, Klorür, İletkenlik, Oksitlenebilirlik, pH",0.000000,Good,Decision Tree,0.000000,1.000000,0.000000
2025-09-17,ÇAMDİBİ,12.030000,0.030000,2.200000,1.000000,0.000000,22.900000,,28.000000,1.000000,0.000000,0.065000,0.600000,1.000000,31.000000,0.100000,7.600000,645.000000,89.757418,False,1.000000,1.000000,1.000000,0.780000,0.870000,0.939850,0.885500,0.940000,0.760000,0.888000,0.742000,0.880000,1.000000,,1.000000,1.000000,,,Good,22.000000,5227 Sok. No:35/C Çamdibi,BORNOVA,2.000000,35-BS-00-01-A1*A5-K1*K122-D1*D44-S1-I12,38.435530,27.191010,10.242582,,1.000000,9.000000,"Arsenik, Nitrit, Amonyum, Alüminyum, Demir, Klorür, İletkenlik, Oksitlenebilirlik, pH",0.000000,Good,Decision Tree,0.000000,1.000000,0.000000
2025-09-17,IŞIKKENT,12.680000,0.030000,2.270000,1.000000,0.000000,18.390000,,28.000000,1.000000,0.000000,0.065000,0.600000,1.000000,31.000000,0.100000,7.600000,646.000000,89.743760,False,1.000000,1.000000,1.000000,0.773000,0.870000,0.936600,0.908050,0.940000,0.760000,0.888000,0.741600,0.880000,1.000000,,1.000000,1.000000,,,Good,23.000000,Cumhuriyet Meydanı No:16  Işıkkent,BORNOVA,2.000000,35-BS-00-01-A1*A5-K1*K122-D1*D44-S1-I8,38.424540,27.230760,10.256240,,1.000000,9.000000,"Arsenik, Nitrit, Amonyum, Alüminyum, Demir, Klorür, İletkenlik, Oksitlenebilirlik, pH",0.000000,Good,Decision Tree,0.000000,1.000000,0.000000
2025-09-17,PINARBAŞI,10.860000,0.030000,1.940000,1.000000,0.000000,15.340000,,28.000000,1.000000,0.000000,0.065000,0.600000,1.000000,31.000000,0.100000,7.600000,647.000000,89.821177,False,1.000000,1.000000,1.000000,0.806000,0.870000,0.945700,0.923300,0.940000,0.760000,0.888000,0.741200,0.880000,1.000000,,1.000000,1.000000,,,Good,24.000000,Çanakkale Cad.İle 7057 Sok KavsağıPınarbaşı,BORNOVA,2.000000,35-BS-00-01-A1*A5-K1*K122-D1*D44-S1-I10,38.429880,27.266470,10.178823,,1.000000,9.000000,"Arsenik, Nitrit, Amonyum, Alüminyum, Demir, Klorür, İletkenlik, Oksitlenebilirlik, pH",0.000000,Good,Decision Tree,0.000000,1.000000,0.000000
2025-09-17,EVKA-3,11.840000,0.030000,2.200000,1.000000,0.000000,20.130000,,28.000000,1.000000,0.000000,0.065000,0.600000,1.000000,31.000000,0.100000,7.600000,646.000000,89.759089,False,1.000000,1.000000,1.000000,0.780000,0.870000,0.940800,0.899350,0.940000,0.760000,0.888000,0.741600,0.880000,1.000000,,1.000000,1.000000,,,Good,25.000000,Şehitler Cad. No:22 H.Mustafa Gökdemir Camii Evka-3,BORNOVA,2.000000,35-BS-00-01-A1*A5-K1*K122-D1*D44-S1-I2,38.473220,27.250940,10.240911,,1.000000,9.000000,"Arsenik, Nitrit, Amonyum, Alüminyum, Demir, Klorür, İletkenlik, Oksitlenebilirlik, pH",0.000000,Good,Decision Tree,0.000000,1.000000,0.000000
2025-09-17,BORNOVA,12.340000,0.030000,2.460000,1.000000,0.000000,18.930000,,28.000000,1.000000,0.000000,0.065000,0.600000,1.000000,31.000000,0.100000,7.600000,648.000000,89.700650,False,1.000000,1.000000,1.000000,0.754000,0.870000,0.938300,0.905350,0.940000,0.760000,0.888000,0.740800,0.880000,1.000000,,1.000000,1.000000,,,Good,26.000000,Ege Üni.Kampüsü İtfaiye Çeşmesi/İzsu Teknik Amirlik,BORNOVA,2.000000,35-BS-00-01-A1*A5-K1*K122-D1*D44-S1-I11,38.460950,27.228200,10.299350,,1.000000,9.000000,"Arsenik, Nitrit, Amonyum, Alüminyum, Demir, Klorür, İletkenlik, Oksitlenebilirlik, pH",0.000000,Good,Decision Tree,0.000000,1.000000,0.000000
2025-09-17,ATATÜRK MAH,10.590000,0.030000,2.210000,1.000000,0.000000,18.100000,,28.000000,1.000000,0.000000,0.065000,0.600000,1.000000,31.000000,0.100000,7.600000,646.000000,89.758682,False,1.000000,1.000000,1.000000,0.779000,0.870000,0.947050,0.909500,0.940000,0.760000,0.888000,0.741600,0.880000,1.000000,,1.000000,1.000000,,,Good,27.000000,Hürriyet Cad. Polis Mer. No:86 Atatürk,BORNOVA,2.000000,35-BS-00-01-A1*A5-K1*K122-D1*D44-S1-I13,38.475820,27.208680,10.241318,,1.000000,9.000000,"Arsenik, Nitrit, Amonyum, Alüminyum, Demir, Klorür, İletkenlik, Oksitlenebilirlik, pH",0.000000,Good,Decision Tree,0.000000,1.000000,0.000000
2025-09-17,OSMANGAZİ,11.230000,0.030000,2.220000,1.000000,0.000000,17.740000,,28.000000,1.000000,0.000000,0.065000,0.600000,1.000000,31.000000,0.100000,7.600000,647.000000,89.756257,False,1.000000,1.000000,1.000000,0.778000,0.870000,0.943850,0.911300,0.940000,0.760000,0.888000,0.741200,0.880000,1.000000,,1.000000,1.000000,,,Good,28.000000,Yavuz Cad. 241/C  Osmangazi,BAYRAKLI,60.000000,35-BS-00-29-A1*A5-K1*K122-D1*D44-S1-I6,38.475430,27.187450,10.243743,,1.000000,9.000000,"Arsenik, Nitrit, Amonyum, Alüminyum, Demir, Klorür, İletkenlik, Oksitlenebilirlik, pH",0.000000,Good,Decision Tree,0.000000,1.000000,0.000000
2025-09-17,ÖZKANLAR,11.390000,0.030000,2.330000,1.000000,0.000000,17.140000,,28.000000,1.000000,0.000000,0.065000,0.600000,1.000000,31.000000,0.100000,7.600000,648.000000,89.731614,False,1.000000,1.000000,1.000000,0.767000,0.870000,0.943050,0.914300,0.940000,0.760000,0.888000,0.740800,0.880000,1.000000,,1.000000,1.000000,,,Good,29.000000,273/4 No:6 Aile Sağlığı Merkezi Özkanlar,BAYRAKLI,60.000000,35-BS-00-29-A1*A5-K1*K122-D1*D44-S1-I10,38.458040,27.191060,10.268386,,1.000000,9.000000,"Arsenik, Nitrit, Amonyum, Alüminyum, Demir, Klorür, İletkenlik, Oksitlenebilirlik, pH",0.000000,Good,Decision Tree,0.000000,1.000000,0.000000
2025-09-17,MANAVKUYU,12.420000,0.030000,2.240000,1.000000,0.000000,19.680000,,28.000000,1.000000,0.000000,0.065000,0.600000,1.000000,31.000000,0.100000,7.600000,647.000000,89.749961,False,1.000000,1.000000,1.000000,0.776000,0.870000,0.937900,0.901600,0.940000,0.760000,0.888000,0.741200,0.880000,1.000000,,1.000000,1.000000,,,Good,30.000000,Sakarya Cad.No:112 Manavkuyu,BAYRAKLI,60.000000,35-BS-00-29-A1*A5-K1*K122-D1*D44-S1-I8,38.457390,27.186910,10.250039,,1.000000,9.000000,"Arsenik, Nitrit, Amonyum, Alüminyum, Demir, Klorür, İletkenlik, Oksitlenebilirlik, pH",0.000000,Good,Decision Tree,0.000000,1.000000,0.000000
2025-09-17,EGEKENT,12.600000,0.030000,2.290000,1.000000,0.000000,21.220000,,39.000000,1.000000,0.000000,0.065000,0.600000,1.000000,30.000000,0.100000,7.600000,693.000000,89.733527,False,1.000000,1.000000,1.000000,0.771000,0.870000,0.937000,0.893900,0.940000,0.760000,0.844000,0.722800,0.880000,1.000000,,1.000000,1.000000,,,Good,32.000000,8819 Sok. No:13 Egekent,ÇİĞLİ,4.000000,35-BS-00-24-A1*A5-K1*K122-D1*D44-S1-I7,38.504140,27.058100,10.266473,,1.000000,9.000000,"Arsenik, Nitrit, Amonyum, Alüminyum, Demir, Klorür, İletkenlik, Oksitlenebilirlik, pH",0.000000,Good,Decision Tree,0.000000,1.000000,0.000000
2025-09-17,BALATÇIK,11.760000,0.030000,2.300000,1.000000,0.000000,17.150000,,39.000000,1.000000,0.000000,0.065000,0.600000,1.000000,30.000000,0.100000,7.600000,693.000000,89.734041,False,1.000000,1.000000,1.000000,0.770000,0.870000,0.941200,0.914250,0.940000,0.760000,0.844000,0.722800,0.880000,1.000000,,1.000000,1.000000,,,Good,33.000000,8790/5 Sok. 9 Eylül Camii Balatçık,ÇİĞLİ,4.000000,35-BS-00-24-A1*A5-K1*K122-D1*D44-S1-I2-Y1,38.511900,27.045600,10.265959,,1.000000,9.000000,"Arsenik, Nitrit, Amonyum, Alüminyum, Demir, Klorür, İletkenlik, Oksitlenebilirlik, pH",0.000000,Good,Decision Tree,0.000000,1.000000,0.000000
2025-09-17,ÇİĞLİ,10.970000,0.030000,2.630000,1.000000,0.000000,25.380000,,28.000000,1.000000,0.000000,0.065000,0.600000,1.000000,31.000000,0.100000,7.600000,641.000000,89.659337,False,1.000000,1.000000,1.000000,0.737000,0.870000,0.945150,0.873100,0.940000,0.760000,0.888000,0.743600,0.880000,1.000000,,1.000000,1.000000,,,Good,34.000000,8022/1 Sok. No:8/1-B Ataşehir,ÇİĞLİ,4.000000,35-BS-00-24-A1*A5-K1*K122-D1*D44-S1-I3-IY1,38.492860,27.060890,10.340663,,1.000000,9.000000,"Arsenik, Nitrit, Amonyum, Alüminyum, Demir, Klorür, İletkenlik, Oksitlenebilirlik, pH",0.000000,Good,Decision Tree,0.000000,1.000000,0.000000
2025-09-17,BOSTANLI,11.990000,0.030000,2.440000,1.000000,0.000000,19.380000,,28.000000,1.000000,0.000000,0.065000,0.600000,1.000000,31.000000,0.100000,7.600000,643.000000,89.705137,False,1.000000,1.000000,1.000000,0.756000,0.870000,0.940050,0.903100,0.940000,0.760000,0.888000,0.742800,0.880000,1.000000,,1.000000,1.000000,,,Good,35.000000,1799 Sok No:14 Bostanlı,KARŞIYAKA,7.000000,35-BS-00-03-A1*A5-K1*K122-D1*D44-S1-I7,38.457730,27.098860,10.294863,,1.000000,9.000000,"Arsenik, Nitrit, Amonyum, Alüminyum, Demir, Klorür, İletkenlik, Oksitlenebilirlik, pH",0.000000,Good,Decision Tree,0.000000,1.000000,0.000000
2025-09-17,ŞEMİKLER,12.990000,0.030000,2.320000,1.000000,0.000000,16.580000,,28.000000,1.000000,0.000000,0.065000,0.600000,1.000000,30.000000,0.100000,7.600000,643.000000,89.733306,False,1.000000,1.000000,1.000000,0.768000,0.870000,0.935050,0.917100,0.940000,0.760000,0.888000,0.742800,0.880000,1.000000,,1.000000,1.000000,,,Good,36.000000,6276 Sok.İle 6279 Sok Kavşağı,KARŞIYAKA,7.000000,35-BS-00-03-A1*A5-K1*K122-D1*D44-S1-I4,38.477100,27.093760,10.266694,,1.000000,9.000000,"Arsenik, Nitrit, Amonyum, Alüminyum, Demir, Klorür, İletkenlik, Oksitlenebilirlik, pH",0.000000,Good,Decision Tree,0.000000,1.000000,0.000000
2025-09-17,KARŞIYAKA,12.990000,0.030000,2.320000,1.000000,0.000000,16.580000,,28.000000,1.000000,0.000000,0.065000,0.600000,1.000000,31.000000,0.100000,7.600000,643.000000,89.733306,False,1.000000,1.000000,1.000000,0.768000,0.870000,0.935050,0.917100,0.940000,0.760000,0.888000,0.742800,0.880000,1.000000,,1.000000,1.000000,,,Good,37.000000,Atatürk Cad. İle Zübeyde Hanim Cad.Kavşağı,KARŞIYAKA,7.000000,35-BS-00-03-A1*A5-K1*K122-D1*D44-S1-I5,38.461670,27.116100,10.266694,,1.000000,9.000000,"Arsenik, Nitrit, Amonyum, Alüminyum, Demir, Klorür, İletkenlik, Oksitlenebilirlik, pH",0.000000,Good,Decision Tree,0.000000,1.000000,0.000000
2025-09-17,EVKA-2,11.060000,0.030000,2.410000,1.000000,0.000000,22.160000,,28.000000,1.000000,0.000000,0.065000,0.600000,1.000000,30.000000,0.100000,7.600000,642.000000,89.710882,False,1.000000,1.000000,1.000000,0.759000,0.870000,0.944700,0.889200,0.940000,0.760000,0.888000,0.743200,0.880000,1.000000,,1.000000,1.000000,,,Good,38.000000,6800 Sok. No:9 Sağlık Ocağı Evka 2,ÇİĞLİ,4.000000,35-BS-00-24-A1*A5-K1*K122-D1*D44-S1-I5,38.499050,27.087510,10.289118,,1.000000,9.000000,"Arsenik, Nitrit, Amonyum, Alüminyum, Demir, Klorür, İletkenlik, Oksitlenebilirlik, pH",0.000000,Good,Decision Tree,0.000000,1.000000,0.000000
2025-09-17,ÖRNEKKÖY,12.270000,0.030000,2.270000,1.000000,0.000000,16.550000,,28.000000,1.000000,0.000000,0.065000,0.600000,1.000000,30.000000,0.100000,7.600000,640.000000,89.745054,False,1.000000,1.000000,1.000000,0.773000,0.870000,0.938650,0.917250,0.940000,0.760000,0.888000,0.744000,0.880000,1.000000,,1.000000,1.000000,,,Good,39.000000,Başpehlivan Kara Ali Cad. No:25/A,KARŞIYAKA,7.000000,35-BS-00-03-A1*A5-K1*K122-D1*D44-S1-I6,38.482130,27.111060,10.254946,,1.000000,9.000000,"Arsenik, Nitrit, Amonyum, Alüminyum, Demir, Klorür, İletkenlik, Oksitlenebilirlik, pH",0.000000,Good,Decision Tree,0.000000,1.000000,0.000000
2025-09-17,GÜMÜŞPALA,13.560000,0.030000,2.480000,1.000000,0.000000,19.300000,,28.000000,1.000000,0.000000,0.065000,0.600000,1.000000,30.000000,0.100000,7.700000,638.000000,89.599993,False,1.000000,1.000000,1.000000,0.752000,0.870000,0.932200,0.903500,0.940000,0.720000,0.888000,0.744800,0.880000,1.000000,,1.000000,1.000000,,,Good,40.000000,7019 Sok. No:20/3 Merkez Cami Gümüşpala,BAYRAKLI,60.000000,35-BS-00-29-A1*A5-K1*K122-D1*D44-S1-I7,38.479310,27.109960,10.400007,,1.000000,9.000000,"Arsenik, Nitrit, Amonyum, Alüminyum, Demir, Klorür, İletkenlik, Oksitlenebilirlik, pH",0.000000,Good,Decision Tree,0.000000,1.000000,0.000000
2025-09-24,DOĞANÇAY,25.730000,0.030000,3.830000,1.000000,0.000000,118.400000,,27.000000,1.000000,0.000000,0.065000,0.600000,1.000000,30.000000,0.000000,8.000000,588.000000,88.946339,False,1.000000,1.000000,1.000000,0.617000,0.870000,0.871350,0.408000,0.940000,0.600000,0.892000,0.764800,0.880000,1.000000,,1.000000,1.000000,,,Good,41.000000,7191 Sok. No:1/A Doğançay,BAYRAKLI,60.000000,35-BS-00-29-A1*A5-K1*K122-D1*D44-S1-I1,38.495500,27.155140,11.053661,,1.000000,9.000000,"Arsenik, Nitrit, Amonyum, Alüminyum, Demir, Klorür, İletkenlik, Oksitlenebilirlik, pH",0.000000,Good,Decision Tree,0.000000,1.000000,0.000000
2025-09-24,YAMANLAR,9.790000,0.030000,2.120000,1.000000,0.000000,11.250000,,28.000000,1.000000,0.000000,0.065000,0.600000,1.000000,31.000000,0.000000,7.600000,613.000000,89.783492,False,1.000000,1.000000,1.000000,0.788000,0.870000,0.951050,0.943750,0.940000,0.760000,0.888000,0.754800,0.880000,1.000000,,1.000000,1.000000,,,Good,42.000000,7348 Sok. No:2 Polis Merkezi Yamanlar,BAYRAKLI,60.000000,35-BS-00-29-A1*A5-K1*K122-D1*D44-S1-I2,38.481110,27.132940,10.216508,,1.000000,9.000000,"Arsenik, Nitrit, Amonyum, Alüminyum, Demir, Klorür, İletkenlik, Oksitlenebilirlik, pH",0.000000,Good,Decision Tree,0.000000,1.000000,0.000000
2025-09-24,POSTACI MAH,12.970000,0.030000,2.340000,1.000000,0.000000,27.920000,,28.000000,1.000000,0.000000,0.065000,0.600000,1.000000,31.000000,0.000000,7.600000,610.000000,89.722497,False,1.000000,1.000000,1.000000,0.766000,0.870000,0.935150,0.860400,0.940000,0.760000,0.888000,0.756000,0.880000,1.000000,,1.000000,1.000000,,,Good,43.000000,7659/2 Sok. No:1/B Postacılar Mah.,BAYRAKLI,60.000000,35-BS-00-29-A1*A5*-K1*K122-D1*D44-S1-I3-IY1,38.482170,27.119910,10.277503,,1.000000,9.000000,"Arsenik, Nitrit, Amonyum, Alüminyum, Demir, Klorür, İletkenlik, Oksitlenebilirlik, pH",0.000000,Good,Decision Tree,0.000000,1.000000,0.000000
2025-09-24,YAMAÇ MAH,11.530000,0.030000,1.940000,1.000000,0.000000,10.920000,,28.000000,1.000000,0.000000,0.065000,0.600000,1.000000,31.000000,0.000000,7.600000,619.000000,89.823400,False,1.000000,1.000000,1.000000,0.806000,0.870000,0.942350,0.945400,0.940000,0.760000,0.888000,0.752400,0.880000,1.000000,,1.000000,1.000000,,,Good,44.000000,6730 Sok. No:6/A Yamaç Mah.,KARŞIYAKA,7.000000,35-BS-00-03-A1*A5-K1*K122-D1*D44-S1-I1,38.483710,27.099770,10.176600,,1.000000,9.000000,"Arsenik, Nitrit, Amonyum, Alüminyum, Demir, Klorür, İletkenlik, Oksitlenebilirlik, pH",0.000000,Good,Decision Tree,0.000000,1.000000,0.000000
2025-09-24,CUMHURİYET MAH,12.090000,0.030000,1.810000,1.000000,0.000000,13.730000,,28.000000,1.000000,0.000000,0.065000,0.600000,1.000000,31.000000,0.000000,7.600000,620.000000,89.850904,False,1.000000,1.000000,1.000000,0.819000,0.870000,0.939550,0.931350,0.940000,0.760000,0.888000,0.752000,0.880000,1.000000,,1.000000,1.000000,,,Good,45.000000,Alim Dağhan Cd. İle 6716 Sok. Kvs.,KARŞIYAKA,7.000000,35-BS-00-03-A1*A5-K1*K122-D1*D44-S1-I2,38.485320,27.096540,10.149096,,1.000000,9.000000,"Arsenik, Nitrit, Amonyum, Alüminyum, Demir, Klorür, İletkenlik, Oksitlenebilirlik, pH",0.000000,Good,Decision Tree,0.000000,1.000000,0.000000
2025-09-24,GÜZELTEPE,12.620000,0.030000,2.240000,1.000000,0.000000,29.850000,,28.000000,1.000000,0.000000,0.065000,0.600000,1.000000,31.000000,0.100000,7.600000,622.000000,89.744186,False,1.000000,1.000000,1.000000,0.776000,0.870000,0.936900,0.850750,0.940000,0.760000,0.888000,0.751200,0.880000,1.000000,,1.000000,1.000000,,,Good,46.000000,8172 Sok. No:90/1 Güzeltepe,ÇİĞLİ,4.000000,35-BS-00-24-A1*A5-K1*K122-D1*D44-S1-I4-IY1,38.502720,27.077990,10.255814,,1.000000,9.000000,"Arsenik, Nitrit, Amonyum, Alüminyum, Demir, Klorür, İletkenlik, Oksitlenebilirlik, pH",0.000000,Good,Decision Tree,0.000000,1.000000,0.000000
2025-09-24,EVKA-5,12.050000,0.030000,1.480000,1.000000,0.000000,44.590000,,39.000000,1.000000,0.000000,0.065000,0.600000,1.000000,29.000000,0.100000,7.400000,677.000000,90.094484,False,1.000000,1.000000,1.000000,0.852000,0.870000,0.939750,0.777050,0.940000,0.840000,0.844000,0.729200,0.880000,1.000000,,1.000000,1.000000,,,Good,47.000000,8809 Sok. No:141/A Evka-5,ÇİĞLİ,4.000000,35-BS-00-24-A1*A5-K1*K122-D1*D44-S1-I8-IY1,38.518190,27.056590,9.905516,,1.000000,9.000000,"Arsenik, Nitrit, Amonyum, Alüminyum, Demir, Klorür, İletkenlik, Oksitlenebilirlik, pH",0.000000,Good,Decision Tree,0.000000,1.000000,0.000000
2025-09-24,EGEKENT-2,13.330000,0.030000,1.370000,1.000000,0.000000,51.800000,,40.000000,1.000000,0.000000,0.065000,0.600000,1.000000,31.000000,0.100000,7.500000,679.000000,90.018933,False,1.000000,1.000000,1.000000,0.863000,0.870000,0.933350,0.741000,0.940000,0.800000,0.840000,0.728400,0.880000,1.000000,,1.000000,1.000000,,,Good,48.000000,8818 Sok. No:38 6 Nolu Sağlık Ocağı Egekent,ÇİĞLİ,4.000000,35-BS-00-24-A1*A5-K1*K122-D1*D44-S1-I6,38.555690,27.049780,9.981067,,1.000000,9.000000,"Arsenik, Nitrit, Amonyum, Alüminyum, Demir, Klorür, İletkenlik, Oksitlenebilirlik, pH",0.000000,Good,Decision Tree,0.000000,1.000000,0.000000
2025-09-24,ALAYBEY,10.960000,0.030000,1.820000,1.000000,0.000000,54.750000,,28.000000,1.000000,0.000000,0.065000,0.600000,1.000000,32.000000,0.100000,7.600000,622.000000,89.826070,False,1.000000,1.000000,1.000000,0.818000,0.870000,0.945200,0.726250,0.940000,0.760000,0.888000,0.751200,0.880000,1.000000,,1.000000,1.000000,,,Good,49.000000,1643/7 Sok. No:8 Adalet Mah.,BAYRAKLI,60.000000,35-BS-00-03-A1*A5-K1*K122-D1*D44-S1-13-IY1,38.466750,27.159340,10.173930,,1.000000,9.000000,"Arsenik, Nitrit, Amonyum, Alüminyum, Demir, Klorür, İletkenlik, Oksitlenebilirlik, pH",0.000000,Good,Decision Tree,0.000000,1.000000,0.000000
2025-09-24,CENGİZHAN,24.690000,0.030000,4.010000,1.000000,0.000000,128.600000,,28.000000,1.000000,0.000000,0.065000,0.600000,1.000000,32.000000,0.000000,7.600000,612.000000,89.281054,False,1.000000,1.000000,1.000000,0.599000,0.870000,0.876550,0.357000,0.940000,0.760000,0.888000,0.755200,0.880000,1.000000,,1.000000,1.000000,,,Good,50.000000,1620/19 İle 1620/39 Sok. Kavsağı Cengizhan,BAYRAKLI,60.000000,35-BS-00-29-A1*A5-K1*K122-D1*D44-S1-I4,38.473400,27.158880,10.718946,,1.000000,9.000000,"Arsenik, Nitrit, Amonyum, Alüminyum, Demir, Klorür, İletkenlik, Oksitlenebilirlik, pH",0.000000,Good,Decision Tree,0.000000,1.000000,0.000000
2025-09-24,ÇAY MAH,13.040000,0.030000,1.440000,1.000000,0.000000,15.810000,,28.000000,1.000000,0.000000,0.065000,0.600000,1.000000,32.000000,0.000000,7.600000,612.000000,89.932936,False,1.000000,1.000000,1.000000,0.856000,0.870000,0.934800,0.920950,0.940000,0.760000,0.888000,0.755200,0.880000,1.000000,,1.000000,1.000000,,,Good,51.000000,Hakan Uysal Cad. No:273/1 Çay Mahallesi,BAYRAKLI,60.000000,35-BS-00-29-A1*A5-K1*K122-D1*D44-S1-I5,38.470860,27.180440,10.067064,,1.000000,9.000000,"Arsenik, Nitrit, Amonyum, Alüminyum, Demir, Klorür, İletkenlik, Oksitlenebilirlik, pH",0.000000,Good,Decision Tree,0.000000,1.000000,0.000000
2025-09-24,İZYUVA,10.930000,0.030000,1.860000,1.000000,0.000000,22.400000,,29.000000,1.000000,0.000000,0.065000,0.600000,1.000000,35.000000,0.100000,7.400000,633.000000,90.025470,False,1.000000,1.000000,1.000000,0.814000,0.870000,0.945350,0.888000,0.940000,0.840000,0.884000,0.746800,0.880000,1.000000,,1.000000,1.000000,,,Good,52.000000,113/19 Sok. No:10 İzyuva,BORNOVA,2.000000,35-BS-00-01-A1*A5-K1*K122-D1*D44-S1-I7,38.464570,27.249790,9.974530,,1.000000,9.000000,"Arsenik, Nitrit, Amonyum, Alüminyum, Demir, Klorür, İletkenlik, Oksitlenebilirlik, pH",0.000000,Good,Decision Tree,0.000000,1.000000,0.000000
2025-09-24,NALDÖKEN,11.420000,0.030000,1.990000,1.000000,0.000000,22.450000,,29.000000,1.000000,0.000000,0.065000,0.600000,1.000000,35.000000,0.100000,7.400000,634.000000,89.995747,False,1.000000,1.000000,1.000000,0.801000,0.870000,0.942900,0.887750,0.940000,0.840000,0.884000,0.746400,0.880000,1.000000,,1.000000,1.000000,,,Good,53.000000,Ankara Cad. İle Atatürk Cad. Kav.,BORNOVA,2.000000,35-BS-00-01-A1*A5-K1*K122-D1*D44-S1-I6,38.452100,27.266070,10.004253,,1.000000,9.000000,"Arsenik, Nitrit, Amonyum, Alüminyum, Demir, Klorür, İletkenlik, Oksitlenebilirlik, pH",0.000000,Good,Decision Tree,0.000000,1.000000,0.000000
2025-09-24,YEŞİLÇAM,16.850000,0.030000,1.940000,1.000000,0.000000,27.180000,,28.000000,1.000000,0.000000,0.065000,0.600000,1.000000,32.000000,0.100000,7.600000,623.000000,89.811179,False,1.000000,1.000000,1.000000,0.806000,0.870000,0.915750,0.864100,0.940000,0.760000,0.888000,0.750800,0.880000,1.000000,,1.000000,1.000000,,,Good,54.000000,Mrk. Bornova Jandarma Komando Ambarlar Yanı,BORNOVA,2.000000,35-BS-00-01-A1*A5-K1*K122-D1*D44-S1-IY1,38.445680,27.289280,10.188821,,1.000000,9.000000,"Arsenik, Nitrit, Amonyum, Alüminyum, Demir, Klorür, İletkenlik, Oksitlenebilirlik, pH",0.000000,Good,Decision Tree,0.000000,1.000000,0.000000
2025-09-24,MEVLANA,11.140000,0.030000,2.080000,1.000000,0.000000,23.060000,,29.000000,1.000000,0.000000,0.065000,0.600000,1.000000,35.000000,0.100000,7.400000,634.000000,89.975197,False,1.000000,1.000000,1.000000,0.792000,0.870000,0.944300,0.884700,0.940000,0.840000,0.884000,0.746400,0.880000,1.000000,,1.000000,1.000000,,,Good,55.000000,1754 Sok. No:25 Asm Mevlana,BORNOVA,2.000000,35-BS-00-01-A1*A5-K1*K122-D1*D44-S1-I4,38.448220,27.230660,10.024803,,1.000000,9.000000,"Arsenik, Nitrit, Amonyum, Alüminyum, Demir, Klorür, İletkenlik, Oksitlenebilirlik, pH",0.000000,Good,Decision Tree,0.000000,1.000000,0.000000
2025-09-24,YEŞİLOVA,11.030000,0.030000,1.880000,1.000000,0.000000,23.000000,,29.000000,1.000000,0.000000,0.065000,0.600000,1.000000,35.000000,0.100000,7.400000,634.000000,90.020545,False,1.000000,1.000000,1.000000,0.812000,0.870000,0.944850,0.885000,0.940000,0.840000,0.884000,0.746400,0.880000,1.000000,,1.000000,1.000000,,,Good,56.000000,A.İpekçi Cd. İle 4040 Sok. Kvs. Yesilova,BORNOVA,2.000000,35-BS-00-01-A1*A5-K1*K122-D1*D44-S1-I3,38.440370,27.201350,9.979455,,1.000000,9.000000,"Arsenik, Nitrit, Amonyum, Alüminyum, Demir, Klorür, İletkenlik, Oksitlenebilirlik, pH",0.000000,Good,Decision Tree,0.000000,1.000000,0.000000
2025-09-24,MERSİNLİ,11.150000,0.030000,2.020000,1.000000,0.000000,24.380000,,29.000000,1.000000,0.000000,0.065000,0.600000,1.000000,35.000000,0.100000,7.400000,634.000000,89.988020,False,1.000000,1.000000,1.000000,0.798000,0.870000,0.944250,0.878100,0.940000,0.840000,0.884000,0.746400,0.880000,1.000000,,1.000000,1.000000,,,Good,57.000000,Fatih cd. İle Beyazıt Cd. Tuğlacı Önü Mersinli,BORNOVA,2.000000,35-BS-00-01-A1*A5-K1*K122-D1*D44-S1-I14,38.440000,27.180530,10.011980,,1.000000,9.000000,"Arsenik, Nitrit, Amonyum, Alüminyum, Demir, Klorür, İletkenlik, Oksitlenebilirlik, pH",0.000000,Good,Decision Tree,0.000000,1.000000,0.000000
2025-09-24,ÇANKAYA,9.160000,0.030000,2.120000,1.000000,0.000000,47.220000,,25.000000,1.000000,0.000000,0.065000,0.600000,1.000000,30.000000,0.000000,7.400000,589.000000,89.955211,False,1.000000,1.000000,1.000000,0.788000,0.870000,0.954200,0.763900,0.940000,0.840000,0.900000,0.764400,0.880000,1.000000,,1.000000,1.000000,,,Good,59.000000,Hürriyet Bulvarı No:14/E,KONAK,8.000000,35-BS-00-04-A1*A5-K1*K122-D1*D44-S1-IY-1,38.424780,27.142050,10.044789,,1.000000,9.000000,"Arsenik, Nitrit, Amonyum, Alüminyum, Demir, Klorür, İletkenlik, Oksitlenebilirlik, pH",0.000000,Good,Decision Tree,0.000000,1.000000,0.000000
2025-09-24,TOROS,7.440000,0.030000,2.060000,1.000000,0.000000,50.660000,,51.000000,1.000000,0.000000,0.065000,0.400000,1.000000,23.000000,0.000000,7.400000,490.000000,90.139769,False,1.000000,1.000000,1.000000,0.794000,0.870000,0.962800,0.746700,0.940000,0.840000,0.796000,0.804000,0.920000,1.000000,,1.000000,1.000000,,,Good,60.000000,Dicle Cad. No:88 Aile Sağlığı Merkezi,KONAK,8.000000,35-BS-00-04-A1*A5-K1*K122-D1*D44-S1-I3,38.407410,27.183640,9.860231,,1.000000,9.000000,"Arsenik, Nitrit, Amonyum, Alüminyum, Demir, Klorür, İletkenlik, Oksitlenebilirlik, pH",0.000000,Good,Decision Tree,0.000000,1.000000,0.000000
2025-09-24,LEVENT,7.700000,0.030000,2.010000,1.000000,0.000000,21.330000,,51.000000,1.000000,0.000000,0.065000,0.400000,1.000000,23.000000,0.000000,7.400000,487.000000,90.167536,False,1.000000,1.000000,1.000000,0.799000,0.870000,0.961500,0.893350,0.940000,0.840000,0.796000,0.805200,0.920000,1.000000,,1.000000,1.000000,,,Good,61.000000,3513 İle 3514 Sok. Kvs Levent,KONAK,8.000000,35-BS-00-04-A1*A5-K1*K122-D1*D44-S1-I8,38.411300,27.163150,9.832464,,1.000000,9.000000,"Arsenik, Nitrit, Amonyum, Alüminyum, Demir, Klorür, İletkenlik, Oksitlenebilirlik, pH",0.000000,Good,Decision Tree,0.000000,1.000000,0.000000
2025-09-24,UFUK MAH,6.250000,0.030000,1.450000,1.000000,0.000000,47.770000,,51.000000,1.000000,0.000000,0.065000,0.400000,1.000000,23.000000,0.000000,7.400000,489.000000,90.280100,False,1.000000,1.000000,1.000000,0.855000,0.870000,0.968750,0.761150,0.940000,0.840000,0.796000,0.804400,0.920000,1.000000,,1.000000,1.000000,,,Good,62.000000,914 Sok. No.7/A Ufuk Mah.,BUCA,3.000000,35-BS-00-02-A1*A5-K1*K122-D1*D44-S1-I5,38.403620,27.165620,9.719900,,1.000000,9.000000,"Arsenik, Nitrit, Amonyum, Alüminyum, Demir, Klorür, İletkenlik, Oksitlenebilirlik, pH",0.000000,Good,Decision Tree,0.000000,1.000000,0.000000
2025-09-24,EVKA-1,6.250000,0.030000,1.450000,1.000000,0.000000,47.770000,,50.000000,1.000000,0.000000,0.065000,0.400000,1.000000,23.000000,0.000000,7.400000,490.000000,90.280458,False,1.000000,1.000000,1.000000,0.855000,0.870000,0.968750,0.761150,0.940000,0.840000,0.800000,0.804000,0.920000,1.000000,,1.000000,1.000000,,,Good,63.000000,Türkmenistan Cad. İle 1206 Sok.. Kvs. Evka-1,BUCA,3.000000,35-BS-00-02-A1*A5-K1*K122-D1*D44-S1-I9,38.400630,27.194670,9.719542,,1.000000,9.000000,"Arsenik, Nitrit, Amonyum, Alüminyum, Demir, Klorür, İletkenlik, Oksitlenebilirlik, pH",0.000000,Good,Decision Tree,0.000000,1.000000,0.000000
2025-09-24,ADATEPE,5.990000,0.030000,1.550000,1.000000,0.000000,39.150000,,50.000000,1.000000,0.000000,0.065000,0.400000,1.000000,24.000000,0.000000,7.400000,490.000000,90.262855,False,1.000000,1.000000,1.000000,0.845000,0.870000,0.970050,0.804250,0.940000,0.840000,0.800000,0.804000,0.920000,1.000000,,1.000000,1.000000,,,Good,64.000000,3 İle 3/8 Sok. Kvs. Adatepe,BUCA,3.000000,35-BS-00-02-A1*A5-K1*K122-D1*D44-S1-I4,38.381540,27.184940,9.737145,,1.000000,9.000000,"Arsenik, Nitrit, Amonyum, Alüminyum, Demir, Klorür, İletkenlik, Oksitlenebilirlik, pH",0.000000,Good,Decision Tree,0.000000,1.000000,0.000000
2025-09-24,KURUÇEŞME,12.530000,0.030000,2.000000,1.000000,0.000000,50.370000,,50.000000,1.000000,0.000000,0.065000,0.400000,1.000000,24.000000,0.000000,7.400000,491.000000,90.150988,False,1.000000,1.000000,1.000000,0.800000,0.870000,0.937350,0.748150,0.940000,0.840000,0.800000,0.803600,0.920000,1.000000,,1.000000,1.000000,,,Good,65.000000,Dogus Cad. İle A.Yesevi Cd. Kvs. Kuruçeşme,BUCA,3.000000,35-BS-00-02-A1*A5-K1*K122-D1*D44-S1-I2,38.372330,27.194500,9.849012,,1.000000,9.000000,"Arsenik, Nitrit, Amonyum, Alüminyum, Demir, Klorür, İletkenlik, Oksitlenebilirlik, pH",0.000000,Good,Decision Tree,0.000000,1.000000,0.000000
2025-09-24,KOZAĞAÇ,7.950000,0.030000,1.470000,1.000000,0.000000,60.600000,,51.000000,1.000000,0.000000,0.065000,0.400000,1.000000,24.000000,0.000000,7.400000,491.000000,90.267348,False,1.000000,1.000000,1.000000,0.853000,0.870000,0.960250,0.697000,0.940000,0.840000,0.796000,0.803600,0.920000,1.000000,,1.000000,1.000000,,,Good,66.000000,I.Sivri Cd. İle 254 Sok.. Kvs. Kozağaç,BUCA,3.000000,35-BS-00-02-A1*A5-K1*K122-D1*D44-S1-I8,38.377130,27.169560,9.732652,,1.000000,9.000000,"Arsenik, Nitrit, Amonyum, Alüminyum, Demir, Klorür, İletkenlik, Oksitlenebilirlik, pH",0.000000,Good,Decision Tree,0.000000,1.000000,0.000000
2025-09-24,ÇAMLIKULE,7.950000,0.030000,1.470000,1.000000,0.000000,60.600000,,51.000000,1.000000,0.000000,0.065000,0.400000,1.000000,24.000000,0.000000,7.400000,490.000000,90.267352,False,1.000000,1.000000,1.000000,0.853000,0.870000,0.960250,0.697000,0.940000,0.840000,0.796000,0.804000,0.920000,1.000000,,1.000000,1.000000,,,Good,67.000000,220 Sok. No:163/B Çamlıkule,BUCA,3.000000,35-BS-00-02-A1*A5-K1*K122-D1*D44-S1-I3,38.372280,27.171530,9.732648,,1.000000,9.000000,"Arsenik, Nitrit, Amonyum, Alüminyum, Demir, Klorür, İletkenlik, Oksitlenebilirlik, pH",0.000000,Good,Decision Tree,0.000000,1.000000,0.000000
2025-09-24,AKINCILAR,5.660000,0.030000,2.160000,1.000000,0.000000,54.130000,,51.000000,1.000000,0.000000,0.065000,0.400000,1.000000,22.000000,0.000000,7.400000,490.000000,90.116187,False,1.000000,1.000000,1.000000,0.784000,0.870000,0.971700,0.729350,0.940000,0.840000,0.796000,0.804000,0.920000,1.000000,,1.000000,1.000000,,,Good,68.000000,A.Hatboyu Cd. İle 545 Sok.. Kvs. Akıncılar,BUCA,3.000000,35-BS-00-02-A1*A5-K1*K122-D1*D44-S1-I7,38.387460,27.147600,9.883813,,1.000000,9.000000,"Arsenik, Nitrit, Amonyum, Alüminyum, Demir, Klorür, İletkenlik, Oksitlenebilirlik, pH",0.000000,Good,Decision Tree,0.000000,1.000000,0.000000
2025-09-24,UĞUR MUMCU MAH,6.910000,0.030000,1.530000,1.000000,0.000000,45.570000,,51.000000,1.000000,0.000000,0.065000,0.400000,1.000000,24.000000,0.000000,7.400000,490.000000,90.262866,False,1.000000,1.000000,1.000000,0.847000,0.870000,0.965450,0.772150,0.940000,0.840000,0.796000,0.804000,0.920000,1.000000,,1.000000,1.000000,,,Good,69.000000,5777 İle 5780 Sok. Kvs. U. Mumcu,KARABAĞLAR,59.000000,35-BS-00-30-A1*A5-K1*K122-D1*D44-S1-I1,38.381830,27.130670,9.737134,,1.000000,9.000000,"Arsenik, Nitrit, Amonyum, Alüminyum, Demir, Klorür, İletkenlik, Oksitlenebilirlik, pH",0.000000,Good,Decision Tree,0.000000,1.000000,0.000000
2025-09-24,ÇAMLIK MAH,7.560000,0.030000,1.540000,1.000000,0.000000,47.020000,,51.000000,1.000000,0.000000,0.065000,0.400000,1.000000,23.000000,0.000000,7.400000,491.000000,90.259412,False,1.000000,1.000000,1.000000,0.846000,0.870000,0.962200,0.764900,0.940000,0.840000,0.796000,0.803600,0.920000,1.000000,,1.000000,1.000000,,,Good,70.000000,4969 Sok. No:2/A Çamlık,KARABAĞLAR,59.000000,35-BS-00-30-A1*A5-K1*K122-D1*D44-S1-I2,38.366230,27.120330,9.740588,,1.000000,9.000000,"Arsenik, Nitrit, Amonyum, Alüminyum, Demir, Klorür, İletkenlik, Oksitlenebilirlik, pH",0.000000,Good,Decision Tree,0.000000,1.000000,0.000000
2025-09-24,AKTEPE,5.840000,0.030000,1.500000,1.000000,0.000000,45.260000,,51.000000,1.000000,0.000000,0.065000,0.400000,1.000000,23.000000,0.000000,7.400000,491.000000,90.270431,False,1.000000,1.000000,1.000000,0.850000,0.870000,0.970800,0.773700,0.940000,0.840000,0.796000,0.803600,0.920000,1.000000,,1.000000,1.000000,,,Good,71.000000,Altan Aydin İle 4165 Sok.. Kvs Aktepe,GAZİEMİR,5.000000,35-BS-00-25-A1*A5-K1*K122-D1*D44-S1-I5,38.352350,27.125160,9.729569,,1.000000,9.000000,"Arsenik, Nitrit, Amonyum, Alüminyum, Demir, Klorür, İletkenlik, Oksitlenebilirlik, pH",0.000000,Good,Decision Tree,0.000000,1.000000,0.000000
2025-10-01,YEŞİLYURT,9.450000,0.030000,1.530000,1.000000,0.000000,58.080000,,51.000000,1.000000,0.000000,0.065000,0.400000,1.000000,19.000000,0.000000,7.600000,514.000000,90.063730,False,1.000000,1.000000,1.000000,0.847000,0.870000,0.952750,0.709600,0.940000,0.760000,0.796000,0.794400,0.920000,1.000000,,1.000000,1.000000,,,Good,11.000000,Ulu Önder Cad. İle Gökdere Cad.Kavşağı,KARABAĞLAR,59.000000,35-BS-00-30-A1*A5-K1*K122-D1*D44-S1-I7,38.404270,27.113010,9.936270,,1.000000,9.000000,"Arsenik, Nitrit, Amonyum, Alüminyum, Demir, Klorür, İletkenlik, Oksitlenebilirlik, pH",0.000000,Good,Decision Tree,0.000000,1.000000,0.000000
2025-10-01,KARABAĞLAR,10.670000,0.030000,1.510000,1.000000,0.000000,58.660000,,51.000000,1.000000,0.000000,0.065000,0.400000,1.000000,19.000000,0.000000,7.600000,516.000000,90.067230,False,1.000000,1.000000,1.000000,0.849000,0.870000,0.946650,0.706700,0.940000,0.760000,0.796000,0.793600,0.920000,1.000000,,1.000000,1.000000,,,Good,13.000000,4058 Sok. İle 4056 Sok. Kavşağı,KARABAĞLAR,59.000000,35-BS-00-30-A1*A5-K1*K122-D1*D44-S1-I8,38.374260,27.134100,9.932770,,1.000000,9.000000,"Arsenik, Nitrit, Amonyum, Alüminyum, Demir, Klorür, İletkenlik, Oksitlenebilirlik, pH",0.000000,Good,Decision Tree,0.000000,1.000000,0.000000
2025-10-01,ESKİ İZMİR,11.540000,0.030000,1.530000,1.000000,0.000000,59.180000,,51.000000,1.000000,0.000000,0.065000,0.400000,1.000000,19.000000,0.000000,7.600000,518.000000,90.061911,False,1.000000,1.000000,1.000000,0.847000,0.870000,0.942300,0.704100,0.940000,0.760000,0.796000,0.792800,0.920000,1.000000,,1.000000,1.000000,,,Good,14.000000,Eski Izmir Cad. No:562/A Kahve,KARABAĞLAR,59.000000,35-BS-00-30-A1*A5-K1*K122-D1*D44-S1-I3,38.376220,27.107190,9.938089,,1.000000,9.000000,"Arsenik, Nitrit, Amonyum, Alüminyum, Demir, Klorür, İletkenlik, Oksitlenebilirlik, pH",0.000000,Good,Decision Tree,0.000000,1.000000,0.000000
2025-10-01,GAZİEMİR,12.360000,0.030000,1.540000,1.000000,0.000000,59.780000,,51.000000,1.000000,0.000000,0.065000,0.400000,1.000000,19.000000,0.000000,7.600000,516.000000,90.058853,False,1.000000,1.000000,1.000000,0.846000,0.870000,0.938200,0.701100,0.940000,0.760000,0.796000,0.793600,0.920000,1.000000,,1.000000,1.000000,,,Good,15.000000,Abdullah Arda Meydanı No:29 Arkadaşlar Kahvesi,GAZİEMİR,5.000000,35-BS-00-25-A1*A5-K1*K122-D1*D44-S1-I4-Y1,38.321780,27.126430,9.941147,,1.000000,9.000000,"Arsenik, Nitrit, Amonyum, Alüminyum, Demir, Klorür, İletkenlik, Oksitlenebilirlik, pH",0.000000,Good,Decision Tree,0.000000,1.000000,0.000000
2025-10-01,GEDİZ,7.820000,0.030000,6.080000,1.000000,0.000000,62.870000,,27.000000,1.000000,0.000000,0.065000,0.400000,1.000000,27.000000,0.000000,7.400000,594.000000,89.231388,False,1.000000,1.000000,1.000000,0.392000,0.870000,0.960900,0.685650,0.940000,0.840000,0.892000,0.762400,0.920000,1.000000,,1.000000,1.000000,,,Good,16.000000,682/4 Sok. No:2 Gediz,BUCA,3.000000,35-BS-00-02-A1*A5-K1*K122-D1*D44-S1-I10,38.361880,27.144380,10.768612,,1.000000,9.000000,"Arsenik, Nitrit, Amonyum, Alüminyum, Demir, Klorür, İletkenlik, Oksitlenebilirlik, pH",0.000000,Good,Decision Tree,0.000000,1.000000,0.000000
2025-10-01,ÖRNEKKÖY,12.080000,0.030000,5.970000,1.000000,0.000000,56.860000,,27.000000,1.000000,0.000000,0.065000,0.600000,1.000000,30.000000,0.100000,7.400000,624.000000,89.076148,False,1.000000,1.000000,1.000000,0.403000,0.870000,0.939600,0.715700,0.940000,0.840000,0.892000,0.750400,0.880000,1.000000,,1.000000,1.000000,,,Good,39.000000,Başpehlivan Kara Ali Cad. No:25/A,KARŞIYAKA,7.000000,35-BS-00-03-A1*A5-K1*K122-D1*D44-S1-I6,38.482130,27.111060,10.923852,,1.000000,9.000000,"Arsenik, Nitrit, Amonyum, Alüminyum, Demir, Klorür, İletkenlik, Oksitlenebilirlik, pH",0.000000,Good,Decision Tree,0.000000,1.000000,0.000000
2025-10-01,GÜMÜŞPALA,12.770000,0.030000,5.940000,1.000000,0.000000,57.950000,,27.000000,1.000000,0.000000,0.065000,0.600000,1.000000,30.000000,0.100000,7.400000,626.000000,89.081922,False,1.000000,1.000000,1.000000,0.406000,0.870000,0.936150,0.710250,0.940000,0.840000,0.892000,0.749600,0.880000,1.000000,,1.000000,1.000000,,,Good,40.000000,7019 Sok. No:20/3 Merkez Cami Gümüşpala,BAYRAKLI,60.000000,35-BS-00-29-A1*A5-K1*K122-D1*D44-S1-I7,38.479310,27.109960,10.918078,,1.000000,9.000000,"Arsenik, Nitrit, Amonyum, Alüminyum, Demir, Klorür, İletkenlik, Oksitlenebilirlik, pH",0.000000,Good,Decision Tree,0.000000,1.000000,0.000000
2025-10-08,DOĞANÇAY,15.650000,0.030000,4.390000,1.000000,0.000000,17.050000,,32.000000,1.000000,0.000000,0.065000,0.600000,1.000000,32.000000,0.000000,7.400000,589.000000,89.452458,False,1.000000,1.000000,1.000000,0.561000,0.870000,0.921750,0.914750,0.940000,0.840000,0.872000,0.764400,0.880000,1.000000,,1.000000,1.000000,,,Good,41.000000,7191 Sok. No:1/A Doğançay,BAYRAKLI,60.000000,35-BS-00-29-A1*A5-K1*K122-D1*D44-S1-I1,38.495500,27.155140,10.547542,,1.000000,9.000000,"Arsenik, Nitrit, Amonyum, Alüminyum, Demir, Klorür, İletkenlik, Oksitlenebilirlik, pH",0.000000,Good,Decision Tree,0.000000,1.000000,0.000000
2025-10-08,YAMANLAR,16.230000,0.030000,5.000000,1.000000,0.000000,32.630000,,27.000000,1.000000,0.000000,0.065000,0.600000,1.000000,32.000000,0.000000,7.600000,574.000000,89.116625,False,1.000000,1.000000,1.000000,0.500000,0.870000,0.918850,0.836850,0.940000,0.760000,0.892000,0.770400,0.880000,1.000000,,1.000000,1.000000,,,Good,42.000000,7348 Sok. No:2 Polis Merkezi Yamanlar,BAYRAKLI,60.000000,35-BS-00-29-A1*A5-K1*K122-D1*D44-S1-I2,38.481110,27.132940,10.883375,,1.000000,9.000000,"Arsenik, Nitrit, Amonyum, Alüminyum, Demir, Klorür, İletkenlik, Oksitlenebilirlik, pH",0.000000,Good,Decision Tree,0.000000,1.000000,0.000000
2025-10-08,POSTACI MAH,13.920000,0.030000,5.100000,1.000000,0.000000,28.340000,,27.000000,1.000000,0.000000,0.065000,0.600000,1.000000,32.000000,0.000000,7.600000,576.000000,89.097725,False,1.000000,1.000000,1.000000,0.490000,0.870000,0.930400,0.858300,0.940000,0.760000,0.892000,0.769600,0.880000,1.000000,,1.000000,1.000000,,,Good,43.000000,7659/2 Sok. No:1/B Postacılar Mah.,BAYRAKLI,60.000000,35-BS-00-29-A1*A5*-K1*K122-D1*D44-S1-I3-IY1,38.482170,27.119910,10.902275,,1.000000,9.000000,"Arsenik, Nitrit, Amonyum, Alüminyum, Demir, Klorür, İletkenlik, Oksitlenebilirlik, pH",0.000000,Good,Decision Tree,0.000000,1.000000,0.000000
2025-10-08,YAMAÇ MAH,15.070000,0.030000,4.810000,1.000000,0.000000,14.920000,,27.000000,1.000000,0.000000,0.065000,0.600000,1.000000,32.000000,0.000000,7.600000,576.000000,89.170282,False,1.000000,1.000000,1.000000,0.519000,0.870000,0.924650,0.925400,0.940000,0.760000,0.892000,0.769600,0.880000,1.000000,,1.000000,1.000000,,,Good,44.000000,6730 Sok. No:6/A Yamaç Mah.,KARŞIYAKA,7.000000,35-BS-00-03-A1*A5-K1*K122-D1*D44-S1-I1,38.483710,27.099770,10.829718,,1.000000,9.000000,"Arsenik, Nitrit, Amonyum, Alüminyum, Demir, Klorür, İletkenlik, Oksitlenebilirlik, pH",0.000000,Good,Decision Tree,0.000000,1.000000,0.000000
2025-10-08,CUMHURİYET MAH,14.720000,0.030000,4.470000,1.000000,0.000000,12.050000,,27.000000,1.000000,0.000000,0.065000,0.600000,1.000000,32.000000,0.000000,7.600000,576.000000,89.249032,False,1.000000,1.000000,1.000000,0.553000,0.870000,0.926400,0.939750,0.940000,0.760000,0.892000,0.769600,0.880000,1.000000,,1.000000,1.000000,,,Good,45.000000,Alim Dağhan Cd. İle 6716 Sok. Kvs.,KARŞIYAKA,7.000000,35-BS-00-03-A1*A5-K1*K122-D1*D44-S1-I2,38.485320,27.096540,10.750968,,1.000000,9.000000,"Arsenik, Nitrit, Amonyum, Alüminyum, Demir, Klorür, İletkenlik, Oksitlenebilirlik, pH",0.000000,Good,Decision Tree,0.000000,1.000000,0.000000
2025-10-08,GÜZELTEPE,14.100000,0.030000,4.560000,1.000000,0.000000,14.140000,,27.000000,1.000000,0.000000,0.065000,0.600000,1.000000,32.000000,0.000000,7.600000,577.000000,89.227833,False,1.000000,1.000000,1.000000,0.544000,0.870000,0.929500,0.929300,0.940000,0.760000,0.892000,0.769200,0.880000,1.000000,,1.000000,1.000000,,,Good,46.000000,8172 Sok. No:90/1 Güzeltepe,ÇİĞLİ,4.000000,35-BS-00-24-A1*A5-K1*K122-D1*D44-S1-I4-IY1,38.502720,27.077990,10.772167,,1.000000,9.000000,"Arsenik, Nitrit, Amonyum, Alüminyum, Demir, Klorür, İletkenlik, Oksitlenebilirlik, pH",0.000000,Good,Decision Tree,0.000000,1.000000,0.000000
2025-10-08,EVKA-5,19.850000,0.030000,4.250000,1.000000,0.000000,7.440000,,38.000000,1.000000,0.000000,0.065000,0.600000,1.000000,34.000000,0.100000,7.300000,644.000000,89.580091,False,1.000000,1.000000,1.000000,0.575000,0.870000,0.900750,0.962800,0.940000,0.880000,0.848000,0.742400,0.880000,1.000000,,1.000000,1.000000,,,Good,47.000000,8809 Sok. No:141/A Evka-5,ÇİĞLİ,4.000000,35-BS-00-24-A1*A5-K1*K122-D1*D44-S1-I8-IY1,38.518190,27.056590,10.419909,,1.000000,9.000000,"Arsenik, Nitrit, Amonyum, Alüminyum, Demir, Klorür, İletkenlik, Oksitlenebilirlik, pH",0.000000,Good,Decision Tree,0.000000,1.000000,0.000000
2025-10-08,EGEKENT-2,15.080000,0.030000,4.410000,1.000000,0.000000,11.990000,,40.000000,1.000000,0.000000,0.065000,0.600000,1.000000,32.000000,0.100000,7.400000,647.000000,89.448011,False,1.000000,1.000000,1.000000,0.559000,0.870000,0.924600,0.940050,0.940000,0.840000,0.840000,0.741200,0.880000,1.000000,,1.000000,1.000000,,,Good,48.000000,8818 Sok. No:38 6 Nolu Sağlık Ocağı Egekent,ÇİĞLİ,4.000000,35-BS-00-24-A1*A5-K1*K122-D1*D44-S1-I6,38.555690,27.049780,10.551989,,1.000000,9.000000,"Arsenik, Nitrit, Amonyum, Alüminyum, Demir, Klorür, İletkenlik, Oksitlenebilirlik, pH",0.000000,Good,Decision Tree,0.000000,1.000000,0.000000
2025-10-08,ALAYBEY,16.550000,0.030000,4.640000,1.000000,0.000000,12.470000,,27.000000,1.000000,0.000000,0.065000,0.400000,1.000000,32.000000,0.000000,7.600000,577.000000,89.390301,False,1.000000,1.000000,1.000000,0.536000,0.870000,0.917250,0.937650,0.940000,0.760000,0.892000,0.769200,0.920000,1.000000,,1.000000,1.000000,,,Good,49.000000,1643/7 Sok. No:8 Adalet Mah.,BAYRAKLI,60.000000,35-BS-00-03-A1*A5-K1*K122-D1*D44-S1-13-IY1,38.466750,27.159340,10.609699,,1.000000,9.000000,"Arsenik, Nitrit, Amonyum, Alüminyum, Demir, Klorür, İletkenlik, Oksitlenebilirlik, pH",0.000000,Good,Decision Tree,0.000000,1.000000,0.000000
2025-10-08,CENGİZHAN,16.990000,0.030000,4.280000,1.000000,0.000000,8.570000,,30.000000,1.000000,0.000000,0.065000,0.400000,1.000000,31.000000,0.000000,7.400000,591.000000,89.663111,False,1.000000,1.000000,1.000000,0.572000,0.870000,0.915050,0.957150,0.940000,0.840000,0.880000,0.763600,0.920000,1.000000,,1.000000,1.000000,,,Good,50.000000,1620/19 İle 1620/39 Sok. Kavsağı Cengizhan,BAYRAKLI,60.000000,35-BS-00-29-A1*A5-K1*K122-D1*D44-S1-I4,38.473400,27.158880,10.336889,,1.000000,9.000000,"Arsenik, Nitrit, Amonyum, Alüminyum, Demir, Klorür, İletkenlik, Oksitlenebilirlik, pH",0.000000,Good,Decision Tree,0.000000,1.000000,0.000000
2025-10-08,ÇAY MAH,18.160000,0.030000,4.350000,1.000000,0.000000,9.120000,,30.000000,1.000000,0.000000,0.065000,0.400000,1.000000,31.000000,0.000000,7.400000,592.000000,89.646296,False,1.000000,1.000000,1.000000,0.565000,0.870000,0.909200,0.954400,0.940000,0.840000,0.880000,0.763200,0.920000,1.000000,,1.000000,1.000000,,,Good,51.000000,Hakan Uysal Cad. No:273/1 Çay Mahallesi,BAYRAKLI,60.000000,35-BS-00-29-A1*A5-K1*K122-D1*D44-S1-I5,38.470860,27.180440,10.353704,,1.000000,9.000000,"Arsenik, Nitrit, Amonyum, Alüminyum, Demir, Klorür, İletkenlik, Oksitlenebilirlik, pH",0.000000,Good,Decision Tree,0.000000,1.000000,0.000000
2025-10-08,İZYUVA,20.770000,0.030000,4.810000,1.000000,0.000000,41.860000,,26.000000,1.000000,0.000000,0.065000,0.400000,1.000000,31.000000,0.000000,7.300000,569.000000,89.619020,False,1.000000,1.000000,1.000000,0.519000,0.870000,0.896150,0.790700,0.940000,0.880000,0.896000,0.772400,0.920000,1.000000,,1.000000,1.000000,,,Good,52.000000,113/19 Sok. No:10 İzyuva,BORNOVA,2.000000,35-BS-00-01-A1*A5-K1*K122-D1*D44-S1-I7,38.464570,27.249790,10.380980,,1.000000,9.000000,"Arsenik, Nitrit, Amonyum, Alüminyum, Demir, Klorür, İletkenlik, Oksitlenebilirlik, pH",0.000000,Good,Decision Tree,0.000000,1.000000,0.000000
2025-10-08,NALDÖKEN,16.830000,0.030000,4.950000,1.000000,0.000000,35.750000,,26.000000,1.000000,0.000000,0.065000,0.400000,1.000000,31.000000,0.000000,7.600000,570.000000,89.307220,False,1.000000,1.000000,1.000000,0.505000,0.870000,0.915850,0.821250,0.940000,0.760000,0.896000,0.772000,0.920000,1.000000,,1.000000,1.000000,,,Good,53.000000,Ankara Cad. İle Atatürk Cad. Kav.,BORNOVA,2.000000,35-BS-00-01-A1*A5-K1*K122-D1*D44-S1-I6,38.452100,27.266070,10.692780,,1.000000,9.000000,"Arsenik, Nitrit, Amonyum, Alüminyum, Demir, Klorür, İletkenlik, Oksitlenebilirlik, pH",0.000000,Good,Decision Tree,0.000000,1.000000,0.000000
2025-10-08,YEŞİLÇAM,33.040000,0.030000,5.150000,1.000000,0.000000,31.590000,,27.000000,1.000000,0.000000,0.065000,0.400000,1.000000,32.000000,0.000000,7.600000,577.000000,89.254764,False,1.000000,1.000000,1.000000,0.485000,0.870000,0.834800,0.842050,0.940000,0.760000,0.892000,0.769200,0.920000,1.000000,,1.000000,1.000000,,,Good,54.000000,Mrk. Bornova Jandarma Komando Ambarlar Yanı,BORNOVA,2.000000,35-BS-00-01-A1*A5-K1*K122-D1*D44-S1-IY1,38.445680,27.289280,10.745236,,1.000000,9.000000,"Arsenik, Nitrit, Amonyum, Alüminyum, Demir, Klorür, İletkenlik, Oksitlenebilirlik, pH",0.000000,Good,Decision Tree,0.000000,1.000000,0.000000
2025-10-08,MEVLANA,22.270000,0.030000,4.960000,1.000000,0.000000,47.290000,,26.000000,1.000000,0.000000,0.065000,0.400000,1.000000,30.000000,0.000000,7.300000,569.000000,89.581160,False,1.000000,1.000000,1.000000,0.504000,0.870000,0.888650,0.763550,0.940000,0.880000,0.896000,0.772400,0.920000,1.000000,,1.000000,1.000000,,,Good,55.000000,1754 Sok. No:25 Asm Mevlana,BORNOVA,2.000000,35-BS-00-01-A1*A5-K1*K122-D1*D44-S1-I4,38.448220,27.230660,10.418840,,1.000000,9.000000,"Arsenik, Nitrit, Amonyum, Alüminyum, Demir, Klorür, İletkenlik, Oksitlenebilirlik, pH",0.000000,Good,Decision Tree,0.000000,1.000000,0.000000
2025-10-08,YEŞİLOVA,17.730000,0.030000,4.960000,1.000000,0.000000,37.270000,,26.000000,1.000000,0.000000,0.065000,0.400000,1.000000,30.000000,0.000000,7.300000,569.000000,89.589396,False,1.000000,1.000000,1.000000,0.504000,0.870000,0.911350,0.813650,0.940000,0.880000,0.896000,0.772400,0.920000,1.000000,,1.000000,1.000000,,,Good,56.000000,A.İpekçi Cd. İle 4040 Sok. Kvs. Yesilova,BORNOVA,2.000000,35-BS-00-01-A1*A5-K1*K122-D1*D44-S1-I3,38.440370,27.201350,10.410604,,1.000000,9.000000,"Arsenik, Nitrit, Amonyum, Alüminyum, Demir, Klorür, İletkenlik, Oksitlenebilirlik, pH",0.000000,Good,Decision Tree,0.000000,1.000000,0.000000
2025-10-08,MERSİNLİ,18.750000,0.030000,4.970000,1.000000,0.000000,34.660000,,26.000000,1.000000,0.000000,0.065000,0.000000,1.000000,31.000000,0.000000,7.300000,569.000000,89.950052,False,1.000000,1.000000,1.000000,0.503000,0.870000,0.906250,0.826700,0.940000,0.880000,0.896000,0.772400,1.000000,1.000000,,1.000000,1.000000,,,Good,57.000000,Fatih cd. İle Beyazıt Cd. Tuğlacı Önü Mersinli,BORNOVA,2.000000,35-BS-00-01-A1*A5-K1*K122-D1*D44-S1-I14,38.440000,27.180530,10.049948,,1.000000,9.000000,"Arsenik, Nitrit, Amonyum, Alüminyum, Demir, Klorür, İletkenlik, Oksitlenebilirlik, pH",0.000000,Good,Decision Tree,0.000000,1.000000,0.000000
2025-10-08,KAHRAMANLAR,11.620000,0.030000,5.560000,1.000000,0.000000,17.710000,,24.000000,1.000000,0.000000,0.065000,0.400000,1.000000,31.000000,0.000000,7.200000,553.000000,89.564210,False,1.000000,1.000000,1.000000,0.444000,0.870000,0.941900,0.911450,0.940000,0.920000,0.904000,0.778800,0.920000,1.000000,,1.000000,1.000000,,,Good,58.000000,Akıncılar Cd. İle 1420 Sok. Kvs. Kahramanlar,KONAK,8.000000,35-BS-00-04-A1*A5-K1*K122-D1*D44-S1-I7,38.428000,27.151650,10.435790,,1.000000,9.000000,"Arsenik, Nitrit, Amonyum, Alüminyum, Demir, Klorür, İletkenlik, Oksitlenebilirlik, pH",0.000000,Good,Decision Tree,0.000000,1.000000,0.000000
2025-10-08,ÇANKAYA,11.740000,0.030000,7.630000,1.000000,0.000000,44.420000,,24.000000,1.000000,0.000000,0.065000,0.600000,1.000000,31.000000,0.000000,7.200000,554.000000,88.899659,False,1.000000,1.000000,1.000000,0.237000,0.870000,0.941300,0.777900,0.940000,0.920000,0.904000,0.778400,0.880000,1.000000,,1.000000,1.000000,,,Good,59.000000,Hürriyet Bulvarı No:14/E,KONAK,8.000000,35-BS-00-04-A1*A5-K1*K122-D1*D44-S1-IY-1,38.424780,27.142050,11.100341,,1.000000,9.000000,"Arsenik, Nitrit, Amonyum, Alüminyum, Demir, Klorür, İletkenlik, Oksitlenebilirlik, pH",0.000000,Good,Decision Tree,0.000000,1.000000,0.000000
2025-10-08,TOROS,12.260000,0.030000,1.900000,1.000000,0.000000,9.580000,,36.000000,1.000000,0.000000,0.065000,0.600000,1.000000,29.000000,0.000000,7.300000,521.000000,90.116058,False,1.000000,1.000000,1.000000,0.810000,0.870000,0.938700,0.952100,0.940000,0.880000,0.856000,0.791600,0.880000,1.000000,,1.000000,1.000000,,,Good,60.000000,Dicle Cad. No:88 Aile Sağlığı Merkezi,KONAK,8.000000,35-BS-00-04-A1*A5-K1*K122-D1*D44-S1-I3,38.407410,27.183640,9.883942,,1.000000,9.000000,"Arsenik, Nitrit, Amonyum, Alüminyum, Demir, Klorür, İletkenlik, Oksitlenebilirlik, pH",0.000000,Good,Decision Tree,0.000000,1.000000,0.000000
2025-10-08,LEVENT,11.040000,0.030000,1.830000,1.000000,0.000000,32.610000,,36.000000,1.000000,0.000000,0.065000,0.600000,1.000000,29.000000,0.000000,7.300000,521.000000,90.119559,False,1.000000,1.000000,1.000000,0.817000,0.870000,0.944800,0.836950,0.940000,0.880000,0.856000,0.791600,0.880000,1.000000,,1.000000,1.000000,,,Good,61.000000,3513 İle 3514 Sok. Kvs Levent,KONAK,8.000000,35-BS-00-04-A1*A5-K1*K122-D1*D44-S1-I8,38.411300,27.163150,9.880441,,1.000000,9.000000,"Arsenik, Nitrit, Amonyum, Alüminyum, Demir, Klorür, İletkenlik, Oksitlenebilirlik, pH",0.000000,Good,Decision Tree,0.000000,1.000000,0.000000
2025-10-08,UFUK MAH,14.370000,0.030000,1.930000,1.000000,0.000000,12.430000,,36.000000,1.000000,0.000000,0.065000,0.000000,1.000000,29.000000,0.000000,7.300000,521.000000,90.649492,False,1.000000,1.000000,1.000000,0.807000,0.870000,0.928150,0.937850,0.940000,0.880000,0.856000,0.791600,1.000000,1.000000,,1.000000,1.000000,,,Good,62.000000,914 Sok. No.7/A Ufuk Mah.,BUCA,3.000000,35-BS-00-02-A1*A5-K1*K122-D1*D44-S1-I5,38.403620,27.165620,9.350508,,1.000000,9.000000,"Arsenik, Nitrit, Amonyum, Alüminyum, Demir, Klorür, İletkenlik, Oksitlenebilirlik, pH",0.000000,Good,Decision Tree,0.000000,1.000000,0.000000
2025-10-08,EVKA-1,13.470000,0.030000,1.730000,1.000000,0.000000,24.810000,,53.000000,1.000000,0.000000,0.065000,0.400000,1.000000,24.000000,0.000000,7.300000,469.000000,90.320266,False,1.000000,1.000000,1.000000,0.827000,0.870000,0.932650,0.875950,0.940000,0.880000,0.788000,0.812400,0.920000,1.000000,,1.000000,1.000000,,,Good,63.000000,Türkmenistan Cad. İle 1206 Sok.. Kvs. Evka-1,BUCA,3.000000,35-BS-00-02-A1*A5-K1*K122-D1*D44-S1-I9,38.400630,27.194670,9.679734,,1.000000,9.000000,"Arsenik, Nitrit, Amonyum, Alüminyum, Demir, Klorür, İletkenlik, Oksitlenebilirlik, pH",0.000000,Good,Decision Tree,0.000000,1.000000,0.000000
2025-10-08,ADATEPE,10.250000,0.030000,1.620000,1.000000,0.000000,22.400000,,53.000000,1.000000,0.000000,0.065000,0.400000,1.000000,24.000000,0.000000,7.300000,469.000000,90.348340,False,1.000000,1.000000,1.000000,0.838000,0.870000,0.948750,0.888000,0.940000,0.880000,0.788000,0.812400,0.920000,1.000000,,1.000000,1.000000,,,Good,64.000000,3 İle 3/8 Sok. Kvs. Adatepe,BUCA,3.000000,35-BS-00-02-A1*A5-K1*K122-D1*D44-S1-I4,38.381540,27.184940,9.651660,,1.000000,9.000000,"Arsenik, Nitrit, Amonyum, Alüminyum, Demir, Klorür, İletkenlik, Oksitlenebilirlik, pH",0.000000,Good,Decision Tree,0.000000,1.000000,0.000000
2025-10-08,KURUÇEŞME,10.110000,0.030000,1.700000,1.000000,0.000000,23.520000,,53.000000,1.000000,0.000000,0.065000,0.400000,1.000000,24.000000,0.000000,7.300000,469.000000,90.329685,False,1.000000,1.000000,1.000000,0.830000,0.870000,0.949450,0.882400,0.940000,0.880000,0.788000,0.812400,0.920000,1.000000,,1.000000,1.000000,,,Good,65.000000,Dogus Cad. İle A.Yesevi Cd. Kvs. Kuruçeşme,BUCA,3.000000,35-BS-00-02-A1*A5-K1*K122-D1*D44-S1-I2,38.372330,27.194500,9.670315,,1.000000,9.000000,"Arsenik, Nitrit, Amonyum, Alüminyum, Demir, Klorür, İletkenlik, Oksitlenebilirlik, pH",0.000000,Good,Decision Tree,0.000000,1.000000,0.000000
2025-10-08,KOZAĞAÇ,14.820000,0.030000,1.730000,1.000000,0.000000,27.140000,,53.000000,1.000000,0.000000,0.065000,0.400000,1.000000,24.000000,0.000000,7.300000,469.000000,90.318185,False,1.000000,1.000000,1.000000,0.827000,0.870000,0.925900,0.864300,0.940000,0.880000,0.788000,0.812400,0.920000,1.000000,,1.000000,1.000000,,,Good,66.000000,I.Sivri Cd. İle 254 Sok.. Kvs. Kozağaç,BUCA,3.000000,35-BS-00-02-A1*A5-K1*K122-D1*D44-S1-I8,38.377130,27.169560,9.681815,,1.000000,9.000000,"Arsenik, Nitrit, Amonyum, Alüminyum, Demir, Klorür, İletkenlik, Oksitlenebilirlik, pH",0.000000,Good,Decision Tree,0.000000,1.000000,0.000000
2025-10-08,ÇAMLIKULE,11.290000,0.030000,1.630000,1.000000,0.000000,22.730000,,53.000000,1.000000,0.000000,0.065000,0.400000,1.000000,24.000000,0.000000,7.300000,469.000000,90.345302,False,1.000000,1.000000,1.000000,0.837000,0.870000,0.943550,0.886350,0.940000,0.880000,0.788000,0.812400,0.920000,1.000000,,1.000000,1.000000,,,Good,67.000000,220 Sok. No:163/B Çamlıkule,BUCA,3.000000,35-BS-00-02-A1*A5-K1*K122-D1*D44-S1-I3,38.372280,27.171530,9.654698,,1.000000,9.000000,"Arsenik, Nitrit, Amonyum, Alüminyum, Demir, Klorür, İletkenlik, Oksitlenebilirlik, pH",0.000000,Good,Decision Tree,0.000000,1.000000,0.000000
2025-10-08,AKINCILAR,8.780000,0.030000,7.320000,1.000000,0.000000,37.550000,,24.000000,1.000000,0.000000,0.065000,0.600000,1.000000,31.000000,0.000000,7.200000,541.000000,88.975407,False,1.000000,1.000000,1.000000,0.268000,0.870000,0.956100,0.812250,0.940000,0.920000,0.904000,0.783600,0.880000,1.000000,,1.000000,1.000000,,,Good,68.000000,A.Hatboyu Cd. İle 545 Sok.. Kvs. Akıncılar,BUCA,3.000000,35-BS-00-02-A1*A5-K1*K122-D1*D44-S1-I7,38.387460,27.147600,11.024593,,1.000000,9.000000,"Arsenik, Nitrit, Amonyum, Alüminyum, Demir, Klorür, İletkenlik, Oksitlenebilirlik, pH",0.000000,Good,Decision Tree,0.000000,1.000000,0.000000
2025-10-08,UĞUR MUMCU MAH,8.100000,0.030000,7.440000,1.000000,0.000000,36.550000,,24.000000,1.000000,0.000000,0.065000,0.600000,1.000000,31.000000,0.000000,7.200000,542.000000,88.949203,False,1.000000,1.000000,1.000000,0.256000,0.870000,0.959500,0.817250,0.940000,0.920000,0.904000,0.783200,0.880000,1.000000,,1.000000,1.000000,,,Good,69.000000,5777 İle 5780 Sok. Kvs. U. Mumcu,KARABAĞLAR,59.000000,35-BS-00-30-A1*A5-K1*K122-D1*D44-S1-I1,38.381830,27.130670,11.050797,,1.000000,9.000000,"Arsenik, Nitrit, Amonyum, Alüminyum, Demir, Klorür, İletkenlik, Oksitlenebilirlik, pH",0.000000,Good,Decision Tree,0.000000,1.000000,0.000000
2025-10-08,ÇAMLIK MAH,11.880000,0.030000,1.680000,1.000000,0.000000,24.930000,,53.000000,1.000000,0.000000,0.065000,0.400000,1.000000,24.000000,0.000000,7.300000,469.000000,90.332411,False,1.000000,1.000000,1.000000,0.832000,0.870000,0.940600,0.875350,0.940000,0.880000,0.788000,0.812400,0.920000,1.000000,,1.000000,1.000000,,,Good,70.000000,4969 Sok. No:2/A Çamlık,KARABAĞLAR,59.000000,35-BS-00-30-A1*A5-K1*K122-D1*D44-S1-I2,38.366230,27.120330,9.667589,,1.000000,9.000000,"Arsenik, Nitrit, Amonyum, Alüminyum, Demir, Klorür, İletkenlik, Oksitlenebilirlik, pH",0.000000,Good,Decision Tree,0.000000,1.000000,0.000000
2025-10-08,AKTEPE,12.160000,0.030000,2.490000,1.000000,0.000000,13.220000,,53.000000,1.000000,0.000000,0.065000,0.400000,1.000000,24.000000,0.000000,7.300000,465.000000,90.155619,False,1.000000,1.000000,1.000000,0.751000,0.870000,0.939200,0.933900,0.940000,0.880000,0.788000,0.814000,0.920000,1.000000,,1.000000,1.000000,,,Good,71.000000,Altan Aydin İle 4165 Sok.. Kvs Aktepe,GAZİEMİR,5.000000,35-BS-00-25-A1*A5-K1*K122-D1*D44-S1-I5,38.352350,27.125160,9.844381,,1.000000,9.000000,"Arsenik, Nitrit, Amonyum, Alüminyum, Demir, Klorür, İletkenlik, Oksitlenebilirlik, pH",0.000000,Good,Decision Tree,0.000000,1.000000,0.000000
2025-10-08,9 EYLÜL MAH,12.270000,0.030000,1.560000,1.000000,0.000000,11.500000,,53.000000,1.000000,0.000000,0.065000,0.400000,1.000000,25.000000,0.000000,7.300000,465.000000,90.366953,False,1.000000,1.000000,1.000000,0.844000,0.870000,0.938650,0.942500,0.940000,0.880000,0.788000,0.814000,0.920000,1.000000,,1.000000,1.000000,,,Good,72.000000,Kahramanlar Cd. No:2 H. Bayram Camii,GAZİEMİR,5.000000,35-BS-00-25-A1*A5-K1*K122-D1*D44-S1-I2,38.327138,27.137154,9.633047,,1.000000,9.000000,"Arsenik, Nitrit, Amonyum, Alüminyum, Demir, Klorür, İletkenlik, Oksitlenebilirlik, pH",0.000000,Good,Decision Tree,0.000000,1.000000,0.000000
2025-10-08,BEYAZEVLER,17.220000,0.030000,1.730000,1.000000,0.000000,16.360000,,53.000000,1.000000,0.000000,0.065000,0.400000,1.000000,25.000000,0.000000,7.300000,466.000000,90.322936,False,1.000000,1.000000,1.000000,0.827000,0.870000,0.913900,0.918200,0.940000,0.880000,0.788000,0.813600,0.920000,1.000000,,1.000000,1.000000,,,Good,73.000000,514 Sok.. No:3/A Beyazevler,GAZİEMİR,5.000000,35-BS-00-25-A1*A5-K1*K122-D1*D44-S1-I3,38.341790,27.140280,9.677064,,1.000000,9.000000,"Arsenik, Nitrit, Amonyum, Alüminyum, Demir, Klorür, İletkenlik, Oksitlenebilirlik, pH",0.000000,Good,Decision Tree,0.000000,1.000000,0.000000
2025-10-08,UZUNDERE,13.770000,0.030000,1.700000,1.000000,0.000000,15.150000,,53.000000,1.000000,0.000000,0.065000,0.400000,1.000000,25.000000,0.000000,7.300000,466.000000,90.332360,False,1.000000,1.000000,1.000000,0.830000,0.870000,0.931150,0.924250,0.940000,0.880000,0.788000,0.813600,0.920000,1.000000,,1.000000,1.000000,,,Good,74.000000,Eski Izmir Cad. 3959 Kvs Uzundere,KARABAĞLAR,59.000000,35-BS-00-30-A1*A5-K1*K122-D1*D44-S1-I4,38.360060,27.104090,9.667640,,1.000000,9.000000,"Arsenik, Nitrit, Amonyum, Alüminyum, Demir, Klorür, İletkenlik, Oksitlenebilirlik, pH",0.000000,Good,Decision Tree,0.000000,1.000000,0.000000
2025-10-08,CENNETÇEŞME,12.790000,0.030000,1.610000,1.000000,0.000000,14.320000,,53.000000,1.000000,0.000000,0.065000,0.400000,1.000000,24.000000,0.000000,7.300000,465.000000,90.353751,False,1.000000,1.000000,1.000000,0.839000,0.870000,0.936050,0.928400,0.940000,0.880000,0.788000,0.814000,0.920000,1.000000,,1.000000,1.000000,,,Good,75.000000,3948/6 Sok. No:2 C.Çeşme,KARABAĞLAR,59.000000,35-BS-00-30-A1*A5-K1*K122-D1*D44-S1-I9,38.361680,27.093850,9.646249,,1.000000,9.000000,"Arsenik, Nitrit, Amonyum, Alüminyum, Demir, Klorür, İletkenlik, Oksitlenebilirlik, pH",0.000000,Good,Decision Tree,0.000000,1.000000,0.000000
2025-10-08,GÜZELBAHÇE,13.580000,0.030000,6.320000,1.000000,0.000000,44.080000,,27.000000,1.000000,0.000000,0.065000,0.600000,1.000000,32.000000,0.000000,7.300000,549.000000,89.098877,False,1.000000,1.000000,1.000000,0.368000,0.870000,0.932100,0.779600,0.940000,0.880000,0.892000,0.780400,0.880000,1.000000,,1.000000,1.000000,,,Good,76.000000,Mithatpaşa Caddesi No:479,GÜZELBAHÇE,6.000000,35-BS-00-28-A1*A5-K1*K122-D1*D44-S1-IY-1,38.377140,26.883660,10.901123,,1.000000,9.000000,"Arsenik, Nitrit, Amonyum, Alüminyum, Demir, Klorür, İletkenlik, Oksitlenebilirlik, pH",0.000000,Good,Decision Tree,0.000000,1.000000,0.000000
2025-10-08,İNCİRALTI,15.480000,0.030000,6.240000,1.000000,0.000000,46.940000,,27.000000,1.000000,0.000000,0.065000,0.600000,1.000000,32.000000,0.000000,7.300000,548.000000,89.114289,False,1.000000,1.000000,1.000000,0.376000,0.870000,0.922600,0.765300,0.940000,0.880000,0.892000,0.780800,0.880000,1.000000,,1.000000,1.000000,,,Good,78.000000,Başak Cd. No:16 Bahçe Cafe İnciralti,BALÇOVA,1.000000,35-BS-00-26-A1*A5-K1*K122-D1*D44-S1-I1,38.409090,27.035910,10.885711,,1.000000,9.000000,"Arsenik, Nitrit, Amonyum, Alüminyum, Demir, Klorür, İletkenlik, Oksitlenebilirlik, pH",0.000000,Good,Decision Tree,0.000000,1.000000,0.000000
2025-10-08,ESENDERE,13.550000,0.030000,6.500000,1.000000,0.000000,44.710000,,27.000000,1.000000,0.000000,0.065000,0.600000,1.000000,32.000000,0.000000,7.300000,548.000000,89.057814,False,1.000000,1.000000,1.000000,0.350000,0.870000,0.932250,0.776450,0.940000,0.880000,0.892000,0.780800,0.880000,1.000000,,1.000000,1.000000,,,Good,79.000000,52/74 İle 52/18 Sok. Kvs Esendere,KARABAĞLAR,59.000000,35-BS-00-30-A1*A5-K1*K122-D1*D44-S1-I5,38.391050,27.089590,10.942186,,1.000000,9.000000,"Arsenik, Nitrit, Amonyum, Alüminyum, Demir, Klorür, İletkenlik, Oksitlenebilirlik, pH",0.000000,Good,Decision Tree,0.000000,1.000000,0.000000
2025-10-08,KADİFEKALE,8.120000,0.030000,7.360000,1.000000,0.000000,76.550000,,24.000000,1.000000,0.000000,0.065000,0.600000,1.000000,31.000000,0.000000,7.300000,539.000000,88.849409,False,1.000000,1.000000,1.000000,0.264000,0.870000,0.959400,0.617250,0.940000,0.880000,0.904000,0.784400,0.880000,1.000000,,1.000000,1.000000,,,Good,80.000000,R.Erkutlu Şehitlik Önü No:290/A Kadifekale,KONAK,8.000000,35-BS-00-04-A1*A5-K1*K122-D1*D44-S1-I6,38.412820,27.140320,11.150591,,1.000000,9.000000,"Arsenik, Nitrit, Amonyum, Alüminyum, Demir, Klorür, İletkenlik, Oksitlenebilirlik, pH",0.000000,Good,Decision Tree,0.000000,1.000000,0.000000
2025-10-15,YENİŞEHİR,13.280000,0.030000,3.990000,1.000000,0.000000,17.770000,,34.000000,1.000000,0.000000,0.065000,0.600000,1.000000,31.000000,0.100000,7.300000,643.000000,89.638244,False,1.000000,1.000000,1.000000,0.601000,0.870000,0.933600,0.911150,0.940000,0.880000,0.864000,0.742800,0.880000,1.000000,,1.000000,1.000000,,,Good,2.000000,Gaziler Cad. No:185 İtfaiye Önü,KONAK,8.000000,35-BS-00-04-A1*A5-K1*K122-D1*D44-S1-I10,38.422640,27.153840,10.361756,,1.000000,9.000000,"Arsenik, Nitrit, Amonyum, Alüminyum, Demir, Klorür, İletkenlik, Oksitlenebilirlik, pH",0.000000,Good,Decision Tree,0.000000,1.000000,0.000000
2025-10-15,KONAK,13.050000,0.030000,4.030000,1.000000,0.000000,16.500000,,34.000000,1.000000,0.000000,0.065000,0.600000,1.000000,31.000000,0.100000,7.300000,645.000000,89.630035,False,1.000000,1.000000,1.000000,0.597000,0.870000,0.934750,0.917500,0.940000,0.880000,0.864000,0.742000,0.880000,1.000000,,1.000000,1.000000,,,Good,3.000000,854 Sok No:51/A,KONAK,8.000000,35-BS-00-04-A1*A5-K1*K122-D1*D44-S1-I5,38.420610,27.130760,10.369965,,1.000000,9.000000,"Arsenik, Nitrit, Amonyum, Alüminyum, Demir, Klorür, İletkenlik, Oksitlenebilirlik, pH",0.000000,Good,Decision Tree,0.000000,1.000000,0.000000
2025-10-15,GÜZELBAHÇE,17.220000,0.030000,3.050000,1.000000,0.000000,21.890000,,33.000000,1.000000,0.000000,0.065000,0.400000,1.000000,28.000000,0.000000,7.300000,583.000000,90.027959,False,1.000000,1.000000,1.000000,0.695000,0.870000,0.913900,0.890550,0.940000,0.880000,0.868000,0.766800,0.920000,1.000000,,1.000000,1.000000,,,Good,4.000000,Kazım Dirik Cad. No.46,GÜZELBAHÇE,6.000000,35-BS-00-28-A1*A5-K1*K122-D1*D44-S1-I1,38.363366,26.866501,9.972041,,1.000000,9.000000,"Arsenik, Nitrit, Amonyum, Alüminyum, Demir, Klorür, İletkenlik, Oksitlenebilirlik, pH",0.000000,Good,Decision Tree,0.000000,1.000000,0.000000
2025-10-15,NARLIDERE,15.870000,0.030000,3.230000,1.000000,0.000000,22.070000,,33.000000,1.000000,0.000000,0.065000,0.400000,1.000000,28.000000,0.000000,7.300000,581.000000,89.987901,False,1.000000,1.000000,1.000000,0.677000,0.870000,0.920650,0.889650,0.940000,0.880000,0.868000,0.767600,0.920000,1.000000,,1.000000,1.000000,,,Good,5.000000,İzsu Narlıdere Teknik Amirlik,NARLIDERE,9.000000,35-BS-00-27-A1*A5-K1*K122-D1*D44-S1-I2,38.394150,27.009890,10.012099,,1.000000,9.000000,"Arsenik, Nitrit, Amonyum, Alüminyum, Demir, Klorür, İletkenlik, Oksitlenebilirlik, pH",0.000000,Good,Decision Tree,0.000000,1.000000,0.000000
2025-10-15,BALÇOVA,16.940000,0.030000,2.970000,1.000000,0.000000,17.530000,,33.000000,1.000000,0.000000,0.065000,0.400000,1.000000,28.000000,0.000000,7.300000,580.000000,90.048696,False,1.000000,1.000000,1.000000,0.703000,0.870000,0.915300,0.912350,0.940000,0.880000,0.868000,0.768000,0.920000,1.000000,,1.000000,1.000000,,,Good,6.000000,M.Pasa Cad. İle Hüseyin Ögütcen Kavşağı,BALÇOVA,1.000000,35-BS-00-26-A1*A5-K1*K122-D1*D44-S1-I2,38.394150,27.038360,9.951304,,1.000000,9.000000,"Arsenik, Nitrit, Amonyum, Alüminyum, Demir, Klorür, İletkenlik, Oksitlenebilirlik, pH",0.000000,Good,Decision Tree,0.000000,1.000000,0.000000
2025-10-15,ÜÇKUYULAR,16.510000,0.030000,3.620000,1.000000,0.000000,15.470000,,33.000000,1.000000,0.000000,0.065000,0.400000,1.000000,28.000000,0.000000,7.300000,577.000000,89.903045,False,1.000000,1.000000,1.000000,0.638000,0.870000,0.917450,0.922650,0.940000,0.880000,0.868000,0.769200,0.920000,1.000000,,1.000000,1.000000,,,Good,7.000000,65/17 Sok. No:45 Yumurtacı Ahmet Camii,KARABAĞLAR,59.000000,35-BS-00-30-A1*A5-K1*K122-D1*D44-S1-I6,38.393940,27.069370,10.096955,,1.000000,9.000000,"Arsenik, Nitrit, Amonyum, Alüminyum, Demir, Klorür, İletkenlik, Oksitlenebilirlik, pH",0.000000,Good,Decision Tree,0.000000,1.000000,0.000000
2025-10-15,GÜZELYALI,19.080000,0.030000,2.830000,1.000000,0.000000,17.560000,,33.000000,1.000000,0.000000,0.065000,0.400000,1.000000,28.000000,0.000000,7.300000,578.000000,90.079152,False,1.000000,1.000000,1.000000,0.717000,0.870000,0.904600,0.912200,0.940000,0.880000,0.868000,0.768800,0.920000,1.000000,,1.000000,1.000000,,,Good,8.000000,34.Sok. No:5 TSM Güzelyalı,KONAK,8.000000,35-BS-00-04-A1*A5-K1*K122-D1*D44-S1-I11,38.398080,27.079620,9.920848,,1.000000,9.000000,"Arsenik, Nitrit, Amonyum, Alüminyum, Demir, Klorür, İletkenlik, Oksitlenebilirlik, pH",0.000000,Good,Decision Tree,0.000000,1.000000,0.000000
2025-10-15,HATAY,12.190000,0.030000,1.060000,1.000000,0.000000,21.640000,,52.000000,1.000000,0.000000,0.065000,0.400000,1.000000,24.000000,0.000000,7.500000,503.000000,90.284082,False,1.000000,1.000000,1.000000,0.894000,0.870000,0.939050,0.891800,0.940000,0.800000,0.792000,0.798800,0.920000,1.000000,,1.000000,1.000000,,,Good,9.000000,İnönü Cad. İle 100 Sok. Kavşağı,KONAK,8.000000,35-BS-00-04-A1*A5-K1*K122-D1*D44-S1-I13,38.401640,27.099450,9.715918,,1.000000,9.000000,"Arsenik, Nitrit, Amonyum, Alüminyum, Demir, Klorür, İletkenlik, Oksitlenebilirlik, pH",0.000000,Good,Decision Tree,0.000000,1.000000,0.000000
2025-10-15,YEŞİLYURT,9.630000,0.030000,1.010000,1.000000,0.000000,28.130000,,52.000000,1.000000,0.000000,0.065000,0.400000,1.000000,22.000000,0.000000,7.500000,500.000000,90.293183,False,1.000000,1.000000,1.000000,0.899000,0.870000,0.951850,0.859350,0.940000,0.800000,0.792000,0.800000,0.920000,1.000000,,1.000000,1.000000,,,Good,11.000000,Ulu Önder Cad. İle Gökdere Cad.Kavşağı,KARABAĞLAR,59.000000,35-BS-00-30-A1*A5-K1*K122-D1*D44-S1-I7,38.404270,27.113010,9.706817,,1.000000,9.000000,"Arsenik, Nitrit, Amonyum, Alüminyum, Demir, Klorür, İletkenlik, Oksitlenebilirlik, pH",0.000000,Good,Decision Tree,0.000000,1.000000,0.000000
2025-10-15,KARABAĞLAR,9.030000,0.030000,0.940000,1.000000,0.000000,18.520000,,52.000000,1.000000,0.000000,0.065000,0.400000,1.000000,22.000000,0.000000,7.500000,496.000000,90.314811,False,1.000000,1.000000,1.000000,0.906000,0.870000,0.954850,0.907400,0.940000,0.800000,0.792000,0.801600,0.920000,1.000000,,1.000000,1.000000,,,Good,13.000000,4058 Sok. İle 4056 Sok. Kavşağı,KARABAĞLAR,59.000000,35-BS-00-30-A1*A5-K1*K122-D1*D44-S1-I8,38.374260,27.134100,9.685189,,1.000000,9.000000,"Arsenik, Nitrit, Amonyum, Alüminyum, Demir, Klorür, İletkenlik, Oksitlenebilirlik, pH",0.000000,Good,Decision Tree,0.000000,1.000000,0.000000
2025-10-15,ESKİ İZMİR,10.940000,0.030000,1.090000,1.000000,0.000000,20.990000,,52.000000,1.000000,0.000000,0.065000,0.400000,1.000000,22.000000,0.000000,7.500000,499.000000,90.278383,False,1.000000,1.000000,1.000000,0.891000,0.870000,0.945300,0.895050,0.940000,0.800000,0.792000,0.800400,0.920000,1.000000,,1.000000,1.000000,,,Good,14.000000,Eski Izmir Cad. No:562/A Kahve,KARABAĞLAR,59.000000,35-BS-00-30-A1*A5-K1*K122-D1*D44-S1-I3,38.376220,27.107190,9.721617,,1.000000,9.000000,"Arsenik, Nitrit, Amonyum, Alüminyum, Demir, Klorür, İletkenlik, Oksitlenebilirlik, pH",0.000000,Good,Decision Tree,0.000000,1.000000,0.000000
2025-10-15,GAZİEMİR,11.370000,0.030000,1.070000,1.000000,0.000000,21.100000,,52.000000,1.000000,0.000000,0.065000,0.400000,1.000000,22.000000,0.000000,7.500000,501.000000,90.282596,False,1.000000,1.000000,1.000000,0.893000,0.870000,0.943150,0.894500,0.940000,0.800000,0.792000,0.799600,0.920000,1.000000,,1.000000,1.000000,,,Good,15.000000,Abdullah Arda Meydanı No:29 Arkadaşlar Kahvesi,GAZİEMİR,5.000000,35-BS-00-25-A1*A5-K1*K122-D1*D44-S1-I4-Y1,38.321780,27.126430,9.717404,,1.000000,9.000000,"Arsenik, Nitrit, Amonyum, Alüminyum, Demir, Klorür, İletkenlik, Oksitlenebilirlik, pH",0.000000,Good,Decision Tree,0.000000,1.000000,0.000000
2025-10-15,GEDİZ,9.410000,0.030000,4.840000,1.000000,0.000000,7.920000,,29.000000,1.000000,0.000000,0.065000,0.400000,1.000000,30.000000,0.000000,7.300000,567.000000,89.636777,False,1.000000,1.000000,1.000000,0.516000,0.870000,0.952950,0.960400,0.940000,0.880000,0.884000,0.773200,0.920000,1.000000,,1.000000,1.000000,,,Good,16.000000,682/4 Sok. No:2 Gediz,BUCA,3.000000,35-BS-00-02-A1*A5-K1*K122-D1*D44-S1-I10,38.361880,27.144380,10.363223,,1.000000,9.000000,"Arsenik, Nitrit, Amonyum, Alüminyum, Demir, Klorür, İletkenlik, Oksitlenebilirlik, pH",0.000000,Good,Decision Tree,0.000000,1.000000,0.000000
2025-10-15,ŞİRİNYER,8.400000,0.030000,5.230000,1.000000,0.000000,15.660000,,29.000000,1.000000,0.000000,0.065000,0.600000,1.000000,30.000000,0.000000,7.300000,566.000000,89.363722,False,1.000000,1.000000,1.000000,0.477000,0.870000,0.958000,0.921700,0.940000,0.880000,0.884000,0.773600,0.880000,1.000000,,1.000000,1.000000,,,Good,17.000000,Koşuyolu Cad. Efeler Mah. No:41 Avni Naili Limboz Camii,BUCA,3.000000,35-BS-00-02-A1*A5-K1*K122-D1*D44-S1-I6,38.391680,27.150310,10.636278,,1.000000,9.000000,"Arsenik, Nitrit, Amonyum, Alüminyum, Demir, Klorür, İletkenlik, Oksitlenebilirlik, pH",0.000000,Good,Decision Tree,0.000000,1.000000,0.000000
2025-10-15,BUCA,8.910000,0.030000,4.980000,1.000000,0.000000,16.350000,,29.000000,1.000000,0.000000,0.065000,0.600000,1.000000,30.000000,0.000000,7.300000,565.000000,89.419613,False,1.000000,1.000000,1.000000,0.502000,0.870000,0.955450,0.918250,0.940000,0.880000,0.884000,0.774000,0.880000,1.000000,,1.000000,1.000000,,,Good,18.000000,Başarı Cad.İle 170. Sok.Kavşağı,BUCA,3.000000,35-BS-00-02-A1*A5-K1*K122-D1*D44-S1-I1,38.389300,27.176440,10.580387,,1.000000,9.000000,"Arsenik, Nitrit, Amonyum, Alüminyum, Demir, Klorür, İletkenlik, Oksitlenebilirlik, pH",0.000000,Good,Decision Tree,0.000000,1.000000,0.000000
2025-10-15,GÜLÇEŞME,9.480000,0.030000,4.810000,1.000000,0.000000,8.580000,,29.000000,1.000000,0.000000,0.065000,0.600000,1.000000,30.000000,0.000000,7.300000,566.000000,89.462146,False,1.000000,1.000000,1.000000,0.519000,0.870000,0.952600,0.957100,0.940000,0.880000,0.884000,0.773600,0.880000,1.000000,,1.000000,1.000000,,,Good,19.000000,3586 Sok. No:1 Gürçeşme,KONAK,8.000000,35-BS-00-04-A1*A5-K1*K122-D1*D44-S1-I15,38.404510,27.151350,10.537854,,1.000000,9.000000,"Arsenik, Nitrit, Amonyum, Alüminyum, Demir, Klorür, İletkenlik, Oksitlenebilirlik, pH",0.000000,Good,Decision Tree,0.000000,1.000000,0.000000
2025-10-15,GÜLTEPE,15.030000,0.030000,4.070000,1.000000,0.000000,17.490000,,33.000000,1.000000,0.000000,0.065000,0.600000,1.000000,29.000000,0.100000,7.300000,633.000000,89.619710,False,1.000000,1.000000,1.000000,0.593000,0.870000,0.924850,0.912550,0.940000,0.880000,0.868000,0.746800,0.880000,1.000000,,1.000000,1.000000,,,Good,20.000000,Selimiye Cad. No:30/B Gültepe,KONAK,8.000000,35-BS-00-04-A1*A5-K1*K122-D1*D44-S1-I16,38.416220,27.172680,10.380290,,1.000000,9.000000,"Arsenik, Nitrit, Amonyum, Alüminyum, Demir, Klorür, İletkenlik, Oksitlenebilirlik, pH",0.000000,Good,Decision Tree,0.000000,1.000000,0.000000
2025-10-15,ALTINDAĞ,13.970000,0.030000,3.840000,1.000000,0.000000,13.330000,,30.000000,1.000000,0.000000,0.065000,0.600000,1.000000,31.000000,0.100000,7.500000,626.000000,89.485278,False,1.000000,1.000000,1.000000,0.616000,0.870000,0.930150,0.933350,0.940000,0.800000,0.880000,0.749600,0.880000,1.000000,,1.000000,1.000000,,,Good,21.000000,Kemalpaşa Cad. No: 46,BORNOVA,2.000000,35-BS-00-01-A1*A5-K1*K122-D1*D44-S1-I9,38.425580,27.202560,10.514722,,1.000000,9.000000,"Arsenik, Nitrit, Amonyum, Alüminyum, Demir, Klorür, İletkenlik, Oksitlenebilirlik, pH",0.000000,Good,Decision Tree,0.000000,1.000000,0.000000
2025-10-15,ÇAMDİBİ,14.740000,0.030000,3.920000,1.000000,0.000000,14.420000,,30.000000,1.000000,0.000000,0.065000,0.600000,1.000000,31.000000,0.100000,7.500000,629.000000,89.466114,False,1.000000,1.000000,1.000000,0.608000,0.870000,0.926300,0.927900,0.940000,0.800000,0.880000,0.748400,0.880000,1.000000,,1.000000,1.000000,,,Good,22.000000,5227 Sok. No:35/C Çamdibi,BORNOVA,2.000000,35-BS-00-01-A1*A5-K1*K122-D1*D44-S1-I12,38.435530,27.191010,10.533886,,1.000000,9.000000,"Arsenik, Nitrit, Amonyum, Alüminyum, Demir, Klorür, İletkenlik, Oksitlenebilirlik, pH",0.000000,Good,Decision Tree,0.000000,1.000000,0.000000
2025-10-15,IŞIKKENT,15.620000,0.030000,3.920000,1.000000,0.000000,13.660000,,30.000000,1.000000,0.000000,0.065000,0.600000,1.000000,31.000000,0.100000,7.500000,628.000000,89.466050,False,1.000000,1.000000,1.000000,0.608000,0.870000,0.921900,0.931700,0.940000,0.800000,0.880000,0.748800,0.880000,1.000000,,1.000000,1.000000,,,Good,23.000000,Cumhuriyet Meydanı No:16  Işıkkent,BORNOVA,2.000000,35-BS-00-01-A1*A5-K1*K122-D1*D44-S1-I8,38.424540,27.230760,10.533950,,1.000000,9.000000,"Arsenik, Nitrit, Amonyum, Alüminyum, Demir, Klorür, İletkenlik, Oksitlenebilirlik, pH",0.000000,Good,Decision Tree,0.000000,1.000000,0.000000
2025-10-15,PINARBAŞI,17.100000,0.030000,3.910000,1.000000,0.000000,16.100000,,30.000000,1.000000,0.000000,0.065000,0.600000,1.000000,31.000000,0.100000,7.500000,630.000000,89.466088,False,1.000000,1.000000,1.000000,0.609000,0.870000,0.914500,0.919500,0.940000,0.800000,0.880000,0.748000,0.880000,1.000000,,1.000000,1.000000,,,Good,24.000000,Çanakkale Cad.İle 7057 Sok KavsağıPınarbaşı,BORNOVA,2.000000,35-BS-00-01-A1*A5-K1*K122-D1*D44-S1-I10,38.429880,27.266470,10.533912,,1.000000,9.000000,"Arsenik, Nitrit, Amonyum, Alüminyum, Demir, Klorür, İletkenlik, Oksitlenebilirlik, pH",0.000000,Good,Decision Tree,0.000000,1.000000,0.000000
2025-10-15,EVKA-3,15.330000,0.030000,3.820000,1.000000,0.000000,13.990000,,30.000000,1.000000,0.000000,0.065000,0.600000,1.000000,31.000000,0.100000,7.500000,631.000000,89.488643,False,1.000000,1.000000,1.000000,0.618000,0.870000,0.923350,0.930050,0.940000,0.800000,0.880000,0.747600,0.880000,1.000000,,1.000000,1.000000,,,Good,25.000000,Şehitler Cad. No:22 H.Mustafa Gökdemir Camii Evka-3,BORNOVA,2.000000,35-BS-00-01-A1*A5-K1*K122-D1*D44-S1-I2,38.473220,27.250940,10.511357,,1.000000,9.000000,"Arsenik, Nitrit, Amonyum, Alüminyum, Demir, Klorür, İletkenlik, Oksitlenebilirlik, pH",0.000000,Good,Decision Tree,0.000000,1.000000,0.000000
2025-10-15,BORNOVA,12.830000,0.030000,3.740000,1.000000,0.000000,13.940000,,30.000000,1.000000,0.000000,0.065000,0.600000,1.000000,31.000000,0.100000,7.500000,629.000000,89.508193,False,1.000000,1.000000,1.000000,0.626000,0.870000,0.935850,0.930300,0.940000,0.800000,0.880000,0.748400,0.880000,1.000000,,1.000000,1.000000,,,Good,26.000000,Ege Üni.Kampüsü İtfaiye Çeşmesi/İzsu Teknik Amirlik,BORNOVA,2.000000,35-BS-00-01-A1*A5-K1*K122-D1*D44-S1-I11,38.460950,27.228200,10.491807,,1.000000,9.000000,"Arsenik, Nitrit, Amonyum, Alüminyum, Demir, Klorür, İletkenlik, Oksitlenebilirlik, pH",0.000000,Good,Decision Tree,0.000000,1.000000,0.000000
2025-10-15,ATATÜRK MAH,15.430000,0.030000,3.940000,1.000000,0.000000,17.110000,,30.000000,1.000000,0.000000,0.065000,0.600000,1.000000,31.000000,0.100000,7.500000,630.000000,89.459673,False,1.000000,1.000000,1.000000,0.606000,0.870000,0.922850,0.914450,0.940000,0.800000,0.880000,0.748000,0.880000,1.000000,,1.000000,1.000000,,,Good,27.000000,Hürriyet Cad. Polis Mer. No:86 Atatürk,BORNOVA,2.000000,35-BS-00-01-A1*A5-K1*K122-D1*D44-S1-I13,38.475820,27.208680,10.540327,,1.000000,9.000000,"Arsenik, Nitrit, Amonyum, Alüminyum, Demir, Klorür, İletkenlik, Oksitlenebilirlik, pH",0.000000,Good,Decision Tree,0.000000,1.000000,0.000000
2025-10-15,OSMANGAZİ,15.150000,0.030000,3.900000,1.000000,0.000000,13.880000,,30.000000,1.000000,0.000000,0.065000,0.600000,1.000000,31.000000,0.100000,7.500000,626.000000,89.470724,False,1.000000,1.000000,1.000000,0.610000,0.870000,0.924250,0.930600,0.940000,0.800000,0.880000,0.749600,0.880000,1.000000,,1.000000,1.000000,,,Good,28.000000,Yavuz Cad. 241/C  Osmangazi,BAYRAKLI,60.000000,35-BS-00-29-A1*A5-K1*K122-D1*D44-S1-I6,38.475430,27.187450,10.529276,,1.000000,9.000000,"Arsenik, Nitrit, Amonyum, Alüminyum, Demir, Klorür, İletkenlik, Oksitlenebilirlik, pH",0.000000,Good,Decision Tree,0.000000,1.000000,0.000000
2025-10-15,ÖZKANLAR,12.970000,0.030000,3.840000,1.000000,0.000000,12.800000,,30.000000,1.000000,0.000000,0.065000,0.600000,1.000000,31.000000,0.100000,7.500000,627.000000,89.486140,False,1.000000,1.000000,1.000000,0.616000,0.870000,0.935150,0.936000,0.940000,0.800000,0.880000,0.749200,0.880000,1.000000,,1.000000,1.000000,,,Good,29.000000,273/4 No:6 Aile Sağlığı Merkezi Özkanlar,BAYRAKLI,60.000000,35-BS-00-29-A1*A5-K1*K122-D1*D44-S1-I10,38.458040,27.191060,10.513860,,1.000000,9.000000,"Arsenik, Nitrit, Amonyum, Alüminyum, Demir, Klorür, İletkenlik, Oksitlenebilirlik, pH",0.000000,Good,Decision Tree,0.000000,1.000000,0.000000
2025-10-15,MANAVKUYU,16.970000,0.030000,3.700000,1.000000,0.000000,14.690000,,30.000000,1.000000,0.000000,0.065000,0.600000,1.000000,31.000000,0.100000,7.500000,626.000000,89.514488,False,1.000000,1.000000,1.000000,0.630000,0.870000,0.915150,0.926550,0.940000,0.800000,0.880000,0.749600,0.880000,1.000000,,1.000000,1.000000,,,Good,30.000000,Sakarya Cad.No:112 Manavkuyu,BAYRAKLI,60.000000,35-BS-00-29-A1*A5-K1*K122-D1*D44-S1-I8,38.457390,27.186910,10.485512,,1.000000,9.000000,"Arsenik, Nitrit, Amonyum, Alüminyum, Demir, Klorür, İletkenlik, Oksitlenebilirlik, pH",0.000000,Good,Decision Tree,0.000000,1.000000,0.000000
2025-10-15,EGEKENT,15.200000,0.030000,3.550000,1.000000,0.000000,14.000000,,41.000000,1.000000,0.000000,0.065000,0.600000,1.000000,31.000000,0.100000,7.300000,700.000000,89.736105,False,1.000000,1.000000,1.000000,0.645000,0.870000,0.924000,0.930000,0.940000,0.880000,0.836000,0.720000,0.880000,1.000000,,1.000000,1.000000,,,Good,32.000000,8819 Sok. No:13 Egekent,ÇİĞLİ,4.000000,35-BS-00-24-A1*A5-K1*K122-D1*D44-S1-I7,38.504140,27.058100,10.263895,,1.000000,9.000000,"Arsenik, Nitrit, Amonyum, Alüminyum, Demir, Klorür, İletkenlik, Oksitlenebilirlik, pH",0.000000,Good,Decision Tree,0.000000,1.000000,0.000000
2025-10-15,BALATÇIK,15.490000,0.030000,3.240000,1.000000,0.000000,11.670000,,41.000000,1.000000,0.000000,0.065000,0.600000,1.000000,31.000000,0.100000,7.300000,703.000000,89.807389,False,1.000000,1.000000,1.000000,0.676000,0.870000,0.922550,0.941650,0.940000,0.880000,0.836000,0.718800,0.880000,1.000000,,1.000000,1.000000,,,Good,33.000000,8790/5 Sok. 9 Eylül Camii Balatçık,ÇİĞLİ,4.000000,35-BS-00-24-A1*A5-K1*K122-D1*D44-S1-I2-Y1,38.511900,27.045600,10.192611,,1.000000,9.000000,"Arsenik, Nitrit, Amonyum, Alüminyum, Demir, Klorür, İletkenlik, Oksitlenebilirlik, pH",0.000000,Good,Decision Tree,0.000000,1.000000,0.000000
2025-10-15,ÇİĞLİ,15.020000,0.030000,3.700000,1.000000,0.000000,15.540000,,30.000000,1.000000,0.000000,0.065000,0.600000,1.000000,31.000000,0.100000,7.500000,629.000000,89.515100,False,1.000000,1.000000,1.000000,0.630000,0.870000,0.924900,0.922300,0.940000,0.800000,0.880000,0.748400,0.880000,1.000000,,1.000000,1.000000,,,Good,34.000000,8022/1 Sok. No:8/1-B Ataşehir,ÇİĞLİ,4.000000,35-BS-00-24-A1*A5-K1*K122-D1*D44-S1-I3-IY1,38.492860,27.060890,10.484900,,1.000000,9.000000,"Arsenik, Nitrit, Amonyum, Alüminyum, Demir, Klorür, İletkenlik, Oksitlenebilirlik, pH",0.000000,Good,Decision Tree,0.000000,1.000000,0.000000
2025-10-15,BOSTANLI,15.770000,0.030000,3.580000,1.000000,0.000000,15.720000,,28.000000,1.000000,0.000000,0.065000,0.600000,1.000000,29.000000,0.100000,7.500000,625.000000,89.542464,False,1.000000,1.000000,1.000000,0.642000,0.870000,0.921150,0.921400,0.940000,0.800000,0.888000,0.750000,0.880000,1.000000,,1.000000,1.000000,,,Good,35.000000,1799 Sok No:14 Bostanlı,KARŞIYAKA,7.000000,35-BS-00-03-A1*A5-K1*K122-D1*D44-S1-I7,38.457730,27.098860,10.457536,,1.000000,9.000000,"Arsenik, Nitrit, Amonyum, Alüminyum, Demir, Klorür, İletkenlik, Oksitlenebilirlik, pH",0.000000,Good,Decision Tree,0.000000,1.000000,0.000000
2025-10-15,ŞEMİKLER,13.990000,0.030000,3.690000,1.000000,0.000000,14.100000,,28.000000,1.000000,0.000000,0.065000,0.600000,1.000000,29.000000,0.100000,7.500000,626.000000,89.519494,False,1.000000,1.000000,1.000000,0.631000,0.870000,0.930050,0.929500,0.940000,0.800000,0.888000,0.749600,0.880000,1.000000,,1.000000,1.000000,,,Good,36.000000,6276 Sok.İle 6279 Sok Kavşağı,KARŞIYAKA,7.000000,35-BS-00-03-A1*A5-K1*K122-D1*D44-S1-I4,38.477100,27.093760,10.480506,,1.000000,9.000000,"Arsenik, Nitrit, Amonyum, Alüminyum, Demir, Klorür, İletkenlik, Oksitlenebilirlik, pH",0.000000,Good,Decision Tree,0.000000,1.000000,0.000000
2025-10-15,KARŞIYAKA,17.680000,0.030000,3.880000,1.000000,0.000000,15.920000,,28.000000,1.000000,0.000000,0.065000,0.600000,1.000000,29.000000,0.100000,7.500000,626.000000,89.473388,False,1.000000,1.000000,1.000000,0.612000,0.870000,0.911600,0.920400,0.940000,0.800000,0.888000,0.749600,0.880000,1.000000,,1.000000,1.000000,,,Good,37.000000,Atatürk Cad. İle Zübeyde Hanim Cad.Kavşağı,KARŞIYAKA,7.000000,35-BS-00-03-A1*A5-K1*K122-D1*D44-S1-I5,38.461670,27.116100,10.526612,,1.000000,9.000000,"Arsenik, Nitrit, Amonyum, Alüminyum, Demir, Klorür, İletkenlik, Oksitlenebilirlik, pH",0.000000,Good,Decision Tree,0.000000,1.000000,0.000000
2025-10-15,EVKA-2,13.140000,0.030000,4.340000,1.000000,0.000000,12.870000,,28.000000,1.000000,0.000000,0.065000,0.600000,1.000000,29.000000,0.100000,7.500000,627.000000,89.373597,False,1.000000,1.000000,1.000000,0.566000,0.870000,0.934300,0.935650,0.940000,0.800000,0.888000,0.749200,0.880000,1.000000,,1.000000,1.000000,,,Good,38.000000,6800 Sok. No:9 Sağlık Ocağı Evka 2,ÇİĞLİ,4.000000,35-BS-00-24-A1*A5-K1*K122-D1*D44-S1-I5,38.499050,27.087510,10.626403,,1.000000,9.000000,"Arsenik, Nitrit, Amonyum, Alüminyum, Demir, Klorür, İletkenlik, Oksitlenebilirlik, pH",0.000000,Good,Decision Tree,0.000000,1.000000,0.000000
2025-10-15,ÖRNEKKÖY,14.210000,0.030000,3.700000,1.000000,0.000000,13.660000,,28.000000,1.000000,0.000000,0.065000,0.600000,1.000000,29.000000,0.100000,7.500000,629.000000,89.517345,False,1.000000,1.000000,1.000000,0.630000,0.870000,0.928950,0.931700,0.940000,0.800000,0.888000,0.748400,0.880000,1.000000,,1.000000,1.000000,,,Good,39.000000,Başpehlivan Kara Ali Cad. No:25/A,KARŞIYAKA,7.000000,35-BS-00-03-A1*A5-K1*K122-D1*D44-S1-I6,38.482130,27.111060,10.482655,,1.000000,9.000000,"Arsenik, Nitrit, Amonyum, Alüminyum, Demir, Klorür, İletkenlik, Oksitlenebilirlik, pH",0.000000,Good,Decision Tree,0.000000,1.000000,0.000000
2025-10-15,GÜMÜŞPALA,14.600000,0.030000,3.590000,1.000000,0.000000,15.700000,,28.000000,1.000000,0.000000,0.065000,0.600000,1.000000,29.000000,0.100000,7.500000,630.000000,89.540856,False,1.000000,1.000000,1.000000,0.641000,0.870000,0.927000,0.921500,0.940000,0.800000,0.888000,0.748000,0.880000,1.000000,,1.000000,1.000000,,,Good,40.000000,7019 Sok. No:20/3 Merkez Cami Gümüşpala,BAYRAKLI,60.000000,35-BS-00-29-A1*A5-K1*K122-D1*D44-S1-I7,38.479310,27.109960,10.459144,,1.000000,9.000000,"Arsenik, Nitrit, Amonyum, Alüminyum, Demir, Klorür, İletkenlik, Oksitlenebilirlik, pH",0.000000,Good,Decision Tree,0.000000,1.000000,0.000000
2025-10-22,DOĞANÇAY,10.490000,0.030000,4.870000,1.000000,0.000000,13.730000,,28.000000,1.000000,0.000000,0.065000,0.600000,1.000000,32.000000,0.100000,7.400000,637.000000,89.349923,False,1.000000,1.000000,1.000000,0.513000,0.870000,0.947550,0.931350,0.940000,0.840000,0.888000,0.745200,0.880000,1.000000,,1.000000,1.000000,,,Good,41.000000,7191 Sok. No:1/A Doğançay,BAYRAKLI,60.000000,35-BS-00-29-A1*A5-K1*K122-D1*D44-S1-I1,38.495500,27.155140,10.650077,,1.000000,9.000000,"Arsenik, Nitrit, Amonyum, Alüminyum, Demir, Klorür, İletkenlik, Oksitlenebilirlik, pH",0.000000,Good,Decision Tree,0.000000,1.000000,0.000000
2025-10-22,YAMANLAR,10.190000,0.030000,5.490000,1.000000,0.000000,13.200000,,28.000000,1.000000,0.000000,0.065000,0.600000,1.000000,32.000000,0.100000,7.400000,640.000000,89.210100,False,1.000000,1.000000,1.000000,0.451000,0.870000,0.949050,0.934000,0.940000,0.840000,0.888000,0.744000,0.880000,1.000000,,1.000000,1.000000,,,Good,42.000000,7348 Sok. No:2 Polis Merkezi Yamanlar,BAYRAKLI,60.000000,35-BS-00-29-A1*A5-K1*K122-D1*D44-S1-I2,38.481110,27.132940,10.789900,,1.000000,9.000000,"Arsenik, Nitrit, Amonyum, Alüminyum, Demir, Klorür, İletkenlik, Oksitlenebilirlik, pH",0.000000,Good,Decision Tree,0.000000,1.000000,0.000000
2025-10-22,POSTACI MAH,10.270000,0.030000,5.780000,1.000000,0.000000,16.740000,,28.000000,1.000000,0.000000,0.065000,0.600000,1.000000,32.000000,0.100000,7.400000,641.000000,89.142432,False,1.000000,1.000000,1.000000,0.422000,0.870000,0.948650,0.916300,0.940000,0.840000,0.888000,0.743600,0.880000,1.000000,,1.000000,1.000000,,,Good,43.000000,7659/2 Sok. No:1/B Postacılar Mah.,BAYRAKLI,60.000000,35-BS-00-29-A1*A5*-K1*K122-D1*D44-S1-I3-IY1,38.482170,27.119910,10.857568,,1.000000,9.000000,"Arsenik, Nitrit, Amonyum, Alüminyum, Demir, Klorür, İletkenlik, Oksitlenebilirlik, pH",0.000000,Good,Decision Tree,0.000000,1.000000,0.000000
2025-10-22,YAMAÇ MAH,9.710000,0.030000,5.400000,1.000000,0.000000,56.450000,,28.000000,1.000000,0.000000,0.065000,0.600000,1.000000,32.000000,0.100000,7.400000,642.000000,89.206263,False,1.000000,1.000000,1.000000,0.460000,0.870000,0.951450,0.717750,0.940000,0.840000,0.888000,0.743200,0.880000,1.000000,,1.000000,1.000000,,,Good,44.000000,6730 Sok. No:6/A Yamaç Mah.,KARŞIYAKA,7.000000,35-BS-00-03-A1*A5-K1*K122-D1*D44-S1-I1,38.483710,27.099770,10.793737,,1.000000,9.000000,"Arsenik, Nitrit, Amonyum, Alüminyum, Demir, Klorür, İletkenlik, Oksitlenebilirlik, pH",0.000000,Good,Decision Tree,0.000000,1.000000,0.000000
2025-10-22,CUMHURİYET MAH,9.630000,0.030000,5.300000,1.000000,0.000000,8.770000,,28.000000,1.000000,0.000000,0.065000,0.600000,1.000000,32.000000,0.100000,7.400000,643.000000,89.255901,False,1.000000,1.000000,1.000000,0.470000,0.870000,0.951850,0.956150,0.940000,0.840000,0.888000,0.742800,0.880000,1.000000,,1.000000,1.000000,,,Good,45.000000,Alim Dağhan Cd. İle 6716 Sok. Kvs.,KARŞIYAKA,7.000000,35-BS-00-03-A1*A5-K1*K122-D1*D44-S1-I2,38.485320,27.096540,10.744099,,1.000000,9.000000,"Arsenik, Nitrit, Amonyum, Alüminyum, Demir, Klorür, İletkenlik, Oksitlenebilirlik, pH",0.000000,Good,Decision Tree,0.000000,1.000000,0.000000
2025-10-22,GÜZELTEPE,7.850000,0.030000,5.660000,1.000000,0.000000,6.310000,,28.000000,1.000000,0.000000,0.065000,0.600000,1.000000,32.000000,0.100000,7.400000,643.000000,89.176845,False,1.000000,1.000000,1.000000,0.434000,0.870000,0.960750,0.968450,0.940000,0.840000,0.888000,0.742800,0.880000,1.000000,,1.000000,1.000000,,,Good,46.000000,8172 Sok. No:90/1 Güzeltepe,ÇİĞLİ,4.000000,35-BS-00-24-A1*A5-K1*K122-D1*D44-S1-I4-IY1,38.502720,27.077990,10.823155,,1.000000,9.000000,"Arsenik, Nitrit, Amonyum, Alüminyum, Demir, Klorür, İletkenlik, Oksitlenebilirlik, pH",0.000000,Good,Decision Tree,0.000000,1.000000,0.000000
2025-10-22,EVKA-5,19.400000,0.030000,3.780000,1.000000,0.000000,106.700000,,39.000000,1.000000,0.000000,0.065000,0.600000,1.000000,32.000000,0.100000,7.300000,725.000000,89.629887,False,1.000000,1.000000,1.000000,0.622000,0.870000,0.903000,0.466500,0.940000,0.880000,0.844000,0.710000,0.880000,1.000000,,1.000000,1.000000,,,Good,47.000000,8809 Sok. No:141/A Evka-5,ÇİĞLİ,4.000000,35-BS-00-24-A1*A5-K1*K122-D1*D44-S1-I8-IY1,38.518190,27.056590,10.370113,,1.000000,9.000000,"Arsenik, Nitrit, Amonyum, Alüminyum, Demir, Klorür, İletkenlik, Oksitlenebilirlik, pH",0.000000,Good,Decision Tree,0.000000,1.000000,0.000000
2025-10-22,EGEKENT-2,11.400000,0.030000,4.740000,1.000000,0.000000,10.330000,,39.000000,1.000000,0.000000,0.065000,0.600000,1.000000,32.000000,0.100000,7.300000,726.000000,89.471709,False,1.000000,1.000000,1.000000,0.526000,0.870000,0.943000,0.948350,0.940000,0.880000,0.844000,0.709600,0.880000,1.000000,,1.000000,1.000000,,,Good,48.000000,8818 Sok. No:38 6 Nolu Sağlık Ocağı Egekent,ÇİĞLİ,4.000000,35-BS-00-24-A1*A5-K1*K122-D1*D44-S1-I6,38.555690,27.049780,10.528291,,1.000000,9.000000,"Arsenik, Nitrit, Amonyum, Alüminyum, Demir, Klorür, İletkenlik, Oksitlenebilirlik, pH",0.000000,Good,Decision Tree,0.000000,1.000000,0.000000
2025-10-22,ALAYBEY,9.860000,0.030000,5.300000,1.000000,0.000000,17.080000,,28.000000,1.000000,0.000000,0.065000,0.600000,1.000000,32.000000,0.100000,7.400000,643.000000,89.251070,False,1.000000,1.000000,1.000000,0.470000,0.870000,0.950700,0.914600,0.940000,0.840000,0.888000,0.742800,0.880000,1.000000,,1.000000,1.000000,,,Good,49.000000,1643/7 Sok. No:8 Adalet Mah.,BAYRAKLI,60.000000,35-BS-00-03-A1*A5-K1*K122-D1*D44-S1-13-IY1,38.466750,27.159340,10.748930,,1.000000,9.000000,"Arsenik, Nitrit, Amonyum, Alüminyum, Demir, Klorür, İletkenlik, Oksitlenebilirlik, pH",0.000000,Good,Decision Tree,0.000000,1.000000,0.000000
2025-10-22,CENGİZHAN,9.430000,0.030000,5.050000,1.000000,0.000000,13.030000,,28.000000,1.000000,0.000000,0.065000,0.600000,1.000000,33.000000,0.100000,7.400000,643.000000,89.310170,False,1.000000,1.000000,1.000000,0.495000,0.870000,0.952850,0.934850,0.940000,0.840000,0.888000,0.742800,0.880000,1.000000,,1.000000,1.000000,,,Good,50.000000,1620/19 İle 1620/39 Sok. Kavsağı Cengizhan,BAYRAKLI,60.000000,35-BS-00-29-A1*A5-K1*K122-D1*D44-S1-I4,38.473400,27.158880,10.689830,,1.000000,9.000000,"Arsenik, Nitrit, Amonyum, Alüminyum, Demir, Klorür, İletkenlik, Oksitlenebilirlik, pH",0.000000,Good,Decision Tree,0.000000,1.000000,0.000000
2025-10-22,ÇAY MAH,18.390000,0.030000,4.920000,1.000000,0.000000,102.500000,,28.000000,1.000000,0.000000,0.065000,0.600000,1.000000,33.000000,0.100000,7.400000,644.000000,89.283903,False,1.000000,1.000000,1.000000,0.508000,0.870000,0.908050,0.487500,0.940000,0.840000,0.888000,0.742400,0.880000,1.000000,,1.000000,1.000000,,,Good,51.000000,Hakan Uysal Cad. No:273/1 Çay Mahallesi,BAYRAKLI,60.000000,35-BS-00-29-A1*A5-K1*K122-D1*D44-S1-I5,38.470860,27.180440,10.716097,,1.000000,9.000000,"Arsenik, Nitrit, Amonyum, Alüminyum, Demir, Klorür, İletkenlik, Oksitlenebilirlik, pH",0.000000,Good,Decision Tree,0.000000,1.000000,0.000000
2025-10-22,İZYUVA,16.270000,0.030000,4.800000,1.000000,0.000000,103.500000,,28.000000,1.000000,0.000000,0.065000,0.600000,1.000000,32.000000,0.100000,7.400000,642.000000,89.311695,False,1.000000,1.000000,1.000000,0.520000,0.870000,0.918650,0.482500,0.940000,0.840000,0.888000,0.743200,0.880000,1.000000,,1.000000,1.000000,,,Good,52.000000,113/19 Sok. No:10 İzyuva,BORNOVA,2.000000,35-BS-00-01-A1*A5-K1*K122-D1*D44-S1-I7,38.464570,27.249790,10.688305,,1.000000,9.000000,"Arsenik, Nitrit, Amonyum, Alüminyum, Demir, Klorür, İletkenlik, Oksitlenebilirlik, pH",0.000000,Good,Decision Tree,0.000000,1.000000,0.000000
2025-10-22,NALDÖKEN,16.240000,0.030000,4.810000,1.000000,0.000000,99.810000,,28.000000,1.000000,0.000000,0.065000,0.600000,1.000000,33.000000,0.100000,7.400000,644.000000,89.311529,False,1.000000,1.000000,1.000000,0.519000,0.870000,0.918800,0.500950,0.940000,0.840000,0.888000,0.742400,0.880000,1.000000,,1.000000,1.000000,,,Good,53.000000,Ankara Cad. İle Atatürk Cad. Kav.,BORNOVA,2.000000,35-BS-00-01-A1*A5-K1*K122-D1*D44-S1-I6,38.452100,27.266070,10.688471,,1.000000,9.000000,"Arsenik, Nitrit, Amonyum, Alüminyum, Demir, Klorür, İletkenlik, Oksitlenebilirlik, pH",0.000000,Good,Decision Tree,0.000000,1.000000,0.000000
2025-10-22,YEŞİLÇAM,43.250000,0.030000,4.970000,1.000000,0.000000,122.600000,,26.000000,1.000000,0.000000,0.065000,0.600000,1.000000,29.000000,0.100000,7.300000,627.000000,89.343212,False,1.000000,1.000000,1.000000,0.503000,0.870000,0.783750,0.387000,0.940000,0.880000,0.896000,0.749200,0.880000,1.000000,,1.000000,1.000000,,,Good,54.000000,Mrk. Bornova Jandarma Komando Ambarlar Yanı,BORNOVA,2.000000,35-BS-00-01-A1*A5-K1*K122-D1*D44-S1-IY1,38.445680,27.289280,10.656788,,1.000000,9.000000,"Arsenik, Nitrit, Amonyum, Alüminyum, Demir, Klorür, İletkenlik, Oksitlenebilirlik, pH",0.000000,Good,Decision Tree,0.000000,1.000000,0.000000
2025-10-22,MEVLANA,21.290000,0.030000,4.960000,1.000000,0.000000,99.540000,,28.000000,1.000000,0.000000,0.065000,0.600000,1.000000,33.000000,0.100000,7.400000,645.000000,89.274883,False,1.000000,1.000000,1.000000,0.504000,0.870000,0.893550,0.502300,0.940000,0.840000,0.888000,0.742000,0.880000,1.000000,,1.000000,1.000000,,,Good,55.000000,1754 Sok. No:25 Asm Mevlana,BORNOVA,2.000000,35-BS-00-01-A1*A5-K1*K122-D1*D44-S1-I4,38.448220,27.230660,10.725117,,1.000000,9.000000,"Arsenik, Nitrit, Amonyum, Alüminyum, Demir, Klorür, İletkenlik, Oksitlenebilirlik, pH",0.000000,Good,Decision Tree,0.000000,1.000000,0.000000
2025-10-22,YEŞİLOVA,17.090000,0.030000,4.440000,1.000000,0.000000,98.420000,,28.000000,1.000000,0.000000,0.065000,0.600000,1.000000,33.000000,0.100000,7.400000,646.000000,89.395544,False,1.000000,1.000000,1.000000,0.556000,0.870000,0.914550,0.507900,0.940000,0.840000,0.888000,0.741600,0.880000,1.000000,,1.000000,1.000000,,,Good,56.000000,A.İpekçi Cd. İle 4040 Sok. Kvs. Yesilova,BORNOVA,2.000000,35-BS-00-01-A1*A5-K1*K122-D1*D44-S1-I3,38.440370,27.201350,10.604456,,1.000000,9.000000,"Arsenik, Nitrit, Amonyum, Alüminyum, Demir, Klorür, İletkenlik, Oksitlenebilirlik, pH",0.000000,Good,Decision Tree,0.000000,1.000000,0.000000
2025-10-22,MERSİNLİ,17.580000,0.030000,4.750000,1.000000,0.000000,99.780000,,28.000000,1.000000,0.000000,0.065000,0.600000,1.000000,32.000000,0.100000,7.400000,645.000000,89.324361,False,1.000000,1.000000,1.000000,0.525000,0.870000,0.912100,0.501100,0.940000,0.840000,0.888000,0.742000,0.880000,1.000000,,1.000000,1.000000,,,Good,57.000000,Fatih cd. İle Beyazıt Cd. Tuğlacı Önü Mersinli,BORNOVA,2.000000,35-BS-00-01-A1*A5-K1*K122-D1*D44-S1-I14,38.440000,27.180530,10.675639,,1.000000,9.000000,"Arsenik, Nitrit, Amonyum, Alüminyum, Demir, Klorür, İletkenlik, Oksitlenebilirlik, pH",0.000000,Good,Decision Tree,0.000000,1.000000,0.000000
2025-10-22,ÇANKAYA,14.330000,0.030000,5.710000,1.000000,0.000000,121.500000,,26.000000,1.000000,0.000000,0.065000,0.600000,1.000000,29.000000,0.000000,7.200000,613.000000,89.288078,False,1.000000,1.000000,1.000000,0.429000,0.870000,0.928350,0.392500,0.940000,0.920000,0.896000,0.754800,0.880000,1.000000,,1.000000,1.000000,,,Good,59.000000,Hürriyet Bulvarı No:14/E,KONAK,8.000000,35-BS-00-04-A1*A5-K1*K122-D1*D44-S1-IY-1,38.424780,27.142050,10.711922,,1.000000,9.000000,"Arsenik, Nitrit, Amonyum, Alüminyum, Demir, Klorür, İletkenlik, Oksitlenebilirlik, pH",0.000000,Good,Decision Tree,0.000000,1.000000,0.000000
2025-10-22,TOROS,15.360000,0.030000,2.690000,1.000000,0.000000,95.250000,,51.000000,1.000000,0.000000,0.065000,0.400000,1.000000,25.000000,0.000000,7.300000,521.000000,90.062677,False,1.000000,1.000000,1.000000,0.731000,0.870000,0.923200,0.523750,0.940000,0.880000,0.796000,0.791600,0.920000,1.000000,,1.000000,1.000000,,,Good,60.000000,Dicle Cad. No:88 Aile Sağlığı Merkezi,KONAK,8.000000,35-BS-00-04-A1*A5-K1*K122-D1*D44-S1-I3,38.407410,27.183640,9.937323,,1.000000,9.000000,"Arsenik, Nitrit, Amonyum, Alüminyum, Demir, Klorür, İletkenlik, Oksitlenebilirlik, pH",0.000000,Good,Decision Tree,0.000000,1.000000,0.000000
2025-10-22,LEVENT,16.290000,0.030000,2.370000,1.000000,0.000000,93.570000,,51.000000,1.000000,0.000000,0.065000,0.400000,1.000000,25.000000,0.000000,7.300000,520.000000,90.135509,False,1.000000,1.000000,1.000000,0.763000,0.870000,0.918550,0.532150,0.940000,0.880000,0.796000,0.792000,0.920000,1.000000,,1.000000,1.000000,,,Good,61.000000,3513 İle 3514 Sok. Kvs Levent,KONAK,8.000000,35-BS-00-04-A1*A5-K1*K122-D1*D44-S1-I8,38.411300,27.163150,9.864491,,1.000000,9.000000,"Arsenik, Nitrit, Amonyum, Alüminyum, Demir, Klorür, İletkenlik, Oksitlenebilirlik, pH",0.000000,Good,Decision Tree,0.000000,1.000000,0.000000
2025-10-22,UFUK MAH,15.020000,0.030000,2.360000,1.000000,0.000000,90.470000,,51.000000,1.000000,0.000000,0.065000,0.400000,1.000000,24.000000,0.000000,7.300000,522.000000,90.140236,False,1.000000,1.000000,1.000000,0.764000,0.870000,0.924900,0.547650,0.940000,0.880000,0.796000,0.791200,0.920000,1.000000,,1.000000,1.000000,,,Good,62.000000,914 Sok. No.7/A Ufuk Mah.,BUCA,3.000000,35-BS-00-02-A1*A5-K1*K122-D1*D44-S1-I5,38.403620,27.165620,9.859764,,1.000000,9.000000,"Arsenik, Nitrit, Amonyum, Alüminyum, Demir, Klorür, İletkenlik, Oksitlenebilirlik, pH",0.000000,Good,Decision Tree,0.000000,1.000000,0.000000
2025-10-22,EVKA-1,16.080000,0.030000,2.360000,1.000000,0.000000,90.620000,,51.000000,1.000000,0.000000,0.065000,0.400000,1.000000,25.000000,0.000000,7.300000,519.000000,90.139563,False,1.000000,1.000000,1.000000,0.764000,0.870000,0.919600,0.546900,0.940000,0.880000,0.796000,0.792400,0.920000,1.000000,,1.000000,1.000000,,,Good,63.000000,Türkmenistan Cad. İle 1206 Sok.. Kvs. Evka-1,BUCA,3.000000,35-BS-00-02-A1*A5-K1*K122-D1*D44-S1-I9,38.400630,27.194670,9.860437,,1.000000,9.000000,"Arsenik, Nitrit, Amonyum, Alüminyum, Demir, Klorür, İletkenlik, Oksitlenebilirlik, pH",0.000000,Good,Decision Tree,0.000000,1.000000,0.000000
2025-10-22,ADATEPE,16.750000,0.030000,2.440000,1.000000,0.000000,94.130000,,51.000000,1.000000,0.000000,0.065000,0.400000,1.000000,25.000000,0.000000,7.300000,520.000000,90.119094,False,1.000000,1.000000,1.000000,0.756000,0.870000,0.916250,0.529350,0.940000,0.880000,0.796000,0.792000,0.920000,1.000000,,1.000000,1.000000,,,Good,64.000000,3 İle 3/8 Sok. Kvs. Adatepe,BUCA,3.000000,35-BS-00-02-A1*A5-K1*K122-D1*D44-S1-I4,38.381540,27.184940,9.880906,,1.000000,9.000000,"Arsenik, Nitrit, Amonyum, Alüminyum, Demir, Klorür, İletkenlik, Oksitlenebilirlik, pH",0.000000,Good,Decision Tree,0.000000,1.000000,0.000000
2025-10-22,KURUÇEŞME,15.320000,0.030000,2.320000,1.000000,0.000000,87.700000,,51.000000,1.000000,0.000000,0.065000,0.400000,1.000000,26.000000,0.000000,7.300000,521.000000,90.150687,False,1.000000,1.000000,1.000000,0.768000,0.870000,0.923400,0.561500,0.940000,0.880000,0.796000,0.791600,0.920000,1.000000,,1.000000,1.000000,,,Good,65.000000,Dogus Cad. İle A.Yesevi Cd. Kvs. Kuruçeşme,BUCA,3.000000,35-BS-00-02-A1*A5-K1*K122-D1*D44-S1-I2,38.372330,27.194500,9.849313,,1.000000,9.000000,"Arsenik, Nitrit, Amonyum, Alüminyum, Demir, Klorür, İletkenlik, Oksitlenebilirlik, pH",0.000000,Good,Decision Tree,0.000000,1.000000,0.000000
2025-10-22,KOZAĞAÇ,14.820000,0.030000,1.050000,1.000000,0.000000,92.460000,,51.000000,1.000000,0.000000,0.065000,0.400000,1.000000,26.000000,0.000000,7.300000,518.000000,90.435641,False,1.000000,1.000000,1.000000,0.895000,0.870000,0.925900,0.537700,0.940000,0.880000,0.796000,0.792800,0.920000,1.000000,,1.000000,1.000000,,,Good,66.000000,I.Sivri Cd. İle 254 Sok.. Kvs. Kozağaç,BUCA,3.000000,35-BS-00-02-A1*A5-K1*K122-D1*D44-S1-I8,38.377130,27.169560,9.564359,,1.000000,9.000000,"Arsenik, Nitrit, Amonyum, Alüminyum, Demir, Klorür, İletkenlik, Oksitlenebilirlik, pH",0.000000,Good,Decision Tree,0.000000,1.000000,0.000000
2025-10-22,ÇAMLIKULE,12.180000,0.030000,1.040000,1.000000,0.000000,91.560000,,51.000000,1.000000,0.000000,0.065000,0.400000,1.000000,26.000000,0.000000,7.300000,519.000000,90.439902,False,1.000000,1.000000,1.000000,0.896000,0.870000,0.939100,0.542200,0.940000,0.880000,0.796000,0.792400,0.920000,1.000000,,1.000000,1.000000,,,Good,67.000000,220 Sok. No:163/B Çamlıkule,BUCA,3.000000,35-BS-00-02-A1*A5-K1*K122-D1*D44-S1-I3,38.372280,27.171530,9.560098,,1.000000,9.000000,"Arsenik, Nitrit, Amonyum, Alüminyum, Demir, Klorür, İletkenlik, Oksitlenebilirlik, pH",0.000000,Good,Decision Tree,0.000000,1.000000,0.000000
2025-10-22,AKINCILAR,14.190000,0.030000,1.000000,1.000000,0.000000,92.430000,,51.000000,1.000000,0.000000,0.065000,0.400000,1.000000,25.000000,0.000000,7.300000,515.000000,90.447338,False,1.000000,1.000000,1.000000,0.900000,0.870000,0.929050,0.537850,0.940000,0.880000,0.796000,0.794000,0.920000,1.000000,,1.000000,1.000000,,,Good,68.000000,A.Hatboyu Cd. İle 545 Sok.. Kvs. Akıncılar,BUCA,3.000000,35-BS-00-02-A1*A5-K1*K122-D1*D44-S1-I7,38.387460,27.147600,9.552662,,1.000000,9.000000,"Arsenik, Nitrit, Amonyum, Alüminyum, Demir, Klorür, İletkenlik, Oksitlenebilirlik, pH",0.000000,Good,Decision Tree,0.000000,1.000000,0.000000
2025-10-22,UĞUR MUMCU MAH,15.290000,0.030000,1.070000,1.000000,0.000000,90.960000,,51.000000,1.000000,0.000000,0.065000,0.400000,1.000000,25.000000,0.000000,7.300000,517.000000,90.431702,False,1.000000,1.000000,1.000000,0.893000,0.870000,0.923550,0.545200,0.940000,0.880000,0.796000,0.793200,0.920000,1.000000,,1.000000,1.000000,,,Good,69.000000,5777 İle 5780 Sok. Kvs. U. Mumcu,KARABAĞLAR,59.000000,35-BS-00-30-A1*A5-K1*K122-D1*D44-S1-I1,38.381830,27.130670,9.568298,,1.000000,9.000000,"Arsenik, Nitrit, Amonyum, Alüminyum, Demir, Klorür, İletkenlik, Oksitlenebilirlik, pH",0.000000,Good,Decision Tree,0.000000,1.000000,0.000000
2025-10-22,ÇAMLIK MAH,14.690000,0.030000,0.930000,1.000000,0.000000,88.070000,,51.000000,1.000000,0.000000,0.065000,0.400000,1.000000,25.000000,0.000000,7.300000,516.000000,90.465356,False,1.000000,1.000000,1.000000,0.907000,0.870000,0.926550,0.559650,0.940000,0.880000,0.796000,0.793600,0.920000,1.000000,,1.000000,1.000000,,,Good,70.000000,4969 Sok. No:2/A Çamlık,KARABAĞLAR,59.000000,35-BS-00-30-A1*A5-K1*K122-D1*D44-S1-I2,38.366230,27.120330,9.534644,,1.000000,9.000000,"Arsenik, Nitrit, Amonyum, Alüminyum, Demir, Klorür, İletkenlik, Oksitlenebilirlik, pH",0.000000,Good,Decision Tree,0.000000,1.000000,0.000000
2025-10-22,AKTEPE,15.920000,0.030000,0.850000,1.000000,0.000000,87.870000,,51.000000,1.000000,0.000000,0.065000,0.400000,1.000000,26.000000,0.000000,7.300000,518.000000,90.482867,False,1.000000,1.000000,1.000000,0.915000,0.870000,0.920400,0.560650,0.940000,0.880000,0.796000,0.792800,0.920000,1.000000,,1.000000,1.000000,,,Good,71.000000,Altan Aydin İle 4165 Sok.. Kvs Aktepe,GAZİEMİR,5.000000,35-BS-00-25-A1*A5-K1*K122-D1*D44-S1-I5,38.352350,27.125160,9.517133,,1.000000,9.000000,"Arsenik, Nitrit, Amonyum, Alüminyum, Demir, Klorür, İletkenlik, Oksitlenebilirlik, pH",0.000000,Good,Decision Tree,0.000000,1.000000,0.000000
2025-10-22,9 EYLÜL MAH,20.340000,0.030000,1.060000,1.000000,0.000000,86.600000,,51.000000,1.000000,0.000000,0.065000,0.400000,1.000000,26.000000,0.000000,7.300000,519.000000,90.433567,False,1.000000,1.000000,1.000000,0.894000,0.870000,0.898300,0.567000,0.940000,0.880000,0.796000,0.792400,0.920000,1.000000,,1.000000,1.000000,,,Good,72.000000,Kahramanlar Cd. No:2 H. Bayram Camii,GAZİEMİR,5.000000,35-BS-00-25-A1*A5-K1*K122-D1*D44-S1-I2,38.327138,27.137154,9.566433,,1.000000,9.000000,"Arsenik, Nitrit, Amonyum, Alüminyum, Demir, Klorür, İletkenlik, Oksitlenebilirlik, pH",0.000000,Good,Decision Tree,0.000000,1.000000,0.000000
2025-10-22,BEYAZEVLER,20.150000,0.030000,1.030000,1.000000,0.000000,87.940000,,51.000000,1.000000,0.000000,0.065000,0.400000,1.000000,26.000000,0.000000,7.300000,517.000000,90.439711,False,1.000000,1.000000,1.000000,0.897000,0.870000,0.899250,0.560300,0.940000,0.880000,0.796000,0.793200,0.920000,1.000000,,1.000000,1.000000,,,Good,73.000000,514 Sok.. No:3/A Beyazevler,GAZİEMİR,5.000000,35-BS-00-25-A1*A5-K1*K122-D1*D44-S1-I3,38.341790,27.140280,9.560289,,1.000000,9.000000,"Arsenik, Nitrit, Amonyum, Alüminyum, Demir, Klorür, İletkenlik, Oksitlenebilirlik, pH",0.000000,Good,Decision Tree,0.000000,1.000000,0.000000
2025-10-22,UZUNDERE,18.460000,0.030000,1.040000,1.000000,0.000000,85.970000,,51.000000,1.000000,0.000000,0.065000,0.400000,1.000000,26.000000,0.000000,7.300000,518.000000,90.439516,False,1.000000,1.000000,1.000000,0.896000,0.870000,0.907700,0.570150,0.940000,0.880000,0.796000,0.792800,0.920000,1.000000,,1.000000,1.000000,,,Good,74.000000,Eski Izmir Cad. 3959 Kvs Uzundere,KARABAĞLAR,59.000000,35-BS-00-30-A1*A5-K1*K122-D1*D44-S1-I4,38.360060,27.104090,9.560484,,1.000000,9.000000,"Arsenik, Nitrit, Amonyum, Alüminyum, Demir, Klorür, İletkenlik, Oksitlenebilirlik, pH",0.000000,Good,Decision Tree,0.000000,1.000000,0.000000
2025-10-22,CENNETÇEŞME,23.860000,0.030000,0.840000,1.000000,0.000000,87.180000,,51.000000,1.000000,0.000000,0.065000,0.400000,1.000000,25.000000,0.000000,7.300000,519.000000,90.481025,False,1.000000,1.000000,1.000000,0.916000,0.870000,0.880700,0.564100,0.940000,0.880000,0.796000,0.792400,0.920000,1.000000,,1.000000,1.000000,,,Good,75.000000,3948/6 Sok. No:2 C.Çeşme,KARABAĞLAR,59.000000,35-BS-00-30-A1*A5-K1*K122-D1*D44-S1-I9,38.361680,27.093850,9.518975,,1.000000,9.000000,"Arsenik, Nitrit, Amonyum, Alüminyum, Demir, Klorür, İletkenlik, Oksitlenebilirlik, pH",0.000000,Good,Decision Tree,0.000000,1.000000,0.000000
2025-10-22,GÜZELBAHÇE,28.050000,0.030000,5.490000,1.000000,0.000000,91.620000,,35.000000,1.000000,0.000000,0.065000,0.400000,1.000000,27.000000,0.000000,7.300000,574.000000,89.429620,False,1.000000,1.000000,1.000000,0.451000,0.870000,0.859750,0.541900,0.940000,0.880000,0.860000,0.770400,0.920000,1.000000,,1.000000,1.000000,,,Good,76.000000,Mithatpaşa Caddesi No:479,GÜZELBAHÇE,6.000000,35-BS-00-28-A1*A5-K1*K122-D1*D44-S1-IY-1,38.377140,26.883660,10.570380,,1.000000,9.000000,"Arsenik, Nitrit, Amonyum, Alüminyum, Demir, Klorür, İletkenlik, Oksitlenebilirlik, pH",0.000000,Good,Decision Tree,0.000000,1.000000,0.000000
2025-10-22,İNCİRALTI,16.130000,0.030000,4.550000,1.000000,0.000000,72.570000,,35.000000,1.000000,0.000000,0.065000,0.400000,1.000000,27.000000,0.000000,7.300000,573.000000,89.659828,False,1.000000,1.000000,1.000000,0.545000,0.870000,0.919350,0.637150,0.940000,0.880000,0.860000,0.770800,0.920000,1.000000,,1.000000,1.000000,,,Good,78.000000,Başak Cd. No:16 Bahçe Cafe İnciralti,BALÇOVA,1.000000,35-BS-00-26-A1*A5-K1*K122-D1*D44-S1-I1,38.409090,27.035910,10.340172,,1.000000,9.000000,"Arsenik, Nitrit, Amonyum, Alüminyum, Demir, Klorür, İletkenlik, Oksitlenebilirlik, pH",0.000000,Good,Decision Tree,0.000000,1.000000,0.000000
2025-10-22,ESENDERE,20.740000,0.030000,0.910000,1.000000,0.000000,82.910000,,50.000000,1.000000,0.000000,0.065000,0.400000,1.000000,25.000000,0.000000,7.400000,519.000000,90.374461,False,1.000000,1.000000,1.000000,0.909000,0.870000,0.896300,0.585450,0.940000,0.840000,0.800000,0.792400,0.920000,1.000000,,1.000000,1.000000,,,Good,79.000000,52/74 İle 52/18 Sok. Kvs Esendere,KARABAĞLAR,59.000000,35-BS-00-30-A1*A5-K1*K122-D1*D44-S1-I5,38.391050,27.089590,9.625539,,1.000000,9.000000,"Arsenik, Nitrit, Amonyum, Alüminyum, Demir, Klorür, İletkenlik, Oksitlenebilirlik, pH",0.000000,Good,Decision Tree,0.000000,1.000000,0.000000
2025-10-22,KADİFEKALE,15.310000,0.030000,0.920000,1.000000,0.000000,88.190000,,50.000000,1.000000,0.000000,0.065000,0.400000,1.000000,25.000000,0.000000,7.400000,517.000000,90.372291,False,1.000000,1.000000,1.000000,0.908000,0.870000,0.923450,0.559050,0.940000,0.840000,0.800000,0.793200,0.920000,1.000000,,1.000000,1.000000,,,Good,80.000000,R.Erkutlu Şehitlik Önü No:290/A Kadifekale,KONAK,8.000000,35-BS-00-04-A1*A5-K1*K122-D1*D44-S1-I6,38.412820,27.140320,9.627709,,1.000000,9.000000,"Arsenik, Nitrit, Amonyum, Alüminyum, Demir, Klorür, İletkenlik, Oksitlenebilirlik, pH",0.000000,Good,Decision Tree,0.000000,1.000000,0.000000
2025-11-05,YENİŞEHİR,9.080000,0.030000,4.470000,1.000000,0.000000,56.440000,,25.000000,1.000000,0.000000,0.065000,0.600000,1.000000,32.000000,0.100000,7.500000,636.000000,89.322888,False,1.000000,1.000000,1.000000,0.553000,0.870000,0.954600,0.717800,0.940000,0.800000,0.900000,0.745600,0.880000,1.000000,,1.000000,1.000000,,,Good,2.000000,Gaziler Cad. No:185 İtfaiye Önü,KONAK,8.000000,35-BS-00-04-A1*A5-K1*K122-D1*D44-S1-I10,38.422640,27.153840,10.677112,,1.000000,9.000000,"Arsenik, Nitrit, Amonyum, Alüminyum, Demir, Klorür, İletkenlik, Oksitlenebilirlik, pH",0.000000,Good,Decision Tree,0.000000,1.000000,0.000000
2025-11-05,KONAK,9.400000,0.030000,4.150000,1.000000,0.000000,54.350000,,25.000000,1.000000,0.000000,0.065000,0.600000,1.000000,33.000000,0.100000,7.500000,627.000000,89.396325,False,1.000000,1.000000,1.000000,0.585000,0.870000,0.953000,0.728250,0.940000,0.800000,0.900000,0.749200,0.880000,1.000000,,1.000000,1.000000,,,Good,3.000000,854 Sok No:51/A,KONAK,8.000000,35-BS-00-04-A1*A5-K1*K122-D1*D44-S1-I5,38.420610,27.130760,10.603675,,1.000000,9.000000,"Arsenik, Nitrit, Amonyum, Alüminyum, Demir, Klorür, İletkenlik, Oksitlenebilirlik, pH",0.000000,Good,Decision Tree,0.000000,1.000000,0.000000
2025-11-05,GÜZELBAHÇE,10.030000,0.030000,4.020000,1.000000,0.000000,55.300000,,29.000000,1.000000,0.000000,0.065000,0.600000,1.000000,29.000000,0.000000,7.500000,593.000000,89.423521,False,1.000000,1.000000,1.000000,0.598000,0.870000,0.949850,0.723500,0.940000,0.800000,0.884000,0.762800,0.880000,1.000000,,1.000000,1.000000,,,Good,4.000000,Kazım Dirik Cad. No.46,GÜZELBAHÇE,6.000000,35-BS-00-28-A1*A5-K1*K122-D1*D44-S1-I1,38.363366,26.866501,10.576479,,1.000000,9.000000,"Arsenik, Nitrit, Amonyum, Alüminyum, Demir, Klorür, İletkenlik, Oksitlenebilirlik, pH",0.000000,Good,Decision Tree,0.000000,1.000000,0.000000
2025-11-05,NARLIDERE,10.890000,0.030000,3.910000,1.000000,0.000000,56.390000,,29.000000,1.000000,0.000000,0.065000,0.600000,1.000000,29.000000,0.000000,7.500000,595.000000,89.447299,False,1.000000,1.000000,1.000000,0.609000,0.870000,0.945550,0.718050,0.940000,0.800000,0.884000,0.762000,0.880000,1.000000,,1.000000,1.000000,,,Good,5.000000,İzsu Narlıdere Teknik Amirlik,NARLIDERE,9.000000,35-BS-00-27-A1*A5-K1*K122-D1*D44-S1-I2,38.394150,27.009890,10.552701,,1.000000,9.000000,"Arsenik, Nitrit, Amonyum, Alüminyum, Demir, Klorür, İletkenlik, Oksitlenebilirlik, pH",0.000000,Good,Decision Tree,0.000000,1.000000,0.000000
2025-11-05,BALÇOVA,8.900000,0.030000,3.850000,1.000000,0.000000,53.690000,,29.000000,1.000000,0.000000,0.065000,0.600000,1.000000,30.000000,0.000000,7.500000,594.000000,89.463531,False,1.000000,1.000000,1.000000,0.615000,0.870000,0.955500,0.731550,0.940000,0.800000,0.884000,0.762400,0.880000,1.000000,,1.000000,1.000000,,,Good,6.000000,M.Pasa Cad. İle Hüseyin Ögütcen Kavşağı,BALÇOVA,1.000000,35-BS-00-26-A1*A5-K1*K122-D1*D44-S1-I2,38.394150,27.038360,10.536469,,1.000000,9.000000,"Arsenik, Nitrit, Amonyum, Alüminyum, Demir, Klorür, İletkenlik, Oksitlenebilirlik, pH",0.000000,Good,Decision Tree,0.000000,1.000000,0.000000
2025-11-05,ÜÇKUYULAR,9.860000,0.030000,3.990000,1.000000,0.000000,55.150000,,29.000000,1.000000,0.000000,0.065000,0.600000,1.000000,30.000000,0.000000,7.500000,595.000000,89.430482,False,1.000000,1.000000,1.000000,0.601000,0.870000,0.950700,0.724250,0.940000,0.800000,0.884000,0.762000,0.880000,1.000000,,1.000000,1.000000,,,Good,7.000000,65/17 Sok. No:45 Yumurtacı Ahmet Camii,KARABAĞLAR,59.000000,35-BS-00-30-A1*A5-K1*K122-D1*D44-S1-I6,38.393940,27.069370,10.569518,,1.000000,9.000000,"Arsenik, Nitrit, Amonyum, Alüminyum, Demir, Klorür, İletkenlik, Oksitlenebilirlik, pH",0.000000,Good,Decision Tree,0.000000,1.000000,0.000000
2025-11-05,GÜZELYALI,9.480000,0.030000,3.980000,1.000000,0.000000,55.480000,,28.000000,1.000000,0.000000,0.065000,0.600000,1.000000,28.000000,0.000000,7.500000,601.000000,89.433113,False,1.000000,1.000000,1.000000,0.602000,0.870000,0.952600,0.722600,0.940000,0.800000,0.888000,0.759600,0.880000,1.000000,,1.000000,1.000000,,,Good,8.000000,34.Sok. No:5 TSM Güzelyalı,KONAK,8.000000,35-BS-00-04-A1*A5-K1*K122-D1*D44-S1-I11,38.398080,27.079620,10.566887,,1.000000,9.000000,"Arsenik, Nitrit, Amonyum, Alüminyum, Demir, Klorür, İletkenlik, Oksitlenebilirlik, pH",0.000000,Good,Decision Tree,0.000000,1.000000,0.000000
2025-11-05,HATAY,7.960000,0.030000,1.480000,1.000000,0.000000,69.990000,,43.000000,1.000000,0.000000,0.065000,0.400000,1.000000,24.000000,0.000000,7.700000,515.000000,89.976774,False,1.000000,1.000000,1.000000,0.852000,0.870000,0.960200,0.650050,0.940000,0.720000,0.828000,0.794000,0.920000,1.000000,,1.000000,1.000000,,,Good,9.000000,İnönü Cad. İle 100 Sok. Kavşağı,KONAK,8.000000,35-BS-00-04-A1*A5-K1*K122-D1*D44-S1-I13,38.401640,27.099450,10.023226,,1.000000,9.000000,"Arsenik, Nitrit, Amonyum, Alüminyum, Demir, Klorür, İletkenlik, Oksitlenebilirlik, pH",0.000000,Good,Decision Tree,0.000000,1.000000,0.000000
2025-11-05,HALİL RIFAT PAŞA,8.490000,0.030000,4.120000,1.000000,0.000000,53.940000,,25.000000,1.000000,0.000000,0.065000,0.600000,1.000000,32.000000,0.100000,7.500000,633.000000,89.403838,False,1.000000,1.000000,1.000000,0.588000,0.870000,0.957550,0.730300,0.940000,0.800000,0.900000,0.746800,0.880000,1.000000,,1.000000,1.000000,,,Good,10.000000,Halilrıfatpaşa Cad. No:143/A,KONAK,8.000000,35-BS-00-04-A1*A5-K1*K122-D1*D44-S1-I12,38.409770,27.125270,10.596162,,1.000000,9.000000,"Arsenik, Nitrit, Amonyum, Alüminyum, Demir, Klorür, İletkenlik, Oksitlenebilirlik, pH",0.000000,Good,Decision Tree,0.000000,1.000000,0.000000
2025-11-05,YEŞİLYURT,8.480000,0.030000,1.530000,1.000000,0.000000,69.000000,,42.000000,1.000000,0.000000,0.065000,0.400000,1.000000,22.000000,0.000000,7.700000,509.000000,89.966110,False,1.000000,1.000000,1.000000,0.847000,0.870000,0.957600,0.655000,0.940000,0.720000,0.832000,0.796400,0.920000,1.000000,,1.000000,1.000000,,,Good,11.000000,Ulu Önder Cad. İle Gökdere Cad.Kavşağı,KARABAĞLAR,59.000000,35-BS-00-30-A1*A5-K1*K122-D1*D44-S1-I7,38.404270,27.113010,10.033890,,1.000000,9.000000,"Arsenik, Nitrit, Amonyum, Alüminyum, Demir, Klorür, İletkenlik, Oksitlenebilirlik, pH",0.000000,Good,Decision Tree,0.000000,1.000000,0.000000
2025-11-05,KARABAĞLAR,10.060000,0.030000,1.390000,1.000000,0.000000,70.620000,,42.000000,1.000000,0.000000,0.065000,0.400000,1.000000,22.000000,0.000000,7.700000,508.000000,89.995980,False,1.000000,1.000000,1.000000,0.861000,0.870000,0.949700,0.646900,0.940000,0.720000,0.832000,0.796800,0.920000,1.000000,,1.000000,1.000000,,,Good,13.000000,4058 Sok. İle 4056 Sok. Kavşağı,KARABAĞLAR,59.000000,35-BS-00-30-A1*A5-K1*K122-D1*D44-S1-I8,38.374260,27.134100,10.004020,,1.000000,9.000000,"Arsenik, Nitrit, Amonyum, Alüminyum, Demir, Klorür, İletkenlik, Oksitlenebilirlik, pH",0.000000,Good,Decision Tree,0.000000,1.000000,0.000000
2025-11-05,ESKİ İZMİR,10.270000,0.030000,1.320000,1.000000,0.000000,69.020000,,42.000000,1.000000,0.000000,0.065000,0.400000,1.000000,22.000000,0.000000,7.700000,510.000000,90.012598,False,1.000000,1.000000,1.000000,0.868000,0.870000,0.948650,0.654900,0.940000,0.720000,0.832000,0.796000,0.920000,1.000000,,1.000000,1.000000,,,Good,14.000000,Eski Izmir Cad. No:562/A Kahve,KARABAĞLAR,59.000000,35-BS-00-30-A1*A5-K1*K122-D1*D44-S1-I3,38.376220,27.107190,9.987402,,1.000000,9.000000,"Arsenik, Nitrit, Amonyum, Alüminyum, Demir, Klorür, İletkenlik, Oksitlenebilirlik, pH",0.000000,Good,Decision Tree,0.000000,1.000000,0.000000
2025-11-05,GAZİEMİR,9.680000,0.030000,2.640000,1.000000,0.000000,70.600000,,42.000000,1.000000,0.000000,0.065000,0.400000,1.000000,23.000000,0.000000,7.700000,508.000000,89.713380,False,1.000000,1.000000,1.000000,0.736000,0.870000,0.951600,0.647000,0.940000,0.720000,0.832000,0.796800,0.920000,1.000000,,1.000000,1.000000,,,Good,15.000000,Abdullah Arda Meydanı No:29 Arkadaşlar Kahvesi,GAZİEMİR,5.000000,35-BS-00-25-A1*A5-K1*K122-D1*D44-S1-I4-Y1,38.321780,27.126430,10.286620,,1.000000,9.000000,"Arsenik, Nitrit, Amonyum, Alüminyum, Demir, Klorür, İletkenlik, Oksitlenebilirlik, pH",0.000000,Good,Decision Tree,0.000000,1.000000,0.000000
2025-11-05,GEDİZ,12.600000,0.030000,2.750000,1.000000,0.000000,94.020000,,59.000000,1.000000,0.000000,0.065000,0.400000,1.000000,20.000000,0.000000,7.600000,494.000000,89.762756,False,1.000000,1.000000,1.000000,0.725000,0.870000,0.937000,0.529900,0.940000,0.760000,0.764000,0.802400,0.920000,1.000000,,1.000000,1.000000,,,Good,16.000000,682/4 Sok. No:2 Gediz,BUCA,3.000000,35-BS-00-02-A1*A5-K1*K122-D1*D44-S1-I10,38.361880,27.144380,10.237244,,1.000000,9.000000,"Arsenik, Nitrit, Amonyum, Alüminyum, Demir, Klorür, İletkenlik, Oksitlenebilirlik, pH",0.000000,Good,Decision Tree,0.000000,1.000000,0.000000
2025-11-05,ŞİRİNYER,11.830000,0.030000,2.940000,1.000000,0.000000,91.990000,,59.000000,1.000000,0.000000,0.065000,0.400000,1.000000,20.000000,0.000000,7.600000,488.000000,89.721372,False,1.000000,1.000000,1.000000,0.706000,0.870000,0.940850,0.540050,0.940000,0.760000,0.764000,0.804800,0.920000,1.000000,,1.000000,1.000000,,,Good,17.000000,Koşuyolu Cad. Efeler Mah. No:41 Avni Naili Limboz Camii,BUCA,3.000000,35-BS-00-02-A1*A5-K1*K122-D1*D44-S1-I6,38.391680,27.150310,10.278628,,1.000000,9.000000,"Arsenik, Nitrit, Amonyum, Alüminyum, Demir, Klorür, İletkenlik, Oksitlenebilirlik, pH",0.000000,Good,Decision Tree,0.000000,1.000000,0.000000
2025-11-05,BUCA,12.100000,0.030000,2.840000,1.000000,0.000000,98.370000,,59.000000,1.000000,0.000000,0.065000,0.400000,1.000000,21.000000,0.000000,7.600000,490.000000,89.740229,False,1.000000,1.000000,1.000000,0.716000,0.870000,0.939500,0.508150,0.940000,0.760000,0.764000,0.804000,0.920000,1.000000,,1.000000,1.000000,,,Good,18.000000,Başarı Cad.İle 170. Sok.Kavşağı,BUCA,3.000000,35-BS-00-02-A1*A5-K1*K122-D1*D44-S1-I1,38.389300,27.176440,10.259771,,1.000000,9.000000,"Arsenik, Nitrit, Amonyum, Alüminyum, Demir, Klorür, İletkenlik, Oksitlenebilirlik, pH",0.000000,Good,Decision Tree,0.000000,1.000000,0.000000
2025-11-05,GÜLÇEŞME,12.540000,0.030000,2.770000,1.000000,0.000000,92.860000,,59.000000,1.000000,0.000000,0.065000,0.400000,1.000000,22.000000,0.000000,7.600000,494.000000,89.758921,False,1.000000,1.000000,1.000000,0.723000,0.870000,0.937300,0.535700,0.940000,0.760000,0.764000,0.802400,0.920000,1.000000,,1.000000,1.000000,,,Good,19.000000,3586 Sok. No:1 Gürçeşme,KONAK,8.000000,35-BS-00-04-A1*A5-K1*K122-D1*D44-S1-I15,38.404510,27.151350,10.241079,,1.000000,9.000000,"Arsenik, Nitrit, Amonyum, Alüminyum, Demir, Klorür, İletkenlik, Oksitlenebilirlik, pH",0.000000,Good,Decision Tree,0.000000,1.000000,0.000000
2025-11-05,GÜLTEPE,11.380000,0.030000,2.880000,1.000000,0.000000,99.590000,,59.000000,1.000000,0.000000,0.065000,0.400000,1.000000,22.000000,0.000000,7.600000,495.000000,89.730878,False,1.000000,1.000000,1.000000,0.712000,0.870000,0.943100,0.502050,0.940000,0.760000,0.764000,0.802000,0.920000,1.000000,,1.000000,1.000000,,,Good,20.000000,Selimiye Cad. No:30/B Gültepe,KONAK,8.000000,35-BS-00-04-A1*A5-K1*K122-D1*D44-S1-I16,38.416220,27.172680,10.269122,,1.000000,9.000000,"Arsenik, Nitrit, Amonyum, Alüminyum, Demir, Klorür, İletkenlik, Oksitlenebilirlik, pH",0.000000,Good,Decision Tree,0.000000,1.000000,0.000000
2025-11-05,ALTINDAĞ,9.850000,0.030000,6.520000,1.000000,0.000000,66.000000,,27.000000,1.000000,0.000000,0.065000,0.600000,1.000000,30.000000,0.100000,7.800000,622.000000,88.566731,False,1.000000,1.000000,1.000000,0.348000,0.870000,0.950750,0.670000,0.940000,0.680000,0.892000,0.751200,0.880000,1.000000,,1.000000,1.000000,,,Good,21.000000,Kemalpaşa Cad. No: 46,BORNOVA,2.000000,35-BS-00-01-A1*A5-K1*K122-D1*D44-S1-I9,38.425580,27.202560,11.433269,,1.000000,9.000000,"Arsenik, Nitrit, Amonyum, Alüminyum, Demir, Klorür, İletkenlik, Oksitlenebilirlik, pH",0.000000,Good,Decision Tree,0.000000,1.000000,0.000000
2025-11-05,ÇAMDİBİ,13.830000,0.030000,6.580000,1.000000,0.000000,71.560000,,27.000000,1.000000,0.000000,0.065000,0.600000,1.000000,30.000000,0.100000,7.800000,625.000000,88.547748,False,1.000000,1.000000,1.000000,0.342000,0.870000,0.930850,0.642200,0.940000,0.680000,0.892000,0.750000,0.880000,1.000000,,1.000000,1.000000,,,Good,22.000000,5227 Sok. No:35/C Çamdibi,BORNOVA,2.000000,35-BS-00-01-A1*A5-K1*K122-D1*D44-S1-I12,38.435530,27.191010,11.452252,,1.000000,9.000000,"Arsenik, Nitrit, Amonyum, Alüminyum, Demir, Klorür, İletkenlik, Oksitlenebilirlik, pH",0.000000,Good,Decision Tree,0.000000,1.000000,0.000000
2025-11-05,IŞIKKENT,9.150000,0.030000,6.140000,1.000000,0.000000,62.260000,,27.000000,1.000000,0.000000,0.065000,0.600000,1.000000,31.000000,0.100000,7.800000,622.000000,88.655222,False,1.000000,1.000000,1.000000,0.386000,0.870000,0.954250,0.688700,0.940000,0.680000,0.892000,0.751200,0.880000,1.000000,,1.000000,1.000000,,,Good,23.000000,Cumhuriyet Meydanı No:16  Işıkkent,BORNOVA,2.000000,35-BS-00-01-A1*A5-K1*K122-D1*D44-S1-I8,38.424540,27.230760,11.344778,,1.000000,9.000000,"Arsenik, Nitrit, Amonyum, Alüminyum, Demir, Klorür, İletkenlik, Oksitlenebilirlik, pH",0.000000,Good,Decision Tree,0.000000,1.000000,0.000000
2025-11-05,PINARBAŞI,9.580000,0.030000,6.720000,1.000000,0.000000,63.320000,,27.000000,1.000000,0.000000,0.065000,0.600000,1.000000,31.000000,0.100000,7.800000,624.000000,88.523140,False,1.000000,1.000000,1.000000,0.328000,0.870000,0.952100,0.683400,0.940000,0.680000,0.892000,0.750400,0.880000,1.000000,,1.000000,1.000000,,,Good,24.000000,Çanakkale Cad.İle 7057 Sok KavsağıPınarbaşı,BORNOVA,2.000000,35-BS-00-01-A1*A5-K1*K122-D1*D44-S1-I10,38.429880,27.266470,11.476860,,1.000000,9.000000,"Arsenik, Nitrit, Amonyum, Alüminyum, Demir, Klorür, İletkenlik, Oksitlenebilirlik, pH",0.000000,Good,Decision Tree,0.000000,1.000000,0.000000
2025-11-05,EVKA-3,11.630000,0.030000,6.490000,1.000000,0.000000,63.930000,,27.000000,1.000000,0.000000,0.065000,0.600000,1.000000,30.000000,0.100000,7.800000,625.000000,88.573672,False,1.000000,1.000000,1.000000,0.351000,0.870000,0.941850,0.680350,0.940000,0.680000,0.892000,0.750000,0.880000,1.000000,,1.000000,1.000000,,,Good,25.000000,Şehitler Cad. No:22 H.Mustafa Gökdemir Camii Evka-3,BORNOVA,2.000000,35-BS-00-01-A1*A5-K1*K122-D1*D44-S1-I2,38.473220,27.250940,11.426328,,1.000000,9.000000,"Arsenik, Nitrit, Amonyum, Alüminyum, Demir, Klorür, İletkenlik, Oksitlenebilirlik, pH",0.000000,Good,Decision Tree,0.000000,1.000000,0.000000
2025-11-05,BORNOVA,8.750000,0.030000,6.040000,1.000000,0.000000,61.440000,,27.000000,1.000000,0.000000,0.065000,0.600000,1.000000,31.000000,0.100000,7.800000,627.000000,88.678520,False,1.000000,1.000000,1.000000,0.396000,0.870000,0.956250,0.692800,0.940000,0.680000,0.892000,0.749200,0.880000,1.000000,,1.000000,1.000000,,,Good,26.000000,Ege Üni.Kampüsü İtfaiye Çeşmesi/İzsu Teknik Amirlik,BORNOVA,2.000000,35-BS-00-01-A1*A5-K1*K122-D1*D44-S1-I11,38.460950,27.228200,11.321480,,1.000000,9.000000,"Arsenik, Nitrit, Amonyum, Alüminyum, Demir, Klorür, İletkenlik, Oksitlenebilirlik, pH",0.000000,Good,Decision Tree,0.000000,1.000000,0.000000
2025-11-05,OSMANGAZİ,8.060000,0.030000,6.260000,1.000000,0.000000,62.030000,,27.000000,1.000000,0.000000,0.065000,0.600000,1.000000,32.000000,0.100000,7.800000,622.000000,88.628817,False,1.000000,1.000000,1.000000,0.374000,0.870000,0.959700,0.689850,0.940000,0.680000,0.892000,0.751200,0.880000,1.000000,,1.000000,1.000000,,,Good,28.000000,Yavuz Cad. 241/C  Osmangazi,BAYRAKLI,60.000000,35-BS-00-29-A1*A5-K1*K122-D1*D44-S1-I6,38.475430,27.187450,11.371183,,1.000000,9.000000,"Arsenik, Nitrit, Amonyum, Alüminyum, Demir, Klorür, İletkenlik, Oksitlenebilirlik, pH",0.000000,Good,Decision Tree,0.000000,1.000000,0.000000
2025-11-05,ÖZKANLAR,9.310000,0.030000,7.130000,1.000000,0.000000,64.510000,,27.000000,1.000000,0.000000,0.065000,0.600000,1.000000,33.000000,0.100000,7.800000,621.000000,88.429863,False,1.000000,1.000000,1.000000,0.287000,0.870000,0.953450,0.677450,0.940000,0.680000,0.892000,0.751600,0.880000,1.000000,,1.000000,1.000000,,,Good,29.000000,273/4 No:6 Aile Sağlığı Merkezi Özkanlar,BAYRAKLI,60.000000,35-BS-00-29-A1*A5-K1*K122-D1*D44-S1-I10,38.458040,27.191060,11.570137,,1.000000,9.000000,"Arsenik, Nitrit, Amonyum, Alüminyum, Demir, Klorür, İletkenlik, Oksitlenebilirlik, pH",0.000000,Good,Decision Tree,0.000000,1.000000,0.000000
2025-11-05,MANAVKUYU,8.450000,0.030000,6.540000,1.000000,0.000000,63.620000,,27.000000,1.000000,0.000000,0.065000,0.600000,1.000000,33.000000,0.100000,7.800000,621.000000,88.564347,False,1.000000,1.000000,1.000000,0.346000,0.870000,0.957750,0.681900,0.940000,0.680000,0.892000,0.751600,0.880000,1.000000,,1.000000,1.000000,,,Good,30.000000,Sakarya Cad.No:112 Manavkuyu,BAYRAKLI,60.000000,35-BS-00-29-A1*A5-K1*K122-D1*D44-S1-I8,38.457390,27.186910,11.435653,,1.000000,9.000000,"Arsenik, Nitrit, Amonyum, Alüminyum, Demir, Klorür, İletkenlik, Oksitlenebilirlik, pH",0.000000,Good,Decision Tree,0.000000,1.000000,0.000000
2025-11-05,EGEKENT,10.510000,0.030000,6.390000,1.000000,0.000000,58.910000,,40.000000,1.000000,0.000000,0.065000,0.600000,1.000000,33.000000,0.100000,7.500000,702.000000,88.880590,False,1.000000,1.000000,1.000000,0.361000,0.870000,0.947450,0.705450,0.940000,0.800000,0.840000,0.719200,0.880000,1.000000,,1.000000,1.000000,,,Good,32.000000,8819 Sok. No:13 Egekent,ÇİĞLİ,4.000000,35-BS-00-24-A1*A5-K1*K122-D1*D44-S1-I7,38.504140,27.058100,11.119410,,1.000000,9.000000,"Arsenik, Nitrit, Amonyum, Alüminyum, Demir, Klorür, İletkenlik, Oksitlenebilirlik, pH",0.000000,Good,Decision Tree,0.000000,1.000000,0.000000
2025-11-05,BALATÇIK,10.710000,0.030000,6.220000,1.000000,0.000000,60.260000,,40.000000,1.000000,0.000000,0.065000,0.600000,1.000000,32.000000,0.100000,7.500000,701.000000,88.918182,False,1.000000,1.000000,1.000000,0.378000,0.870000,0.946450,0.698700,0.940000,0.800000,0.840000,0.719600,0.880000,1.000000,,1.000000,1.000000,,,Good,33.000000,8790/5 Sok. 9 Eylül Camii Balatçık,ÇİĞLİ,4.000000,35-BS-00-24-A1*A5-K1*K122-D1*D44-S1-I2-Y1,38.511900,27.045600,11.081818,,1.000000,9.000000,"Arsenik, Nitrit, Amonyum, Alüminyum, Demir, Klorür, İletkenlik, Oksitlenebilirlik, pH",0.000000,Good,Decision Tree,0.000000,1.000000,0.000000
2025-11-05,ÇİĞLİ,10.980000,0.030000,6.550000,1.000000,0.000000,67.240000,,27.000000,1.000000,0.000000,0.065000,0.600000,1.000000,33.000000,0.100000,7.600000,620.000000,88.749146,False,1.000000,1.000000,1.000000,0.345000,0.870000,0.945100,0.663800,0.940000,0.760000,0.892000,0.752000,0.880000,1.000000,,1.000000,1.000000,,,Good,34.000000,8022/1 Sok. No:8/1-B Ataşehir,ÇİĞLİ,4.000000,35-BS-00-24-A1*A5-K1*K122-D1*D44-S1-I3-IY1,38.492860,27.060890,11.250854,,1.000000,9.000000,"Arsenik, Nitrit, Amonyum, Alüminyum, Demir, Klorür, İletkenlik, Oksitlenebilirlik, pH",0.000000,Good,Decision Tree,0.000000,1.000000,0.000000
2025-11-05,BOSTANLI,8.680000,0.030000,7.230000,1.000000,0.000000,62.080000,,27.000000,1.000000,0.000000,0.065000,0.600000,1.000000,33.000000,0.100000,7.600000,624.000000,88.599493,False,1.000000,1.000000,1.000000,0.277000,0.870000,0.956600,0.689600,0.940000,0.760000,0.892000,0.750400,0.880000,1.000000,,1.000000,1.000000,,,Good,35.000000,1799 Sok No:14 Bostanlı,KARŞIYAKA,7.000000,35-BS-00-03-A1*A5-K1*K122-D1*D44-S1-I7,38.457730,27.098860,11.400507,,1.000000,9.000000,"Arsenik, Nitrit, Amonyum, Alüminyum, Demir, Klorür, İletkenlik, Oksitlenebilirlik, pH",0.000000,Good,Decision Tree,0.000000,1.000000,0.000000
2025-11-05,ŞEMİKLER,9.340000,0.030000,6.510000,1.000000,0.000000,61.840000,,27.000000,1.000000,0.000000,0.065000,0.600000,1.000000,33.000000,0.100000,7.600000,623.000000,88.762168,False,1.000000,1.000000,1.000000,0.349000,0.870000,0.953300,0.690800,0.940000,0.760000,0.892000,0.750800,0.880000,1.000000,,1.000000,1.000000,,,Good,36.000000,6276 Sok.İle 6279 Sok Kavşağı,KARŞIYAKA,7.000000,35-BS-00-03-A1*A5-K1*K122-D1*D44-S1-I4,38.477100,27.093760,11.237832,,1.000000,9.000000,"Arsenik, Nitrit, Amonyum, Alüminyum, Demir, Klorür, İletkenlik, Oksitlenebilirlik, pH",0.000000,Good,Decision Tree,0.000000,1.000000,0.000000
2025-11-05,KARŞIYAKA,9.150000,0.030000,6.600000,1.000000,0.000000,64.360000,,27.000000,1.000000,0.000000,0.065000,0.600000,1.000000,33.000000,0.100000,7.600000,620.000000,88.740497,False,1.000000,1.000000,1.000000,0.340000,0.870000,0.954250,0.678200,0.940000,0.760000,0.892000,0.752000,0.880000,1.000000,,1.000000,1.000000,,,Good,37.000000,Atatürk Cad. İle Zübeyde Hanim Cad.Kavşağı,KARŞIYAKA,7.000000,35-BS-00-03-A1*A5-K1*K122-D1*D44-S1-I5,38.461670,27.116100,11.259503,,1.000000,9.000000,"Arsenik, Nitrit, Amonyum, Alüminyum, Demir, Klorür, İletkenlik, Oksitlenebilirlik, pH",0.000000,Good,Decision Tree,0.000000,1.000000,0.000000
2025-11-05,EVKA-2,10.060000,0.030000,6.540000,1.000000,0.000000,61.420000,,27.000000,1.000000,0.000000,0.065000,0.600000,1.000000,32.000000,0.100000,7.600000,621.000000,88.755217,False,1.000000,1.000000,1.000000,0.346000,0.870000,0.949700,0.692900,0.940000,0.760000,0.892000,0.751600,0.880000,1.000000,,1.000000,1.000000,,,Good,38.000000,6800 Sok. No:9 Sağlık Ocağı Evka 2,ÇİĞLİ,4.000000,35-BS-00-24-A1*A5-K1*K122-D1*D44-S1-I5,38.499050,27.087510,11.244783,,1.000000,9.000000,"Arsenik, Nitrit, Amonyum, Alüminyum, Demir, Klorür, İletkenlik, Oksitlenebilirlik, pH",0.000000,Good,Decision Tree,0.000000,1.000000,0.000000
2025-11-05,ÖRNEKKÖY,12.070000,0.030000,7.660000,1.000000,0.000000,99.630000,,33.000000,1.000000,0.000000,0.065000,0.600000,1.000000,29.000000,0.100000,7.500000,641.000000,88.572077,False,1.000000,1.000000,1.000000,0.234000,0.870000,0.939650,0.501850,0.940000,0.800000,0.868000,0.743600,0.880000,1.000000,,1.000000,1.000000,,,Good,39.000000,Başpehlivan Kara Ali Cad. No:25/A,KARŞIYAKA,7.000000,35-BS-00-03-A1*A5-K1*K122-D1*D44-S1-I6,38.482130,27.111060,11.427923,,1.000000,9.000000,"Arsenik, Nitrit, Amonyum, Alüminyum, Demir, Klorür, İletkenlik, Oksitlenebilirlik, pH",0.000000,Good,Decision Tree,0.000000,1.000000,0.000000
2025-11-05,GÜMÜŞPALA,11.310000,0.030000,7.030000,1.000000,0.000000,81.300000,,33.000000,1.000000,0.000000,0.065000,0.600000,1.000000,29.000000,0.100000,7.500000,642.000000,88.725417,False,1.000000,1.000000,1.000000,0.297000,0.870000,0.943450,0.593500,0.940000,0.800000,0.868000,0.743200,0.880000,1.000000,,1.000000,1.000000,,,Good,40.000000,7019 Sok. No:20/3 Merkez Cami Gümüşpala,BAYRAKLI,60.000000,35-BS-00-29-A1*A5-K1*K122-D1*D44-S1-I7,38.479310,27.109960,11.274583,,1.000000,9.000000,"Arsenik, Nitrit, Amonyum, Alüminyum, Demir, Klorür, İletkenlik, Oksitlenebilirlik, pH",0.000000,Good,Decision Tree,0.000000,1.000000,0.000000
2025-11-05,ÇANKAYA,8.910000,0.030000,6.390000,1.000000,0.000000,64.480000,,27.000000,1.000000,0.000000,0.065000,0.600000,1.000000,32.000000,0.100000,7.800000,623.000000,88.597533,False,1.000000,1.000000,1.000000,0.361000,0.870000,0.955450,0.677600,0.940000,0.680000,0.892000,0.750800,0.880000,1.000000,,1.000000,1.000000,,,Good,59.000000,Hürriyet Bulvarı No:14/E,KONAK,8.000000,35-BS-00-04-A1*A5-K1*K122-D1*D44-S1-IY-1,38.424780,27.142050,11.402467,,1.000000,9.000000,"Arsenik, Nitrit, Amonyum, Alüminyum, Demir, Klorür, İletkenlik, Oksitlenebilirlik, pH",0.000000,Good,Decision Tree,0.000000,1.000000,0.000000
2025-11-12,DOĞANÇAY,10.010000,0.030000,5.950000,1.000000,0.000000,15.730000,,29.000000,1.000000,0.000000,0.065000,0.600000,1.000000,33.000000,0.000000,7.300000,589.000000,89.199781,False,1.000000,1.000000,1.000000,0.405000,0.870000,0.949950,0.921350,0.940000,0.880000,0.884000,0.764400,0.880000,1.000000,,1.000000,1.000000,,,Good,41.000000,7191 Sok. No:1/A Doğançay,BAYRAKLI,60.000000,35-BS-00-29-A1*A5-K1*K122-D1*D44-S1-I1,38.495500,27.155140,10.800219,,1.000000,9.000000,"Arsenik, Nitrit, Amonyum, Alüminyum, Demir, Klorür, İletkenlik, Oksitlenebilirlik, pH",0.000000,Good,Decision Tree,0.000000,1.000000,0.000000
2025-11-12,YAMANLAR,7.510000,0.030000,5.820000,1.000000,0.000000,19.490000,,29.000000,1.000000,0.000000,0.065000,0.600000,1.000000,32.000000,0.000000,7.300000,585.000000,89.228496,False,1.000000,1.000000,1.000000,0.418000,0.870000,0.962450,0.902550,0.940000,0.880000,0.884000,0.766000,0.880000,1.000000,,1.000000,1.000000,,,Good,42.000000,7348 Sok. No:2 Polis Merkezi Yamanlar,BAYRAKLI,60.000000,35-BS-00-29-A1*A5-K1*K122-D1*D44-S1-I2,38.481110,27.132940,10.771504,,1.000000,9.000000,"Arsenik, Nitrit, Amonyum, Alüminyum, Demir, Klorür, İletkenlik, Oksitlenebilirlik, pH",0.000000,Good,Decision Tree,0.000000,1.000000,0.000000
2025-11-12,POSTACI MAH,7.720000,0.030000,5.590000,1.000000,0.000000,24.650000,,29.000000,1.000000,0.000000,0.065000,0.600000,1.000000,33.000000,0.000000,7.300000,583.000000,89.277506,False,1.000000,1.000000,1.000000,0.441000,0.870000,0.961400,0.876750,0.940000,0.880000,0.884000,0.766800,0.880000,1.000000,,1.000000,1.000000,,,Good,43.000000,7659/2 Sok. No:1/B Postacılar Mah.,BAYRAKLI,60.000000,35-BS-00-29-A1*A5*-K1*K122-D1*D44-S1-I3-IY1,38.482170,27.119910,10.722494,,1.000000,9.000000,"Arsenik, Nitrit, Amonyum, Alüminyum, Demir, Klorür, İletkenlik, Oksitlenebilirlik, pH",0.000000,Good,Decision Tree,0.000000,1.000000,0.000000
2025-11-12,YAMAÇ MAH,7.480000,0.030000,5.630000,1.000000,0.000000,23.040000,,29.000000,1.000000,0.000000,0.065000,0.600000,1.000000,34.000000,0.000000,7.300000,584.000000,89.269499,False,1.000000,1.000000,1.000000,0.437000,0.870000,0.962600,0.884800,0.940000,0.880000,0.884000,0.766400,0.880000,1.000000,,1.000000,1.000000,,,Good,44.000000,6730 Sok. No:6/A Yamaç Mah.,KARŞIYAKA,7.000000,35-BS-00-03-A1*A5-K1*K122-D1*D44-S1-I1,38.483710,27.099770,10.730501,,1.000000,9.000000,"Arsenik, Nitrit, Amonyum, Alüminyum, Demir, Klorür, İletkenlik, Oksitlenebilirlik, pH",0.000000,Good,Decision Tree,0.000000,1.000000,0.000000
2025-11-12,CUMHURİYET MAH,7.980000,0.030000,5.690000,1.000000,0.000000,22.170000,,29.000000,1.000000,0.000000,0.065000,0.600000,1.000000,32.000000,0.000000,7.300000,585.000000,89.256129,False,1.000000,1.000000,1.000000,0.431000,0.870000,0.960100,0.889150,0.940000,0.880000,0.884000,0.766000,0.880000,1.000000,,1.000000,1.000000,,,Good,45.000000,Alim Dağhan Cd. İle 6716 Sok. Kvs.,KARŞIYAKA,7.000000,35-BS-00-03-A1*A5-K1*K122-D1*D44-S1-I2,38.485320,27.096540,10.743871,,1.000000,9.000000,"Arsenik, Nitrit, Amonyum, Alüminyum, Demir, Klorür, İletkenlik, Oksitlenebilirlik, pH",0.000000,Good,Decision Tree,0.000000,1.000000,0.000000
2025-11-12,GÜZELTEPE,7.760000,0.030000,5.540000,1.000000,0.000000,21.800000,,29.000000,1.000000,0.000000,0.065000,0.600000,1.000000,33.000000,0.000000,7.300000,585.000000,89.290402,False,1.000000,1.000000,1.000000,0.446000,0.870000,0.961200,0.891000,0.940000,0.880000,0.884000,0.766000,0.880000,1.000000,,1.000000,1.000000,,,Good,46.000000,8172 Sok. No:90/1 Güzeltepe,ÇİĞLİ,4.000000,35-BS-00-24-A1*A5-K1*K122-D1*D44-S1-I4-IY1,38.502720,27.077990,10.709598,,1.000000,9.000000,"Arsenik, Nitrit, Amonyum, Alüminyum, Demir, Klorür, İletkenlik, Oksitlenebilirlik, pH",0.000000,Good,Decision Tree,0.000000,1.000000,0.000000
2025-11-12,EVKA-5,9.640000,0.030000,5.850000,1.000000,0.000000,38.040000,,40.000000,1.000000,0.000000,0.065000,0.600000,1.000000,31.000000,0.100000,7.500000,646.000000,89.015272,False,1.000000,1.000000,1.000000,0.415000,0.870000,0.951800,0.809800,0.940000,0.800000,0.840000,0.741600,0.880000,1.000000,,1.000000,1.000000,,,Good,47.000000,8809 Sok. No:141/A Evka-5,ÇİĞLİ,4.000000,35-BS-00-24-A1*A5-K1*K122-D1*D44-S1-I8-IY1,38.518190,27.056590,10.984728,,1.000000,9.000000,"Arsenik, Nitrit, Amonyum, Alüminyum, Demir, Klorür, İletkenlik, Oksitlenebilirlik, pH",0.000000,Good,Decision Tree,0.000000,1.000000,0.000000
2025-11-12,EGEKENT-2,8.630000,0.030000,5.900000,1.000000,0.000000,33.280000,,40.000000,1.000000,0.000000,0.065000,0.600000,1.000000,31.000000,0.100000,7.500000,647.000000,89.007219,False,1.000000,1.000000,1.000000,0.410000,0.870000,0.956850,0.833600,0.940000,0.800000,0.840000,0.741200,0.880000,1.000000,,1.000000,1.000000,,,Good,48.000000,8818 Sok. No:38 6 Nolu Sağlık Ocağı Egekent,ÇİĞLİ,4.000000,35-BS-00-24-A1*A5-K1*K122-D1*D44-S1-I6,38.555690,27.049780,10.992781,,1.000000,9.000000,"Arsenik, Nitrit, Amonyum, Alüminyum, Demir, Klorür, İletkenlik, Oksitlenebilirlik, pH",0.000000,Good,Decision Tree,0.000000,1.000000,0.000000
2025-11-12,ALAYBEY,7.730000,0.030000,6.100000,1.000000,0.000000,28.030000,,29.000000,1.000000,0.000000,0.065000,0.600000,1.000000,32.000000,0.000000,7.300000,587.000000,89.160181,False,1.000000,1.000000,1.000000,0.390000,0.870000,0.961350,0.859850,0.940000,0.880000,0.884000,0.765200,0.880000,1.000000,,1.000000,1.000000,,,Good,49.000000,1643/7 Sok. No:8 Adalet Mah.,BAYRAKLI,60.000000,35-BS-00-03-A1*A5-K1*K122-D1*D44-S1-13-IY1,38.466750,27.159340,10.839819,,1.000000,9.000000,"Arsenik, Nitrit, Amonyum, Alüminyum, Demir, Klorür, İletkenlik, Oksitlenebilirlik, pH",0.000000,Good,Decision Tree,0.000000,1.000000,0.000000
2025-11-12,CENGİZHAN,11.220000,0.030000,5.550000,1.000000,0.000000,18.190000,,30.000000,1.000000,0.000000,0.065000,0.600000,1.000000,35.000000,0.000000,7.400000,601.000000,89.192536,False,1.000000,1.000000,1.000000,0.445000,0.870000,0.943900,0.909050,0.940000,0.840000,0.880000,0.759600,0.880000,1.000000,,1.000000,1.000000,,,Good,50.000000,1620/19 İle 1620/39 Sok. Kavsağı Cengizhan,BAYRAKLI,60.000000,35-BS-00-29-A1*A5-K1*K122-D1*D44-S1-I4,38.473400,27.158880,10.807464,,1.000000,9.000000,"Arsenik, Nitrit, Amonyum, Alüminyum, Demir, Klorür, İletkenlik, Oksitlenebilirlik, pH",0.000000,Good,Decision Tree,0.000000,1.000000,0.000000
2025-11-12,ÇAY MAH,9.090000,0.030000,5.320000,1.000000,0.000000,15.530000,,30.000000,1.000000,0.000000,0.065000,0.600000,1.000000,35.000000,0.000000,7.400000,598.000000,89.247296,False,1.000000,1.000000,1.000000,0.468000,0.870000,0.954550,0.922350,0.940000,0.840000,0.880000,0.760800,0.880000,1.000000,,1.000000,1.000000,,,Good,51.000000,Hakan Uysal Cad. No:273/1 Çay Mahallesi,BAYRAKLI,60.000000,35-BS-00-29-A1*A5-K1*K122-D1*D44-S1-I5,38.470860,27.180440,10.752704,,1.000000,9.000000,"Arsenik, Nitrit, Amonyum, Alüminyum, Demir, Klorür, İletkenlik, Oksitlenebilirlik, pH",0.000000,Good,Decision Tree,0.000000,1.000000,0.000000
2025-11-12,İZYUVA,8.210000,0.030000,5.710000,1.000000,0.000000,32.720000,,30.000000,1.000000,0.000000,0.065000,0.600000,1.000000,35.000000,0.000000,7.300000,580.000000,89.245162,False,1.000000,1.000000,1.000000,0.429000,0.870000,0.958950,0.836400,0.940000,0.880000,0.880000,0.768000,0.880000,1.000000,,1.000000,1.000000,,,Good,52.000000,113/19 Sok. No:10 İzyuva,BORNOVA,2.000000,35-BS-00-01-A1*A5-K1*K122-D1*D44-S1-I7,38.464570,27.249790,10.754838,,1.000000,9.000000,"Arsenik, Nitrit, Amonyum, Alüminyum, Demir, Klorür, İletkenlik, Oksitlenebilirlik, pH",0.000000,Good,Decision Tree,0.000000,1.000000,0.000000
2025-11-12,NALDÖKEN,8.680000,0.030000,5.870000,1.000000,0.000000,62.290000,,26.000000,1.000000,0.000000,0.065000,0.600000,1.000000,33.000000,0.000000,7.400000,578.000000,89.098155,False,1.000000,1.000000,1.000000,0.413000,0.870000,0.956600,0.688550,0.940000,0.840000,0.896000,0.768800,0.880000,1.000000,,1.000000,1.000000,,,Good,53.000000,Ankara Cad. İle Atatürk Cad. Kav.,BORNOVA,2.000000,35-BS-00-01-A1*A5-K1*K122-D1*D44-S1-I6,38.452100,27.266070,10.901845,,1.000000,9.000000,"Arsenik, Nitrit, Amonyum, Alüminyum, Demir, Klorür, İletkenlik, Oksitlenebilirlik, pH",0.000000,Good,Decision Tree,0.000000,1.000000,0.000000
2025-11-12,YEŞİLÇAM,8.050000,0.030000,5.630000,1.000000,0.000000,37.120000,,26.000000,1.000000,0.000000,0.065000,0.600000,1.000000,33.000000,0.000000,7.400000,578.000000,89.167051,False,1.000000,1.000000,1.000000,0.437000,0.870000,0.959750,0.814400,0.940000,0.840000,0.896000,0.768800,0.880000,1.000000,,1.000000,1.000000,,,Good,54.000000,Mrk. Bornova Jandarma Komando Ambarlar Yanı,BORNOVA,2.000000,35-BS-00-01-A1*A5-K1*K122-D1*D44-S1-IY1,38.445680,27.289280,10.832949,,1.000000,9.000000,"Arsenik, Nitrit, Amonyum, Alüminyum, Demir, Klorür, İletkenlik, Oksitlenebilirlik, pH",0.000000,Good,Decision Tree,0.000000,1.000000,0.000000
2025-11-12,MEVLANA,8.350000,0.030000,5.280000,1.000000,0.000000,38.350000,,26.000000,1.000000,0.000000,0.065000,0.600000,1.000000,33.000000,0.000000,7.400000,578.000000,89.245378,False,1.000000,1.000000,1.000000,0.472000,0.870000,0.958250,0.808250,0.940000,0.840000,0.896000,0.768800,0.880000,1.000000,,1.000000,1.000000,,,Good,55.000000,1754 Sok. No:25 Asm Mevlana,BORNOVA,2.000000,35-BS-00-01-A1*A5-K1*K122-D1*D44-S1-I4,38.448220,27.230660,10.754622,,1.000000,9.000000,"Arsenik, Nitrit, Amonyum, Alüminyum, Demir, Klorür, İletkenlik, Oksitlenebilirlik, pH",0.000000,Good,Decision Tree,0.000000,1.000000,0.000000
2025-11-12,YEŞİLOVA,8.600000,0.030000,5.510000,1.000000,0.000000,38.790000,,26.000000,1.000000,0.000000,0.065000,0.600000,1.000000,34.000000,0.000000,7.400000,580.000000,89.192940,False,1.000000,1.000000,1.000000,0.449000,0.870000,0.957000,0.806050,0.940000,0.840000,0.896000,0.768000,0.880000,1.000000,,1.000000,1.000000,,,Good,56.000000,A.İpekçi Cd. İle 4040 Sok. Kvs. Yesilova,BORNOVA,2.000000,35-BS-00-01-A1*A5-K1*K122-D1*D44-S1-I3,38.440370,27.201350,10.807060,,1.000000,9.000000,"Arsenik, Nitrit, Amonyum, Alüminyum, Demir, Klorür, İletkenlik, Oksitlenebilirlik, pH",0.000000,Good,Decision Tree,0.000000,1.000000,0.000000
2025-11-12,MERSİNLİ,8.870000,0.030000,5.460000,1.000000,0.000000,34.140000,,26.000000,1.000000,0.000000,0.065000,0.600000,1.000000,34.000000,0.000000,7.400000,578.000000,89.206738,False,1.000000,1.000000,1.000000,0.454000,0.870000,0.955650,0.829300,0.940000,0.840000,0.896000,0.768800,0.880000,1.000000,,1.000000,1.000000,,,Good,57.000000,Fatih cd. İle Beyazıt Cd. Tuğlacı Önü Mersinli,BORNOVA,2.000000,35-BS-00-01-A1*A5-K1*K122-D1*D44-S1-I14,38.440000,27.180530,10.793262,,1.000000,9.000000,"Arsenik, Nitrit, Amonyum, Alüminyum, Demir, Klorür, İletkenlik, Oksitlenebilirlik, pH",0.000000,Good,Decision Tree,0.000000,1.000000,0.000000
2025-11-12,ÇANKAYA,14.940000,0.030000,7.800000,1.000000,0.000000,99.180000,,26.000000,1.000000,0.000000,0.065000,0.600000,1.000000,34.000000,0.000000,7.400000,598.000000,88.636990,False,1.000000,1.000000,1.000000,0.220000,0.870000,0.925300,0.504100,0.940000,0.840000,0.896000,0.760800,0.880000,1.000000,,1.000000,1.000000,,,Good,59.000000,Hürriyet Bulvarı No:14/E,KONAK,8.000000,35-BS-00-04-A1*A5-K1*K122-D1*D44-S1-IY-1,38.424780,27.142050,11.363010,,1.000000,9.000000,"Arsenik, Nitrit, Amonyum, Alüminyum, Demir, Klorür, İletkenlik, Oksitlenebilirlik, pH",0.000000,Good,Decision Tree,0.000000,1.000000,0.000000
2025-11-12,TOROS,6.230000,0.030000,1.800000,1.000000,0.000000,25.290000,,52.000000,1.000000,0.000000,0.065000,0.400000,1.000000,22.000000,0.000000,7.300000,471.000000,90.308607,False,1.000000,1.000000,1.000000,0.820000,0.870000,0.968850,0.873550,0.940000,0.880000,0.792000,0.811600,0.920000,1.000000,,1.000000,1.000000,,,Good,60.000000,Dicle Cad. No:88 Aile Sağlığı Merkezi,KONAK,8.000000,35-BS-00-04-A1*A5-K1*K122-D1*D44-S1-I3,38.407410,27.183640,9.691393,,1.000000,9.000000,"Arsenik, Nitrit, Amonyum, Alüminyum, Demir, Klorür, İletkenlik, Oksitlenebilirlik, pH",0.000000,Good,Decision Tree,0.000000,1.000000,0.000000
2025-11-12,LEVENT,5.890000,0.030000,1.530000,1.000000,0.000000,20.190000,,52.000000,1.000000,0.000000,0.065000,0.400000,1.000000,22.000000,0.000000,7.400000,459.000000,90.277550,False,1.000000,1.000000,1.000000,0.847000,0.870000,0.970550,0.899050,0.940000,0.840000,0.792000,0.816400,0.920000,1.000000,,1.000000,1.000000,,,Good,61.000000,3513 İle 3514 Sok. Kvs Levent,KONAK,8.000000,35-BS-00-04-A1*A5-K1*K122-D1*D44-S1-I8,38.411300,27.163150,9.722450,,1.000000,9.000000,"Arsenik, Nitrit, Amonyum, Alüminyum, Demir, Klorür, İletkenlik, Oksitlenebilirlik, pH",0.000000,Good,Decision Tree,0.000000,1.000000,0.000000
2025-11-12,UFUK MAH,6.210000,0.030000,1.440000,1.000000,0.000000,25.390000,,52.000000,1.000000,0.000000,0.065000,0.400000,1.000000,22.000000,0.000000,7.400000,460.000000,90.294787,False,1.000000,1.000000,1.000000,0.856000,0.870000,0.968950,0.873050,0.940000,0.840000,0.792000,0.816000,0.920000,1.000000,,1.000000,1.000000,,,Good,62.000000,914 Sok. No.7/A Ufuk Mah.,BUCA,3.000000,35-BS-00-02-A1*A5-K1*K122-D1*D44-S1-I5,38.403620,27.165620,9.705213,,1.000000,9.000000,"Arsenik, Nitrit, Amonyum, Alüminyum, Demir, Klorür, İletkenlik, Oksitlenebilirlik, pH",0.000000,Good,Decision Tree,0.000000,1.000000,0.000000
2025-11-12,EVKA-1,8.670000,0.030000,1.270000,1.000000,0.000000,80.390000,,52.000000,1.000000,0.000000,0.065000,0.400000,1.000000,23.000000,0.000000,7.400000,463.000000,90.300739,False,1.000000,1.000000,1.000000,0.873000,0.870000,0.956650,0.598050,0.940000,0.840000,0.792000,0.814800,0.920000,1.000000,,1.000000,1.000000,,,Good,63.000000,Türkmenistan Cad. İle 1206 Sok.. Kvs. Evka-1,BUCA,3.000000,35-BS-00-02-A1*A5-K1*K122-D1*D44-S1-I9,38.400630,27.194670,9.699261,,1.000000,9.000000,"Arsenik, Nitrit, Amonyum, Alüminyum, Demir, Klorür, İletkenlik, Oksitlenebilirlik, pH",0.000000,Good,Decision Tree,0.000000,1.000000,0.000000
2025-11-12,ADATEPE,8.260000,0.030000,1.220000,1.000000,0.000000,80.980000,,52.000000,1.000000,0.000000,0.065000,0.400000,1.000000,22.000000,0.000000,7.400000,464.000000,90.311946,False,1.000000,1.000000,1.000000,0.878000,0.870000,0.958700,0.595100,0.940000,0.840000,0.792000,0.814400,0.920000,1.000000,,1.000000,1.000000,,,Good,64.000000,3 İle 3/8 Sok. Kvs. Adatepe,BUCA,3.000000,35-BS-00-02-A1*A5-K1*K122-D1*D44-S1-I4,38.381540,27.184940,9.688054,,1.000000,9.000000,"Arsenik, Nitrit, Amonyum, Alüminyum, Demir, Klorür, İletkenlik, Oksitlenebilirlik, pH",0.000000,Good,Decision Tree,0.000000,1.000000,0.000000
2025-11-12,KURUÇEŞME,8.650000,0.030000,1.280000,1.000000,0.000000,78.850000,,51.000000,1.000000,0.000000,0.065000,0.400000,1.000000,23.000000,0.000000,7.400000,464.000000,90.299717,False,1.000000,1.000000,1.000000,0.872000,0.870000,0.956750,0.605750,0.940000,0.840000,0.796000,0.814400,0.920000,1.000000,,1.000000,1.000000,,,Good,65.000000,Dogus Cad. İle A.Yesevi Cd. Kvs. Kuruçeşme,BUCA,3.000000,35-BS-00-02-A1*A5-K1*K122-D1*D44-S1-I2,38.372330,27.194500,9.700283,,1.000000,9.000000,"Arsenik, Nitrit, Amonyum, Alüminyum, Demir, Klorür, İletkenlik, Oksitlenebilirlik, pH",0.000000,Good,Decision Tree,0.000000,1.000000,0.000000
2025-11-12,KOZAĞAÇ,8.000000,0.030000,1.310000,1.000000,0.000000,73.810000,,51.000000,1.000000,0.000000,0.065000,0.400000,1.000000,23.000000,0.000000,7.400000,464.000000,90.296147,False,1.000000,1.000000,1.000000,0.869000,0.870000,0.960000,0.630950,0.940000,0.840000,0.796000,0.814400,0.920000,1.000000,,1.000000,1.000000,,,Good,66.000000,I.Sivri Cd. İle 254 Sok.. Kvs. Kozağaç,BUCA,3.000000,35-BS-00-02-A1*A5-K1*K122-D1*D44-S1-I8,38.377130,27.169560,9.703853,,1.000000,9.000000,"Arsenik, Nitrit, Amonyum, Alüminyum, Demir, Klorür, İletkenlik, Oksitlenebilirlik, pH",0.000000,Good,Decision Tree,0.000000,1.000000,0.000000
2025-11-12,ÇAMLIKULE,7.690000,0.030000,1.200000,1.000000,0.000000,91.090000,,52.000000,1.000000,0.000000,0.065000,0.400000,1.000000,22.000000,0.000000,7.400000,464.000000,90.311075,False,1.000000,1.000000,1.000000,0.880000,0.870000,0.961550,0.544550,0.940000,0.840000,0.792000,0.814400,0.920000,1.000000,,1.000000,1.000000,,,Good,67.000000,220 Sok. No:163/B Çamlıkule,BUCA,3.000000,35-BS-00-02-A1*A5-K1*K122-D1*D44-S1-I3,38.372280,27.171530,9.688925,,1.000000,9.000000,"Arsenik, Nitrit, Amonyum, Alüminyum, Demir, Klorür, İletkenlik, Oksitlenebilirlik, pH",0.000000,Good,Decision Tree,0.000000,1.000000,0.000000
2025-11-12,AKINCILAR,5.640000,0.030000,1.480000,1.000000,0.000000,42.150000,,51.000000,1.000000,0.000000,0.065000,0.400000,1.000000,22.000000,0.000000,7.400000,465.000000,90.276923,False,1.000000,1.000000,1.000000,0.852000,0.870000,0.971800,0.789250,0.940000,0.840000,0.796000,0.814000,0.920000,1.000000,,1.000000,1.000000,,,Good,68.000000,A.Hatboyu Cd. İle 545 Sok.. Kvs. Akıncılar,BUCA,3.000000,35-BS-00-02-A1*A5-K1*K122-D1*D44-S1-I7,38.387460,27.147600,9.723077,,1.000000,9.000000,"Arsenik, Nitrit, Amonyum, Alüminyum, Demir, Klorür, İletkenlik, Oksitlenebilirlik, pH",0.000000,Good,Decision Tree,0.000000,1.000000,0.000000
2025-11-12,UĞUR MUMCU MAH,5.290000,0.030000,2.860000,1.000000,0.000000,36.660000,,51.000000,1.000000,0.000000,0.065000,0.400000,1.000000,25.000000,0.000000,7.600000,506.000000,89.777301,False,1.000000,1.000000,1.000000,0.714000,0.870000,0.973550,0.816700,0.940000,0.760000,0.796000,0.797600,0.920000,1.000000,,1.000000,1.000000,,,Good,69.000000,5777 İle 5780 Sok. Kvs. U. Mumcu,KARABAĞLAR,59.000000,35-BS-00-30-A1*A5-K1*K122-D1*D44-S1-I1,38.381830,27.130670,10.222699,,1.000000,9.000000,"Arsenik, Nitrit, Amonyum, Alüminyum, Demir, Klorür, İletkenlik, Oksitlenebilirlik, pH",0.000000,Good,Decision Tree,0.000000,1.000000,0.000000
2025-11-12,ÇAMLIK MAH,5.230000,0.030000,2.330000,1.000000,0.000000,32.810000,,51.000000,1.000000,0.000000,0.065000,0.400000,1.000000,25.000000,0.000000,7.600000,508.000000,89.899424,False,1.000000,1.000000,1.000000,0.767000,0.870000,0.973850,0.835950,0.940000,0.760000,0.796000,0.796800,0.920000,1.000000,,1.000000,1.000000,,,Good,70.000000,4969 Sok. No:2/A Çamlık,KARABAĞLAR,59.000000,35-BS-00-30-A1*A5-K1*K122-D1*D44-S1-I2,38.366230,27.120330,10.100576,,1.000000,9.000000,"Arsenik, Nitrit, Amonyum, Alüminyum, Demir, Klorür, İletkenlik, Oksitlenebilirlik, pH",0.000000,Good,Decision Tree,0.000000,1.000000,0.000000
2025-11-12,AKTEPE,7.590000,0.030000,2.350000,1.000000,0.000000,36.230000,,51.000000,1.000000,0.000000,0.065000,0.400000,1.000000,25.000000,0.000000,7.600000,508.000000,89.891629,False,1.000000,1.000000,1.000000,0.765000,0.870000,0.962050,0.818850,0.940000,0.760000,0.796000,0.796800,0.920000,1.000000,,1.000000,1.000000,,,Good,71.000000,Altan Aydin İle 4165 Sok.. Kvs Aktepe,GAZİEMİR,5.000000,35-BS-00-25-A1*A5-K1*K122-D1*D44-S1-I5,38.352350,27.125160,10.108371,,1.000000,9.000000,"Arsenik, Nitrit, Amonyum, Alüminyum, Demir, Klorür, İletkenlik, Oksitlenebilirlik, pH",0.000000,Good,Decision Tree,0.000000,1.000000,0.000000
2025-11-12,9 EYLÜL MAH,5.350000,0.030000,2.480000,1.000000,0.000000,33.250000,,51.000000,1.000000,0.000000,0.065000,0.400000,1.000000,26.000000,0.000000,7.600000,510.000000,89.865161,False,1.000000,1.000000,1.000000,0.752000,0.870000,0.973250,0.833750,0.940000,0.760000,0.796000,0.796000,0.920000,1.000000,,1.000000,1.000000,,,Good,72.000000,Kahramanlar Cd. No:2 H. Bayram Camii,GAZİEMİR,5.000000,35-BS-00-25-A1*A5-K1*K122-D1*D44-S1-I2,38.327138,27.137154,10.134839,,1.000000,9.000000,"Arsenik, Nitrit, Amonyum, Alüminyum, Demir, Klorür, İletkenlik, Oksitlenebilirlik, pH",0.000000,Good,Decision Tree,0.000000,1.000000,0.000000
2025-11-12,BEYAZEVLER,5.720000,0.030000,2.340000,1.000000,0.000000,30.720000,,50.000000,1.000000,0.000000,0.065000,0.400000,1.000000,26.000000,0.000000,7.600000,510.000000,89.898421,False,1.000000,1.000000,1.000000,0.766000,0.870000,0.971400,0.846400,0.940000,0.760000,0.800000,0.796000,0.920000,1.000000,,1.000000,1.000000,,,Good,73.000000,514 Sok.. No:3/A Beyazevler,GAZİEMİR,5.000000,35-BS-00-25-A1*A5-K1*K122-D1*D44-S1-I3,38.341790,27.140280,10.101579,,1.000000,9.000000,"Arsenik, Nitrit, Amonyum, Alüminyum, Demir, Klorür, İletkenlik, Oksitlenebilirlik, pH",0.000000,Good,Decision Tree,0.000000,1.000000,0.000000
2025-11-12,UZUNDERE,5.620000,0.030000,2.310000,1.000000,0.000000,30.870000,,50.000000,1.000000,0.000000,0.065000,0.400000,1.000000,25.000000,0.000000,7.600000,510.000000,89.905181,False,1.000000,1.000000,1.000000,0.769000,0.870000,0.971900,0.845650,0.940000,0.760000,0.800000,0.796000,0.920000,1.000000,,1.000000,1.000000,,,Good,74.000000,Eski Izmir Cad. 3959 Kvs Uzundere,KARABAĞLAR,59.000000,35-BS-00-30-A1*A5-K1*K122-D1*D44-S1-I4,38.360060,27.104090,10.094819,,1.000000,9.000000,"Arsenik, Nitrit, Amonyum, Alüminyum, Demir, Klorür, İletkenlik, Oksitlenebilirlik, pH",0.000000,Good,Decision Tree,0.000000,1.000000,0.000000
2025-11-12,CENNETÇEŞME,5.520000,0.030000,2.240000,1.000000,0.000000,28.420000,,51.000000,1.000000,0.000000,0.065000,0.400000,1.000000,25.000000,0.000000,7.600000,511.000000,89.922096,False,1.000000,1.000000,1.000000,0.776000,0.870000,0.972400,0.857900,0.940000,0.760000,0.796000,0.795600,0.920000,1.000000,,1.000000,1.000000,,,Good,75.000000,3948/6 Sok. No:2 C.Çeşme,KARABAĞLAR,59.000000,35-BS-00-30-A1*A5-K1*K122-D1*D44-S1-I9,38.361680,27.093850,10.077904,,1.000000,9.000000,"Arsenik, Nitrit, Amonyum, Alüminyum, Demir, Klorür, İletkenlik, Oksitlenebilirlik, pH",0.000000,Good,Decision Tree,0.000000,1.000000,0.000000
2025-11-12,GÜZELBAHÇE,8.160000,0.030000,5.990000,1.000000,0.000000,23.030000,,29.000000,1.000000,0.000000,0.065000,0.400000,1.000000,32.000000,0.000000,7.500000,565.000000,89.178207,False,1.000000,1.000000,1.000000,0.401000,0.870000,0.959200,0.884850,0.940000,0.800000,0.884000,0.774000,0.920000,1.000000,,1.000000,1.000000,,,Good,76.000000,Mithatpaşa Caddesi No:479,GÜZELBAHÇE,6.000000,35-BS-00-28-A1*A5-K1*K122-D1*D44-S1-IY-1,38.377140,26.883660,10.821793,,1.000000,9.000000,"Arsenik, Nitrit, Amonyum, Alüminyum, Demir, Klorür, İletkenlik, Oksitlenebilirlik, pH",0.000000,Good,Decision Tree,0.000000,1.000000,0.000000
2025-11-12,İNCİRALTI,8.710000,0.030000,6.810000,1.000000,0.000000,35.830000,,29.000000,1.000000,0.000000,0.065000,0.400000,1.000000,33.000000,0.000000,7.500000,565.000000,88.985121,False,1.000000,1.000000,1.000000,0.319000,0.870000,0.956450,0.820850,0.940000,0.800000,0.884000,0.774000,0.920000,1.000000,,1.000000,1.000000,,,Good,78.000000,Başak Cd. No:16 Bahçe Cafe İnciralti,BALÇOVA,1.000000,35-BS-00-26-A1*A5-K1*K122-D1*D44-S1-I1,38.409090,27.035910,11.014879,,1.000000,9.000000,"Arsenik, Nitrit, Amonyum, Alüminyum, Demir, Klorür, İletkenlik, Oksitlenebilirlik, pH",0.000000,Good,Decision Tree,0.000000,1.000000,0.000000
2025-11-12,ESENDERE,8.300000,0.030000,6.730000,1.000000,0.000000,31.970000,,29.000000,1.000000,0.000000,0.065000,0.400000,1.000000,33.000000,0.000000,7.500000,564.000000,89.005641,False,1.000000,1.000000,1.000000,0.327000,0.870000,0.958500,0.840150,0.940000,0.800000,0.884000,0.774400,0.920000,1.000000,,1.000000,1.000000,,,Good,79.000000,52/74 İle 52/18 Sok. Kvs Esendere,KARABAĞLAR,59.000000,35-BS-00-30-A1*A5-K1*K122-D1*D44-S1-I5,38.391050,27.089590,10.994359,,1.000000,9.000000,"Arsenik, Nitrit, Amonyum, Alüminyum, Demir, Klorür, İletkenlik, Oksitlenebilirlik, pH",0.000000,Good,Decision Tree,0.000000,1.000000,0.000000
2025-11-12,KADİFEKALE,5.420000,0.030000,1.430000,1.000000,0.000000,38.530000,,51.000000,1.000000,0.000000,0.065000,0.400000,1.000000,22.000000,0.000000,7.500000,465.000000,90.195140,False,1.000000,1.000000,1.000000,0.857000,0.870000,0.972900,0.807350,0.940000,0.800000,0.796000,0.814000,0.920000,1.000000,,1.000000,1.000000,,,Good,80.000000,R.Erkutlu Şehitlik Önü No:290/A Kadifekale,KONAK,8.000000,35-BS-00-04-A1*A5-K1*K122-D1*D44-S1-I6,38.412820,27.140320,9.804860,,1.000000,9.000000,"Arsenik, Nitrit, Amonyum, Alüminyum, Demir, Klorür, İletkenlik, Oksitlenebilirlik, pH",0.000000,Good,Decision Tree,0.000000,1.000000,0.000000
2025-11-19,YENİŞEHİR,4.250000,0.030000,5.600000,1.000000,0.000000,36.960000,,27.000000,1.000000,0.000000,0.065000,0.400000,1.000000,31.000000,0.000000,7.400000,614.000000,89.356596,False,1.000000,1.000000,1.000000,0.440000,0.870000,0.978750,0.815200,0.940000,0.840000,0.892000,0.754400,0.920000,1.000000,,1.000000,1.000000,,,Good,2.000000,Gaziler Cad. No:185 İtfaiye Önü,KONAK,8.000000,35-BS-00-04-A1*A5-K1*K122-D1*D44-S1-I10,38.422640,27.153840,10.643404,,1.000000,9.000000,"Arsenik, Nitrit, Amonyum, Alüminyum, Demir, Klorür, İletkenlik, Oksitlenebilirlik, pH",0.000000,Good,Decision Tree,0.000000,1.000000,0.000000
2025-11-19,KONAK,3.650000,0.030000,5.270000,1.000000,0.000000,34.160000,,27.000000,1.000000,0.000000,0.065000,0.400000,1.000000,32.000000,0.000000,7.400000,615.000000,89.433182,False,1.000000,1.000000,1.000000,0.473000,0.870000,0.981750,0.829200,0.940000,0.840000,0.892000,0.754000,0.920000,1.000000,,1.000000,1.000000,,,Good,3.000000,854 Sok No:51/A,KONAK,8.000000,35-BS-00-04-A1*A5-K1*K122-D1*D44-S1-I5,38.420610,27.130760,10.566818,,1.000000,9.000000,"Arsenik, Nitrit, Amonyum, Alüminyum, Demir, Klorür, İletkenlik, Oksitlenebilirlik, pH",0.000000,Good,Decision Tree,0.000000,1.000000,0.000000
2025-11-19,GÜZELBAHÇE,3.950000,0.030000,5.110000,1.000000,0.000000,45.200000,,25.000000,1.000000,0.000000,0.065000,0.400000,1.000000,33.000000,0.000000,7.400000,578.000000,89.463827,False,1.000000,1.000000,1.000000,0.489000,0.870000,0.980250,0.774000,0.940000,0.840000,0.900000,0.768800,0.920000,1.000000,,1.000000,1.000000,,,Good,4.000000,Kazım Dirik Cad. No.46,GÜZELBAHÇE,6.000000,35-BS-00-28-A1*A5-K1*K122-D1*D44-S1-I1,38.363366,26.866501,10.536173,,1.000000,9.000000,"Arsenik, Nitrit, Amonyum, Alüminyum, Demir, Klorür, İletkenlik, Oksitlenebilirlik, pH",0.000000,Good,Decision Tree,0.000000,1.000000,0.000000
2025-11-19,NARLIDERE,1.980000,0.030000,4.440000,1.000000,0.000000,8.180000,,25.000000,1.000000,0.000000,0.065000,0.400000,1.000000,33.000000,0.000000,7.400000,577.000000,89.637481,False,1.000000,1.000000,1.000000,0.556000,0.870000,0.990100,0.959100,0.940000,0.840000,0.900000,0.769200,0.920000,1.000000,,1.000000,1.000000,,,Good,5.000000,İzsu Narlıdere Teknik Amirlik,NARLIDERE,9.000000,35-BS-00-27-A1*A5-K1*K122-D1*D44-S1-I2,38.394150,27.009890,10.362519,,1.000000,9.000000,"Arsenik, Nitrit, Amonyum, Alüminyum, Demir, Klorür, İletkenlik, Oksitlenebilirlik, pH",0.000000,Good,Decision Tree,0.000000,1.000000,0.000000
2025-11-19,BALÇOVA,2.640000,0.030000,4.410000,1.000000,0.000000,43.640000,,25.000000,1.000000,0.000000,0.065000,0.400000,1.000000,32.000000,0.000000,7.400000,578.000000,89.623834,False,1.000000,1.000000,1.000000,0.559000,0.870000,0.986800,0.781800,0.940000,0.840000,0.900000,0.768800,0.920000,1.000000,,1.000000,1.000000,,,Good,6.000000,M.Pasa Cad. İle Hüseyin Ögütcen Kavşağı,BALÇOVA,1.000000,35-BS-00-26-A1*A5-K1*K122-D1*D44-S1-I2,38.394150,27.038360,10.376166,,1.000000,9.000000,"Arsenik, Nitrit, Amonyum, Alüminyum, Demir, Klorür, İletkenlik, Oksitlenebilirlik, pH",0.000000,Good,Decision Tree,0.000000,1.000000,0.000000
2025-11-19,ÜÇKUYULAR,3.550000,0.030000,4.620000,1.000000,0.000000,43.780000,,25.000000,1.000000,0.000000,0.065000,0.400000,1.000000,33.000000,0.000000,7.400000,579.000000,89.575722,False,1.000000,1.000000,1.000000,0.538000,0.870000,0.982250,0.781100,0.940000,0.840000,0.900000,0.768400,0.920000,1.000000,,1.000000,1.000000,,,Good,7.000000,65/17 Sok. No:45 Yumurtacı Ahmet Camii,KARABAĞLAR,59.000000,35-BS-00-30-A1*A5-K1*K122-D1*D44-S1-I6,38.393940,27.069370,10.424278,,1.000000,9.000000,"Arsenik, Nitrit, Amonyum, Alüminyum, Demir, Klorür, İletkenlik, Oksitlenebilirlik, pH",0.000000,Good,Decision Tree,0.000000,1.000000,0.000000
2025-11-19,GÜZELYALI,3.060000,0.030000,4.200000,1.000000,0.000000,45.340000,,25.000000,1.000000,0.000000,0.065000,0.400000,1.000000,33.000000,0.000000,7.500000,576.000000,89.574889,False,1.000000,1.000000,1.000000,0.580000,0.870000,0.984700,0.773300,0.940000,0.800000,0.900000,0.769600,0.920000,1.000000,,1.000000,1.000000,,,Good,8.000000,34.Sok. No:5 TSM Güzelyalı,KONAK,8.000000,35-BS-00-04-A1*A5-K1*K122-D1*D44-S1-I11,38.398080,27.079620,10.425111,,1.000000,9.000000,"Arsenik, Nitrit, Amonyum, Alüminyum, Demir, Klorür, İletkenlik, Oksitlenebilirlik, pH",0.000000,Good,Decision Tree,0.000000,1.000000,0.000000
2025-11-19,HATAY,6.000000,0.030000,2.350000,1.000000,0.000000,48.320000,,53.000000,1.000000,0.000000,0.065000,0.400000,1.000000,25.000000,0.000000,7.500000,514.000000,89.980212,False,1.000000,1.000000,1.000000,0.765000,0.870000,0.970000,0.758400,0.940000,0.800000,0.788000,0.794400,0.920000,1.000000,,1.000000,1.000000,,,Good,9.000000,İnönü Cad. İle 100 Sok. Kavşağı,KONAK,8.000000,35-BS-00-04-A1*A5-K1*K122-D1*D44-S1-I13,38.401640,27.099450,10.019788,,1.000000,9.000000,"Arsenik, Nitrit, Amonyum, Alüminyum, Demir, Klorür, İletkenlik, Oksitlenebilirlik, pH",0.000000,Good,Decision Tree,0.000000,1.000000,0.000000
2025-11-19,YEŞİLYURT,7.220000,0.030000,2.400000,1.000000,0.000000,50.460000,,53.000000,1.000000,0.000000,0.065000,0.400000,1.000000,25.000000,0.000000,7.500000,514.000000,89.966998,False,1.000000,1.000000,1.000000,0.760000,0.870000,0.963900,0.747700,0.940000,0.800000,0.788000,0.794400,0.920000,1.000000,,1.000000,1.000000,,,Good,11.000000,Ulu Önder Cad. İle Gökdere Cad.Kavşağı,KARABAĞLAR,59.000000,35-BS-00-30-A1*A5-K1*K122-D1*D44-S1-I7,38.404270,27.113010,10.033002,,1.000000,9.000000,"Arsenik, Nitrit, Amonyum, Alüminyum, Demir, Klorür, İletkenlik, Oksitlenebilirlik, pH",0.000000,Good,Decision Tree,0.000000,1.000000,0.000000
2025-11-19,KARABAĞLAR,6.660000,0.030000,2.350000,1.000000,0.000000,49.280000,,53.000000,1.000000,0.000000,0.065000,0.400000,1.000000,25.000000,0.000000,7.500000,513.000000,89.979299,False,1.000000,1.000000,1.000000,0.765000,0.870000,0.966700,0.753600,0.940000,0.800000,0.788000,0.794800,0.920000,1.000000,,1.000000,1.000000,,,Good,13.000000,4058 Sok. İle 4056 Sok. Kavşağı,KARABAĞLAR,59.000000,35-BS-00-30-A1*A5-K1*K122-D1*D44-S1-I8,38.374260,27.134100,10.020701,,1.000000,9.000000,"Arsenik, Nitrit, Amonyum, Alüminyum, Demir, Klorür, İletkenlik, Oksitlenebilirlik, pH",0.000000,Good,Decision Tree,0.000000,1.000000,0.000000
2025-11-19,ESKİ İZMİR,5.490000,0.030000,2.440000,1.000000,0.000000,47.300000,,52.000000,1.000000,0.000000,0.065000,0.400000,1.000000,26.000000,0.000000,7.500000,514.000000,89.961076,False,1.000000,1.000000,1.000000,0.756000,0.870000,0.972550,0.763500,0.940000,0.800000,0.792000,0.794400,0.920000,1.000000,,1.000000,1.000000,,,Good,14.000000,Eski Izmir Cad. No:562/A Kahve,KARABAĞLAR,59.000000,35-BS-00-30-A1*A5-K1*K122-D1*D44-S1-I3,38.376220,27.107190,10.038924,,1.000000,9.000000,"Arsenik, Nitrit, Amonyum, Alüminyum, Demir, Klorür, İletkenlik, Oksitlenebilirlik, pH",0.000000,Good,Decision Tree,0.000000,1.000000,0.000000
2025-11-19,GAZİEMİR,5.800000,0.030000,2.260000,1.000000,0.000000,50.640000,,52.000000,1.000000,0.000000,0.065000,0.400000,1.000000,26.000000,0.000000,7.500000,512.000000,89.999746,False,1.000000,1.000000,1.000000,0.774000,0.870000,0.971000,0.746800,0.940000,0.800000,0.792000,0.795200,0.920000,1.000000,,1.000000,1.000000,,,Good,15.000000,Abdullah Arda Meydanı No:29 Arkadaşlar Kahvesi,GAZİEMİR,5.000000,35-BS-00-25-A1*A5-K1*K122-D1*D44-S1-I4-Y1,38.321780,27.126430,10.000254,,1.000000,9.000000,"Arsenik, Nitrit, Amonyum, Alüminyum, Demir, Klorür, İletkenlik, Oksitlenebilirlik, pH",0.000000,Good,Decision Tree,0.000000,1.000000,0.000000
2025-11-19,GEDİZ,6.700000,0.030000,1.250000,1.000000,0.000000,69.430000,,49.000000,1.000000,0.000000,0.065000,0.400000,1.000000,22.000000,0.000000,7.700000,477.000000,90.027809,False,1.000000,1.000000,1.000000,0.875000,0.870000,0.966500,0.652850,0.940000,0.720000,0.804000,0.809200,0.920000,1.000000,,1.000000,1.000000,,,Good,16.000000,682/4 Sok. No:2 Gediz,BUCA,3.000000,35-BS-00-02-A1*A5-K1*K122-D1*D44-S1-I10,38.361880,27.144380,9.972191,,1.000000,9.000000,"Arsenik, Nitrit, Amonyum, Alüminyum, Demir, Klorür, İletkenlik, Oksitlenebilirlik, pH",0.000000,Good,Decision Tree,0.000000,1.000000,0.000000
2025-11-19,ŞİRİNYER,7.440000,0.030000,1.210000,1.000000,0.000000,70.150000,,49.000000,1.000000,0.000000,0.065000,0.400000,1.000000,21.000000,0.000000,7.700000,477.000000,90.036034,False,1.000000,1.000000,1.000000,0.879000,0.870000,0.962800,0.649250,0.940000,0.720000,0.804000,0.809200,0.920000,1.000000,,1.000000,1.000000,,,Good,17.000000,Koşuyolu Cad. Efeler Mah. No:41 Avni Naili Limboz Camii,BUCA,3.000000,35-BS-00-02-A1*A5-K1*K122-D1*D44-S1-I6,38.391680,27.150310,9.963966,,1.000000,9.000000,"Arsenik, Nitrit, Amonyum, Alüminyum, Demir, Klorür, İletkenlik, Oksitlenebilirlik, pH",0.000000,Good,Decision Tree,0.000000,1.000000,0.000000
2025-11-19,BUCA,6.510000,0.030000,1.250000,1.000000,0.000000,67.910000,,48.000000,1.000000,0.000000,0.065000,0.400000,1.000000,23.000000,0.000000,7.700000,479.000000,90.029131,False,1.000000,1.000000,1.000000,0.875000,0.870000,0.967450,0.660450,0.940000,0.720000,0.808000,0.808400,0.920000,1.000000,,1.000000,1.000000,,,Good,18.000000,Başarı Cad.İle 170. Sok.Kavşağı,BUCA,3.000000,35-BS-00-02-A1*A5-K1*K122-D1*D44-S1-I1,38.389300,27.176440,9.970869,,1.000000,9.000000,"Arsenik, Nitrit, Amonyum, Alüminyum, Demir, Klorür, İletkenlik, Oksitlenebilirlik, pH",0.000000,Good,Decision Tree,0.000000,1.000000,0.000000
2025-11-19,GÜLÇEŞME,6.770000,0.030000,1.330000,1.000000,0.000000,71.930000,,48.000000,1.000000,0.000000,0.065000,0.400000,1.000000,23.000000,0.000000,7.700000,476.000000,90.008620,False,1.000000,1.000000,1.000000,0.867000,0.870000,0.966150,0.640350,0.940000,0.720000,0.808000,0.809600,0.920000,1.000000,,1.000000,1.000000,,,Good,19.000000,3586 Sok. No:1 Gürçeşme,KONAK,8.000000,35-BS-00-04-A1*A5-K1*K122-D1*D44-S1-I15,38.404510,27.151350,9.991380,,1.000000,9.000000,"Arsenik, Nitrit, Amonyum, Alüminyum, Demir, Klorür, İletkenlik, Oksitlenebilirlik, pH",0.000000,Good,Decision Tree,0.000000,1.000000,0.000000
2025-11-19,GÜLTEPE,9.770000,0.030000,5.050000,1.000000,0.000000,72.280000,,29.000000,1.000000,0.000000,0.065000,0.600000,1.000000,30.000000,0.000000,7.600000,611.000000,89.085680,False,1.000000,1.000000,1.000000,0.495000,0.870000,0.951150,0.638600,0.940000,0.760000,0.884000,0.755600,0.880000,1.000000,,1.000000,1.000000,,,Good,20.000000,Selimiye Cad. No:30/B Gültepe,KONAK,8.000000,35-BS-00-04-A1*A5-K1*K122-D1*D44-S1-I16,38.416220,27.172680,10.914320,,1.000000,9.000000,"Arsenik, Nitrit, Amonyum, Alüminyum, Demir, Klorür, İletkenlik, Oksitlenebilirlik, pH",0.000000,Good,Decision Tree,0.000000,1.000000,0.000000
2025-11-19,ALTINDAĞ,13.150000,0.030000,6.290000,1.000000,0.000000,69.100000,,25.000000,1.000000,0.000000,0.065000,0.600000,1.000000,31.000000,0.000000,7.500000,608.000000,88.901730,False,1.000000,1.000000,1.000000,0.371000,0.870000,0.934250,0.654500,0.940000,0.800000,0.900000,0.756800,0.880000,1.000000,,1.000000,1.000000,,,Good,21.000000,Kemalpaşa Cad. No: 46,BORNOVA,2.000000,35-BS-00-01-A1*A5-K1*K122-D1*D44-S1-I9,38.425580,27.202560,11.098270,,1.000000,9.000000,"Arsenik, Nitrit, Amonyum, Alüminyum, Demir, Klorür, İletkenlik, Oksitlenebilirlik, pH",0.000000,Good,Decision Tree,0.000000,1.000000,0.000000
2025-11-19,ÇAMDİBİ,13.500000,0.030000,5.780000,1.000000,0.000000,63.580000,,25.000000,1.000000,0.000000,0.065000,0.600000,1.000000,32.000000,0.000000,7.500000,607.000000,89.020051,False,1.000000,1.000000,1.000000,0.422000,0.870000,0.932500,0.682100,0.940000,0.800000,0.900000,0.757200,0.880000,1.000000,,1.000000,1.000000,,,Good,22.000000,5227 Sok. No:35/C Çamdibi,BORNOVA,2.000000,35-BS-00-01-A1*A5-K1*K122-D1*D44-S1-I12,38.435530,27.191010,10.979949,,1.000000,9.000000,"Arsenik, Nitrit, Amonyum, Alüminyum, Demir, Klorür, İletkenlik, Oksitlenebilirlik, pH",0.000000,Good,Decision Tree,0.000000,1.000000,0.000000
2025-11-19,IŞIKKENT,13.010000,0.030000,5.910000,1.000000,0.000000,63.140000,,25.000000,1.000000,0.000000,0.065000,0.600000,1.000000,30.000000,0.000000,7.500000,611.000000,88.991149,False,1.000000,1.000000,1.000000,0.409000,0.870000,0.934950,0.684300,0.940000,0.800000,0.900000,0.755600,0.880000,1.000000,,1.000000,1.000000,,,Good,23.000000,Cumhuriyet Meydanı No:16  Işıkkent,BORNOVA,2.000000,35-BS-00-01-A1*A5-K1*K122-D1*D44-S1-I8,38.424540,27.230760,11.008851,,1.000000,9.000000,"Arsenik, Nitrit, Amonyum, Alüminyum, Demir, Klorür, İletkenlik, Oksitlenebilirlik, pH",0.000000,Good,Decision Tree,0.000000,1.000000,0.000000
2025-11-19,PINARBAŞI,13.490000,0.030000,5.890000,1.000000,0.000000,66.480000,,25.000000,1.000000,0.000000,0.065000,0.600000,1.000000,32.000000,0.000000,7.500000,612.000000,88.993510,False,1.000000,1.000000,1.000000,0.411000,0.870000,0.932550,0.667600,0.940000,0.800000,0.900000,0.755200,0.880000,1.000000,,1.000000,1.000000,,,Good,24.000000,Çanakkale Cad.İle 7057 Sok KavsağıPınarbaşı,BORNOVA,2.000000,35-BS-00-01-A1*A5-K1*K122-D1*D44-S1-I10,38.429880,27.266470,11.006490,,1.000000,9.000000,"Arsenik, Nitrit, Amonyum, Alüminyum, Demir, Klorür, İletkenlik, Oksitlenebilirlik, pH",0.000000,Good,Decision Tree,0.000000,1.000000,0.000000
2025-11-19,EVKA-3,12.850000,0.030000,6.090000,1.000000,0.000000,64.000000,,25.000000,1.000000,0.000000,0.065000,0.600000,1.000000,33.000000,0.000000,7.500000,610.000000,88.950029,False,1.000000,1.000000,1.000000,0.391000,0.870000,0.935750,0.680000,0.940000,0.800000,0.900000,0.756000,0.880000,1.000000,,1.000000,1.000000,,,Good,25.000000,Şehitler Cad. No:22 H.Mustafa Gökdemir Camii Evka-3,BORNOVA,2.000000,35-BS-00-01-A1*A5-K1*K122-D1*D44-S1-I2,38.473220,27.250940,11.049971,,1.000000,9.000000,"Arsenik, Nitrit, Amonyum, Alüminyum, Demir, Klorür, İletkenlik, Oksitlenebilirlik, pH",0.000000,Good,Decision Tree,0.000000,1.000000,0.000000
2025-11-19,BORNOVA,12.400000,0.030000,5.600000,1.000000,0.000000,64.550000,,24.000000,1.000000,0.000000,0.065000,0.600000,1.000000,30.000000,0.000000,7.500000,609.000000,89.061207,False,1.000000,1.000000,1.000000,0.440000,0.870000,0.938000,0.677250,0.940000,0.800000,0.904000,0.756400,0.880000,1.000000,,1.000000,1.000000,,,Good,26.000000,Ege Üni.Kampüsü İtfaiye Çeşmesi/İzsu Teknik Amirlik,BORNOVA,2.000000,35-BS-00-01-A1*A5-K1*K122-D1*D44-S1-I11,38.460950,27.228200,10.938793,,1.000000,9.000000,"Arsenik, Nitrit, Amonyum, Alüminyum, Demir, Klorür, İletkenlik, Oksitlenebilirlik, pH",0.000000,Good,Decision Tree,0.000000,1.000000,0.000000
2025-11-19,ATATÜRK MAH,10.680000,0.030000,6.730000,1.000000,0.000000,53.080000,,26.000000,1.000000,0.000000,0.065000,0.600000,1.000000,32.000000,0.000000,7.600000,612.000000,88.716989,False,1.000000,1.000000,1.000000,0.327000,0.870000,0.946600,0.734600,0.940000,0.760000,0.896000,0.755200,0.880000,1.000000,,1.000000,1.000000,,,Good,27.000000,Hürriyet Cad. Polis Mer. No:86 Atatürk,BORNOVA,2.000000,35-BS-00-01-A1*A5-K1*K122-D1*D44-S1-I13,38.475820,27.208680,11.283011,,1.000000,9.000000,"Arsenik, Nitrit, Amonyum, Alüminyum, Demir, Klorür, İletkenlik, Oksitlenebilirlik, pH",0.000000,Good,Decision Tree,0.000000,1.000000,0.000000
2025-11-19,OSMANGAZİ,10.010000,0.030000,6.930000,1.000000,0.000000,53.420000,,26.000000,1.000000,0.000000,0.065000,0.600000,1.000000,33.000000,0.000000,7.600000,615.000000,88.671913,False,1.000000,1.000000,1.000000,0.307000,0.870000,0.949950,0.732900,0.940000,0.760000,0.896000,0.754000,0.880000,1.000000,,1.000000,1.000000,,,Good,28.000000,Yavuz Cad. 241/C  Osmangazi,BAYRAKLI,60.000000,35-BS-00-29-A1*A5-K1*K122-D1*D44-S1-I6,38.475430,27.187450,11.328087,,1.000000,9.000000,"Arsenik, Nitrit, Amonyum, Alüminyum, Demir, Klorür, İletkenlik, Oksitlenebilirlik, pH",0.000000,Good,Decision Tree,0.000000,1.000000,0.000000
2025-11-19,ÖZKANLAR,10.830000,0.030000,6.780000,1.000000,0.000000,55.660000,,27.000000,1.000000,0.000000,0.065000,0.600000,1.000000,32.000000,0.000000,7.600000,612.000000,88.703770,False,1.000000,1.000000,1.000000,0.322000,0.870000,0.945850,0.721700,0.940000,0.760000,0.892000,0.755200,0.880000,1.000000,,1.000000,1.000000,,,Good,29.000000,273/4 No:6 Aile Sağlığı Merkezi Özkanlar,BAYRAKLI,60.000000,35-BS-00-29-A1*A5-K1*K122-D1*D44-S1-I10,38.458040,27.191060,11.296230,,1.000000,9.000000,"Arsenik, Nitrit, Amonyum, Alüminyum, Demir, Klorür, İletkenlik, Oksitlenebilirlik, pH",0.000000,Good,Decision Tree,0.000000,1.000000,0.000000
2025-11-19,MANAVKUYU,9.910000,0.030000,5.910000,1.000000,0.000000,54.880000,,26.000000,1.000000,0.000000,0.065000,0.600000,1.000000,32.000000,0.000000,7.600000,613.000000,88.901937,False,1.000000,1.000000,1.000000,0.409000,0.870000,0.950450,0.725600,0.940000,0.760000,0.896000,0.754800,0.880000,1.000000,,1.000000,1.000000,,,Good,30.000000,Sakarya Cad.No:112 Manavkuyu,BAYRAKLI,60.000000,35-BS-00-29-A1*A5-K1*K122-D1*D44-S1-I8,38.457390,27.186910,11.098063,,1.000000,9.000000,"Arsenik, Nitrit, Amonyum, Alüminyum, Demir, Klorür, İletkenlik, Oksitlenebilirlik, pH",0.000000,Good,Decision Tree,0.000000,1.000000,0.000000
2025-11-19,EGEKENT,11.170000,0.030000,6.610000,1.000000,0.000000,58.980000,,26.000000,1.000000,0.000000,0.065000,0.600000,1.000000,33.000000,0.000000,7.600000,611.000000,88.740530,False,1.000000,1.000000,1.000000,0.339000,0.870000,0.944150,0.705100,0.940000,0.760000,0.896000,0.755600,0.880000,1.000000,,1.000000,1.000000,,,Good,32.000000,8819 Sok. No:13 Egekent,ÇİĞLİ,4.000000,35-BS-00-24-A1*A5-K1*K122-D1*D44-S1-I7,38.504140,27.058100,11.259470,,1.000000,9.000000,"Arsenik, Nitrit, Amonyum, Alüminyum, Demir, Klorür, İletkenlik, Oksitlenebilirlik, pH",0.000000,Good,Decision Tree,0.000000,1.000000,0.000000
2025-11-19,BALATÇIK,13.320000,0.030000,2.930000,1.000000,0.000000,53.350000,,41.000000,1.000000,0.000000,0.065000,0.600000,1.000000,31.000000,0.100000,7.500000,689.000000,89.664696,False,1.000000,1.000000,1.000000,0.707000,0.870000,0.933400,0.733250,0.940000,0.800000,0.836000,0.724400,0.880000,1.000000,,1.000000,1.000000,,,Good,33.000000,8790/5 Sok. 9 Eylül Camii Balatçık,ÇİĞLİ,4.000000,35-BS-00-24-A1*A5-K1*K122-D1*D44-S1-I2-Y1,38.511900,27.045600,10.335304,,1.000000,9.000000,"Arsenik, Nitrit, Amonyum, Alüminyum, Demir, Klorür, İletkenlik, Oksitlenebilirlik, pH",0.000000,Good,Decision Tree,0.000000,1.000000,0.000000
2025-11-19,ÇİĞLİ,11.210000,0.030000,7.350000,1.000000,0.000000,59.820000,,27.000000,1.000000,0.000000,0.065000,0.600000,1.000000,31.000000,0.000000,7.600000,611.000000,88.572236,False,1.000000,1.000000,1.000000,0.265000,0.870000,0.943950,0.700900,0.940000,0.760000,0.892000,0.755600,0.880000,1.000000,,1.000000,1.000000,,,Good,34.000000,8022/1 Sok. No:8/1-B Ataşehir,ÇİĞLİ,4.000000,35-BS-00-24-A1*A5-K1*K122-D1*D44-S1-I3-IY1,38.492860,27.060890,11.427764,,1.000000,9.000000,"Arsenik, Nitrit, Amonyum, Alüminyum, Demir, Klorür, İletkenlik, Oksitlenebilirlik, pH",0.000000,Good,Decision Tree,0.000000,1.000000,0.000000
2025-11-19,BOSTANLI,10.090000,0.030000,6.170000,1.000000,0.000000,50.910000,,26.000000,1.000000,0.000000,0.065000,0.600000,1.000000,31.000000,0.000000,7.600000,610.000000,88.845264,False,1.000000,1.000000,1.000000,0.383000,0.870000,0.949550,0.745450,0.940000,0.760000,0.896000,0.756000,0.880000,1.000000,,1.000000,1.000000,,,Good,35.000000,1799 Sok No:14 Bostanlı,KARŞIYAKA,7.000000,35-BS-00-03-A1*A5-K1*K122-D1*D44-S1-I7,38.457730,27.098860,11.154736,,1.000000,9.000000,"Arsenik, Nitrit, Amonyum, Alüminyum, Demir, Klorür, İletkenlik, Oksitlenebilirlik, pH",0.000000,Good,Decision Tree,0.000000,1.000000,0.000000
2025-11-19,ŞEMİKLER,10.820000,0.030000,6.340000,1.000000,0.000000,55.240000,,27.000000,1.000000,0.000000,0.065000,0.600000,1.000000,30.000000,0.000000,7.600000,609.000000,88.803579,False,1.000000,1.000000,1.000000,0.366000,0.870000,0.945900,0.723800,0.940000,0.760000,0.892000,0.756400,0.880000,1.000000,,1.000000,1.000000,,,Good,36.000000,6276 Sok.İle 6279 Sok Kavşağı,KARŞIYAKA,7.000000,35-BS-00-03-A1*A5-K1*K122-D1*D44-S1-I4,38.477100,27.093760,11.196421,,1.000000,9.000000,"Arsenik, Nitrit, Amonyum, Alüminyum, Demir, Klorür, İletkenlik, Oksitlenebilirlik, pH",0.000000,Good,Decision Tree,0.000000,1.000000,0.000000
2025-11-19,KARŞIYAKA,10.630000,0.030000,6.700000,1.000000,0.000000,54.660000,,27.000000,1.000000,0.000000,0.065000,0.600000,1.000000,30.000000,0.000000,7.600000,610.000000,88.722557,False,1.000000,1.000000,1.000000,0.330000,0.870000,0.946850,0.726700,0.940000,0.760000,0.892000,0.756000,0.880000,1.000000,,1.000000,1.000000,,,Good,37.000000,Atatürk Cad. İle Zübeyde Hanim Cad.Kavşağı,KARŞIYAKA,7.000000,35-BS-00-03-A1*A5-K1*K122-D1*D44-S1-I5,38.461670,27.116100,11.277443,,1.000000,9.000000,"Arsenik, Nitrit, Amonyum, Alüminyum, Demir, Klorür, İletkenlik, Oksitlenebilirlik, pH",0.000000,Good,Decision Tree,0.000000,1.000000,0.000000
2025-11-19,EVKA-2,14.620000,0.030000,4.200000,1.000000,0.000000,56.070000,,40.000000,1.000000,0.000000,0.065000,0.600000,1.000000,36.000000,0.100000,7.500000,683.000000,89.375454,False,1.000000,1.000000,1.000000,0.580000,0.870000,0.926900,0.719650,0.940000,0.800000,0.840000,0.726800,0.880000,1.000000,,1.000000,1.000000,,,Good,38.000000,6800 Sok. No:9 Sağlık Ocağı Evka 2,ÇİĞLİ,4.000000,35-BS-00-24-A1*A5-K1*K122-D1*D44-S1-I5,38.499050,27.087510,10.624546,,1.000000,9.000000,"Arsenik, Nitrit, Amonyum, Alüminyum, Demir, Klorür, İletkenlik, Oksitlenebilirlik, pH",0.000000,Good,Decision Tree,0.000000,1.000000,0.000000
2025-11-19,ÖRNEKKÖY,12.990000,0.030000,4.550000,1.000000,0.000000,51.140000,,41.000000,1.000000,0.000000,0.065000,0.600000,1.000000,36.000000,0.100000,7.500000,685.000000,89.299604,False,1.000000,1.000000,1.000000,0.545000,0.870000,0.935050,0.744300,0.940000,0.800000,0.836000,0.726000,0.880000,1.000000,,1.000000,1.000000,,,Good,39.000000,Başpehlivan Kara Ali Cad. No:25/A,KARŞIYAKA,7.000000,35-BS-00-03-A1*A5-K1*K122-D1*D44-S1-I6,38.482130,27.111060,10.700396,,1.000000,9.000000,"Arsenik, Nitrit, Amonyum, Alüminyum, Demir, Klorür, İletkenlik, Oksitlenebilirlik, pH",0.000000,Good,Decision Tree,0.000000,1.000000,0.000000
2025-11-19,GÜMÜŞPALA,10.610000,0.030000,6.790000,1.000000,0.000000,55.230000,,28.000000,1.000000,0.000000,0.065000,0.600000,1.000000,31.000000,0.000000,7.600000,611.000000,88.701516,False,1.000000,1.000000,1.000000,0.321000,0.870000,0.946950,0.723850,0.940000,0.760000,0.888000,0.755600,0.880000,1.000000,,1.000000,1.000000,,,Good,40.000000,7019 Sok. No:20/3 Merkez Cami Gümüşpala,BAYRAKLI,60.000000,35-BS-00-29-A1*A5-K1*K122-D1*D44-S1-I7,38.479310,27.109960,11.298484,,1.000000,9.000000,"Arsenik, Nitrit, Amonyum, Alüminyum, Demir, Klorür, İletkenlik, Oksitlenebilirlik, pH",0.000000,Good,Decision Tree,0.000000,1.000000,0.000000
2025-12-10,DOĞANÇAY,16.320000,0.030000,6.540000,1.000000,0.000000,58.210000,,42.000000,1.000000,0.000000,0.065000,0.600000,1.000000,31.000000,0.100000,7.500000,646.000000,88.843239,False,1.000000,1.000000,1.000000,0.346000,0.870000,0.918400,0.708950,0.940000,0.800000,0.832000,0.741600,0.880000,1.000000,,1.000000,1.000000,,,Good,41.000000,7191 Sok. No:1/A Doğançay,BAYRAKLI,60.000000,35-BS-00-29-A1*A5-K1*K122-D1*D44-S1-I1,38.495500,27.155140,11.156761,,1.000000,9.000000,"Arsenik, Nitrit, Amonyum, Alüminyum, Demir, Klorür, İletkenlik, Oksitlenebilirlik, pH",0.000000,Good,Decision Tree,0.000000,1.000000,0.000000
2025-12-10,YAMANLAR,14.480000,0.030000,6.700000,1.000000,0.000000,63.170000,,42.000000,1.000000,0.000000,0.065000,0.600000,1.000000,31.000000,0.100000,7.500000,645.000000,88.805276,False,1.000000,1.000000,1.000000,0.330000,0.870000,0.927600,0.684150,0.940000,0.800000,0.832000,0.742000,0.880000,1.000000,,1.000000,1.000000,,,Good,42.000000,7348 Sok. No:2 Polis Merkezi Yamanlar,BAYRAKLI,60.000000,35-BS-00-29-A1*A5-K1*K122-D1*D44-S1-I2,38.481110,27.132940,11.194724,,1.000000,9.000000,"Arsenik, Nitrit, Amonyum, Alüminyum, Demir, Klorür, İletkenlik, Oksitlenebilirlik, pH",0.000000,Good,Decision Tree,0.000000,1.000000,0.000000
2025-12-10,POSTACI MAH,14.860000,0.030000,7.040000,1.000000,0.000000,70.610000,,29.000000,1.000000,0.000000,0.065000,0.400000,1.000000,31.000000,0.000000,7.600000,574.000000,88.814628,False,1.000000,1.000000,1.000000,0.296000,0.870000,0.925700,0.646950,0.940000,0.760000,0.884000,0.770400,0.920000,1.000000,,1.000000,1.000000,,,Good,43.000000,7659/2 Sok. No:1/B Postacılar Mah.,BAYRAKLI,60.000000,35-BS-00-29-A1*A5*-K1*K122-D1*D44-S1-I3-IY1,38.482170,27.119910,11.185372,,1.000000,9.000000,"Arsenik, Nitrit, Amonyum, Alüminyum, Demir, Klorür, İletkenlik, Oksitlenebilirlik, pH",0.000000,Good,Decision Tree,0.000000,1.000000,0.000000
2025-12-10,CUMHURİYET MAH,15.700000,0.030000,6.930000,1.000000,0.000000,70.410000,,29.000000,1.000000,0.000000,0.065000,0.400000,1.000000,31.000000,0.000000,7.600000,573.000000,88.839159,False,1.000000,1.000000,1.000000,0.307000,0.870000,0.921500,0.647950,0.940000,0.760000,0.884000,0.770800,0.920000,1.000000,,1.000000,1.000000,,,Good,45.000000,Alim Dağhan Cd. İle 6716 Sok. Kvs.,KARŞIYAKA,7.000000,35-BS-00-03-A1*A5-K1*K122-D1*D44-S1-I2,38.485320,27.096540,11.160841,,1.000000,9.000000,"Arsenik, Nitrit, Amonyum, Alüminyum, Demir, Klorür, İletkenlik, Oksitlenebilirlik, pH",0.000000,Good,Decision Tree,0.000000,1.000000,0.000000
2025-12-10,GÜZELTEPE,42.210000,0.030000,6.730000,1.000000,0.000000,69.590000,,29.000000,1.000000,0.000000,0.065000,0.400000,1.000000,31.000000,0.000000,7.600000,573.000000,88.869879,False,1.000000,1.000000,1.000000,0.327000,0.870000,0.788950,0.652050,0.940000,0.760000,0.884000,0.770800,0.920000,1.000000,,1.000000,1.000000,,,Good,46.000000,8172 Sok. No:90/1 Güzeltepe,ÇİĞLİ,4.000000,35-BS-00-24-A1*A5-K1*K122-D1*D44-S1-I4-IY1,38.502720,27.077990,11.130121,,1.000000,9.000000,"Arsenik, Nitrit, Amonyum, Alüminyum, Demir, Klorür, İletkenlik, Oksitlenebilirlik, pH",0.000000,Good,Decision Tree,0.000000,1.000000,0.000000
2025-12-10,EGEKENT-2,14.640000,0.030000,7.000000,1.000000,0.000000,61.790000,,42.000000,1.000000,0.000000,0.065000,0.600000,1.000000,30.000000,0.100000,7.500000,646.000000,88.738084,False,1.000000,1.000000,1.000000,0.300000,0.870000,0.926800,0.691050,0.940000,0.800000,0.832000,0.741600,0.880000,1.000000,,1.000000,1.000000,,,Good,48.000000,8818 Sok. No:38 6 Nolu Sağlık Ocağı Egekent,ÇİĞLİ,4.000000,35-BS-00-24-A1*A5-K1*K122-D1*D44-S1-I6,38.555690,27.049780,11.261916,,1.000000,9.000000,"Arsenik, Nitrit, Amonyum, Alüminyum, Demir, Klorür, İletkenlik, Oksitlenebilirlik, pH",0.000000,Good,Decision Tree,0.000000,1.000000,0.000000
2025-12-10,ALAYBEY,15.010000,0.030000,6.700000,1.000000,0.000000,68.290000,,29.000000,1.000000,0.000000,0.065000,0.400000,1.000000,31.000000,0.000000,7.600000,574.000000,88.892785,False,1.000000,1.000000,1.000000,0.330000,0.870000,0.924950,0.658550,0.940000,0.760000,0.884000,0.770400,0.920000,1.000000,,1.000000,1.000000,,,Good,49.000000,1643/7 Sok. No:8 Adalet Mah.,BAYRAKLI,60.000000,35-BS-00-03-A1*A5-K1*K122-D1*D44-S1-13-IY1,38.466750,27.159340,11.107215,,1.000000,9.000000,"Arsenik, Nitrit, Amonyum, Alüminyum, Demir, Klorür, İletkenlik, Oksitlenebilirlik, pH",0.000000,Good,Decision Tree,0.000000,1.000000,0.000000
2025-12-10,CENGİZHAN,15.180000,0.030000,6.740000,1.000000,0.000000,71.490000,,29.000000,1.000000,0.000000,0.065000,0.400000,1.000000,31.000000,0.000000,7.600000,572.000000,88.881835,False,1.000000,1.000000,1.000000,0.326000,0.870000,0.924100,0.642550,0.940000,0.760000,0.884000,0.771200,0.920000,1.000000,,1.000000,1.000000,,,Good,50.000000,1620/19 İle 1620/39 Sok. Kavsağı Cengizhan,BAYRAKLI,60.000000,35-BS-00-29-A1*A5-K1*K122-D1*D44-S1-I4,38.473400,27.158880,11.118165,,1.000000,9.000000,"Arsenik, Nitrit, Amonyum, Alüminyum, Demir, Klorür, İletkenlik, Oksitlenebilirlik, pH",0.000000,Good,Decision Tree,0.000000,1.000000,0.000000
2025-12-10,ÇAY MAH,16.190000,0.030000,6.850000,1.000000,0.000000,69.980000,,29.000000,1.000000,0.000000,0.065000,0.400000,1.000000,31.000000,0.000000,7.600000,569.000000,88.857240,False,1.000000,1.000000,1.000000,0.315000,0.870000,0.919050,0.650100,0.940000,0.760000,0.884000,0.772400,0.920000,1.000000,,1.000000,1.000000,,,Good,51.000000,Hakan Uysal Cad. No:273/1 Çay Mahallesi,BAYRAKLI,60.000000,35-BS-00-29-A1*A5-K1*K122-D1*D44-S1-I5,38.470860,27.180440,11.142760,,1.000000,9.000000,"Arsenik, Nitrit, Amonyum, Alüminyum, Demir, Klorür, İletkenlik, Oksitlenebilirlik, pH",0.000000,Good,Decision Tree,0.000000,1.000000,0.000000
2025-12-10,İZYUVA,15.380000,0.030000,6.930000,1.000000,0.000000,67.850000,,29.000000,1.000000,0.000000,0.065000,0.400000,1.000000,30.000000,0.000000,7.600000,570.000000,88.840799,False,1.000000,1.000000,1.000000,0.307000,0.870000,0.923100,0.660750,0.940000,0.760000,0.884000,0.772000,0.920000,1.000000,,1.000000,1.000000,,,Good,52.000000,113/19 Sok. No:10 İzyuva,BORNOVA,2.000000,35-BS-00-01-A1*A5-K1*K122-D1*D44-S1-I7,38.464570,27.249790,11.159201,,1.000000,9.000000,"Arsenik, Nitrit, Amonyum, Alüminyum, Demir, Klorür, İletkenlik, Oksitlenebilirlik, pH",0.000000,Good,Decision Tree,0.000000,1.000000,0.000000
2025-12-10,NALDÖKEN,15.020000,0.030000,6.690000,1.000000,0.000000,65.720000,,29.000000,1.000000,0.000000,0.065000,0.400000,1.000000,30.000000,0.000000,7.600000,571.000000,88.896506,False,1.000000,1.000000,1.000000,0.331000,0.870000,0.924900,0.671400,0.940000,0.760000,0.884000,0.771600,0.920000,1.000000,,1.000000,1.000000,,,Good,53.000000,Ankara Cad. İle Atatürk Cad. Kav.,BORNOVA,2.000000,35-BS-00-01-A1*A5-K1*K122-D1*D44-S1-I6,38.452100,27.266070,11.103494,,1.000000,9.000000,"Arsenik, Nitrit, Amonyum, Alüminyum, Demir, Klorür, İletkenlik, Oksitlenebilirlik, pH",0.000000,Good,Decision Tree,0.000000,1.000000,0.000000
2025-12-10,YEŞİLÇAM,20.060000,0.030000,6.460000,1.000000,0.000000,75.900000,,29.000000,1.000000,0.000000,0.065000,0.400000,1.000000,30.000000,0.000000,7.600000,570.000000,88.939941,False,1.000000,1.000000,1.000000,0.354000,0.870000,0.899700,0.620500,0.940000,0.760000,0.884000,0.772000,0.920000,1.000000,,1.000000,1.000000,,,Good,54.000000,Mrk. Bornova Jandarma Komando Ambarlar Yanı,BORNOVA,2.000000,35-BS-00-01-A1*A5-K1*K122-D1*D44-S1-IY1,38.445680,27.289280,11.060059,,1.000000,9.000000,"Arsenik, Nitrit, Amonyum, Alüminyum, Demir, Klorür, İletkenlik, Oksitlenebilirlik, pH",0.000000,Good,Decision Tree,0.000000,1.000000,0.000000
2025-12-10,MEVLANA,15.100000,0.030000,6.770000,1.000000,0.000000,67.910000,,29.000000,1.000000,0.000000,0.065000,0.400000,1.000000,30.000000,0.000000,7.600000,569.000000,88.877129,False,1.000000,1.000000,1.000000,0.323000,0.870000,0.924500,0.660450,0.940000,0.760000,0.884000,0.772400,0.920000,1.000000,,1.000000,1.000000,,,Good,55.000000,1754 Sok. No:25 Asm Mevlana,BORNOVA,2.000000,35-BS-00-01-A1*A5-K1*K122-D1*D44-S1-I4,38.448220,27.230660,11.122871,,1.000000,9.000000,"Arsenik, Nitrit, Amonyum, Alüminyum, Demir, Klorür, İletkenlik, Oksitlenebilirlik, pH",0.000000,Good,Decision Tree,0.000000,1.000000,0.000000
2025-12-10,YEŞİLOVA,15.650000,0.030000,6.810000,1.000000,0.000000,66.080000,,29.000000,1.000000,0.000000,0.065000,0.400000,1.000000,30.000000,0.000000,7.600000,570.000000,88.868799,False,1.000000,1.000000,1.000000,0.319000,0.870000,0.921750,0.669600,0.940000,0.760000,0.884000,0.772000,0.920000,1.000000,,1.000000,1.000000,,,Good,56.000000,A.İpekçi Cd. İle 4040 Sok. Kvs. Yesilova,BORNOVA,2.000000,35-BS-00-01-A1*A5-K1*K122-D1*D44-S1-I3,38.440370,27.201350,11.131201,,1.000000,9.000000,"Arsenik, Nitrit, Amonyum, Alüminyum, Demir, Klorür, İletkenlik, Oksitlenebilirlik, pH",0.000000,Good,Decision Tree,0.000000,1.000000,0.000000
2025-12-10,MERSİNLİ,16.370000,0.030000,6.660000,1.000000,0.000000,68.450000,,29.000000,1.000000,0.000000,0.065000,0.400000,1.000000,30.000000,0.000000,7.600000,569.000000,88.900994,False,1.000000,1.000000,1.000000,0.334000,0.870000,0.918150,0.657750,0.940000,0.760000,0.884000,0.772400,0.920000,1.000000,,1.000000,1.000000,,,Good,57.000000,Fatih cd. İle Beyazıt Cd. Tuğlacı Önü Mersinli,BORNOVA,2.000000,35-BS-00-01-A1*A5-K1*K122-D1*D44-S1-I14,38.440000,27.180530,11.099006,,1.000000,9.000000,"Arsenik, Nitrit, Amonyum, Alüminyum, Demir, Klorür, İletkenlik, Oksitlenebilirlik, pH",0.000000,Good,Decision Tree,0.000000,1.000000,0.000000
2025-12-10,ÇANKAYA,17.190000,0.030000,7.010000,1.000000,0.000000,66.110000,,31.000000,1.000000,0.000000,0.065000,0.400000,1.000000,33.000000,0.000000,7.500000,597.000000,88.917104,False,1.000000,1.000000,1.000000,0.299000,0.870000,0.914050,0.669450,0.940000,0.800000,0.876000,0.761200,0.920000,1.000000,,1.000000,1.000000,,,Good,59.000000,Hürriyet Bulvarı No:14/E,KONAK,8.000000,35-BS-00-04-A1*A5-K1*K122-D1*D44-S1-IY-1,38.424780,27.142050,11.082896,,1.000000,9.000000,"Arsenik, Nitrit, Amonyum, Alüminyum, Demir, Klorür, İletkenlik, Oksitlenebilirlik, pH",0.000000,Good,Decision Tree,0.000000,1.000000,0.000000
2025-12-10,TOROS,7.340000,0.030000,8.230000,1.000000,0.000000,85.830000,,29.000000,1.000000,0.000000,0.065000,0.400000,1.000000,31.000000,0.000000,7.300000,537.000000,88.826960,False,1.000000,1.000000,1.000000,0.177000,0.870000,0.963300,0.570850,0.940000,0.880000,0.884000,0.785200,0.920000,1.000000,,1.000000,1.000000,,,Good,60.000000,Dicle Cad. No:88 Aile Sağlığı Merkezi,KONAK,8.000000,35-BS-00-04-A1*A5-K1*K122-D1*D44-S1-I3,38.407410,27.183640,11.173040,,1.000000,9.000000,"Arsenik, Nitrit, Amonyum, Alüminyum, Demir, Klorür, İletkenlik, Oksitlenebilirlik, pH",0.000000,Good,Decision Tree,0.000000,1.000000,0.000000
2025-12-10,LEVENT,7.150000,0.030000,8.480000,1.000000,0.000000,83.470000,,29.000000,1.000000,0.000000,0.065000,0.400000,1.000000,31.000000,0.000000,7.300000,535.000000,88.771844,False,1.000000,1.000000,1.000000,0.152000,0.870000,0.964250,0.582650,0.940000,0.880000,0.884000,0.786000,0.920000,1.000000,,1.000000,1.000000,,,Good,61.000000,3513 İle 3514 Sok. Kvs Levent,KONAK,8.000000,35-BS-00-04-A1*A5-K1*K122-D1*D44-S1-I8,38.411300,27.163150,11.228156,,1.000000,9.000000,"Arsenik, Nitrit, Amonyum, Alüminyum, Demir, Klorür, İletkenlik, Oksitlenebilirlik, pH",0.000000,Good,Decision Tree,0.000000,1.000000,0.000000
2025-12-10,UFUK MAH,8.780000,0.030000,8.580000,1.000000,0.000000,80.550000,,29.000000,1.000000,0.000000,0.065000,0.400000,1.000000,31.000000,0.000000,7.300000,530.000000,88.749966,False,1.000000,1.000000,1.000000,0.142000,0.870000,0.956100,0.597250,0.940000,0.880000,0.884000,0.788000,0.920000,1.000000,,1.000000,1.000000,,,Good,62.000000,914 Sok. No.7/A Ufuk Mah.,BUCA,3.000000,35-BS-00-02-A1*A5-K1*K122-D1*D44-S1-I5,38.403620,27.165620,11.250034,,1.000000,9.000000,"Arsenik, Nitrit, Amonyum, Alüminyum, Demir, Klorür, İletkenlik, Oksitlenebilirlik, pH",0.000000,Good,Decision Tree,0.000000,1.000000,0.000000
2025-12-10,EVKA-1,6.880000,0.030000,2.520000,1.000000,0.000000,91.960000,,48.000000,1.000000,0.000000,0.065000,0.400000,1.000000,28.000000,0.000000,7.700000,502.000000,89.727882,False,1.000000,1.000000,1.000000,0.748000,0.870000,0.965600,0.540200,0.940000,0.720000,0.808000,0.799200,0.920000,1.000000,,1.000000,1.000000,,,Good,63.000000,Türkmenistan Cad. İle 1206 Sok.. Kvs. Evka-1,BUCA,3.000000,35-BS-00-02-A1*A5-K1*K122-D1*D44-S1-I9,38.400630,27.194670,10.272118,,1.000000,9.000000,"Arsenik, Nitrit, Amonyum, Alüminyum, Demir, Klorür, İletkenlik, Oksitlenebilirlik, pH",0.000000,Good,Decision Tree,0.000000,1.000000,0.000000
2025-12-10,ADATEPE,10.040000,0.030000,2.550000,1.000000,0.000000,150.200000,,48.000000,1.000000,0.000000,0.065000,0.400000,1.000000,28.000000,0.000000,7.700000,505.000000,89.686352,False,1.000000,1.000000,1.000000,0.745000,0.870000,0.949800,0.249000,0.940000,0.720000,0.808000,0.798000,0.920000,1.000000,,1.000000,1.000000,,,Good,64.000000,3 İle 3/8 Sok. Kvs. Adatepe,BUCA,3.000000,35-BS-00-02-A1*A5-K1*K122-D1*D44-S1-I4,38.381540,27.184940,10.313648,,1.000000,9.000000,"Arsenik, Nitrit, Amonyum, Alüminyum, Demir, Klorür, İletkenlik, Oksitlenebilirlik, pH",0.000000,Good,Decision Tree,0.000000,1.000000,0.000000
2025-12-10,KURUÇEŞME,9.950000,0.030000,2.380000,1.000000,0.000000,147.800000,,48.000000,1.000000,0.000000,0.065000,0.400000,1.000000,28.000000,0.000000,7.700000,503.000000,89.726233,False,1.000000,1.000000,1.000000,0.762000,0.870000,0.950250,0.261000,0.940000,0.720000,0.808000,0.798800,0.920000,1.000000,,1.000000,1.000000,,,Good,65.000000,Dogus Cad. İle A.Yesevi Cd. Kvs. Kuruçeşme,BUCA,3.000000,35-BS-00-02-A1*A5-K1*K122-D1*D44-S1-I2,38.372330,27.194500,10.273767,,1.000000,9.000000,"Arsenik, Nitrit, Amonyum, Alüminyum, Demir, Klorür, İletkenlik, Oksitlenebilirlik, pH",0.000000,Good,Decision Tree,0.000000,1.000000,0.000000
2025-12-10,KOZAĞAÇ,6.780000,0.030000,2.340000,1.000000,0.000000,83.260000,,48.000000,1.000000,0.000000,0.065000,0.400000,1.000000,28.000000,0.000000,7.700000,501.000000,89.773591,False,1.000000,1.000000,1.000000,0.766000,0.870000,0.966100,0.583700,0.940000,0.720000,0.808000,0.799600,0.920000,1.000000,,1.000000,1.000000,,,Good,66.000000,I.Sivri Cd. İle 254 Sok.. Kvs. Kozağaç,BUCA,3.000000,35-BS-00-02-A1*A5-K1*K122-D1*D44-S1-I8,38.377130,27.169560,10.226409,,1.000000,9.000000,"Arsenik, Nitrit, Amonyum, Alüminyum, Demir, Klorür, İletkenlik, Oksitlenebilirlik, pH",0.000000,Good,Decision Tree,0.000000,1.000000,0.000000
2025-12-10,ÇAMLIKULE,8.650000,0.030000,2.510000,1.000000,0.000000,72.750000,,48.000000,1.000000,0.000000,0.065000,0.400000,1.000000,28.000000,0.000000,7.700000,499.000000,89.740021,False,1.000000,1.000000,1.000000,0.749000,0.870000,0.956750,0.636250,0.940000,0.720000,0.808000,0.800400,0.920000,1.000000,,1.000000,1.000000,,,Good,67.000000,220 Sok. No:163/B Çamlıkule,BUCA,3.000000,35-BS-00-02-A1*A5-K1*K122-D1*D44-S1-I3,38.372280,27.171530,10.259979,,1.000000,9.000000,"Arsenik, Nitrit, Amonyum, Alüminyum, Demir, Klorür, İletkenlik, Oksitlenebilirlik, pH",0.000000,Good,Decision Tree,0.000000,1.000000,0.000000
2025-12-10,AKINCILAR,11.820000,0.030000,3.150000,1.000000,0.000000,55.320000,,48.000000,1.000000,0.000000,0.065000,0.400000,1.000000,28.000000,0.000000,7.700000,501.000000,89.603272,False,1.000000,1.000000,1.000000,0.685000,0.870000,0.940900,0.723400,0.940000,0.720000,0.808000,0.799600,0.920000,1.000000,,1.000000,1.000000,,,Good,68.000000,A.Hatboyu Cd. İle 545 Sok.. Kvs. Akıncılar,BUCA,3.000000,35-BS-00-02-A1*A5-K1*K122-D1*D44-S1-I7,38.387460,27.147600,10.396728,,1.000000,9.000000,"Arsenik, Nitrit, Amonyum, Alüminyum, Demir, Klorür, İletkenlik, Oksitlenebilirlik, pH",0.000000,Good,Decision Tree,0.000000,1.000000,0.000000
2025-12-10,UĞUR MUMCU MAH,7.470000,0.030000,2.500000,1.000000,0.000000,56.740000,,48.000000,1.000000,0.000000,0.065000,0.400000,1.000000,28.000000,0.000000,7.700000,500.000000,89.752003,False,1.000000,1.000000,1.000000,0.750000,0.870000,0.962650,0.716300,0.940000,0.720000,0.808000,0.800000,0.920000,1.000000,,1.000000,1.000000,,,Good,69.000000,5777 İle 5780 Sok. Kvs. U. Mumcu,KARABAĞLAR,59.000000,35-BS-00-30-A1*A5-K1*K122-D1*D44-S1-I1,38.381830,27.130670,10.247997,,1.000000,9.000000,"Arsenik, Nitrit, Amonyum, Alüminyum, Demir, Klorür, İletkenlik, Oksitlenebilirlik, pH",0.000000,Good,Decision Tree,0.000000,1.000000,0.000000
2025-12-10,ÇAMLIK MAH,6.300000,0.030000,2.530000,1.000000,0.000000,63.510000,,48.000000,1.000000,0.000000,0.065000,0.400000,1.000000,28.000000,0.000000,7.700000,502.000000,89.742041,False,1.000000,1.000000,1.000000,0.747000,0.870000,0.968500,0.682450,0.940000,0.720000,0.808000,0.799200,0.920000,1.000000,,1.000000,1.000000,,,Good,70.000000,4969 Sok. No:2/A Çamlık,KARABAĞLAR,59.000000,35-BS-00-30-A1*A5-K1*K122-D1*D44-S1-I2,38.366230,27.120330,10.257959,,1.000000,9.000000,"Arsenik, Nitrit, Amonyum, Alüminyum, Demir, Klorür, İletkenlik, Oksitlenebilirlik, pH",0.000000,Good,Decision Tree,0.000000,1.000000,0.000000
2025-12-10,AKTEPE,5.860000,0.030000,2.410000,1.000000,0.000000,58.990000,,48.000000,1.000000,0.000000,0.065000,0.400000,1.000000,28.000000,0.000000,7.700000,499.000000,89.772008,False,1.000000,1.000000,1.000000,0.759000,0.870000,0.970700,0.705050,0.940000,0.720000,0.808000,0.800400,0.920000,1.000000,,1.000000,1.000000,,,Good,71.000000,Altan Aydin İle 4165 Sok.. Kvs Aktepe,GAZİEMİR,5.000000,35-BS-00-25-A1*A5-K1*K122-D1*D44-S1-I5,38.352350,27.125160,10.227992,,1.000000,9.000000,"Arsenik, Nitrit, Amonyum, Alüminyum, Demir, Klorür, İletkenlik, Oksitlenebilirlik, pH",0.000000,Good,Decision Tree,0.000000,1.000000,0.000000
2025-12-10,9 EYLÜL MAH,6.080000,0.030000,2.440000,1.000000,0.000000,59.760000,,48.000000,1.000000,0.000000,0.065000,0.400000,1.000000,28.000000,0.000000,7.700000,499.000000,89.764661,False,1.000000,1.000000,1.000000,0.756000,0.870000,0.969600,0.701200,0.940000,0.720000,0.808000,0.800400,0.920000,1.000000,,1.000000,1.000000,,,Good,72.000000,Kahramanlar Cd. No:2 H. Bayram Camii,GAZİEMİR,5.000000,35-BS-00-25-A1*A5-K1*K122-D1*D44-S1-I2,38.327138,27.137154,10.235339,,1.000000,9.000000,"Arsenik, Nitrit, Amonyum, Alüminyum, Demir, Klorür, İletkenlik, Oksitlenebilirlik, pH",0.000000,Good,Decision Tree,0.000000,1.000000,0.000000
2025-12-10,BEYAZEVLER,6.340000,0.030000,2.520000,1.000000,0.000000,61.490000,,47.000000,1.000000,0.000000,0.065000,0.400000,1.000000,27.000000,0.000000,7.700000,496.000000,89.745807,False,1.000000,1.000000,1.000000,0.748000,0.870000,0.968300,0.692550,0.940000,0.720000,0.812000,0.801600,0.920000,1.000000,,1.000000,1.000000,,,Good,73.000000,514 Sok.. No:3/A Beyazevler,GAZİEMİR,5.000000,35-BS-00-25-A1*A5-K1*K122-D1*D44-S1-I3,38.341790,27.140280,10.254193,,1.000000,9.000000,"Arsenik, Nitrit, Amonyum, Alüminyum, Demir, Klorür, İletkenlik, Oksitlenebilirlik, pH",0.000000,Good,Decision Tree,0.000000,1.000000,0.000000
2025-12-10,UZUNDERE,7.810000,0.030000,2.550000,1.000000,0.000000,63.850000,,47.000000,1.000000,0.000000,0.065000,0.400000,1.000000,27.000000,0.000000,7.700000,498.000000,89.736845,False,1.000000,1.000000,1.000000,0.745000,0.870000,0.960950,0.680750,0.940000,0.720000,0.812000,0.800800,0.920000,1.000000,,1.000000,1.000000,,,Good,74.000000,Eski Izmir Cad. 3959 Kvs Uzundere,KARABAĞLAR,59.000000,35-BS-00-30-A1*A5-K1*K122-D1*D44-S1-I4,38.360060,27.104090,10.263155,,1.000000,9.000000,"Arsenik, Nitrit, Amonyum, Alüminyum, Demir, Klorür, İletkenlik, Oksitlenebilirlik, pH",0.000000,Good,Decision Tree,0.000000,1.000000,0.000000
2025-12-10,CENNETÇEŞME,7.390000,0.030000,2.410000,1.000000,0.000000,59.260000,,47.000000,1.000000,0.000000,0.065000,0.400000,1.000000,27.000000,0.000000,7.700000,501.000000,89.771345,False,1.000000,1.000000,1.000000,0.759000,0.870000,0.963050,0.703700,0.940000,0.720000,0.812000,0.799600,0.920000,1.000000,,1.000000,1.000000,,,Good,75.000000,3948/6 Sok. No:2 C.Çeşme,KARABAĞLAR,59.000000,35-BS-00-30-A1*A5-K1*K122-D1*D44-S1-I9,38.361680,27.093850,10.228655,,1.000000,9.000000,"Arsenik, Nitrit, Amonyum, Alüminyum, Demir, Klorür, İletkenlik, Oksitlenebilirlik, pH",0.000000,Good,Decision Tree,0.000000,1.000000,0.000000
2025-12-10,GÜZELBAHÇE,6.750000,0.030000,2.420000,1.000000,0.000000,60.180000,,48.000000,1.000000,0.000000,0.065000,0.400000,1.000000,27.000000,0.000000,7.700000,498.000000,89.768573,False,1.000000,1.000000,1.000000,0.758000,0.870000,0.966250,0.699100,0.940000,0.720000,0.808000,0.800800,0.920000,1.000000,,1.000000,1.000000,,,Good,76.000000,Mithatpaşa Caddesi No:479,GÜZELBAHÇE,6.000000,35-BS-00-28-A1*A5-K1*K122-D1*D44-S1-IY-1,38.377140,26.883660,10.231427,,1.000000,9.000000,"Arsenik, Nitrit, Amonyum, Alüminyum, Demir, Klorür, İletkenlik, Oksitlenebilirlik, pH",0.000000,Good,Decision Tree,0.000000,1.000000,0.000000
2025-12-10,İNCİRALTI,6.990000,0.030000,2.460000,1.000000,0.000000,58.010000,,47.000000,1.000000,0.000000,0.065000,0.400000,1.000000,27.000000,0.000000,7.700000,503.000000,89.760958,False,1.000000,1.000000,1.000000,0.754000,0.870000,0.965050,0.709950,0.940000,0.720000,0.812000,0.798800,0.920000,1.000000,,1.000000,1.000000,,,Good,78.000000,Başak Cd. No:16 Bahçe Cafe İnciralti,BALÇOVA,1.000000,35-BS-00-26-A1*A5-K1*K122-D1*D44-S1-I1,38.409090,27.035910,10.239042,,1.000000,9.000000,"Arsenik, Nitrit, Amonyum, Alüminyum, Demir, Klorür, İletkenlik, Oksitlenebilirlik, pH",0.000000,Good,Decision Tree,0.000000,1.000000,0.000000
2025-12-10,ESENDERE,7.520000,0.030000,2.510000,1.000000,0.000000,63.630000,,47.000000,1.000000,0.000000,0.065000,0.400000,1.000000,27.000000,0.000000,7.600000,500.000000,89.841445,False,1.000000,1.000000,1.000000,0.749000,0.870000,0.962400,0.681850,0.940000,0.760000,0.812000,0.800000,0.920000,1.000000,,1.000000,1.000000,,,Good,79.000000,52/74 İle 52/18 Sok. Kvs Esendere,KARABAĞLAR,59.000000,35-BS-00-30-A1*A5-K1*K122-D1*D44-S1-I5,38.391050,27.089590,10.158555,,1.000000,9.000000,"Arsenik, Nitrit, Amonyum, Alüminyum, Demir, Klorür, İletkenlik, Oksitlenebilirlik, pH",0.000000,Good,Decision Tree,0.000000,1.000000,0.000000
2025-12-10,KADİFEKALE,6.940000,0.030000,2.470000,1.000000,0.000000,57.390000,,47.000000,1.000000,0.000000,0.065000,0.400000,1.000000,27.000000,0.000000,7.700000,504.000000,89.759071,False,1.000000,1.000000,1.000000,0.753000,0.870000,0.965300,0.713050,0.940000,0.720000,0.812000,0.798400,0.920000,1.000000,,1.000000,1.000000,,,Good,80.000000,R.Erkutlu Şehitlik Önü No:290/A Kadifekale,KONAK,8.000000,35-BS-00-04-A1*A5-K1*K122-D1*D44-S1-I6,38.412820,27.140320,10.240929,,1.000000,9.000000,"Arsenik, Nitrit, Amonyum, Alüminyum, Demir, Klorür, İletkenlik, Oksitlenebilirlik, pH",0.000000,Good,Decision Tree,0.000000,1.000000,0.000000
2025-12-17,YENİŞEHİR,8.760000,0.030000,4.530000,1.000000,0.000000,21.420000,,28.000000,1.000000,0.000000,0.065000,0.400000,1.000000,30.000000,0.000000,7.500000,548.000000,89.509544,False,1.000000,1.000000,1.000000,0.547000,0.870000,0.956200,0.892900,0.940000,0.800000,0.888000,0.780800,0.920000,1.000000,,1.000000,1.000000,,,Good,2.000000,Gaziler Cad. No:185 İtfaiye Önü,KONAK,8.000000,35-BS-00-04-A1*A5-K1*K122-D1*D44-S1-I10,38.422640,27.153840,10.490456,,1.000000,9.000000,"Arsenik, Nitrit, Amonyum, Alüminyum, Demir, Klorür, İletkenlik, Oksitlenebilirlik, pH",0.000000,Good,Decision Tree,0.000000,1.000000,0.000000
2025-12-17,KONAK,8.270000,0.030000,4.640000,1.000000,0.000000,20.130000,,28.000000,1.000000,0.000000,0.065000,0.400000,1.000000,31.000000,0.000000,7.500000,549.000000,89.485659,False,1.000000,1.000000,1.000000,0.536000,0.870000,0.958650,0.899350,0.940000,0.800000,0.888000,0.780400,0.920000,1.000000,,1.000000,1.000000,,,Good,3.000000,854 Sok No:51/A,KONAK,8.000000,35-BS-00-04-A1*A5-K1*K122-D1*D44-S1-I5,38.420610,27.130760,10.514341,,1.000000,9.000000,"Arsenik, Nitrit, Amonyum, Alüminyum, Demir, Klorür, İletkenlik, Oksitlenebilirlik, pH",0.000000,Good,Decision Tree,0.000000,1.000000,0.000000
2025-12-17,GÜZELBAHÇE,7.630000,0.030000,4.940000,1.000000,0.000000,44.720000,,27.000000,1.000000,0.000000,0.065000,0.400000,1.000000,31.000000,0.000000,7.500000,532.000000,89.404656,False,1.000000,1.000000,1.000000,0.506000,0.870000,0.961850,0.776400,0.940000,0.800000,0.892000,0.787200,0.920000,1.000000,,1.000000,1.000000,,,Good,4.000000,Kazım Dirik Cad. No.46,GÜZELBAHÇE,6.000000,35-BS-00-28-A1*A5-K1*K122-D1*D44-S1-I1,38.363366,26.866501,10.595344,,1.000000,9.000000,"Arsenik, Nitrit, Amonyum, Alüminyum, Demir, Klorür, İletkenlik, Oksitlenebilirlik, pH",0.000000,Good,Decision Tree,0.000000,1.000000,0.000000
2025-12-17,NARLIDERE,7.370000,0.030000,4.940000,1.000000,0.000000,43.780000,,27.000000,1.000000,0.000000,0.065000,0.400000,1.000000,30.000000,0.000000,7.500000,539.000000,89.405310,False,1.000000,1.000000,1.000000,0.506000,0.870000,0.963150,0.781100,0.940000,0.800000,0.892000,0.784400,0.920000,1.000000,,1.000000,1.000000,,,Good,5.000000,İzsu Narlıdere Teknik Amirlik,NARLIDERE,9.000000,35-BS-00-27-A1*A5-K1*K122-D1*D44-S1-I2,38.394150,27.009890,10.594690,,1.000000,9.000000,"Arsenik, Nitrit, Amonyum, Alüminyum, Demir, Klorür, İletkenlik, Oksitlenebilirlik, pH",0.000000,Good,Decision Tree,0.000000,1.000000,0.000000
2025-12-17,BALÇOVA,6.970000,0.030000,4.800000,1.000000,0.000000,43.780000,,27.000000,1.000000,0.000000,0.065000,0.400000,1.000000,30.000000,0.000000,7.500000,536.000000,89.437223,False,1.000000,1.000000,1.000000,0.520000,0.870000,0.965150,0.781100,0.940000,0.800000,0.892000,0.785600,0.920000,1.000000,,1.000000,1.000000,,,Good,6.000000,M.Pasa Cad. İle Hüseyin Ögütcen Kavşağı,BALÇOVA,1.000000,35-BS-00-26-A1*A5-K1*K122-D1*D44-S1-I2,38.394150,27.038360,10.562777,,1.000000,9.000000,"Arsenik, Nitrit, Amonyum, Alüminyum, Demir, Klorür, İletkenlik, Oksitlenebilirlik, pH",0.000000,Good,Decision Tree,0.000000,1.000000,0.000000
2025-12-17,ÜÇKUYULAR,7.670000,0.030000,4.820000,1.000000,0.000000,48.570000,,27.000000,1.000000,0.000000,0.065000,0.400000,1.000000,31.000000,0.000000,7.500000,538.000000,89.429586,False,1.000000,1.000000,1.000000,0.518000,0.870000,0.961650,0.757150,0.940000,0.800000,0.892000,0.784800,0.920000,1.000000,,1.000000,1.000000,,,Good,7.000000,65/17 Sok. No:45 Yumurtacı Ahmet Camii,KARABAĞLAR,59.000000,35-BS-00-30-A1*A5-K1*K122-D1*D44-S1-I6,38.393940,27.069370,10.570414,,1.000000,9.000000,"Arsenik, Nitrit, Amonyum, Alüminyum, Demir, Klorür, İletkenlik, Oksitlenebilirlik, pH",0.000000,Good,Decision Tree,0.000000,1.000000,0.000000
2025-12-17,GÜZELYALI,7.630000,0.030000,4.740000,1.000000,0.000000,45.100000,,27.000000,1.000000,0.000000,0.065000,0.400000,1.000000,30.000000,0.000000,7.500000,534.000000,89.449686,False,1.000000,1.000000,1.000000,0.526000,0.870000,0.961850,0.774500,0.940000,0.800000,0.892000,0.786400,0.920000,1.000000,,1.000000,1.000000,,,Good,8.000000,34.Sok. No:5 TSM Güzelyalı,KONAK,8.000000,35-BS-00-04-A1*A5-K1*K122-D1*D44-S1-I11,38.398080,27.079620,10.550314,,1.000000,9.000000,"Arsenik, Nitrit, Amonyum, Alüminyum, Demir, Klorür, İletkenlik, Oksitlenebilirlik, pH",0.000000,Good,Decision Tree,0.000000,1.000000,0.000000
2025-12-17,HATAY,8.330000,0.030000,0.980000,1.000000,0.000000,54.310000,,48.000000,1.000000,0.000000,0.065000,0.400000,1.000000,26.000000,0.000000,7.700000,495.000000,90.096827,False,1.000000,1.000000,1.000000,0.902000,0.870000,0.958350,0.728450,0.940000,0.720000,0.808000,0.802000,0.920000,1.000000,,1.000000,1.000000,,,Good,9.000000,İnönü Cad. İle 100 Sok. Kavşağı,KONAK,8.000000,35-BS-00-04-A1*A5-K1*K122-D1*D44-S1-I13,38.401640,27.099450,9.903173,,1.000000,9.000000,"Arsenik, Nitrit, Amonyum, Alüminyum, Demir, Klorür, İletkenlik, Oksitlenebilirlik, pH",0.000000,Good,Decision Tree,0.000000,1.000000,0.000000
2025-12-17,YEŞİLYURT,5.060000,0.030000,2.710000,1.000000,0.000000,55.610000,,49.000000,1.000000,0.000000,0.065000,0.400000,1.000000,25.000000,0.000000,7.700000,495.000000,89.706147,False,1.000000,1.000000,1.000000,0.729000,0.870000,0.974700,0.721950,0.940000,0.720000,0.804000,0.802000,0.920000,1.000000,,1.000000,1.000000,,,Good,11.000000,Ulu Önder Cad. İle Gökdere Cad.Kavşağı,KARABAĞLAR,59.000000,35-BS-00-30-A1*A5-K1*K122-D1*D44-S1-I7,38.404270,27.113010,10.293853,,1.000000,9.000000,"Arsenik, Nitrit, Amonyum, Alüminyum, Demir, Klorür, İletkenlik, Oksitlenebilirlik, pH",0.000000,Good,Decision Tree,0.000000,1.000000,0.000000
2025-12-17,KARABAĞLAR,4.900000,0.030000,0.980000,1.000000,0.000000,54.850000,,49.000000,1.000000,0.000000,0.065000,0.400000,1.000000,25.000000,0.000000,7.700000,493.000000,90.098107,False,1.000000,1.000000,1.000000,0.902000,0.870000,0.975500,0.725750,0.940000,0.720000,0.804000,0.802800,0.920000,1.000000,,1.000000,1.000000,,,Good,13.000000,4058 Sok. İle 4056 Sok. Kavşağı,KARABAĞLAR,59.000000,35-BS-00-30-A1*A5-K1*K122-D1*D44-S1-I8,38.374260,27.134100,9.901893,,1.000000,9.000000,"Arsenik, Nitrit, Amonyum, Alüminyum, Demir, Klorür, İletkenlik, Oksitlenebilirlik, pH",0.000000,Good,Decision Tree,0.000000,1.000000,0.000000
2025-12-17,ESKİ İZMİR,4.450000,0.030000,1.000000,1.000000,0.000000,52.950000,,50.000000,1.000000,0.000000,0.065000,0.400000,1.000000,25.000000,0.000000,7.700000,493.000000,90.094549,False,1.000000,1.000000,1.000000,0.900000,0.870000,0.977750,0.735250,0.940000,0.720000,0.800000,0.802800,0.920000,1.000000,,1.000000,1.000000,,,Good,14.000000,Eski Izmir Cad. No:562/A Kahve,KARABAĞLAR,59.000000,35-BS-00-30-A1*A5-K1*K122-D1*D44-S1-I3,38.376220,27.107190,9.905451,,1.000000,9.000000,"Arsenik, Nitrit, Amonyum, Alüminyum, Demir, Klorür, İletkenlik, Oksitlenebilirlik, pH",0.000000,Good,Decision Tree,0.000000,1.000000,0.000000
2025-12-17,GAZİEMİR,3.870000,0.030000,3.270000,1.000000,0.000000,46.270000,,49.000000,1.000000,0.000000,0.065000,0.400000,1.000000,25.000000,0.000000,7.700000,492.000000,89.585408,False,1.000000,1.000000,1.000000,0.673000,0.870000,0.980650,0.768650,0.940000,0.720000,0.804000,0.803200,0.920000,1.000000,,1.000000,1.000000,,,Good,15.000000,Abdullah Arda Meydanı No:29 Arkadaşlar Kahvesi,GAZİEMİR,5.000000,35-BS-00-25-A1*A5-K1*K122-D1*D44-S1-I4-Y1,38.321780,27.126430,10.414592,,1.000000,9.000000,"Arsenik, Nitrit, Amonyum, Alüminyum, Demir, Klorür, İletkenlik, Oksitlenebilirlik, pH",0.000000,Good,Decision Tree,0.000000,1.000000,0.000000
2025-12-17,GEDİZ,9.760000,0.030000,6.630000,1.000000,0.000000,118.900000,,27.000000,1.000000,0.000000,0.065000,0.400000,1.000000,30.000000,0.000000,7.500000,531.000000,88.979113,False,1.000000,1.000000,1.000000,0.337000,0.870000,0.951200,0.405500,0.940000,0.800000,0.892000,0.787600,0.920000,1.000000,,1.000000,1.000000,,,Good,16.000000,682/4 Sok. No:2 Gediz,BUCA,3.000000,35-BS-00-02-A1*A5-K1*K122-D1*D44-S1-I10,38.361880,27.144380,11.020887,,1.000000,9.000000,"Arsenik, Nitrit, Amonyum, Alüminyum, Demir, Klorür, İletkenlik, Oksitlenebilirlik, pH",0.000000,Good,Decision Tree,0.000000,1.000000,0.000000
2025-12-17,ŞİRİNYER,8.770000,0.030000,5.700000,1.000000,0.000000,103.100000,,27.000000,1.000000,0.000000,0.065000,0.400000,1.000000,30.000000,0.000000,7.500000,524.000000,89.199059,False,1.000000,1.000000,1.000000,0.430000,0.870000,0.956150,0.484500,0.940000,0.800000,0.892000,0.790400,0.920000,1.000000,,1.000000,1.000000,,,Good,17.000000,Koşuyolu Cad. Efeler Mah. No:41 Avni Naili Limboz Camii,BUCA,3.000000,35-BS-00-02-A1*A5-K1*K122-D1*D44-S1-I6,38.391680,27.150310,10.800941,,1.000000,9.000000,"Arsenik, Nitrit, Amonyum, Alüminyum, Demir, Klorür, İletkenlik, Oksitlenebilirlik, pH",0.000000,Good,Decision Tree,0.000000,1.000000,0.000000
2025-12-17,BUCA,14.500000,0.030000,7.330000,1.000000,0.000000,140.300000,,27.000000,1.000000,0.000000,0.065000,0.400000,1.000000,30.000000,0.000000,7.500000,529.000000,88.805951,False,1.000000,1.000000,1.000000,0.267000,0.870000,0.927500,0.298500,0.940000,0.800000,0.892000,0.788400,0.920000,1.000000,,1.000000,1.000000,,,Good,18.000000,Başarı Cad.İle 170. Sok.Kavşağı,BUCA,3.000000,35-BS-00-02-A1*A5-K1*K122-D1*D44-S1-I1,38.389300,27.176440,11.194049,,1.000000,9.000000,"Arsenik, Nitrit, Amonyum, Alüminyum, Demir, Klorür, İletkenlik, Oksitlenebilirlik, pH",0.000000,Good,Decision Tree,0.000000,1.000000,0.000000
2025-12-17,GÜLÇEŞME,7.590000,0.030000,4.570000,1.000000,0.000000,32.880000,,27.000000,1.000000,0.000000,0.065000,0.400000,1.000000,31.000000,0.000000,7.500000,527.000000,89.495111,False,1.000000,1.000000,1.000000,0.543000,0.870000,0.962050,0.835600,0.940000,0.800000,0.892000,0.789200,0.920000,1.000000,,1.000000,1.000000,,,Good,19.000000,3586 Sok. No:1 Gürçeşme,KONAK,8.000000,35-BS-00-04-A1*A5-K1*K122-D1*D44-S1-I15,38.404510,27.151350,10.504889,,1.000000,9.000000,"Arsenik, Nitrit, Amonyum, Alüminyum, Demir, Klorür, İletkenlik, Oksitlenebilirlik, pH",0.000000,Good,Decision Tree,0.000000,1.000000,0.000000
2025-12-17,GÜLTEPE,9.930000,0.030000,4.710000,1.000000,0.000000,31.490000,,27.000000,1.000000,0.000000,0.065000,0.400000,1.000000,29.000000,0.000000,7.600000,545.000000,89.367564,False,1.000000,1.000000,1.000000,0.529000,0.870000,0.950350,0.842550,0.940000,0.760000,0.892000,0.782000,0.920000,1.000000,,1.000000,1.000000,,,Good,20.000000,Selimiye Cad. No:30/B Gültepe,KONAK,8.000000,35-BS-00-04-A1*A5-K1*K122-D1*D44-S1-I16,38.416220,27.172680,10.632436,,1.000000,9.000000,"Arsenik, Nitrit, Amonyum, Alüminyum, Demir, Klorür, İletkenlik, Oksitlenebilirlik, pH",0.000000,Good,Decision Tree,0.000000,1.000000,0.000000
2025-12-17,ALTINDAĞ,12.470000,0.030000,4.080000,1.000000,0.000000,31.690000,,27.000000,1.000000,0.000000,0.065000,0.400000,1.000000,28.000000,0.000000,7.600000,557.000000,89.508515,False,1.000000,1.000000,1.000000,0.592000,0.870000,0.937650,0.841550,0.940000,0.760000,0.892000,0.777200,0.920000,1.000000,,1.000000,1.000000,,,Good,21.000000,Kemalpaşa Cad. No: 46,BORNOVA,2.000000,35-BS-00-01-A1*A5-K1*K122-D1*D44-S1-I9,38.425580,27.202560,10.491485,,1.000000,9.000000,"Arsenik, Nitrit, Amonyum, Alüminyum, Demir, Klorür, İletkenlik, Oksitlenebilirlik, pH",0.000000,Good,Decision Tree,0.000000,1.000000,0.000000
2025-12-17,ÇAMDİBİ,95.700000,0.030000,4.120000,1.000000,0.000000,33.440000,,27.000000,1.000000,0.000000,0.065000,0.400000,1.000000,29.000000,0.000000,7.600000,553.000000,89.451410,False,1.000000,1.000000,1.000000,0.588000,0.870000,0.521500,0.832800,0.940000,0.760000,0.892000,0.778800,0.920000,1.000000,,1.000000,1.000000,,,Good,22.000000,5227 Sok. No:35/C Çamdibi,BORNOVA,2.000000,35-BS-00-01-A1*A5-K1*K122-D1*D44-S1-I12,38.435530,27.191010,10.548590,,1.000000,9.000000,"Arsenik, Nitrit, Amonyum, Alüminyum, Demir, Klorür, İletkenlik, Oksitlenebilirlik, pH",0.000000,Good,Decision Tree,0.000000,1.000000,0.000000
2025-12-17,IŞIKKENT,13.280000,0.030000,4.280000,1.000000,0.000000,31.490000,,28.000000,1.000000,0.000000,0.065000,0.400000,1.000000,29.000000,0.000000,7.600000,554.000000,89.462567,False,1.000000,1.000000,1.000000,0.572000,0.870000,0.933600,0.842550,0.940000,0.760000,0.888000,0.778400,0.920000,1.000000,,1.000000,1.000000,,,Good,23.000000,Cumhuriyet Meydanı No:16  Işıkkent,BORNOVA,2.000000,35-BS-00-01-A1*A5-K1*K122-D1*D44-S1-I8,38.424540,27.230760,10.537433,,1.000000,9.000000,"Arsenik, Nitrit, Amonyum, Alüminyum, Demir, Klorür, İletkenlik, Oksitlenebilirlik, pH",0.000000,Good,Decision Tree,0.000000,1.000000,0.000000
2025-12-17,PINARBAŞI,14.440000,0.030000,4.470000,1.000000,0.000000,42.810000,,27.000000,1.000000,0.000000,0.065000,0.400000,1.000000,30.000000,0.000000,7.600000,553.000000,89.412883,False,1.000000,1.000000,1.000000,0.553000,0.870000,0.927800,0.785950,0.940000,0.760000,0.892000,0.778800,0.920000,1.000000,,1.000000,1.000000,,,Good,24.000000,Çanakkale Cad.İle 7057 Sok KavsağıPınarbaşı,BORNOVA,2.000000,35-BS-00-01-A1*A5-K1*K122-D1*D44-S1-I10,38.429880,27.266470,10.587117,,1.000000,9.000000,"Arsenik, Nitrit, Amonyum, Alüminyum, Demir, Klorür, İletkenlik, Oksitlenebilirlik, pH",0.000000,Good,Decision Tree,0.000000,1.000000,0.000000
2025-12-17,EVKA-3,14.030000,0.030000,4.280000,1.000000,0.000000,34.390000,,27.000000,1.000000,0.000000,0.065000,0.400000,1.000000,31.000000,0.000000,7.600000,552.000000,89.460872,False,1.000000,1.000000,1.000000,0.572000,0.870000,0.929850,0.828050,0.940000,0.760000,0.892000,0.779200,0.920000,1.000000,,1.000000,1.000000,,,Good,25.000000,Şehitler Cad. No:22 H.Mustafa Gökdemir Camii Evka-3,BORNOVA,2.000000,35-BS-00-01-A1*A5-K1*K122-D1*D44-S1-I2,38.473220,27.250940,10.539128,,1.000000,9.000000,"Arsenik, Nitrit, Amonyum, Alüminyum, Demir, Klorür, İletkenlik, Oksitlenebilirlik, pH",0.000000,Good,Decision Tree,0.000000,1.000000,0.000000
2025-12-17,BORNOVA,23.330000,0.030000,5.240000,1.000000,0.000000,88.820000,,28.000000,1.000000,0.000000,0.065000,0.400000,1.000000,32.000000,0.000000,7.600000,552.000000,89.207249,False,1.000000,1.000000,1.000000,0.476000,0.870000,0.883350,0.555900,0.940000,0.760000,0.888000,0.779200,0.920000,1.000000,,1.000000,1.000000,,,Good,26.000000,Ege Üni.Kampüsü İtfaiye Çeşmesi/İzsu Teknik Amirlik,BORNOVA,2.000000,35-BS-00-01-A1*A5-K1*K122-D1*D44-S1-I11,38.460950,27.228200,10.792751,,1.000000,9.000000,"Arsenik, Nitrit, Amonyum, Alüminyum, Demir, Klorür, İletkenlik, Oksitlenebilirlik, pH",0.000000,Good,Decision Tree,0.000000,1.000000,0.000000
2025-12-17,ATATÜRK MAH,22.040000,0.030000,5.010000,1.000000,0.000000,83.540000,,28.000000,1.000000,0.000000,0.065000,0.400000,1.000000,30.000000,0.000000,7.600000,547.000000,89.263024,False,1.000000,1.000000,1.000000,0.499000,0.870000,0.889800,0.582300,0.940000,0.760000,0.888000,0.781200,0.920000,1.000000,,1.000000,1.000000,,,Good,27.000000,Hürriyet Cad. Polis Mer. No:86 Atatürk,BORNOVA,2.000000,35-BS-00-01-A1*A5-K1*K122-D1*D44-S1-I13,38.475820,27.208680,10.736976,,1.000000,9.000000,"Arsenik, Nitrit, Amonyum, Alüminyum, Demir, Klorür, İletkenlik, Oksitlenebilirlik, pH",0.000000,Good,Decision Tree,0.000000,1.000000,0.000000
2025-12-17,OSMANGAZİ,23.840000,0.030000,5.100000,1.000000,0.000000,83.940000,,27.000000,1.000000,0.000000,0.065000,0.400000,1.000000,30.000000,0.000000,7.600000,550.000000,89.241767,False,1.000000,1.000000,1.000000,0.490000,0.870000,0.880800,0.580300,0.940000,0.760000,0.892000,0.780000,0.920000,1.000000,,1.000000,1.000000,,,Good,28.000000,Yavuz Cad. 241/C  Osmangazi,BAYRAKLI,60.000000,35-BS-00-29-A1*A5-K1*K122-D1*D44-S1-I6,38.475430,27.187450,10.758233,,1.000000,9.000000,"Arsenik, Nitrit, Amonyum, Alüminyum, Demir, Klorür, İletkenlik, Oksitlenebilirlik, pH",0.000000,Good,Decision Tree,0.000000,1.000000,0.000000
2025-12-17,ÖZKANLAR,23.920000,0.030000,5.100000,1.000000,0.000000,82.900000,,28.000000,1.000000,0.000000,0.065000,0.400000,1.000000,31.000000,0.000000,7.600000,551.000000,89.241944,False,1.000000,1.000000,1.000000,0.490000,0.870000,0.880400,0.585500,0.940000,0.760000,0.888000,0.779600,0.920000,1.000000,,1.000000,1.000000,,,Good,29.000000,273/4 No:6 Aile Sağlığı Merkezi Özkanlar,BAYRAKLI,60.000000,35-BS-00-29-A1*A5-K1*K122-D1*D44-S1-I10,38.458040,27.191060,10.758056,,1.000000,9.000000,"Arsenik, Nitrit, Amonyum, Alüminyum, Demir, Klorür, İletkenlik, Oksitlenebilirlik, pH",0.000000,Good,Decision Tree,0.000000,1.000000,0.000000
2025-12-17,MANAVKUYU,23.390000,0.030000,4.540000,1.000000,0.000000,83.540000,,27.000000,1.000000,0.000000,0.065000,0.400000,1.000000,31.000000,0.000000,7.600000,547.000000,89.368965,False,1.000000,1.000000,1.000000,0.546000,0.870000,0.883050,0.582300,0.940000,0.760000,0.892000,0.781200,0.920000,1.000000,,1.000000,1.000000,,,Good,30.000000,Sakarya Cad.No:112 Manavkuyu,BAYRAKLI,60.000000,35-BS-00-29-A1*A5-K1*K122-D1*D44-S1-I8,38.457390,27.186910,10.631035,,1.000000,9.000000,"Arsenik, Nitrit, Amonyum, Alüminyum, Demir, Klorür, İletkenlik, Oksitlenebilirlik, pH",0.000000,Good,Decision Tree,0.000000,1.000000,0.000000
2025-12-17,EGEKENT,23.840000,0.030000,5.010000,1.000000,0.000000,83.960000,,38.000000,1.000000,0.000000,0.065000,0.600000,1.000000,30.000000,0.000000,7.500000,605.000000,89.172197,False,1.000000,1.000000,1.000000,0.499000,0.870000,0.880800,0.580200,0.940000,0.800000,0.848000,0.758000,0.880000,1.000000,,1.000000,1.000000,,,Good,32.000000,8819 Sok. No:13 Egekent,ÇİĞLİ,4.000000,35-BS-00-24-A1*A5-K1*K122-D1*D44-S1-I7,38.504140,27.058100,10.827803,,1.000000,9.000000,"Arsenik, Nitrit, Amonyum, Alüminyum, Demir, Klorür, İletkenlik, Oksitlenebilirlik, pH",0.000000,Good,Decision Tree,0.000000,1.000000,0.000000
2025-12-17,BALATÇIK,28.800000,0.030000,5.410000,1.000000,0.000000,119.000000,,38.000000,1.000000,0.000000,0.065000,0.600000,1.000000,31.000000,0.000000,7.500000,607.000000,89.059059,False,1.000000,1.000000,1.000000,0.459000,0.870000,0.856000,0.405000,0.940000,0.800000,0.848000,0.757200,0.880000,1.000000,,1.000000,1.000000,,,Good,33.000000,8790/5 Sok. 9 Eylül Camii Balatçık,ÇİĞLİ,4.000000,35-BS-00-24-A1*A5-K1*K122-D1*D44-S1-I2-Y1,38.511900,27.045600,10.940941,,1.000000,9.000000,"Arsenik, Nitrit, Amonyum, Alüminyum, Demir, Klorür, İletkenlik, Oksitlenebilirlik, pH",0.000000,Good,Decision Tree,0.000000,1.000000,0.000000
2025-12-17,ÇİĞLİ,24.080000,0.030000,4.990000,1.000000,0.000000,76.340000,,28.000000,1.000000,0.000000,0.065000,0.400000,1.000000,32.000000,0.000000,7.600000,546.000000,89.270472,False,1.000000,1.000000,1.000000,0.501000,0.870000,0.879600,0.618300,0.940000,0.760000,0.888000,0.781600,0.920000,1.000000,,1.000000,1.000000,,,Good,34.000000,8022/1 Sok. No:8/1-B Ataşehir,ÇİĞLİ,4.000000,35-BS-00-24-A1*A5-K1*K122-D1*D44-S1-I3-IY1,38.492860,27.060890,10.729528,,1.000000,9.000000,"Arsenik, Nitrit, Amonyum, Alüminyum, Demir, Klorür, İletkenlik, Oksitlenebilirlik, pH",0.000000,Good,Decision Tree,0.000000,1.000000,0.000000
2025-12-17,BOSTANLI,24.300000,0.030000,5.280000,1.000000,0.000000,81.620000,,28.000000,1.000000,0.000000,0.065000,0.400000,1.000000,32.000000,0.000000,7.600000,545.000000,89.201748,False,1.000000,1.000000,1.000000,0.472000,0.870000,0.878500,0.591900,0.940000,0.760000,0.888000,0.782000,0.920000,1.000000,,1.000000,1.000000,,,Good,35.000000,1799 Sok No:14 Bostanlı,KARŞIYAKA,7.000000,35-BS-00-03-A1*A5-K1*K122-D1*D44-S1-I7,38.457730,27.098860,10.798252,,1.000000,9.000000,"Arsenik, Nitrit, Amonyum, Alüminyum, Demir, Klorür, İletkenlik, Oksitlenebilirlik, pH",0.000000,Good,Decision Tree,0.000000,1.000000,0.000000
2025-12-17,ŞEMİKLER,24.290000,0.030000,5.040000,1.000000,0.000000,86.710000,,28.000000,1.000000,0.000000,0.065000,0.400000,1.000000,33.000000,0.000000,7.600000,546.000000,89.253174,False,1.000000,1.000000,1.000000,0.496000,0.870000,0.878550,0.566450,0.940000,0.760000,0.888000,0.781600,0.920000,1.000000,,1.000000,1.000000,,,Good,36.000000,6276 Sok.İle 6279 Sok Kavşağı,KARŞIYAKA,7.000000,35-BS-00-03-A1*A5-K1*K122-D1*D44-S1-I4,38.477100,27.093760,10.746826,,1.000000,9.000000,"Arsenik, Nitrit, Amonyum, Alüminyum, Demir, Klorür, İletkenlik, Oksitlenebilirlik, pH",0.000000,Good,Decision Tree,0.000000,1.000000,0.000000
2025-12-17,KARŞIYAKA,25.430000,0.030000,4.960000,1.000000,0.000000,83.080000,,28.000000,1.000000,0.000000,0.065000,0.400000,1.000000,33.000000,0.000000,7.600000,547.000000,89.272680,False,1.000000,1.000000,1.000000,0.504000,0.870000,0.872850,0.584600,0.940000,0.760000,0.888000,0.781200,0.920000,1.000000,,1.000000,1.000000,,,Good,37.000000,Atatürk Cad. İle Zübeyde Hanim Cad.Kavşağı,KARŞIYAKA,7.000000,35-BS-00-03-A1*A5-K1*K122-D1*D44-S1-I5,38.461670,27.116100,10.727320,,1.000000,9.000000,"Arsenik, Nitrit, Amonyum, Alüminyum, Demir, Klorür, İletkenlik, Oksitlenebilirlik, pH",0.000000,Good,Decision Tree,0.000000,1.000000,0.000000
2025-12-17,EVKA-2,34.260000,0.030000,6.170000,1.000000,0.000000,141.400000,,28.000000,1.000000,0.000000,0.065000,0.400000,1.000000,32.000000,0.000000,7.600000,555.000000,88.960890,False,1.000000,1.000000,1.000000,0.383000,0.870000,0.828700,0.293000,0.940000,0.760000,0.888000,0.778000,0.920000,1.000000,,1.000000,1.000000,,,Good,38.000000,6800 Sok. No:9 Sağlık Ocağı Evka 2,ÇİĞLİ,4.000000,35-BS-00-24-A1*A5-K1*K122-D1*D44-S1-I5,38.499050,27.087510,11.039110,,1.000000,9.000000,"Arsenik, Nitrit, Amonyum, Alüminyum, Demir, Klorür, İletkenlik, Oksitlenebilirlik, pH",0.000000,Good,Decision Tree,0.000000,1.000000,0.000000
2025-12-17,ÖRNEKKÖY,35.510000,0.030000,5.990000,1.000000,0.000000,143.600000,,28.000000,1.000000,0.000000,0.065000,0.400000,1.000000,32.000000,0.000000,7.600000,555.000000,88.999666,False,1.000000,1.000000,1.000000,0.401000,0.870000,0.822450,0.282000,0.940000,0.760000,0.888000,0.778000,0.920000,1.000000,,1.000000,1.000000,,,Good,39.000000,Başpehlivan Kara Ali Cad. No:25/A,KARŞIYAKA,7.000000,35-BS-00-03-A1*A5-K1*K122-D1*D44-S1-I6,38.482130,27.111060,11.000334,,1.000000,9.000000,"Arsenik, Nitrit, Amonyum, Alüminyum, Demir, Klorür, İletkenlik, Oksitlenebilirlik, pH",0.000000,Good,Decision Tree,0.000000,1.000000,0.000000
2025-12-17,GÜMÜŞPALA,37.150000,0.030000,6.210000,1.000000,0.000000,150.500000,,28.000000,1.000000,0.000000,0.065000,0.400000,1.000000,33.000000,0.000000,7.600000,558.000000,88.945047,False,1.000000,1.000000,1.000000,0.379000,0.870000,0.814250,0.247500,0.940000,0.760000,0.888000,0.776800,0.920000,1.000000,,1.000000,1.000000,,,Good,40.000000,7019 Sok. No:20/3 Merkez Cami Gümüşpala,BAYRAKLI,60.000000,35-BS-00-29-A1*A5-K1*K122-D1*D44-S1-I7,38.479310,27.109960,11.054953,,1.000000,9.000000,"Arsenik, Nitrit, Amonyum, Alüminyum, Demir, Klorür, İletkenlik, Oksitlenebilirlik, pH",0.000000,Good,Decision Tree,0.000000,1.000000,0.000000
2025-12-24,DOĞANÇAY,9.890000,0.030000,4.400000,1.000000,0.000000,23.460000,,28.000000,1.000000,0.000000,0.065000,0.400000,1.000000,32.000000,0.000000,7.600000,570.000000,89.441817,False,1.000000,1.000000,1.000000,0.560000,0.870000,0.950550,0.882700,0.940000,0.760000,0.888000,0.772000,0.920000,1.000000,,1.000000,1.000000,,,Good,41.000000,7191 Sok. No:1/A Doğançay,BAYRAKLI,60.000000,35-BS-00-29-A1*A5-K1*K122-D1*D44-S1-I1,38.495500,27.155140,10.558183,,1.000000,9.000000,"Arsenik, Nitrit, Amonyum, Alüminyum, Demir, Klorür, İletkenlik, Oksitlenebilirlik, pH",0.000000,Good,Decision Tree,0.000000,1.000000,0.000000
2025-12-24,YAMANLAR,9.140000,0.030000,4.170000,1.000000,0.000000,23.450000,,28.000000,1.000000,0.000000,0.065000,0.400000,1.000000,33.000000,0.000000,7.600000,577.000000,89.494262,False,1.000000,1.000000,1.000000,0.583000,0.870000,0.954300,0.882750,0.940000,0.760000,0.888000,0.769200,0.920000,1.000000,,1.000000,1.000000,,,Good,42.000000,7348 Sok. No:2 Polis Merkezi Yamanlar,BAYRAKLI,60.000000,35-BS-00-29-A1*A5-K1*K122-D1*D44-S1-I2,38.481110,27.132940,10.505738,,1.000000,9.000000,"Arsenik, Nitrit, Amonyum, Alüminyum, Demir, Klorür, İletkenlik, Oksitlenebilirlik, pH",0.000000,Good,Decision Tree,0.000000,1.000000,0.000000
2025-12-24,POSTACI MAH,9.060000,0.030000,4.120000,1.000000,0.000000,23.760000,,28.000000,1.000000,0.000000,0.065000,0.400000,1.000000,32.000000,0.000000,7.600000,580.000000,89.505434,False,1.000000,1.000000,1.000000,0.588000,0.870000,0.954700,0.881200,0.940000,0.760000,0.888000,0.768000,0.920000,1.000000,,1.000000,1.000000,,,Good,43.000000,7659/2 Sok. No:1/B Postacılar Mah.,BAYRAKLI,60.000000,35-BS-00-29-A1*A5*-K1*K122-D1*D44-S1-I3-IY1,38.482170,27.119910,10.494566,,1.000000,9.000000,"Arsenik, Nitrit, Amonyum, Alüminyum, Demir, Klorür, İletkenlik, Oksitlenebilirlik, pH",0.000000,Good,Decision Tree,0.000000,1.000000,0.000000
2025-12-24,YAMAÇ MAH,8.500000,0.030000,3.920000,1.000000,0.000000,22.450000,,28.000000,1.000000,0.000000,0.065000,0.400000,1.000000,32.000000,0.000000,7.600000,579.000000,89.551748,False,1.000000,1.000000,1.000000,0.608000,0.870000,0.957500,0.887750,0.940000,0.760000,0.888000,0.768400,0.920000,1.000000,,1.000000,1.000000,,,Good,44.000000,6730 Sok. No:6/A Yamaç Mah.,KARŞIYAKA,7.000000,35-BS-00-03-A1*A5-K1*K122-D1*D44-S1-I1,38.483710,27.099770,10.448252,,1.000000,9.000000,"Arsenik, Nitrit, Amonyum, Alüminyum, Demir, Klorür, İletkenlik, Oksitlenebilirlik, pH",0.000000,Good,Decision Tree,0.000000,1.000000,0.000000
2025-12-24,CUMHURİYET MAH,9.070000,0.030000,4.090000,1.000000,0.000000,25.770000,,28.000000,1.000000,0.000000,0.065000,0.400000,1.000000,32.000000,0.000000,7.600000,581.000000,89.511076,False,1.000000,1.000000,1.000000,0.591000,0.870000,0.954650,0.871150,0.940000,0.760000,0.888000,0.767600,0.920000,1.000000,,1.000000,1.000000,,,Good,45.000000,Alim Dağhan Cd. İle 6716 Sok. Kvs.,KARŞIYAKA,7.000000,35-BS-00-03-A1*A5-K1*K122-D1*D44-S1-I2,38.485320,27.096540,10.488924,,1.000000,9.000000,"Arsenik, Nitrit, Amonyum, Alüminyum, Demir, Klorür, İletkenlik, Oksitlenebilirlik, pH",0.000000,Good,Decision Tree,0.000000,1.000000,0.000000
2025-12-24,GÜZELTEPE,9.060000,0.030000,3.560000,1.000000,0.000000,25.830000,,28.000000,1.000000,0.000000,0.065000,0.400000,1.000000,32.000000,0.000000,7.600000,580.000000,89.630970,False,1.000000,1.000000,1.000000,0.644000,0.870000,0.954700,0.870850,0.940000,0.760000,0.888000,0.768000,0.920000,1.000000,,1.000000,1.000000,,,Good,46.000000,8172 Sok. No:90/1 Güzeltepe,ÇİĞLİ,4.000000,35-BS-00-24-A1*A5-K1*K122-D1*D44-S1-I4-IY1,38.502720,27.077990,10.369030,,1.000000,9.000000,"Arsenik, Nitrit, Amonyum, Alüminyum, Demir, Klorür, İletkenlik, Oksitlenebilirlik, pH",0.000000,Good,Decision Tree,0.000000,1.000000,0.000000
2025-12-24,EVKA-5,8.740000,0.030000,4.300000,1.000000,0.000000,24.090000,,41.000000,1.000000,0.000000,0.065000,0.600000,1.000000,31.000000,0.100000,7.500000,643.000000,89.374026,False,1.000000,1.000000,1.000000,0.570000,0.870000,0.956300,0.879550,0.940000,0.800000,0.836000,0.742800,0.880000,1.000000,,1.000000,1.000000,,,Good,47.000000,8809 Sok. No:141/A Evka-5,ÇİĞLİ,4.000000,35-BS-00-24-A1*A5-K1*K122-D1*D44-S1-I8-IY1,38.518190,27.056590,10.625974,,1.000000,9.000000,"Arsenik, Nitrit, Amonyum, Alüminyum, Demir, Klorür, İletkenlik, Oksitlenebilirlik, pH",0.000000,Good,Decision Tree,0.000000,1.000000,0.000000
2025-12-24,EGEKENT-2,9.370000,0.030000,4.480000,1.000000,0.000000,22.740000,,41.000000,1.000000,0.000000,0.065000,0.600000,1.000000,31.000000,0.100000,7.500000,652.000000,89.333674,False,1.000000,1.000000,1.000000,0.552000,0.870000,0.953150,0.886300,0.940000,0.800000,0.836000,0.739200,0.880000,1.000000,,1.000000,1.000000,,,Good,48.000000,8818 Sok. No:38 6 Nolu Sağlık Ocağı Egekent,ÇİĞLİ,4.000000,35-BS-00-24-A1*A5-K1*K122-D1*D44-S1-I6,38.555690,27.049780,10.666326,,1.000000,9.000000,"Arsenik, Nitrit, Amonyum, Alüminyum, Demir, Klorür, İletkenlik, Oksitlenebilirlik, pH",0.000000,Good,Decision Tree,0.000000,1.000000,0.000000
2025-12-24,ALAYBEY,7.550000,0.030000,3.870000,1.000000,0.000000,23.410000,,28.000000,1.000000,0.000000,0.065000,0.400000,1.000000,32.000000,0.000000,7.600000,582.000000,89.563044,False,1.000000,1.000000,1.000000,0.613000,0.870000,0.962250,0.882950,0.940000,0.760000,0.888000,0.767200,0.920000,1.000000,,1.000000,1.000000,,,Good,49.000000,1643/7 Sok. No:8 Adalet Mah.,BAYRAKLI,60.000000,35-BS-00-03-A1*A5-K1*K122-D1*D44-S1-13-IY1,38.466750,27.159340,10.436956,,1.000000,9.000000,"Arsenik, Nitrit, Amonyum, Alüminyum, Demir, Klorür, İletkenlik, Oksitlenebilirlik, pH",0.000000,Good,Decision Tree,0.000000,1.000000,0.000000
2025-12-24,CENGİZHAN,7.860000,0.030000,4.070000,1.000000,0.000000,25.840000,,28.000000,1.000000,0.000000,0.065000,0.400000,1.000000,32.000000,0.000000,7.600000,581.000000,89.516246,False,1.000000,1.000000,1.000000,0.593000,0.870000,0.960700,0.870800,0.940000,0.760000,0.888000,0.767600,0.920000,1.000000,,1.000000,1.000000,,,Good,50.000000,1620/19 İle 1620/39 Sok. Kavsağı Cengizhan,BAYRAKLI,60.000000,35-BS-00-29-A1*A5-K1*K122-D1*D44-S1-I4,38.473400,27.158880,10.483754,,1.000000,9.000000,"Arsenik, Nitrit, Amonyum, Alüminyum, Demir, Klorür, İletkenlik, Oksitlenebilirlik, pH",0.000000,Good,Decision Tree,0.000000,1.000000,0.000000
2025-12-24,ÇAY MAH,7.650000,0.030000,3.890000,1.000000,0.000000,25.190000,,28.000000,1.000000,0.000000,0.065000,0.400000,1.000000,32.000000,0.000000,7.600000,582.000000,89.557456,False,1.000000,1.000000,1.000000,0.611000,0.870000,0.961750,0.874050,0.940000,0.760000,0.888000,0.767200,0.920000,1.000000,,1.000000,1.000000,,,Good,51.000000,Hakan Uysal Cad. No:273/1 Çay Mahallesi,BAYRAKLI,60.000000,35-BS-00-29-A1*A5-K1*K122-D1*D44-S1-I5,38.470860,27.180440,10.442544,,1.000000,9.000000,"Arsenik, Nitrit, Amonyum, Alüminyum, Demir, Klorür, İletkenlik, Oksitlenebilirlik, pH",0.000000,Good,Decision Tree,0.000000,1.000000,0.000000
2025-12-24,İZYUVA,9.270000,0.030000,4.300000,1.000000,0.000000,47.700000,,27.000000,1.000000,0.000000,0.065000,0.400000,1.000000,35.000000,0.000000,7.500000,593.000000,89.546630,False,1.000000,1.000000,1.000000,0.570000,0.870000,0.953650,0.761500,0.940000,0.800000,0.892000,0.762800,0.920000,1.000000,,1.000000,1.000000,,,Good,52.000000,113/19 Sok. No:10 İzyuva,BORNOVA,2.000000,35-BS-00-01-A1*A5-K1*K122-D1*D44-S1-I7,38.464570,27.249790,10.453370,,1.000000,9.000000,"Arsenik, Nitrit, Amonyum, Alüminyum, Demir, Klorür, İletkenlik, Oksitlenebilirlik, pH",0.000000,Good,Decision Tree,0.000000,1.000000,0.000000
2025-12-24,NALDÖKEN,9.540000,0.030000,4.290000,1.000000,0.000000,47.510000,,27.000000,1.000000,0.000000,0.065000,0.400000,1.000000,35.000000,0.000000,7.500000,594.000000,89.548843,False,1.000000,1.000000,1.000000,0.571000,0.870000,0.952300,0.762450,0.940000,0.800000,0.892000,0.762400,0.920000,1.000000,,1.000000,1.000000,,,Good,53.000000,Ankara Cad. İle Atatürk Cad. Kav.,BORNOVA,2.000000,35-BS-00-01-A1*A5-K1*K122-D1*D44-S1-I6,38.452100,27.266070,10.451157,,1.000000,9.000000,"Arsenik, Nitrit, Amonyum, Alüminyum, Demir, Klorür, İletkenlik, Oksitlenebilirlik, pH",0.000000,Good,Decision Tree,0.000000,1.000000,0.000000
2025-12-24,YEŞİLÇAM,28.620000,0.030000,4.920000,1.000000,0.000000,69.300000,,28.000000,1.000000,0.000000,0.065000,0.400000,1.000000,35.000000,0.000000,7.500000,567.000000,89.382916,False,1.000000,1.000000,1.000000,0.508000,0.870000,0.856900,0.653500,0.940000,0.800000,0.888000,0.773200,0.920000,1.000000,,1.000000,1.000000,,,Good,54.000000,Mrk. Bornova Jandarma Komando Ambarlar Yanı,BORNOVA,2.000000,35-BS-00-01-A1*A5-K1*K122-D1*D44-S1-IY1,38.445680,27.289280,10.617084,,1.000000,9.000000,"Arsenik, Nitrit, Amonyum, Alüminyum, Demir, Klorür, İletkenlik, Oksitlenebilirlik, pH",0.000000,Good,Decision Tree,0.000000,1.000000,0.000000
2025-12-24,MEVLANA,9.940000,0.030000,4.190000,1.000000,0.000000,46.510000,,27.000000,1.000000,0.000000,0.065000,0.400000,1.000000,35.000000,0.000000,7.500000,592.000000,89.571816,False,1.000000,1.000000,1.000000,0.581000,0.870000,0.950300,0.767450,0.940000,0.800000,0.892000,0.763200,0.920000,1.000000,,1.000000,1.000000,,,Good,55.000000,1754 Sok. No:25 Asm Mevlana,BORNOVA,2.000000,35-BS-00-01-A1*A5-K1*K122-D1*D44-S1-I4,38.448220,27.230660,10.428184,,1.000000,9.000000,"Arsenik, Nitrit, Amonyum, Alüminyum, Demir, Klorür, İletkenlik, Oksitlenebilirlik, pH",0.000000,Good,Decision Tree,0.000000,1.000000,0.000000
2025-12-24,YEŞİLOVA,9.150000,0.030000,4.230000,1.000000,0.000000,45.600000,,27.000000,1.000000,0.000000,0.065000,0.400000,1.000000,35.000000,0.000000,7.500000,591.000000,89.563731,False,1.000000,1.000000,1.000000,0.577000,0.870000,0.954250,0.772000,0.940000,0.800000,0.892000,0.763600,0.920000,1.000000,,1.000000,1.000000,,,Good,56.000000,A.İpekçi Cd. İle 4040 Sok. Kvs. Yesilova,BORNOVA,2.000000,35-BS-00-01-A1*A5-K1*K122-D1*D44-S1-I3,38.440370,27.201350,10.436269,,1.000000,9.000000,"Arsenik, Nitrit, Amonyum, Alüminyum, Demir, Klorür, İletkenlik, Oksitlenebilirlik, pH",0.000000,Good,Decision Tree,0.000000,1.000000,0.000000
2025-12-24,MERSİNLİ,9.240000,0.030000,4.340000,1.000000,0.000000,45.880000,,27.000000,1.000000,0.000000,0.065000,0.400000,1.000000,35.000000,0.000000,7.600000,590.000000,89.443368,False,1.000000,1.000000,1.000000,0.566000,0.870000,0.953800,0.770600,0.940000,0.760000,0.892000,0.764000,0.920000,1.000000,,1.000000,1.000000,,,Good,57.000000,Fatih cd. İle Beyazıt Cd. Tuğlacı Önü Mersinli,BORNOVA,2.000000,35-BS-00-01-A1*A5-K1*K122-D1*D44-S1-I14,38.440000,27.180530,10.556632,,1.000000,9.000000,"Arsenik, Nitrit, Amonyum, Alüminyum, Demir, Klorür, İletkenlik, Oksitlenebilirlik, pH",0.000000,Good,Decision Tree,0.000000,1.000000,0.000000
2025-12-24,ÇANKAYA,8.840000,0.030000,4.260000,1.000000,0.000000,32.040000,,28.000000,1.000000,0.000000,0.065000,0.400000,1.000000,35.000000,0.000000,7.600000,584.000000,89.469184,False,1.000000,1.000000,1.000000,0.574000,0.870000,0.955800,0.839800,0.940000,0.760000,0.888000,0.766400,0.920000,1.000000,,1.000000,1.000000,,,Good,59.000000,Hürriyet Bulvarı No:14/E,KONAK,8.000000,35-BS-00-04-A1*A5-K1*K122-D1*D44-S1-IY-1,38.424780,27.142050,10.530816,,1.000000,9.000000,"Arsenik, Nitrit, Amonyum, Alüminyum, Demir, Klorür, İletkenlik, Oksitlenebilirlik, pH",0.000000,Good,Decision Tree,0.000000,1.000000,0.000000
2025-12-24,TOROS,2.370000,0.030000,3.210000,1.000000,0.000000,31.760000,,36.000000,1.000000,0.000000,0.065000,0.400000,1.000000,29.000000,0.000000,7.500000,509.000000,89.803220,False,1.000000,1.000000,1.000000,0.679000,0.870000,0.988150,0.841200,0.940000,0.800000,0.856000,0.796400,0.920000,1.000000,,1.000000,1.000000,,,Good,60.000000,Dicle Cad. No:88 Aile Sağlığı Merkezi,KONAK,8.000000,35-BS-00-04-A1*A5-K1*K122-D1*D44-S1-I3,38.407410,27.183640,10.196780,,1.000000,9.000000,"Arsenik, Nitrit, Amonyum, Alüminyum, Demir, Klorür, İletkenlik, Oksitlenebilirlik, pH",0.000000,Good,Decision Tree,0.000000,1.000000,0.000000
2025-12-24,LEVENT,4.200000,0.030000,3.210000,1.000000,0.000000,26.840000,,36.000000,1.000000,0.000000,0.065000,0.400000,1.000000,29.000000,0.000000,7.500000,515.000000,89.804946,False,1.000000,1.000000,1.000000,0.679000,0.870000,0.979000,0.865800,0.940000,0.800000,0.856000,0.794000,0.920000,1.000000,,1.000000,1.000000,,,Good,61.000000,3513 İle 3514 Sok. Kvs Levent,KONAK,8.000000,35-BS-00-04-A1*A5-K1*K122-D1*D44-S1-I8,38.411300,27.163150,10.195054,,1.000000,9.000000,"Arsenik, Nitrit, Amonyum, Alüminyum, Demir, Klorür, İletkenlik, Oksitlenebilirlik, pH",0.000000,Good,Decision Tree,0.000000,1.000000,0.000000
2025-12-24,UFUK MAH,4.460000,0.030000,3.170000,1.000000,0.000000,30.450000,,36.000000,1.000000,0.000000,0.065000,0.400000,1.000000,29.000000,0.000000,7.500000,510.000000,89.811826,False,1.000000,1.000000,1.000000,0.683000,0.870000,0.977700,0.847750,0.940000,0.800000,0.856000,0.796000,0.920000,1.000000,,1.000000,1.000000,,,Good,62.000000,914 Sok. No.7/A Ufuk Mah.,BUCA,3.000000,35-BS-00-02-A1*A5-K1*K122-D1*D44-S1-I5,38.403620,27.165620,10.188174,,1.000000,9.000000,"Arsenik, Nitrit, Amonyum, Alüminyum, Demir, Klorür, İletkenlik, Oksitlenebilirlik, pH",0.000000,Good,Decision Tree,0.000000,1.000000,0.000000
2025-12-24,EVKA-1,3.350000,0.030000,2.610000,1.000000,0.000000,55.040000,,46.000000,1.000000,0.000000,0.065000,0.400000,1.000000,29.000000,0.000000,7.800000,491.000000,89.635895,False,1.000000,1.000000,1.000000,0.739000,0.870000,0.983250,0.724800,0.940000,0.680000,0.816000,0.803600,0.920000,1.000000,,1.000000,1.000000,,,Good,63.000000,Türkmenistan Cad. İle 1206 Sok.. Kvs. Evka-1,BUCA,3.000000,35-BS-00-02-A1*A5-K1*K122-D1*D44-S1-I9,38.400630,27.194670,10.364105,,1.000000,9.000000,"Arsenik, Nitrit, Amonyum, Alüminyum, Demir, Klorür, İletkenlik, Oksitlenebilirlik, pH",0.000000,Good,Decision Tree,0.000000,1.000000,0.000000
2025-12-24,ADATEPE,3.040000,0.030000,2.550000,1.000000,0.000000,55.010000,,46.000000,1.000000,0.000000,0.065000,0.400000,1.000000,29.000000,0.000000,7.800000,493.000000,89.649656,False,1.000000,1.000000,1.000000,0.745000,0.870000,0.984800,0.724950,0.940000,0.680000,0.816000,0.802800,0.920000,1.000000,,1.000000,1.000000,,,Good,64.000000,3 İle 3/8 Sok. Kvs. Adatepe,BUCA,3.000000,35-BS-00-02-A1*A5-K1*K122-D1*D44-S1-I4,38.381540,27.184940,10.350344,,1.000000,9.000000,"Arsenik, Nitrit, Amonyum, Alüminyum, Demir, Klorür, İletkenlik, Oksitlenebilirlik, pH",0.000000,Good,Decision Tree,0.000000,1.000000,0.000000
2025-12-24,KURUÇEŞME,3.220000,0.030000,2.570000,1.000000,0.000000,56.370000,,46.000000,1.000000,0.000000,0.065000,0.400000,1.000000,28.000000,0.000000,7.800000,492.000000,89.644263,False,1.000000,1.000000,1.000000,0.743000,0.870000,0.983900,0.718150,0.940000,0.680000,0.816000,0.803200,0.920000,1.000000,,1.000000,1.000000,,,Good,65.000000,Dogus Cad. İle A.Yesevi Cd. Kvs. Kuruçeşme,BUCA,3.000000,35-BS-00-02-A1*A5-K1*K122-D1*D44-S1-I2,38.372330,27.194500,10.355737,,1.000000,9.000000,"Arsenik, Nitrit, Amonyum, Alüminyum, Demir, Klorür, İletkenlik, Oksitlenebilirlik, pH",0.000000,Good,Decision Tree,0.000000,1.000000,0.000000
2025-12-24,KOZAĞAÇ,3.720000,0.030000,2.670000,1.000000,0.000000,58.060000,,46.000000,1.000000,0.000000,0.065000,0.400000,1.000000,28.000000,0.000000,7.800000,491.000000,89.620402,False,1.000000,1.000000,1.000000,0.733000,0.870000,0.981400,0.709700,0.940000,0.680000,0.816000,0.803600,0.920000,1.000000,,1.000000,1.000000,,,Good,66.000000,I.Sivri Cd. İle 254 Sok.. Kvs. Kozağaç,BUCA,3.000000,35-BS-00-02-A1*A5-K1*K122-D1*D44-S1-I8,38.377130,27.169560,10.379598,,1.000000,9.000000,"Arsenik, Nitrit, Amonyum, Alüminyum, Demir, Klorür, İletkenlik, Oksitlenebilirlik, pH",0.000000,Good,Decision Tree,0.000000,1.000000,0.000000
2025-12-24,ÇAMLIKULE,3.720000,0.030000,2.600000,1.000000,0.000000,58.260000,,46.000000,1.000000,0.000000,0.065000,0.400000,1.000000,28.000000,0.000000,7.800000,490.000000,89.636131,False,1.000000,1.000000,1.000000,0.740000,0.870000,0.981400,0.708700,0.940000,0.680000,0.816000,0.804000,0.920000,1.000000,,1.000000,1.000000,,,Good,67.000000,220 Sok. No:163/B Çamlıkule,BUCA,3.000000,35-BS-00-02-A1*A5-K1*K122-D1*D44-S1-I3,38.372280,27.171530,10.363869,,1.000000,9.000000,"Arsenik, Nitrit, Amonyum, Alüminyum, Demir, Klorür, İletkenlik, Oksitlenebilirlik, pH",0.000000,Good,Decision Tree,0.000000,1.000000,0.000000
2025-12-24,AKINCILAR,7.130000,0.030000,7.360000,1.000000,0.000000,95.380000,,26.000000,1.000000,0.000000,0.065000,0.400000,1.000000,32.000000,0.000000,7.400000,546.000000,88.924309,False,1.000000,1.000000,1.000000,0.264000,0.870000,0.964350,0.523100,0.940000,0.840000,0.896000,0.781600,0.920000,1.000000,,1.000000,1.000000,,,Good,68.000000,A.Hatboyu Cd. İle 545 Sok.. Kvs. Akıncılar,BUCA,3.000000,35-BS-00-02-A1*A5-K1*K122-D1*D44-S1-I7,38.387460,27.147600,11.075691,,1.000000,9.000000,"Arsenik, Nitrit, Amonyum, Alüminyum, Demir, Klorür, İletkenlik, Oksitlenebilirlik, pH",0.000000,Good,Decision Tree,0.000000,1.000000,0.000000
2025-12-24,UĞUR MUMCU MAH,2.760000,0.030000,2.450000,1.000000,0.000000,39.870000,,46.000000,1.000000,0.000000,0.065000,0.400000,1.000000,29.000000,0.000000,7.800000,498.000000,89.680986,False,1.000000,1.000000,1.000000,0.755000,0.870000,0.986200,0.800650,0.940000,0.680000,0.816000,0.800800,0.920000,1.000000,,1.000000,1.000000,,,Good,69.000000,5777 İle 5780 Sok. Kvs. U. Mumcu,KARABAĞLAR,59.000000,35-BS-00-30-A1*A5-K1*K122-D1*D44-S1-I1,38.381830,27.130670,10.319014,,1.000000,9.000000,"Arsenik, Nitrit, Amonyum, Alüminyum, Demir, Klorür, İletkenlik, Oksitlenebilirlik, pH",0.000000,Good,Decision Tree,0.000000,1.000000,0.000000
2025-12-24,ÇAMLIK MAH,2.930000,0.030000,2.460000,1.000000,0.000000,39.630000,,46.000000,1.000000,0.000000,0.065000,0.400000,1.000000,28.000000,0.000000,7.800000,500.000000,89.678756,False,1.000000,1.000000,1.000000,0.754000,0.870000,0.985350,0.801850,0.940000,0.680000,0.816000,0.800000,0.920000,1.000000,,1.000000,1.000000,,,Good,70.000000,4969 Sok. No:2/A Çamlık,KARABAĞLAR,59.000000,35-BS-00-30-A1*A5-K1*K122-D1*D44-S1-I2,38.366230,27.120330,10.321244,,1.000000,9.000000,"Arsenik, Nitrit, Amonyum, Alüminyum, Demir, Klorür, İletkenlik, Oksitlenebilirlik, pH",0.000000,Good,Decision Tree,0.000000,1.000000,0.000000
2025-12-24,AKTEPE,2.570000,0.030000,2.590000,1.000000,0.000000,39.410000,,46.000000,1.000000,0.000000,0.065000,0.400000,1.000000,29.000000,0.000000,7.800000,499.000000,89.649674,False,1.000000,1.000000,1.000000,0.741000,0.870000,0.987150,0.802950,0.940000,0.680000,0.816000,0.800400,0.920000,1.000000,,1.000000,1.000000,,,Good,71.000000,Altan Aydin İle 4165 Sok.. Kvs Aktepe,GAZİEMİR,5.000000,35-BS-00-25-A1*A5-K1*K122-D1*D44-S1-I5,38.352350,27.125160,10.350326,,1.000000,9.000000,"Arsenik, Nitrit, Amonyum, Alüminyum, Demir, Klorür, İletkenlik, Oksitlenebilirlik, pH",0.000000,Good,Decision Tree,0.000000,1.000000,0.000000
2025-12-24,9 EYLÜL MAH,3.200000,0.030000,2.440000,1.000000,0.000000,39.500000,,46.000000,1.000000,0.000000,0.065000,0.400000,1.000000,29.000000,0.000000,7.800000,497.000000,89.683213,False,1.000000,1.000000,1.000000,0.756000,0.870000,0.984000,0.802500,0.940000,0.680000,0.816000,0.801200,0.920000,1.000000,,1.000000,1.000000,,,Good,72.000000,Kahramanlar Cd. No:2 H. Bayram Camii,GAZİEMİR,5.000000,35-BS-00-25-A1*A5-K1*K122-D1*D44-S1-I2,38.327138,27.137154,10.316787,,1.000000,9.000000,"Arsenik, Nitrit, Amonyum, Alüminyum, Demir, Klorür, İletkenlik, Oksitlenebilirlik, pH",0.000000,Good,Decision Tree,0.000000,1.000000,0.000000
2025-12-24,BEYAZEVLER,2.880000,0.030000,2.440000,1.000000,0.000000,41.470000,,46.000000,1.000000,0.000000,0.065000,0.400000,1.000000,29.000000,0.000000,7.800000,498.000000,89.682276,False,1.000000,1.000000,1.000000,0.756000,0.870000,0.985600,0.792650,0.940000,0.680000,0.816000,0.800800,0.920000,1.000000,,1.000000,1.000000,,,Good,73.000000,514 Sok.. No:3/A Beyazevler,GAZİEMİR,5.000000,35-BS-00-25-A1*A5-K1*K122-D1*D44-S1-I3,38.341790,27.140280,10.317724,,1.000000,9.000000,"Arsenik, Nitrit, Amonyum, Alüminyum, Demir, Klorür, İletkenlik, Oksitlenebilirlik, pH",0.000000,Good,Decision Tree,0.000000,1.000000,0.000000
2025-12-24,UZUNDERE,7.090000,0.030000,6.980000,1.000000,0.000000,43.010000,,26.000000,1.000000,0.000000,0.065000,0.400000,1.000000,32.000000,0.000000,7.400000,544.000000,89.039942,False,1.000000,1.000000,1.000000,0.302000,0.870000,0.964550,0.784950,0.940000,0.840000,0.896000,0.782400,0.920000,1.000000,,1.000000,1.000000,,,Good,74.000000,Eski Izmir Cad. 3959 Kvs Uzundere,KARABAĞLAR,59.000000,35-BS-00-30-A1*A5-K1*K122-D1*D44-S1-I4,38.360060,27.104090,10.960058,,1.000000,9.000000,"Arsenik, Nitrit, Amonyum, Alüminyum, Demir, Klorür, İletkenlik, Oksitlenebilirlik, pH",0.000000,Good,Decision Tree,0.000000,1.000000,0.000000
2025-12-24,GÜZELBAHÇE,6.790000,0.030000,6.920000,1.000000,0.000000,40.640000,,26.000000,1.000000,0.000000,0.065000,0.400000,1.000000,32.000000,0.000000,7.400000,545.000000,89.055024,False,1.000000,1.000000,1.000000,0.308000,0.870000,0.966050,0.796800,0.940000,0.840000,0.896000,0.782000,0.920000,1.000000,,1.000000,1.000000,,,Good,76.000000,Mithatpaşa Caddesi No:479,GÜZELBAHÇE,6.000000,35-BS-00-28-A1*A5-K1*K122-D1*D44-S1-IY-1,38.377140,26.883660,10.944976,,1.000000,9.000000,"Arsenik, Nitrit, Amonyum, Alüminyum, Demir, Klorür, İletkenlik, Oksitlenebilirlik, pH",0.000000,Good,Decision Tree,0.000000,1.000000,0.000000
2025-12-24,İNCİRALTI,6.660000,0.030000,6.980000,1.000000,0.000000,42.620000,,26.000000,1.000000,0.000000,0.065000,0.400000,1.000000,32.000000,0.000000,7.400000,543.000000,89.040409,False,1.000000,1.000000,1.000000,0.302000,0.870000,0.966700,0.786900,0.940000,0.840000,0.896000,0.782800,0.920000,1.000000,,1.000000,1.000000,,,Good,78.000000,Başak Cd. No:16 Bahçe Cafe İnciralti,BALÇOVA,1.000000,35-BS-00-26-A1*A5-K1*K122-D1*D44-S1-I1,38.409090,27.035910,10.959591,,1.000000,9.000000,"Arsenik, Nitrit, Amonyum, Alüminyum, Demir, Klorür, İletkenlik, Oksitlenebilirlik, pH",0.000000,Good,Decision Tree,0.000000,1.000000,0.000000
2025-12-24,ESENDERE,6.170000,0.030000,6.900000,1.000000,0.000000,40.000000,,26.000000,1.000000,0.000000,0.065000,0.400000,1.000000,32.000000,0.000000,7.400000,545.000000,89.060262,False,1.000000,1.000000,1.000000,0.310000,0.870000,0.969150,0.800000,0.940000,0.840000,0.896000,0.782000,0.920000,1.000000,,1.000000,1.000000,,,Good,79.000000,52/74 İle 52/18 Sok. Kvs Esendere,KARABAĞLAR,59.000000,35-BS-00-30-A1*A5-K1*K122-D1*D44-S1-I5,38.391050,27.089590,10.939738,,1.000000,9.000000,"Arsenik, Nitrit, Amonyum, Alüminyum, Demir, Klorür, İletkenlik, Oksitlenebilirlik, pH",0.000000,Good,Decision Tree,0.000000,1.000000,0.000000
2025-12-24,KADİFEKALE,9.290000,0.030000,7.500000,1.000000,0.000000,96.340000,,26.000000,1.000000,0.000000,0.065000,0.400000,1.000000,32.000000,0.000000,7.400000,544.000000,88.890875,False,1.000000,1.000000,1.000000,0.250000,0.870000,0.953550,0.518300,0.940000,0.840000,0.896000,0.782400,0.920000,1.000000,,1.000000,1.000000,,,Good,80.000000,R.Erkutlu Şehitlik Önü No:290/A Kadifekale,KONAK,8.000000,35-BS-00-04-A1*A5-K1*K122-D1*D44-S1-I6,38.412820,27.140320,11.109125,,1.000000,9.000000,"Arsenik, Nitrit, Amonyum, Alüminyum, Demir, Klorür, İletkenlik, Oksitlenebilirlik, pH",0.000000,Good,Decision Tree,0.000000,1.000000,0.000000
2026-01-07,YENİŞEHİR,4.830000,0.030000,1.910000,1.000000,0.000000,28.190000,,27.000000,1.000000,0.000000,0.065000,0.400000,1.000000,34.000000,0.000000,7.500000,558.000000,90.101069,False,1.000000,1.000000,1.000000,0.809000,0.870000,0.975850,0.859050,0.940000,0.800000,0.892000,0.776800,0.920000,1.000000,,1.000000,1.000000,,,Good,2.000000,Gaziler Cad. No:185 İtfaiye Önü,KONAK,8.000000,35-BS-00-04-A1*A5-K1*K122-D1*D44-S1-I10,38.422640,27.153840,9.898931,,1.000000,9.000000,"Arsenik, Nitrit, Amonyum, Alüminyum, Demir, Klorür, İletkenlik, Oksitlenebilirlik, pH",0.000000,Good,Decision Tree,0.000000,1.000000,0.000000
2026-01-07,KONAK,4.400000,0.030000,1.780000,1.000000,0.000000,26.150000,,27.000000,1.000000,0.000000,0.065000,0.400000,1.000000,34.000000,0.000000,7.500000,569.000000,90.131840,False,1.000000,1.000000,1.000000,0.822000,0.870000,0.978000,0.869250,0.940000,0.800000,0.892000,0.772400,0.920000,1.000000,,1.000000,1.000000,,,Good,3.000000,854 Sok No:51/A,KONAK,8.000000,35-BS-00-04-A1*A5-K1*K122-D1*D44-S1-I5,38.420610,27.130760,9.868160,,1.000000,9.000000,"Arsenik, Nitrit, Amonyum, Alüminyum, Demir, Klorür, İletkenlik, Oksitlenebilirlik, pH",0.000000,Good,Decision Tree,0.000000,1.000000,0.000000
2026-01-07,GÜZELBAHÇE,11.980000,0.030000,6.340000,1.000000,0.000000,91.680000,,26.000000,1.000000,0.000000,0.065000,0.400000,1.000000,31.000000,0.000000,7.500000,540.000000,89.059199,False,1.000000,1.000000,1.000000,0.366000,0.870000,0.940100,0.541600,0.940000,0.800000,0.896000,0.784000,0.920000,1.000000,,1.000000,1.000000,,,Good,4.000000,Kazım Dirik Cad. No.46,GÜZELBAHÇE,6.000000,35-BS-00-28-A1*A5-K1*K122-D1*D44-S1-I1,38.363366,26.866501,10.940801,,1.000000,9.000000,"Arsenik, Nitrit, Amonyum, Alüminyum, Demir, Klorür, İletkenlik, Oksitlenebilirlik, pH",0.000000,Good,Decision Tree,0.000000,1.000000,0.000000
2026-01-07,NARLIDERE,6.820000,0.030000,4.420000,1.000000,0.000000,47.980000,,26.000000,1.000000,0.000000,0.065000,0.400000,1.000000,31.000000,0.000000,7.500000,535.000000,89.521278,False,1.000000,1.000000,1.000000,0.558000,0.870000,0.965900,0.760100,0.940000,0.800000,0.896000,0.786000,0.920000,1.000000,,1.000000,1.000000,,,Good,5.000000,İzsu Narlıdere Teknik Amirlik,NARLIDERE,9.000000,35-BS-00-27-A1*A5-K1*K122-D1*D44-S1-I2,38.394150,27.009890,10.478722,,1.000000,9.000000,"Arsenik, Nitrit, Amonyum, Alüminyum, Demir, Klorür, İletkenlik, Oksitlenebilirlik, pH",0.000000,Good,Decision Tree,0.000000,1.000000,0.000000
2026-01-07,BALÇOVA,5.700000,0.030000,2.560000,1.000000,0.000000,28.540000,,26.000000,1.000000,0.000000,0.065000,0.400000,1.000000,31.000000,0.000000,7.500000,540.000000,89.953736,False,1.000000,1.000000,1.000000,0.744000,0.870000,0.971500,0.857300,0.940000,0.800000,0.896000,0.784000,0.920000,1.000000,,1.000000,1.000000,,,Good,6.000000,M.Pasa Cad. İle Hüseyin Ögütcen Kavşağı,BALÇOVA,1.000000,35-BS-00-26-A1*A5-K1*K122-D1*D44-S1-I2,38.394150,27.038360,10.046264,,1.000000,9.000000,"Arsenik, Nitrit, Amonyum, Alüminyum, Demir, Klorür, İletkenlik, Oksitlenebilirlik, pH",0.000000,Good,Decision Tree,0.000000,1.000000,0.000000
2026-01-07,ÜÇKUYULAR,6.090000,0.030000,3.050000,1.000000,0.000000,17.890000,,26.000000,1.000000,0.000000,0.065000,0.400000,1.000000,31.000000,0.000000,7.500000,535.000000,89.848689,False,1.000000,1.000000,1.000000,0.695000,0.870000,0.969550,0.910550,0.940000,0.800000,0.896000,0.786000,0.920000,1.000000,,1.000000,1.000000,,,Good,7.000000,65/17 Sok. No:45 Yumurtacı Ahmet Camii,KARABAĞLAR,59.000000,35-BS-00-30-A1*A5-K1*K122-D1*D44-S1-I6,38.393940,27.069370,10.151311,,1.000000,9.000000,"Arsenik, Nitrit, Amonyum, Alüminyum, Demir, Klorür, İletkenlik, Oksitlenebilirlik, pH",0.000000,Good,Decision Tree,0.000000,1.000000,0.000000
2026-01-07,GÜZELYALI,4.580000,0.030000,3.180000,1.000000,0.000000,19.660000,,26.000000,1.000000,0.000000,0.065000,0.400000,1.000000,31.000000,0.000000,7.500000,545.000000,89.819092,False,1.000000,1.000000,1.000000,0.682000,0.870000,0.977100,0.901700,0.940000,0.800000,0.896000,0.782000,0.920000,1.000000,,1.000000,1.000000,,,Good,8.000000,34.Sok. No:5 TSM Güzelyalı,KONAK,8.000000,35-BS-00-04-A1*A5-K1*K122-D1*D44-S1-I11,38.398080,27.079620,10.180908,,1.000000,9.000000,"Arsenik, Nitrit, Amonyum, Alüminyum, Demir, Klorür, İletkenlik, Oksitlenebilirlik, pH",0.000000,Good,Decision Tree,0.000000,1.000000,0.000000
2026-01-07,HATAY,5.410000,0.030000,0.840000,1.000000,0.000000,12.280000,,47.000000,1.000000,0.000000,0.065000,0.400000,1.000000,30.000000,0.000000,7.800000,529.000000,90.058901,False,1.000000,1.000000,1.000000,0.916000,0.870000,0.972950,0.938600,0.940000,0.680000,0.812000,0.788400,0.920000,1.000000,,1.000000,1.000000,,,Good,9.000000,İnönü Cad. İle 100 Sok. Kavşağı,KONAK,8.000000,35-BS-00-04-A1*A5-K1*K122-D1*D44-S1-I13,38.401640,27.099450,9.941099,,1.000000,9.000000,"Arsenik, Nitrit, Amonyum, Alüminyum, Demir, Klorür, İletkenlik, Oksitlenebilirlik, pH",0.000000,Good,Decision Tree,0.000000,1.000000,0.000000
2026-01-07,YEŞİLYURT,5.490000,0.030000,1.770000,1.000000,0.000000,13.060000,,47.000000,1.000000,0.000000,0.065000,0.400000,1.000000,30.000000,0.000000,7.500000,535.000000,90.133773,False,1.000000,1.000000,1.000000,0.823000,0.870000,0.972550,0.934700,0.940000,0.800000,0.812000,0.786000,0.920000,1.000000,,1.000000,1.000000,,,Good,11.000000,Ulu Önder Cad. İle Gökdere Cad.Kavşağı,KARABAĞLAR,59.000000,35-BS-00-30-A1*A5-K1*K122-D1*D44-S1-I7,38.404270,27.113010,9.866227,,1.000000,9.000000,"Arsenik, Nitrit, Amonyum, Alüminyum, Demir, Klorür, İletkenlik, Oksitlenebilirlik, pH",0.000000,Good,Decision Tree,0.000000,1.000000,0.000000
2026-01-07,KARABAĞLAR,5.640000,0.030000,0.780000,1.000000,0.000000,13.850000,,47.000000,1.000000,0.000000,0.065000,0.400000,1.000000,30.000000,0.000000,7.500000,535.000000,90.357241,False,1.000000,1.000000,1.000000,0.922000,0.870000,0.971800,0.930750,0.940000,0.800000,0.812000,0.786000,0.920000,1.000000,,1.000000,1.000000,,,Good,13.000000,4058 Sok. İle 4056 Sok. Kavşağı,KARABAĞLAR,59.000000,35-BS-00-30-A1*A5-K1*K122-D1*D44-S1-I8,38.374260,27.134100,9.642759,,1.000000,9.000000,"Arsenik, Nitrit, Amonyum, Alüminyum, Demir, Klorür, İletkenlik, Oksitlenebilirlik, pH",0.000000,Good,Decision Tree,0.000000,1.000000,0.000000
2026-01-07,ESKİ İZMİR,5.470000,0.030000,0.750000,1.000000,0.000000,12.530000,,47.000000,1.000000,0.000000,0.065000,0.400000,1.000000,30.000000,0.000000,7.500000,535.000000,90.364871,False,1.000000,1.000000,1.000000,0.925000,0.870000,0.972650,0.937350,0.940000,0.800000,0.812000,0.786000,0.920000,1.000000,,1.000000,1.000000,,,Good,14.000000,Eski Izmir Cad. No:562/A Kahve,KARABAĞLAR,59.000000,35-BS-00-30-A1*A5-K1*K122-D1*D44-S1-I3,38.376220,27.107190,9.635129,,1.000000,9.000000,"Arsenik, Nitrit, Amonyum, Alüminyum, Demir, Klorür, İletkenlik, Oksitlenebilirlik, pH",0.000000,Good,Decision Tree,0.000000,1.000000,0.000000
2026-01-07,GAZİEMİR,5.250000,0.030000,0.750000,1.000000,0.000000,12.810000,,47.000000,1.000000,0.000000,0.065000,0.400000,1.000000,31.000000,0.000000,7.500000,529.000000,90.364859,False,1.000000,1.000000,1.000000,0.925000,0.870000,0.973750,0.935950,0.940000,0.800000,0.812000,0.788400,0.920000,1.000000,,1.000000,1.000000,,,Good,15.000000,Abdullah Arda Meydanı No:29 Arkadaşlar Kahvesi,GAZİEMİR,5.000000,35-BS-00-25-A1*A5-K1*K122-D1*D44-S1-I4-Y1,38.321780,27.126430,9.635141,,1.000000,9.000000,"Arsenik, Nitrit, Amonyum, Alüminyum, Demir, Klorür, İletkenlik, Oksitlenebilirlik, pH",0.000000,Good,Decision Tree,0.000000,1.000000,0.000000
2026-01-07,GEDİZ,9.990000,0.030000,2.560000,1.000000,0.000000,69.200000,,51.000000,1.000000,0.000000,0.065000,0.400000,1.000000,23.000000,0.000000,7.500000,451.000000,89.919582,False,1.000000,1.000000,1.000000,0.744000,0.870000,0.950050,0.654000,0.940000,0.800000,0.796000,0.819600,0.920000,1.000000,,1.000000,1.000000,,,Good,16.000000,682/4 Sok. No:2 Gediz,BUCA,3.000000,35-BS-00-02-A1*A5-K1*K122-D1*D44-S1-I10,38.361880,27.144380,10.080418,,1.000000,9.000000,"Arsenik, Nitrit, Amonyum, Alüminyum, Demir, Klorür, İletkenlik, Oksitlenebilirlik, pH",0.000000,Good,Decision Tree,0.000000,1.000000,0.000000
2026-01-07,ŞİRİNYER,6.000000,0.030000,1.960000,1.000000,0.000000,36.900000,,51.000000,1.000000,0.000000,0.065000,0.400000,1.000000,23.000000,0.000000,7.500000,453.000000,90.075859,False,1.000000,1.000000,1.000000,0.804000,0.870000,0.970000,0.815500,0.940000,0.800000,0.796000,0.818800,0.920000,1.000000,,1.000000,1.000000,,,Good,17.000000,Koşuyolu Cad. Efeler Mah. No:41 Avni Naili Limboz Camii,BUCA,3.000000,35-BS-00-02-A1*A5-K1*K122-D1*D44-S1-I6,38.391680,27.150310,9.924141,,1.000000,9.000000,"Arsenik, Nitrit, Amonyum, Alüminyum, Demir, Klorür, İletkenlik, Oksitlenebilirlik, pH",0.000000,Good,Decision Tree,0.000000,1.000000,0.000000
2026-01-07,BUCA,6.920000,0.030000,2.050000,1.000000,0.000000,45.820000,,51.000000,1.000000,0.000000,0.065000,0.400000,1.000000,24.000000,0.000000,7.500000,451.000000,90.049936,False,1.000000,1.000000,1.000000,0.795000,0.870000,0.965400,0.770900,0.940000,0.800000,0.796000,0.819600,0.920000,1.000000,,1.000000,1.000000,,,Good,18.000000,Başarı Cad.İle 170. Sok.Kavşağı,BUCA,3.000000,35-BS-00-02-A1*A5-K1*K122-D1*D44-S1-I1,38.389300,27.176440,9.950064,,1.000000,9.000000,"Arsenik, Nitrit, Amonyum, Alüminyum, Demir, Klorür, İletkenlik, Oksitlenebilirlik, pH",0.000000,Good,Decision Tree,0.000000,1.000000,0.000000
2026-01-07,GÜLÇEŞME,11.380000,0.030000,2.960000,1.000000,0.000000,84.420000,,51.000000,1.000000,0.000000,0.065000,0.400000,1.000000,23.000000,0.000000,7.500000,450.000000,89.819685,False,1.000000,1.000000,1.000000,0.704000,0.870000,0.943100,0.577900,0.940000,0.800000,0.796000,0.820000,0.920000,1.000000,,1.000000,1.000000,,,Good,19.000000,3586 Sok. No:1 Gürçeşme,KONAK,8.000000,35-BS-00-04-A1*A5-K1*K122-D1*D44-S1-I15,38.404510,27.151350,10.180315,,1.000000,9.000000,"Arsenik, Nitrit, Amonyum, Alüminyum, Demir, Klorür, İletkenlik, Oksitlenebilirlik, pH",0.000000,Good,Decision Tree,0.000000,1.000000,0.000000
2026-01-07,GÜLTEPE,6.040000,0.030000,1.980000,1.000000,0.000000,37.330000,,51.000000,1.000000,0.000000,0.065000,0.400000,1.000000,23.000000,0.000000,7.500000,450.000000,90.071079,False,1.000000,1.000000,1.000000,0.802000,0.870000,0.969800,0.813350,0.940000,0.800000,0.796000,0.820000,0.920000,1.000000,,1.000000,1.000000,,,Good,20.000000,Selimiye Cad. No:30/B Gültepe,KONAK,8.000000,35-BS-00-04-A1*A5-K1*K122-D1*D44-S1-I16,38.416220,27.172680,9.928921,,1.000000,9.000000,"Arsenik, Nitrit, Amonyum, Alüminyum, Demir, Klorür, İletkenlik, Oksitlenebilirlik, pH",0.000000,Good,Decision Tree,0.000000,1.000000,0.000000
2026-01-07,ALTINDAĞ,13.330000,0.030000,6.110000,1.000000,0.000000,48.270000,,27.000000,1.000000,0.000000,0.065000,0.400000,1.000000,34.000000,0.000000,7.600000,589.000000,89.039224,False,1.000000,1.000000,1.000000,0.389000,0.870000,0.933350,0.758650,0.940000,0.760000,0.892000,0.764400,0.920000,1.000000,,1.000000,1.000000,,,Good,21.000000,Kemalpaşa Cad. No: 46,BORNOVA,2.000000,35-BS-00-01-A1*A5-K1*K122-D1*D44-S1-I9,38.425580,27.202560,10.960776,,1.000000,9.000000,"Arsenik, Nitrit, Amonyum, Alüminyum, Demir, Klorür, İletkenlik, Oksitlenebilirlik, pH",0.000000,Good,Decision Tree,0.000000,1.000000,0.000000
2026-01-07,ÇAMDİBİ,13.350000,0.030000,6.110000,1.000000,0.000000,48.460000,,27.000000,1.000000,0.000000,0.065000,0.400000,1.000000,34.000000,0.000000,7.600000,590.000000,89.039101,False,1.000000,1.000000,1.000000,0.389000,0.870000,0.933250,0.757700,0.940000,0.760000,0.892000,0.764000,0.920000,1.000000,,1.000000,1.000000,,,Good,22.000000,5227 Sok. No:35/C Çamdibi,BORNOVA,2.000000,35-BS-00-01-A1*A5-K1*K122-D1*D44-S1-I12,38.435530,27.191010,10.960899,,1.000000,9.000000,"Arsenik, Nitrit, Amonyum, Alüminyum, Demir, Klorür, İletkenlik, Oksitlenebilirlik, pH",0.000000,Good,Decision Tree,0.000000,1.000000,0.000000
2026-01-07,IŞIKKENT,15.060000,0.030000,5.400000,1.000000,0.000000,28.190000,,27.000000,1.000000,0.000000,0.065000,0.400000,1.000000,34.000000,0.000000,7.600000,591.000000,89.210242,False,1.000000,1.000000,1.000000,0.460000,0.870000,0.924700,0.859050,0.940000,0.760000,0.892000,0.763600,0.920000,1.000000,,1.000000,1.000000,,,Good,23.000000,Cumhuriyet Meydanı No:16  Işıkkent,BORNOVA,2.000000,35-BS-00-01-A1*A5-K1*K122-D1*D44-S1-I8,38.424540,27.230760,10.789758,,1.000000,9.000000,"Arsenik, Nitrit, Amonyum, Alüminyum, Demir, Klorür, İletkenlik, Oksitlenebilirlik, pH",0.000000,Good,Decision Tree,0.000000,1.000000,0.000000
2026-01-07,PINARBAŞI,14.880000,0.030000,5.350000,1.000000,0.000000,26.870000,,27.000000,1.000000,0.000000,0.065000,0.400000,1.000000,33.000000,0.000000,7.600000,592.000000,89.222400,False,1.000000,1.000000,1.000000,0.465000,0.870000,0.925600,0.865650,0.940000,0.760000,0.892000,0.763200,0.920000,1.000000,,1.000000,1.000000,,,Good,24.000000,Çanakkale Cad.İle 7057 Sok KavsağıPınarbaşı,BORNOVA,2.000000,35-BS-00-01-A1*A5-K1*K122-D1*D44-S1-I10,38.429880,27.266470,10.777600,,1.000000,9.000000,"Arsenik, Nitrit, Amonyum, Alüminyum, Demir, Klorür, İletkenlik, Oksitlenebilirlik, pH",0.000000,Good,Decision Tree,0.000000,1.000000,0.000000
2026-01-07,EVKA-3,12.260000,0.030000,6.090000,1.000000,0.000000,47.600000,,27.000000,1.000000,0.000000,0.065000,0.400000,1.000000,34.000000,0.000000,7.600000,588.000000,89.044737,False,1.000000,1.000000,1.000000,0.391000,0.870000,0.938700,0.762000,0.940000,0.760000,0.892000,0.764800,0.920000,1.000000,,1.000000,1.000000,,,Good,25.000000,Şehitler Cad. No:22 H.Mustafa Gökdemir Camii Evka-3,BORNOVA,2.000000,35-BS-00-01-A1*A5-K1*K122-D1*D44-S1-I2,38.473220,27.250940,10.955263,,1.000000,9.000000,"Arsenik, Nitrit, Amonyum, Alüminyum, Demir, Klorür, İletkenlik, Oksitlenebilirlik, pH",0.000000,Good,Decision Tree,0.000000,1.000000,0.000000
2026-01-07,BORNOVA,13.540000,0.030000,6.050000,1.000000,0.000000,49.360000,,27.000000,1.000000,0.000000,0.065000,0.400000,1.000000,34.000000,0.000000,7.600000,590.000000,89.052060,False,1.000000,1.000000,1.000000,0.395000,0.870000,0.932300,0.753200,0.940000,0.760000,0.892000,0.764000,0.920000,1.000000,,1.000000,1.000000,,,Good,26.000000,Ege Üni.Kampüsü İtfaiye Çeşmesi/İzsu Teknik Amirlik,BORNOVA,2.000000,35-BS-00-01-A1*A5-K1*K122-D1*D44-S1-I11,38.460950,27.228200,10.947940,,1.000000,9.000000,"Arsenik, Nitrit, Amonyum, Alüminyum, Demir, Klorür, İletkenlik, Oksitlenebilirlik, pH",0.000000,Good,Decision Tree,0.000000,1.000000,0.000000
2026-01-07,ATATÜRK MAH,12.680000,0.030000,5.430000,1.000000,0.000000,24.520000,,27.000000,1.000000,0.000000,0.065000,0.600000,1.000000,35.000000,0.000000,7.600000,590.000000,89.025871,False,1.000000,1.000000,1.000000,0.457000,0.870000,0.936600,0.877400,0.940000,0.760000,0.892000,0.764000,0.880000,1.000000,,1.000000,1.000000,,,Good,27.000000,Hürriyet Cad. Polis Mer. No:86 Atatürk,BORNOVA,2.000000,35-BS-00-01-A1*A5-K1*K122-D1*D44-S1-I13,38.475820,27.208680,10.974129,,1.000000,9.000000,"Arsenik, Nitrit, Amonyum, Alüminyum, Demir, Klorür, İletkenlik, Oksitlenebilirlik, pH",0.000000,Good,Decision Tree,0.000000,1.000000,0.000000
2026-01-07,OSMANGAZİ,12.600000,0.030000,5.540000,1.000000,0.000000,24.830000,,27.000000,1.000000,0.000000,0.065000,0.600000,1.000000,34.000000,0.000000,7.600000,595.000000,89.000834,False,1.000000,1.000000,1.000000,0.446000,0.870000,0.937000,0.875850,0.940000,0.760000,0.892000,0.762000,0.880000,1.000000,,1.000000,1.000000,,,Good,28.000000,Yavuz Cad. 241/C  Osmangazi,BAYRAKLI,60.000000,35-BS-00-29-A1*A5-K1*K122-D1*D44-S1-I6,38.475430,27.187450,10.999166,,1.000000,9.000000,"Arsenik, Nitrit, Amonyum, Alüminyum, Demir, Klorür, İletkenlik, Oksitlenebilirlik, pH",0.000000,Good,Decision Tree,0.000000,1.000000,0.000000
2026-01-07,ÖZKANLAR,11.930000,0.030000,5.450000,1.000000,0.000000,66.280000,,27.000000,1.000000,0.000000,0.065000,0.600000,1.000000,34.000000,0.000000,7.600000,594.000000,88.998133,False,1.000000,1.000000,1.000000,0.455000,0.870000,0.940350,0.668600,0.940000,0.760000,0.892000,0.762400,0.880000,1.000000,,1.000000,1.000000,,,Good,29.000000,273/4 No:6 Aile Sağlığı Merkezi Özkanlar,BAYRAKLI,60.000000,35-BS-00-29-A1*A5-K1*K122-D1*D44-S1-I10,38.458040,27.191060,11.001867,,1.000000,9.000000,"Arsenik, Nitrit, Amonyum, Alüminyum, Demir, Klorür, İletkenlik, Oksitlenebilirlik, pH",0.000000,Good,Decision Tree,0.000000,1.000000,0.000000
2026-01-07,MANAVKUYU,12.560000,0.030000,5.590000,1.000000,0.000000,25.550000,,27.000000,1.000000,0.000000,0.065000,0.600000,1.000000,34.000000,0.000000,7.600000,593.000000,88.989143,False,1.000000,1.000000,1.000000,0.441000,0.870000,0.937200,0.872250,0.940000,0.760000,0.892000,0.762800,0.880000,1.000000,,1.000000,1.000000,,,Good,30.000000,Sakarya Cad.No:112 Manavkuyu,BAYRAKLI,60.000000,35-BS-00-29-A1*A5-K1*K122-D1*D44-S1-I8,38.457390,27.186910,11.010857,,1.000000,9.000000,"Arsenik, Nitrit, Amonyum, Alüminyum, Demir, Klorür, İletkenlik, Oksitlenebilirlik, pH",0.000000,Good,Decision Tree,0.000000,1.000000,0.000000
2026-01-07,EGEKENT,13.910000,0.030000,6.040000,1.000000,0.000000,24.830000,,40.000000,1.000000,0.000000,0.065000,0.600000,1.000000,34.000000,0.100000,7.700000,659.000000,88.786756,False,1.000000,1.000000,1.000000,0.396000,0.870000,0.930450,0.875850,0.940000,0.720000,0.840000,0.736400,0.880000,1.000000,,1.000000,1.000000,,,Good,32.000000,8819 Sok. No:13 Egekent,ÇİĞLİ,4.000000,35-BS-00-24-A1*A5-K1*K122-D1*D44-S1-I7,38.504140,27.058100,11.213244,,1.000000,9.000000,"Arsenik, Nitrit, Amonyum, Alüminyum, Demir, Klorür, İletkenlik, Oksitlenebilirlik, pH",0.000000,Good,Decision Tree,0.000000,1.000000,0.000000
2026-01-07,BALATÇIK,14.160000,0.030000,6.040000,1.000000,0.000000,22.640000,,40.000000,1.000000,0.000000,0.065000,0.600000,1.000000,34.000000,0.100000,7.700000,655.000000,88.787868,False,1.000000,1.000000,1.000000,0.396000,0.870000,0.929200,0.886800,0.940000,0.720000,0.840000,0.738000,0.880000,1.000000,,1.000000,1.000000,,,Good,33.000000,8790/5 Sok. 9 Eylül Camii Balatçık,ÇİĞLİ,4.000000,35-BS-00-24-A1*A5-K1*K122-D1*D44-S1-I2-Y1,38.511900,27.045600,11.212132,,1.000000,9.000000,"Arsenik, Nitrit, Amonyum, Alüminyum, Demir, Klorür, İletkenlik, Oksitlenebilirlik, pH",0.000000,Good,Decision Tree,0.000000,1.000000,0.000000
2026-01-07,ÇİĞLİ,14.320000,0.030000,5.960000,1.000000,0.000000,19.540000,,40.000000,1.000000,0.000000,0.065000,0.600000,1.000000,34.000000,0.100000,7.700000,655.000000,88.807632,False,1.000000,1.000000,1.000000,0.404000,0.870000,0.928400,0.902300,0.940000,0.720000,0.840000,0.738000,0.880000,1.000000,,1.000000,1.000000,,,Good,34.000000,8022/1 Sok. No:8/1-B Ataşehir,ÇİĞLİ,4.000000,35-BS-00-24-A1*A5-K1*K122-D1*D44-S1-I3-IY1,38.492860,27.060890,11.192368,,1.000000,9.000000,"Arsenik, Nitrit, Amonyum, Alüminyum, Demir, Klorür, İletkenlik, Oksitlenebilirlik, pH",0.000000,Good,Decision Tree,0.000000,1.000000,0.000000
2026-01-07,BOSTANLI,12.430000,0.030000,5.640000,1.000000,0.000000,26.710000,,27.000000,1.000000,0.000000,0.065000,0.600000,1.000000,33.000000,0.000000,7.600000,593.000000,88.977247,False,1.000000,1.000000,1.000000,0.436000,0.870000,0.937850,0.866450,0.940000,0.760000,0.892000,0.762800,0.880000,1.000000,,1.000000,1.000000,,,Good,35.000000,1799 Sok No:14 Bostanlı,KARŞIYAKA,7.000000,35-BS-00-03-A1*A5-K1*K122-D1*D44-S1-I7,38.457730,27.098860,11.022753,,1.000000,9.000000,"Arsenik, Nitrit, Amonyum, Alüminyum, Demir, Klorür, İletkenlik, Oksitlenebilirlik, pH",0.000000,Good,Decision Tree,0.000000,1.000000,0.000000
2026-01-07,ŞEMİKLER,13.590000,0.030000,5.580000,1.000000,0.000000,29.210000,,27.000000,1.000000,0.000000,0.065000,0.600000,1.000000,33.000000,0.000000,7.600000,595.000000,88.988746,False,1.000000,1.000000,1.000000,0.442000,0.870000,0.932050,0.853950,0.940000,0.760000,0.892000,0.762000,0.880000,1.000000,,1.000000,1.000000,,,Good,36.000000,6276 Sok.İle 6279 Sok Kavşağı,KARŞIYAKA,7.000000,35-BS-00-03-A1*A5-K1*K122-D1*D44-S1-I4,38.477100,27.093760,11.011254,,1.000000,9.000000,"Arsenik, Nitrit, Amonyum, Alüminyum, Demir, Klorür, İletkenlik, Oksitlenebilirlik, pH",0.000000,Good,Decision Tree,0.000000,1.000000,0.000000
2026-01-07,KARŞIYAKA,13.810000,0.030000,5.560000,1.000000,0.000000,30.480000,,27.000000,1.000000,0.000000,0.065000,0.600000,1.000000,32.000000,0.000000,7.600000,593.000000,88.992435,False,1.000000,1.000000,1.000000,0.444000,0.870000,0.930950,0.847600,0.940000,0.760000,0.892000,0.762800,0.880000,1.000000,,1.000000,1.000000,,,Good,37.000000,Atatürk Cad. İle Zübeyde Hanim Cad.Kavşağı,KARŞIYAKA,7.000000,35-BS-00-03-A1*A5-K1*K122-D1*D44-S1-I5,38.461670,27.116100,11.007565,,1.000000,9.000000,"Arsenik, Nitrit, Amonyum, Alüminyum, Demir, Klorür, İletkenlik, Oksitlenebilirlik, pH",0.000000,Good,Decision Tree,0.000000,1.000000,0.000000
2026-01-07,EVKA-2,14.110000,0.030000,5.970000,1.000000,0.000000,20.610000,,40.000000,1.000000,0.000000,0.065000,0.600000,1.000000,34.000000,0.100000,7.700000,656.000000,88.804879,False,1.000000,1.000000,1.000000,0.403000,0.870000,0.929450,0.896950,0.940000,0.720000,0.840000,0.737600,0.880000,1.000000,,1.000000,1.000000,,,Good,38.000000,6800 Sok. No:9 Sağlık Ocağı Evka 2,ÇİĞLİ,4.000000,35-BS-00-24-A1*A5-K1*K122-D1*D44-S1-I5,38.499050,27.087510,11.195121,,1.000000,9.000000,"Arsenik, Nitrit, Amonyum, Alüminyum, Demir, Klorür, İletkenlik, Oksitlenebilirlik, pH",0.000000,Good,Decision Tree,0.000000,1.000000,0.000000
2026-01-07,ÖRNEKKÖY,24.520000,0.030000,4.870000,1.000000,0.000000,140.700000,,31.000000,1.000000,0.000000,0.065000,0.600000,1.000000,30.000000,0.100000,7.600000,621.000000,89.078602,False,1.000000,1.000000,1.000000,0.513000,0.870000,0.877400,0.296500,0.940000,0.760000,0.876000,0.751600,0.880000,1.000000,,1.000000,1.000000,,,Good,39.000000,Başpehlivan Kara Ali Cad. No:25/A,KARŞIYAKA,7.000000,35-BS-00-03-A1*A5-K1*K122-D1*D44-S1-I6,38.482130,27.111060,10.921398,,1.000000,9.000000,"Arsenik, Nitrit, Amonyum, Alüminyum, Demir, Klorür, İletkenlik, Oksitlenebilirlik, pH",0.000000,Good,Decision Tree,0.000000,1.000000,0.000000
2026-01-07,GÜMÜŞPALA,30.400000,0.030000,6.510000,1.000000,0.000000,195.800000,,31.000000,1.000000,0.000000,0.065000,0.600000,1.000000,33.000000,0.100000,7.600000,623.000000,88.673032,False,1.000000,1.000000,1.000000,0.349000,0.870000,0.848000,0.021000,0.940000,0.760000,0.876000,0.750800,0.880000,1.000000,,1.000000,1.000000,,,Good,40.000000,7019 Sok. No:20/3 Merkez Cami Gümüşpala,BAYRAKLI,60.000000,35-BS-00-29-A1*A5-K1*K122-D1*D44-S1-I7,38.479310,27.109960,11.326968,,1.000000,9.000000,"Arsenik, Nitrit, Amonyum, Alüminyum, Demir, Klorür, İletkenlik, Oksitlenebilirlik, pH",0.000000,Good,Decision Tree,0.000000,1.000000,0.000000
2026-01-14,DOĞANÇAY,12.170000,0.030000,4.180000,1.000000,0.000000,41.020000,,35.000000,1.000000,0.000000,0.065000,0.600000,1.000000,35.000000,0.100000,7.800000,635.000000,89.106058,False,1.000000,1.000000,1.000000,0.582000,0.870000,0.939150,0.794900,0.940000,0.680000,0.860000,0.746000,0.880000,1.000000,,1.000000,1.000000,,,Good,41.000000,7191 Sok. No:1/A Doğançay,BAYRAKLI,60.000000,35-BS-00-29-A1*A5-K1*K122-D1*D44-S1-I1,38.495500,27.155140,10.893942,,1.000000,9.000000,"Arsenik, Nitrit, Amonyum, Alüminyum, Demir, Klorür, İletkenlik, Oksitlenebilirlik, pH",0.000000,Good,Decision Tree,0.000000,1.000000,0.000000
2026-01-14,YAMANLAR,9.440000,0.030000,3.330000,1.000000,0.000000,27.750000,,39.000000,1.000000,0.000000,0.065000,0.600000,1.000000,32.000000,0.000000,7.800000,586.000000,89.306160,False,1.000000,1.000000,1.000000,0.667000,0.870000,0.952800,0.861250,0.940000,0.680000,0.844000,0.765600,0.880000,1.000000,,1.000000,1.000000,,,Good,42.000000,7348 Sok. No:2 Polis Merkezi Yamanlar,BAYRAKLI,60.000000,35-BS-00-29-A1*A5-K1*K122-D1*D44-S1-I2,38.481110,27.132940,10.693840,,1.000000,9.000000,"Arsenik, Nitrit, Amonyum, Alüminyum, Demir, Klorür, İletkenlik, Oksitlenebilirlik, pH",0.000000,Good,Decision Tree,0.000000,1.000000,0.000000
2026-01-14,POSTACI MAH,8.530000,0.030000,3.360000,1.000000,0.000000,29.460000,,40.000000,1.000000,0.000000,0.065000,0.600000,1.000000,32.000000,0.000000,7.800000,585.000000,89.298561,False,1.000000,1.000000,1.000000,0.664000,0.870000,0.957350,0.852700,0.940000,0.680000,0.840000,0.766000,0.880000,1.000000,,1.000000,1.000000,,,Good,43.000000,7659/2 Sok. No:1/B Postacılar Mah.,BAYRAKLI,60.000000,35-BS-00-29-A1*A5*-K1*K122-D1*D44-S1-I3-IY1,38.482170,27.119910,10.701439,,1.000000,9.000000,"Arsenik, Nitrit, Amonyum, Alüminyum, Demir, Klorür, İletkenlik, Oksitlenebilirlik, pH",0.000000,Good,Decision Tree,0.000000,1.000000,0.000000
2026-01-14,YAMAÇ MAH,8.780000,0.030000,3.100000,1.000000,0.000000,29.980000,,39.000000,1.000000,0.000000,0.065000,0.600000,1.000000,33.000000,0.000000,7.800000,588.000000,89.357305,False,1.000000,1.000000,1.000000,0.690000,0.870000,0.956100,0.850100,0.940000,0.680000,0.844000,0.764800,0.880000,1.000000,,1.000000,1.000000,,,Good,44.000000,6730 Sok. No:6/A Yamaç Mah.,KARŞIYAKA,7.000000,35-BS-00-03-A1*A5-K1*K122-D1*D44-S1-I1,38.483710,27.099770,10.642695,,1.000000,9.000000,"Arsenik, Nitrit, Amonyum, Alüminyum, Demir, Klorür, İletkenlik, Oksitlenebilirlik, pH",0.000000,Good,Decision Tree,0.000000,1.000000,0.000000
2026-01-14,CUMHURİYET MAH,8.890000,0.030000,3.290000,1.000000,0.000000,32.200000,,39.000000,1.000000,0.000000,0.065000,0.600000,1.000000,32.000000,0.000000,7.800000,584.000000,89.313011,False,1.000000,1.000000,1.000000,0.671000,0.870000,0.955550,0.839000,0.940000,0.680000,0.844000,0.766400,0.880000,1.000000,,1.000000,1.000000,,,Good,45.000000,Alim Dağhan Cd. İle 6716 Sok. Kvs.,KARŞIYAKA,7.000000,35-BS-00-03-A1*A5-K1*K122-D1*D44-S1-I2,38.485320,27.096540,10.686989,,1.000000,9.000000,"Arsenik, Nitrit, Amonyum, Alüminyum, Demir, Klorür, İletkenlik, Oksitlenebilirlik, pH",0.000000,Good,Decision Tree,0.000000,1.000000,0.000000
2026-01-14,GÜZELTEPE,8.270000,0.030000,3.190000,1.000000,0.000000,31.300000,,30.000000,1.000000,0.000000,0.065000,0.600000,1.000000,32.000000,0.000000,7.800000,586.000000,89.339748,False,1.000000,1.000000,1.000000,0.681000,0.870000,0.958650,0.843500,0.940000,0.680000,0.880000,0.765600,0.880000,1.000000,,1.000000,1.000000,,,Good,46.000000,8172 Sok. No:90/1 Güzeltepe,ÇİĞLİ,4.000000,35-BS-00-24-A1*A5-K1*K122-D1*D44-S1-I4-IY1,38.502720,27.077990,10.660252,,1.000000,9.000000,"Arsenik, Nitrit, Amonyum, Alüminyum, Demir, Klorür, İletkenlik, Oksitlenebilirlik, pH",0.000000,Good,Decision Tree,0.000000,1.000000,0.000000
2026-01-14,EVKA-5,2.790000,0.030000,3.560000,1.000000,0.000000,36.100000,,39.000000,1.000000,0.000000,0.065000,0.600000,1.000000,34.000000,0.100000,7.700000,646.000000,89.348209,False,1.000000,1.000000,1.000000,0.644000,0.870000,0.986050,0.819500,0.940000,0.720000,0.844000,0.741600,0.880000,1.000000,,1.000000,1.000000,,,Good,47.000000,8809 Sok. No:141/A Evka-5,ÇİĞLİ,4.000000,35-BS-00-24-A1*A5-K1*K122-D1*D44-S1-I8-IY1,38.518190,27.056590,10.651791,,1.000000,9.000000,"Arsenik, Nitrit, Amonyum, Alüminyum, Demir, Klorür, İletkenlik, Oksitlenebilirlik, pH",0.000000,Good,Decision Tree,0.000000,1.000000,0.000000
2026-01-14,EGEKENT-2,9.030000,0.030000,3.400000,1.000000,0.000000,42.050000,,41.000000,1.000000,0.000000,0.065000,0.600000,1.000000,32.000000,0.100000,7.600000,649.000000,89.472048,False,1.000000,1.000000,1.000000,0.660000,0.870000,0.954850,0.789750,0.940000,0.760000,0.836000,0.740400,0.880000,1.000000,,1.000000,1.000000,,,Good,48.000000,8818 Sok. No:38 6 Nolu Sağlık Ocağı Egekent,ÇİĞLİ,4.000000,35-BS-00-24-A1*A5-K1*K122-D1*D44-S1-I6,38.555690,27.049780,10.527952,,1.000000,9.000000,"Arsenik, Nitrit, Amonyum, Alüminyum, Demir, Klorür, İletkenlik, Oksitlenebilirlik, pH",0.000000,Good,Decision Tree,0.000000,1.000000,0.000000
2026-01-14,ALAYBEY,8.310000,0.030000,3.050000,1.000000,0.000000,32.850000,,40.000000,1.000000,0.000000,0.065000,0.600000,1.000000,32.000000,0.000000,7.800000,587.000000,89.366902,False,1.000000,1.000000,1.000000,0.695000,0.870000,0.958450,0.835750,0.940000,0.680000,0.840000,0.765200,0.880000,1.000000,,1.000000,1.000000,,,Good,49.000000,1643/7 Sok. No:8 Adalet Mah.,BAYRAKLI,60.000000,35-BS-00-03-A1*A5-K1*K122-D1*D44-S1-13-IY1,38.466750,27.159340,10.633098,,1.000000,9.000000,"Arsenik, Nitrit, Amonyum, Alüminyum, Demir, Klorür, İletkenlik, Oksitlenebilirlik, pH",0.000000,Good,Decision Tree,0.000000,1.000000,0.000000
2026-01-14,CENGİZHAN,9.460000,0.030000,3.780000,1.000000,0.000000,42.270000,,36.000000,1.000000,0.000000,0.065000,0.600000,1.000000,31.000000,0.100000,7.600000,628.000000,89.387587,False,1.000000,1.000000,1.000000,0.622000,0.870000,0.952700,0.788650,0.940000,0.760000,0.856000,0.748800,0.880000,1.000000,,1.000000,1.000000,,,Good,50.000000,1620/19 İle 1620/39 Sok. Kavsağı Cengizhan,BAYRAKLI,60.000000,35-BS-00-29-A1*A5-K1*K122-D1*D44-S1-I4,38.473400,27.158880,10.612413,,1.000000,9.000000,"Arsenik, Nitrit, Amonyum, Alüminyum, Demir, Klorür, İletkenlik, Oksitlenebilirlik, pH",0.000000,Good,Decision Tree,0.000000,1.000000,0.000000
2026-01-14,ÇAY MAH,8.430000,0.030000,3.630000,1.000000,0.000000,43.670000,,36.000000,1.000000,0.000000,0.065000,0.600000,1.000000,31.000000,0.100000,7.600000,622.000000,89.421339,False,1.000000,1.000000,1.000000,0.637000,0.870000,0.957850,0.781650,0.940000,0.760000,0.856000,0.751200,0.880000,1.000000,,1.000000,1.000000,,,Good,51.000000,Hakan Uysal Cad. No:273/1 Çay Mahallesi,BAYRAKLI,60.000000,35-BS-00-29-A1*A5-K1*K122-D1*D44-S1-I5,38.470860,27.180440,10.578661,,1.000000,9.000000,"Arsenik, Nitrit, Amonyum, Alüminyum, Demir, Klorür, İletkenlik, Oksitlenebilirlik, pH",0.000000,Good,Decision Tree,0.000000,1.000000,0.000000
2026-01-14,İZYUVA,7.380000,0.030000,2.750000,1.000000,0.000000,40.930000,,40.000000,1.000000,0.000000,0.065000,0.600000,1.000000,33.000000,0.000000,7.800000,580.000000,89.430761,False,1.000000,1.000000,1.000000,0.725000,0.870000,0.963100,0.795350,0.940000,0.680000,0.840000,0.768000,0.880000,1.000000,,1.000000,1.000000,,,Good,52.000000,113/19 Sok. No:10 İzyuva,BORNOVA,2.000000,35-BS-00-01-A1*A5-K1*K122-D1*D44-S1-I7,38.464570,27.249790,10.569239,,1.000000,9.000000,"Arsenik, Nitrit, Amonyum, Alüminyum, Demir, Klorür, İletkenlik, Oksitlenebilirlik, pH",0.000000,Good,Decision Tree,0.000000,1.000000,0.000000
2026-01-14,NALDÖKEN,7.110000,0.030000,2.770000,1.000000,0.000000,42.470000,,40.000000,1.000000,0.000000,0.065000,0.600000,1.000000,33.000000,0.000000,7.800000,582.000000,89.425510,False,1.000000,1.000000,1.000000,0.723000,0.870000,0.964450,0.787650,0.940000,0.680000,0.840000,0.767200,0.880000,1.000000,,1.000000,1.000000,,,Good,53.000000,Ankara Cad. İle Atatürk Cad. Kav.,BORNOVA,2.000000,35-BS-00-01-A1*A5-K1*K122-D1*D44-S1-I6,38.452100,27.266070,10.574490,,1.000000,9.000000,"Arsenik, Nitrit, Amonyum, Alüminyum, Demir, Klorür, İletkenlik, Oksitlenebilirlik, pH",0.000000,Good,Decision Tree,0.000000,1.000000,0.000000
2026-01-14,YEŞİLÇAM,14.400000,0.030000,3.480000,1.000000,0.000000,104.600000,,40.000000,1.000000,0.000000,0.065000,0.600000,1.000000,32.000000,0.000000,7.800000,588.000000,89.225575,False,1.000000,1.000000,1.000000,0.652000,0.870000,0.928000,0.477000,0.940000,0.680000,0.840000,0.764800,0.880000,1.000000,,1.000000,1.000000,,,Good,54.000000,Mrk. Bornova Jandarma Komando Ambarlar Yanı,BORNOVA,2.000000,35-BS-00-01-A1*A5-K1*K122-D1*D44-S1-IY1,38.445680,27.289280,10.774425,,1.000000,9.000000,"Arsenik, Nitrit, Amonyum, Alüminyum, Demir, Klorür, İletkenlik, Oksitlenebilirlik, pH",0.000000,Good,Decision Tree,0.000000,1.000000,0.000000
2026-01-14,MEVLANA,7.030000,0.030000,2.800000,1.000000,0.000000,41.590000,,28.000000,1.000000,0.000000,0.065000,0.600000,1.000000,32.000000,0.000000,7.600000,577.000000,89.614164,False,1.000000,1.000000,1.000000,0.720000,0.870000,0.964850,0.792050,0.940000,0.760000,0.888000,0.769200,0.880000,1.000000,,1.000000,1.000000,,,Good,55.000000,1754 Sok. No:25 Asm Mevlana,BORNOVA,2.000000,35-BS-00-01-A1*A5-K1*K122-D1*D44-S1-I4,38.448220,27.230660,10.385836,,1.000000,9.000000,"Arsenik, Nitrit, Amonyum, Alüminyum, Demir, Klorür, İletkenlik, Oksitlenebilirlik, pH",0.000000,Good,Decision Tree,0.000000,1.000000,0.000000
2026-01-14,YEŞİLOVA,6.750000,0.030000,2.730000,1.000000,0.000000,42.000000,,28.000000,1.000000,0.000000,0.065000,0.600000,1.000000,32.000000,0.000000,7.600000,575.000000,89.629936,False,1.000000,1.000000,1.000000,0.727000,0.870000,0.966250,0.790000,0.940000,0.760000,0.888000,0.770000,0.880000,1.000000,,1.000000,1.000000,,,Good,56.000000,A.İpekçi Cd. İle 4040 Sok. Kvs. Yesilova,BORNOVA,2.000000,35-BS-00-01-A1*A5-K1*K122-D1*D44-S1-I3,38.440370,27.201350,10.370064,,1.000000,9.000000,"Arsenik, Nitrit, Amonyum, Alüminyum, Demir, Klorür, İletkenlik, Oksitlenebilirlik, pH",0.000000,Good,Decision Tree,0.000000,1.000000,0.000000
2026-01-14,MERSİNLİ,7.280000,0.030000,2.760000,1.000000,0.000000,44.300000,,28.000000,1.000000,0.000000,0.065000,0.600000,1.000000,32.000000,0.000000,7.600000,573.000000,89.621554,False,1.000000,1.000000,1.000000,0.724000,0.870000,0.963600,0.778500,0.940000,0.760000,0.888000,0.770800,0.880000,1.000000,,1.000000,1.000000,,,Good,57.000000,Fatih cd. İle Beyazıt Cd. Tuğlacı Önü Mersinli,BORNOVA,2.000000,35-BS-00-01-A1*A5-K1*K122-D1*D44-S1-I14,38.440000,27.180530,10.378446,,1.000000,9.000000,"Arsenik, Nitrit, Amonyum, Alüminyum, Demir, Klorür, İletkenlik, Oksitlenebilirlik, pH",0.000000,Good,Decision Tree,0.000000,1.000000,0.000000
2026-01-14,ÇANKAYA,7.380000,0.030000,3.940000,1.000000,0.000000,47.530000,,27.000000,1.000000,0.000000,0.065000,0.600000,1.000000,32.000000,0.000000,7.600000,575.000000,89.353037,False,1.000000,1.000000,1.000000,0.606000,0.870000,0.963100,0.762350,0.940000,0.760000,0.892000,0.770000,0.880000,1.000000,,1.000000,1.000000,,,Good,59.000000,Hürriyet Bulvarı No:14/E,KONAK,8.000000,35-BS-00-04-A1*A5-K1*K122-D1*D44-S1-IY-1,38.424780,27.142050,10.646963,,1.000000,9.000000,"Arsenik, Nitrit, Amonyum, Alüminyum, Demir, Klorür, İletkenlik, Oksitlenebilirlik, pH",0.000000,Good,Decision Tree,0.000000,1.000000,0.000000
2026-01-14,TOROS,2.790000,0.030000,3.560000,1.000000,0.000000,36.100000,,31.000000,1.000000,0.000000,0.065000,0.400000,1.000000,28.000000,0.000000,7.500000,544.000000,89.723019,False,1.000000,1.000000,1.000000,0.644000,0.870000,0.986050,0.819500,0.940000,0.800000,0.876000,0.782400,0.920000,1.000000,,1.000000,1.000000,,,Good,60.000000,Dicle Cad. No:88 Aile Sağlığı Merkezi,KONAK,8.000000,35-BS-00-04-A1*A5-K1*K122-D1*D44-S1-I3,38.407410,27.183640,10.276981,,1.000000,9.000000,"Arsenik, Nitrit, Amonyum, Alüminyum, Demir, Klorür, İletkenlik, Oksitlenebilirlik, pH",0.000000,Good,Decision Tree,0.000000,1.000000,0.000000
2026-01-14,LEVENT,2.720000,0.030000,3.600000,1.000000,0.000000,37.510000,,30.000000,1.000000,0.000000,0.065000,0.400000,1.000000,29.000000,0.000000,7.500000,545.000000,89.713569,False,1.000000,1.000000,1.000000,0.640000,0.870000,0.986400,0.812450,0.940000,0.800000,0.880000,0.782000,0.920000,1.000000,,1.000000,1.000000,,,Good,61.000000,3513 İle 3514 Sok. Kvs Levent,KONAK,8.000000,35-BS-00-04-A1*A5-K1*K122-D1*D44-S1-I8,38.411300,27.163150,10.286431,,1.000000,9.000000,"Arsenik, Nitrit, Amonyum, Alüminyum, Demir, Klorür, İletkenlik, Oksitlenebilirlik, pH",0.000000,Good,Decision Tree,0.000000,1.000000,0.000000
2026-01-14,UFUK MAH,2.830000,0.030000,3.670000,1.000000,0.000000,37.930000,,31.000000,1.000000,0.000000,0.065000,0.400000,1.000000,29.000000,0.000000,7.500000,544.000000,89.697073,False,1.000000,1.000000,1.000000,0.633000,0.870000,0.985850,0.810350,0.940000,0.800000,0.876000,0.782400,0.920000,1.000000,,1.000000,1.000000,,,Good,62.000000,914 Sok. No.7/A Ufuk Mah.,BUCA,3.000000,35-BS-00-02-A1*A5-K1*K122-D1*D44-S1-I5,38.403620,27.165620,10.302927,,1.000000,9.000000,"Arsenik, Nitrit, Amonyum, Alüminyum, Demir, Klorür, İletkenlik, Oksitlenebilirlik, pH",0.000000,Good,Decision Tree,0.000000,1.000000,0.000000
2026-01-14,EVKA-1,12.410000,0.030000,0.740000,1.000000,0.000000,64.550000,,49.000000,1.000000,0.000000,0.065000,0.400000,1.000000,22.000000,0.000000,7.700000,508.000000,90.142621,False,1.000000,1.000000,1.000000,0.926000,0.870000,0.937950,0.677250,0.940000,0.720000,0.804000,0.796800,0.920000,1.000000,,1.000000,1.000000,,,Good,63.000000,Türkmenistan Cad. İle 1206 Sok.. Kvs. Evka-1,BUCA,3.000000,35-BS-00-02-A1*A5-K1*K122-D1*D44-S1-I9,38.400630,27.194670,9.857379,,1.000000,9.000000,"Arsenik, Nitrit, Amonyum, Alüminyum, Demir, Klorür, İletkenlik, Oksitlenebilirlik, pH",0.000000,Good,Decision Tree,0.000000,1.000000,0.000000
2026-01-14,ADATEPE,12.130000,0.030000,0.660000,1.000000,0.000000,62.150000,,49.000000,1.000000,0.000000,0.065000,0.400000,1.000000,22.000000,0.000000,7.700000,509.000000,90.162234,False,1.000000,1.000000,1.000000,0.934000,0.870000,0.939350,0.689250,0.940000,0.720000,0.804000,0.796400,0.920000,1.000000,,1.000000,1.000000,,,Good,64.000000,3 İle 3/8 Sok. Kvs. Adatepe,BUCA,3.000000,35-BS-00-02-A1*A5-K1*K122-D1*D44-S1-I4,38.381540,27.184940,9.837766,,1.000000,9.000000,"Arsenik, Nitrit, Amonyum, Alüminyum, Demir, Klorür, İletkenlik, Oksitlenebilirlik, pH",0.000000,Good,Decision Tree,0.000000,1.000000,0.000000
2026-01-14,KURUÇEŞME,12.200000,0.030000,0.670000,1.000000,0.000000,68.850000,,49.000000,1.000000,0.000000,0.065000,0.400000,1.000000,23.000000,0.000000,7.700000,508.000000,90.156145,False,1.000000,1.000000,1.000000,0.933000,0.870000,0.939000,0.655750,0.940000,0.720000,0.804000,0.796800,0.920000,1.000000,,1.000000,1.000000,,,Good,65.000000,Dogus Cad. İle A.Yesevi Cd. Kvs. Kuruçeşme,BUCA,3.000000,35-BS-00-02-A1*A5-K1*K122-D1*D44-S1-I2,38.372330,27.194500,9.843855,,1.000000,9.000000,"Arsenik, Nitrit, Amonyum, Alüminyum, Demir, Klorür, İletkenlik, Oksitlenebilirlik, pH",0.000000,Good,Decision Tree,0.000000,1.000000,0.000000
2026-01-14,KOZAĞAÇ,13.000000,0.030000,1.090000,1.000000,0.000000,68.230000,,49.000000,1.000000,0.000000,0.065000,0.400000,1.000000,22.000000,0.000000,7.700000,508.000000,90.061014,False,1.000000,1.000000,1.000000,0.891000,0.870000,0.935000,0.658850,0.940000,0.720000,0.804000,0.796800,0.920000,1.000000,,1.000000,1.000000,,,Good,66.000000,I.Sivri Cd. İle 254 Sok.. Kvs. Kozağaç,BUCA,3.000000,35-BS-00-02-A1*A5-K1*K122-D1*D44-S1-I8,38.377130,27.169560,9.938986,,1.000000,9.000000,"Arsenik, Nitrit, Amonyum, Alüminyum, Demir, Klorür, İletkenlik, Oksitlenebilirlik, pH",0.000000,Good,Decision Tree,0.000000,1.000000,0.000000
2026-01-14,ÇAMLIKULE,11.960000,0.030000,0.650000,1.000000,0.000000,62.410000,,49.000000,1.000000,0.000000,0.065000,0.400000,1.000000,23.000000,0.000000,7.700000,508.000000,90.164449,False,1.000000,1.000000,1.000000,0.935000,0.870000,0.940200,0.687950,0.940000,0.720000,0.804000,0.796800,0.920000,1.000000,,1.000000,1.000000,,,Good,67.000000,220 Sok. No:163/B Çamlıkule,BUCA,3.000000,35-BS-00-02-A1*A5-K1*K122-D1*D44-S1-I3,38.372280,27.171530,9.835551,,1.000000,9.000000,"Arsenik, Nitrit, Amonyum, Alüminyum, Demir, Klorür, İletkenlik, Oksitlenebilirlik, pH",0.000000,Good,Decision Tree,0.000000,1.000000,0.000000
2026-01-14,AKINCILAR,4.080000,0.030000,4.230000,1.000000,0.000000,79.770000,,28.000000,1.000000,0.000000,0.065000,0.400000,1.000000,28.000000,0.000000,7.500000,547.000000,89.547068,False,1.000000,1.000000,1.000000,0.577000,0.870000,0.979600,0.601150,0.940000,0.800000,0.888000,0.781200,0.920000,1.000000,,1.000000,1.000000,,,Good,68.000000,A.Hatboyu Cd. İle 545 Sok.. Kvs. Akıncılar,BUCA,3.000000,35-BS-00-02-A1*A5-K1*K122-D1*D44-S1-I7,38.387460,27.147600,10.452932,,1.000000,9.000000,"Arsenik, Nitrit, Amonyum, Alüminyum, Demir, Klorür, İletkenlik, Oksitlenebilirlik, pH",0.000000,Good,Decision Tree,0.000000,1.000000,0.000000
2026-01-14,UĞUR MUMCU MAH,6.710000,0.030000,0.510000,1.000000,0.000000,47.580000,,27.000000,1.000000,0.000000,0.065000,0.400000,1.000000,29.000000,0.000000,7.500000,539.000000,90.405872,False,1.000000,1.000000,1.000000,0.949000,0.870000,0.966450,0.762100,0.940000,0.800000,0.892000,0.784400,0.920000,1.000000,,1.000000,1.000000,,,Good,69.000000,5777 İle 5780 Sok. Kvs. U. Mumcu,KARABAĞLAR,59.000000,35-BS-00-30-A1*A5-K1*K122-D1*D44-S1-I1,38.381830,27.130670,9.594128,,1.000000,9.000000,"Arsenik, Nitrit, Amonyum, Alüminyum, Demir, Klorür, İletkenlik, Oksitlenebilirlik, pH",0.000000,Good,Decision Tree,0.000000,1.000000,0.000000
2026-01-14,ÇAMLIK MAH,6.400000,0.030000,0.510000,1.000000,0.000000,42.660000,,27.000000,1.000000,0.000000,0.065000,0.400000,1.000000,29.000000,0.000000,7.500000,540.000000,90.408827,False,1.000000,1.000000,1.000000,0.949000,0.870000,0.968000,0.786700,0.940000,0.800000,0.892000,0.784000,0.920000,1.000000,,1.000000,1.000000,,,Good,70.000000,4969 Sok. No:2/A Çamlık,KARABAĞLAR,59.000000,35-BS-00-30-A1*A5-K1*K122-D1*D44-S1-I2,38.366230,27.120330,9.591173,,1.000000,9.000000,"Arsenik, Nitrit, Amonyum, Alüminyum, Demir, Klorür, İletkenlik, Oksitlenebilirlik, pH",0.000000,Good,Decision Tree,0.000000,1.000000,0.000000
2026-01-14,AKTEPE,6.880000,0.030000,0.530000,1.000000,0.000000,41.710000,,27.000000,1.000000,0.000000,0.065000,0.400000,1.000000,28.000000,0.000000,7.500000,539.000000,90.404571,False,1.000000,1.000000,1.000000,0.947000,0.870000,0.965600,0.791450,0.940000,0.800000,0.892000,0.784400,0.920000,1.000000,,1.000000,1.000000,,,Good,71.000000,Altan Aydin İle 4165 Sok.. Kvs Aktepe,GAZİEMİR,5.000000,35-BS-00-25-A1*A5-K1*K122-D1*D44-S1-I5,38.352350,27.125160,9.595429,,1.000000,9.000000,"Arsenik, Nitrit, Amonyum, Alüminyum, Demir, Klorür, İletkenlik, Oksitlenebilirlik, pH",0.000000,Good,Decision Tree,0.000000,1.000000,0.000000
2026-01-14,9 EYLÜL MAH,6.650000,0.030000,0.530000,1.000000,0.000000,43.560000,,28.000000,1.000000,0.000000,0.065000,0.400000,1.000000,28.000000,0.000000,7.500000,540.000000,90.403289,False,1.000000,1.000000,1.000000,0.947000,0.870000,0.966750,0.782200,0.940000,0.800000,0.888000,0.784000,0.920000,1.000000,,1.000000,1.000000,,,Good,72.000000,Kahramanlar Cd. No:2 H. Bayram Camii,GAZİEMİR,5.000000,35-BS-00-25-A1*A5-K1*K122-D1*D44-S1-I2,38.327138,27.137154,9.596711,,1.000000,9.000000,"Arsenik, Nitrit, Amonyum, Alüminyum, Demir, Klorür, İletkenlik, Oksitlenebilirlik, pH",0.000000,Good,Decision Tree,0.000000,1.000000,0.000000
2026-01-14,BEYAZEVLER,6.340000,0.030000,0.700000,1.000000,0.000000,82.710000,,28.000000,1.000000,0.000000,0.065000,0.400000,1.000000,28.000000,0.000000,7.500000,538.000000,90.342862,False,1.000000,1.000000,1.000000,0.930000,0.870000,0.968300,0.586450,0.940000,0.800000,0.888000,0.784800,0.920000,1.000000,,1.000000,1.000000,,,Good,73.000000,514 Sok.. No:3/A Beyazevler,GAZİEMİR,5.000000,35-BS-00-25-A1*A5-K1*K122-D1*D44-S1-I3,38.341790,27.140280,9.657138,,1.000000,9.000000,"Arsenik, Nitrit, Amonyum, Alüminyum, Demir, Klorür, İletkenlik, Oksitlenebilirlik, pH",0.000000,Good,Decision Tree,0.000000,1.000000,0.000000
2026-01-14,UZUNDERE,12.020000,0.030000,0.710000,1.000000,0.000000,53.570000,,48.000000,1.000000,0.000000,0.065000,0.400000,1.000000,25.000000,0.000000,7.900000,510.000000,89.965659,False,1.000000,1.000000,1.000000,0.929000,0.870000,0.939900,0.732150,0.940000,0.640000,0.808000,0.796000,0.920000,1.000000,,1.000000,1.000000,,,Good,74.000000,Eski Izmir Cad. 3959 Kvs Uzundere,KARABAĞLAR,59.000000,35-BS-00-30-A1*A5-K1*K122-D1*D44-S1-I4,38.360060,27.104090,10.034341,,1.000000,9.000000,"Arsenik, Nitrit, Amonyum, Alüminyum, Demir, Klorür, İletkenlik, Oksitlenebilirlik, pH",0.000000,Good,Decision Tree,0.000000,1.000000,0.000000
2026-01-14,CENNETÇEŞME,13.450000,0.030000,0.720000,1.000000,0.000000,58.840000,,48.000000,1.000000,0.000000,0.065000,0.400000,1.000000,25.000000,0.000000,7.900000,511.000000,89.959603,False,1.000000,1.000000,1.000000,0.928000,0.870000,0.932750,0.705800,0.940000,0.640000,0.808000,0.795600,0.920000,1.000000,,1.000000,1.000000,,,Good,75.000000,3948/6 Sok. No:2 C.Çeşme,KARABAĞLAR,59.000000,35-BS-00-30-A1*A5-K1*K122-D1*D44-S1-I9,38.361680,27.093850,10.040397,,1.000000,9.000000,"Arsenik, Nitrit, Amonyum, Alüminyum, Demir, Klorür, İletkenlik, Oksitlenebilirlik, pH",0.000000,Good,Decision Tree,0.000000,1.000000,0.000000
2026-01-14,GÜZELBAHÇE,5.990000,0.030000,6.140000,1.000000,0.000000,22.840000,,27.000000,1.000000,0.000000,0.065000,0.400000,1.000000,30.000000,0.000000,7.500000,560.000000,89.146345,False,1.000000,1.000000,1.000000,0.386000,0.870000,0.970050,0.885800,0.940000,0.800000,0.892000,0.776000,0.920000,1.000000,,1.000000,1.000000,,,Good,76.000000,Mithatpaşa Caddesi No:479,GÜZELBAHÇE,6.000000,35-BS-00-28-A1*A5-K1*K122-D1*D44-S1-IY-1,38.377140,26.883660,10.853655,,1.000000,9.000000,"Arsenik, Nitrit, Amonyum, Alüminyum, Demir, Klorür, İletkenlik, Oksitlenebilirlik, pH",0.000000,Good,Decision Tree,0.000000,1.000000,0.000000
2026-01-14,İNCİRALTI,5.590000,0.030000,6.750000,1.000000,0.000000,18.710000,,28.000000,1.000000,0.000000,0.065000,0.400000,1.000000,31.000000,0.000000,7.500000,557.000000,89.010537,False,1.000000,1.000000,1.000000,0.325000,0.870000,0.972050,0.906450,0.940000,0.800000,0.888000,0.777200,0.920000,1.000000,,1.000000,1.000000,,,Good,78.000000,Başak Cd. No:16 Bahçe Cafe İnciralti,BALÇOVA,1.000000,35-BS-00-26-A1*A5-K1*K122-D1*D44-S1-I1,38.409090,27.035910,10.989463,,1.000000,9.000000,"Arsenik, Nitrit, Amonyum, Alüminyum, Demir, Klorür, İletkenlik, Oksitlenebilirlik, pH",0.000000,Good,Decision Tree,0.000000,1.000000,0.000000
2026-01-14,ESENDERE,14.570000,0.030000,0.960000,1.000000,0.000000,65.170000,,48.000000,1.000000,0.000000,0.065000,0.400000,1.000000,25.000000,0.000000,7.900000,509.000000,89.901093,False,1.000000,1.000000,1.000000,0.904000,0.870000,0.927150,0.674150,0.940000,0.640000,0.808000,0.796400,0.920000,1.000000,,1.000000,1.000000,,,Good,79.000000,52/74 İle 52/18 Sok. Kvs Esendere,KARABAĞLAR,59.000000,35-BS-00-30-A1*A5-K1*K122-D1*D44-S1-I5,38.391050,27.089590,10.098907,,1.000000,9.000000,"Arsenik, Nitrit, Amonyum, Alüminyum, Demir, Klorür, İletkenlik, Oksitlenebilirlik, pH",0.000000,Good,Decision Tree,0.000000,1.000000,0.000000
2026-01-14,KADİFEKALE,5.200000,0.030000,6.800000,1.000000,0.000000,85.290000,,26.000000,1.000000,0.000000,0.065000,0.400000,1.000000,30.000000,0.000000,7.400000,546.000000,89.057815,False,1.000000,1.000000,1.000000,0.320000,0.870000,0.974000,0.573550,0.940000,0.840000,0.896000,0.781600,0.920000,1.000000,,1.000000,1.000000,,,Good,80.000000,R.Erkutlu Şehitlik Önü No:290/A Kadifekale,KONAK,8.000000,35-BS-00-04-A1*A5-K1*K122-D1*D44-S1-I6,38.412820,27.140320,10.942185,,1.000000,9.000000,"Arsenik, Nitrit, Amonyum, Alüminyum, Demir, Klorür, İletkenlik, Oksitlenebilirlik, pH",0.000000,Good,Decision Tree,0.000000,1.000000,0.000000
2026-01-21,KONAK,7.230000,0.030000,2.750000,1.000000,0.000000,30.480000,,27.000000,1.000000,0.000000,0.065000,0.400000,1.000000,32.000000,0.000000,7.400000,556.000000,90.003632,False,1.000000,1.000000,1.000000,0.725000,0.870000,0.963850,0.847600,0.940000,0.840000,0.892000,0.777600,0.920000,1.000000,,1.000000,1.000000,,,Good,3.000000,854 Sok No:51/A,KONAK,8.000000,35-BS-00-04-A1*A5-K1*K122-D1*D44-S1-I5,38.420610,27.130760,9.996368,,1.000000,9.000000,"Arsenik, Nitrit, Amonyum, Alüminyum, Demir, Klorür, İletkenlik, Oksitlenebilirlik, pH",0.000000,Good,Decision Tree,0.000000,1.000000,0.000000
2026-01-21,GÜZELBAHÇE,8.960000,0.030000,3.090000,1.000000,0.000000,19.320000,,27.000000,1.000000,0.000000,0.065000,0.400000,1.000000,32.000000,0.000000,7.400000,549.000000,89.932062,False,1.000000,1.000000,1.000000,0.691000,0.870000,0.955200,0.903400,0.940000,0.840000,0.892000,0.780400,0.920000,1.000000,,1.000000,1.000000,,,Good,4.000000,Kazım Dirik Cad. No.46,GÜZELBAHÇE,6.000000,35-BS-00-28-A1*A5-K1*K122-D1*D44-S1-I1,38.363366,26.866501,10.067938,,1.000000,9.000000,"Arsenik, Nitrit, Amonyum, Alüminyum, Demir, Klorür, İletkenlik, Oksitlenebilirlik, pH",0.000000,Good,Decision Tree,0.000000,1.000000,0.000000
2026-01-21,NARLIDERE,7.430000,0.030000,3.100000,1.000000,0.000000,16.940000,,27.000000,1.000000,0.000000,0.065000,0.400000,1.000000,32.000000,0.000000,7.400000,550.000000,89.932007,False,1.000000,1.000000,1.000000,0.690000,0.870000,0.962850,0.915300,0.940000,0.840000,0.892000,0.780000,0.920000,1.000000,,1.000000,1.000000,,,Good,5.000000,İzsu Narlıdere Teknik Amirlik,NARLIDERE,9.000000,35-BS-00-27-A1*A5-K1*K122-D1*D44-S1-I2,38.394150,27.009890,10.067993,,1.000000,9.000000,"Arsenik, Nitrit, Amonyum, Alüminyum, Demir, Klorür, İletkenlik, Oksitlenebilirlik, pH",0.000000,Good,Decision Tree,0.000000,1.000000,0.000000
2026-01-21,ÜÇKUYULAR,7.150000,0.030000,3.040000,1.000000,0.000000,17.420000,,27.000000,1.000000,0.000000,0.065000,0.400000,1.000000,32.000000,0.000000,7.400000,551.000000,89.945466,False,1.000000,1.000000,1.000000,0.696000,0.870000,0.964250,0.912900,0.940000,0.840000,0.892000,0.779600,0.920000,1.000000,,1.000000,1.000000,,,Good,7.000000,65/17 Sok. No:45 Yumurtacı Ahmet Camii,KARABAĞLAR,59.000000,35-BS-00-30-A1*A5-K1*K122-D1*D44-S1-I6,38.393940,27.069370,10.054534,,1.000000,9.000000,"Arsenik, Nitrit, Amonyum, Alüminyum, Demir, Klorür, İletkenlik, Oksitlenebilirlik, pH",0.000000,Good,Decision Tree,0.000000,1.000000,0.000000
2026-01-21,GÜZELYALI,6.720000,0.030000,3.030000,1.000000,0.000000,15.850000,,27.000000,1.000000,0.000000,0.065000,0.400000,1.000000,32.000000,0.000000,7.400000,551.000000,89.948860,False,1.000000,1.000000,1.000000,0.697000,0.870000,0.966400,0.920750,0.940000,0.840000,0.892000,0.779600,0.920000,1.000000,,1.000000,1.000000,,,Good,8.000000,34.Sok. No:5 TSM Güzelyalı,KONAK,8.000000,35-BS-00-04-A1*A5-K1*K122-D1*D44-S1-I11,38.398080,27.079620,10.051140,,1.000000,9.000000,"Arsenik, Nitrit, Amonyum, Alüminyum, Demir, Klorür, İletkenlik, Oksitlenebilirlik, pH",0.000000,Good,Decision Tree,0.000000,1.000000,0.000000
2026-01-21,HATAY,4.890000,0.030000,0.840000,1.000000,0.000000,27.510000,,51.000000,1.000000,0.000000,0.065000,0.600000,1.000000,26.000000,0.000000,7.800000,563.000000,89.868000,False,1.000000,1.000000,1.000000,0.916000,0.870000,0.975550,0.862450,0.940000,0.680000,0.796000,0.774800,0.880000,1.000000,,1.000000,1.000000,,,Good,9.000000,İnönü Cad. İle 100 Sok. Kavşağı,KONAK,8.000000,35-BS-00-04-A1*A5-K1*K122-D1*D44-S1-I13,38.401640,27.099450,10.132000,,1.000000,9.000000,"Arsenik, Nitrit, Amonyum, Alüminyum, Demir, Klorür, İletkenlik, Oksitlenebilirlik, pH",0.000000,Good,Decision Tree,0.000000,1.000000,0.000000
2026-01-21,YEŞİLYURT,4.640000,0.030000,0.810000,1.000000,0.000000,26.160000,,51.000000,1.000000,0.000000,0.065000,0.600000,1.000000,26.000000,0.000000,7.800000,561.000000,89.875700,False,1.000000,1.000000,1.000000,0.919000,0.870000,0.976800,0.869200,0.940000,0.680000,0.796000,0.775600,0.880000,1.000000,,1.000000,1.000000,,,Good,11.000000,Ulu Önder Cad. İle Gökdere Cad.Kavşağı,KARABAĞLAR,59.000000,35-BS-00-30-A1*A5-K1*K122-D1*D44-S1-I7,38.404270,27.113010,10.124300,,1.000000,9.000000,"Arsenik, Nitrit, Amonyum, Alüminyum, Demir, Klorür, İletkenlik, Oksitlenebilirlik, pH",0.000000,Good,Decision Tree,0.000000,1.000000,0.000000
2026-01-21,KARABAĞLAR,4.420000,0.030000,0.790000,1.000000,0.000000,28.040000,,51.000000,1.000000,0.000000,0.065000,0.600000,1.000000,26.000000,0.000000,7.800000,562.000000,89.879282,False,1.000000,1.000000,1.000000,0.921000,0.870000,0.977900,0.859800,0.940000,0.680000,0.796000,0.775200,0.880000,1.000000,,1.000000,1.000000,,,Good,13.000000,4058 Sok. İle 4056 Sok. Kavşağı,KARABAĞLAR,59.000000,35-BS-00-30-A1*A5-K1*K122-D1*D44-S1-I8,38.374260,27.134100,10.120718,,1.000000,9.000000,"Arsenik, Nitrit, Amonyum, Alüminyum, Demir, Klorür, İletkenlik, Oksitlenebilirlik, pH",0.000000,Good,Decision Tree,0.000000,1.000000,0.000000
2026-01-21,ESKİ İZMİR,3.960000,0.030000,0.830000,1.000000,0.000000,29.000000,,51.000000,1.000000,0.000000,0.065000,0.600000,1.000000,26.000000,0.000000,7.800000,560.000000,89.869956,False,1.000000,1.000000,1.000000,0.917000,0.870000,0.980200,0.855000,0.940000,0.680000,0.796000,0.776000,0.880000,1.000000,,1.000000,1.000000,,,Good,14.000000,Eski Izmir Cad. No:562/A Kahve,KARABAĞLAR,59.000000,35-BS-00-30-A1*A5-K1*K122-D1*D44-S1-I3,38.376220,27.107190,10.130044,,1.000000,9.000000,"Arsenik, Nitrit, Amonyum, Alüminyum, Demir, Klorür, İletkenlik, Oksitlenebilirlik, pH",0.000000,Good,Decision Tree,0.000000,1.000000,0.000000
2026-01-21,GAZİEMİR,4.200000,0.030000,0.790000,1.000000,0.000000,27.280000,,27.000000,1.000000,0.000000,0.065000,0.600000,1.000000,32.000000,0.000000,7.400000,557.000000,90.269615,False,1.000000,1.000000,1.000000,0.921000,0.870000,0.979000,0.863600,0.940000,0.840000,0.892000,0.777200,0.880000,1.000000,,1.000000,1.000000,,,Good,15.000000,Abdullah Arda Meydanı No:29 Arkadaşlar Kahvesi,GAZİEMİR,5.000000,35-BS-00-25-A1*A5-K1*K122-D1*D44-S1-I4-Y1,38.321780,27.126430,9.730385,,1.000000,9.000000,"Arsenik, Nitrit, Amonyum, Alüminyum, Demir, Klorür, İletkenlik, Oksitlenebilirlik, pH",0.000000,Good,Decision Tree,0.000000,1.000000,0.000000
2026-01-21,GEDİZ,5.000000,0.030000,3.060000,1.000000,0.000000,29.010000,,27.000000,1.000000,0.000000,0.065000,0.400000,1.000000,32.000000,0.000000,7.500000,542.000000,89.840366,False,1.000000,1.000000,1.000000,0.694000,0.870000,0.975000,0.854950,0.940000,0.800000,0.892000,0.783200,0.920000,1.000000,,1.000000,1.000000,,,Good,16.000000,682/4 Sok. No:2 Gediz,BUCA,3.000000,35-BS-00-02-A1*A5-K1*K122-D1*D44-S1-I10,38.361880,27.144380,10.159634,,1.000000,9.000000,"Arsenik, Nitrit, Amonyum, Alüminyum, Demir, Klorür, İletkenlik, Oksitlenebilirlik, pH",0.000000,Good,Decision Tree,0.000000,1.000000,0.000000
2026-01-21,BUCA,7.200000,0.030000,2.870000,1.000000,0.000000,28.210000,,27.000000,1.000000,0.000000,0.065000,0.400000,1.000000,32.000000,0.000000,7.500000,540.000000,89.882571,False,1.000000,1.000000,1.000000,0.713000,0.870000,0.964000,0.858950,0.940000,0.800000,0.892000,0.784000,0.920000,1.000000,,1.000000,1.000000,,,Good,18.000000,Başarı Cad.İle 170. Sok.Kavşağı,BUCA,3.000000,35-BS-00-02-A1*A5-K1*K122-D1*D44-S1-I1,38.389300,27.176440,10.117429,,1.000000,9.000000,"Arsenik, Nitrit, Amonyum, Alüminyum, Demir, Klorür, İletkenlik, Oksitlenebilirlik, pH",0.000000,Good,Decision Tree,0.000000,1.000000,0.000000
2026-01-21,GÜLÇEŞME,9.570000,0.030000,2.820000,1.000000,0.000000,33.620000,,27.000000,1.000000,0.000000,0.065000,0.400000,1.000000,32.000000,0.000000,7.500000,542.000000,89.889476,False,1.000000,1.000000,1.000000,0.718000,0.870000,0.952150,0.831900,0.940000,0.800000,0.892000,0.783200,0.920000,1.000000,,1.000000,1.000000,,,Good,19.000000,3586 Sok. No:1 Gürçeşme,KONAK,8.000000,35-BS-00-04-A1*A5-K1*K122-D1*D44-S1-I15,38.404510,27.151350,10.110524,,1.000000,9.000000,"Arsenik, Nitrit, Amonyum, Alüminyum, Demir, Klorür, İletkenlik, Oksitlenebilirlik, pH",0.000000,Good,Decision Tree,0.000000,1.000000,0.000000
2026-01-21,ALTINDAĞ,10.750000,0.030000,2.190000,1.000000,0.000000,44.840000,,30.000000,1.000000,0.000000,0.065000,0.600000,1.000000,35.000000,0.000000,7.500000,580.000000,89.842774,False,1.000000,1.000000,1.000000,0.781000,0.870000,0.946250,0.775800,0.940000,0.800000,0.880000,0.768000,0.880000,1.000000,,1.000000,1.000000,,,Good,21.000000,Kemalpaşa Cad. No: 46,BORNOVA,2.000000,35-BS-00-01-A1*A5-K1*K122-D1*D44-S1-I9,38.425580,27.202560,10.157226,,1.000000,9.000000,"Arsenik, Nitrit, Amonyum, Alüminyum, Demir, Klorür, İletkenlik, Oksitlenebilirlik, pH",0.000000,Good,Decision Tree,0.000000,1.000000,0.000000
2026-01-21,ÇAMDİBİ,9.330000,0.030000,2.020000,1.000000,0.000000,47.780000,,28.000000,1.000000,0.000000,0.065000,0.600000,1.000000,29.000000,0.000000,7.500000,574.000000,89.881124,False,1.000000,1.000000,1.000000,0.798000,0.870000,0.953350,0.761100,0.940000,0.800000,0.888000,0.770400,0.880000,1.000000,,1.000000,1.000000,,,Good,22.000000,5227 Sok. No:35/C Çamdibi,BORNOVA,2.000000,35-BS-00-01-A1*A5-K1*K122-D1*D44-S1-I12,38.435530,27.191010,10.118876,,1.000000,9.000000,"Arsenik, Nitrit, Amonyum, Alüminyum, Demir, Klorür, İletkenlik, Oksitlenebilirlik, pH",0.000000,Good,Decision Tree,0.000000,1.000000,0.000000
2026-01-21,IŞIKKENT,8.700000,0.030000,2.130000,1.000000,0.000000,46.190000,,28.000000,1.000000,0.000000,0.065000,0.600000,1.000000,29.000000,0.000000,7.500000,573.000000,89.857495,False,1.000000,1.000000,1.000000,0.787000,0.870000,0.956500,0.769050,0.940000,0.800000,0.888000,0.770800,0.880000,1.000000,,1.000000,1.000000,,,Good,23.000000,Cumhuriyet Meydanı No:16  Işıkkent,BORNOVA,2.000000,35-BS-00-01-A1*A5-K1*K122-D1*D44-S1-I8,38.424540,27.230760,10.142505,,1.000000,9.000000,"Arsenik, Nitrit, Amonyum, Alüminyum, Demir, Klorür, İletkenlik, Oksitlenebilirlik, pH",0.000000,Good,Decision Tree,0.000000,1.000000,0.000000
2026-01-21,PINARBAŞI,8.730000,0.030000,2.250000,1.000000,0.000000,50.000000,,28.000000,1.000000,0.000000,0.065000,0.600000,1.000000,29.000000,0.000000,7.500000,572.000000,89.828175,False,1.000000,1.000000,1.000000,0.775000,0.870000,0.956350,0.750000,0.940000,0.800000,0.888000,0.771200,0.880000,1.000000,,1.000000,1.000000,,,Good,24.000000,Çanakkale Cad.İle 7057 Sok KavsağıPınarbaşı,BORNOVA,2.000000,35-BS-00-01-A1*A5-K1*K122-D1*D44-S1-I10,38.429880,27.266470,10.171825,,1.000000,9.000000,"Arsenik, Nitrit, Amonyum, Alüminyum, Demir, Klorür, İletkenlik, Oksitlenebilirlik, pH",0.000000,Good,Decision Tree,0.000000,1.000000,0.000000
2026-01-21,EVKA-3,26.680000,0.030000,2.250000,1.000000,0.000000,54.860000,,28.000000,1.000000,0.000000,0.065000,0.600000,1.000000,29.000000,0.000000,7.500000,574.000000,89.815265,False,1.000000,1.000000,1.000000,0.775000,0.870000,0.866600,0.725700,0.940000,0.800000,0.888000,0.770400,0.880000,1.000000,,1.000000,1.000000,,,Good,25.000000,Şehitler Cad. No:22 H.Mustafa Gökdemir Camii Evka-3,BORNOVA,2.000000,35-BS-00-01-A1*A5-K1*K122-D1*D44-S1-I2,38.473220,27.250940,10.184735,,1.000000,9.000000,"Arsenik, Nitrit, Amonyum, Alüminyum, Demir, Klorür, İletkenlik, Oksitlenebilirlik, pH",0.000000,Good,Decision Tree,0.000000,1.000000,0.000000
2026-01-21,BORNOVA,10.080000,0.030000,2.120000,1.000000,0.000000,52.480000,,28.000000,1.000000,0.000000,0.065000,0.600000,1.000000,29.000000,0.000000,7.500000,574.000000,89.855415,False,1.000000,1.000000,1.000000,0.788000,0.870000,0.949600,0.737600,0.940000,0.800000,0.888000,0.770400,0.880000,1.000000,,1.000000,1.000000,,,Good,26.000000,Ege Üni.Kampüsü İtfaiye Çeşmesi/İzsu Teknik Amirlik,BORNOVA,2.000000,35-BS-00-01-A1*A5-K1*K122-D1*D44-S1-I11,38.460950,27.228200,10.144585,,1.000000,9.000000,"Arsenik, Nitrit, Amonyum, Alüminyum, Demir, Klorür, İletkenlik, Oksitlenebilirlik, pH",0.000000,Good,Decision Tree,0.000000,1.000000,0.000000
2026-01-21,ATATÜRK MAH,9.710000,0.030000,1.980000,1.000000,0.000000,36.080000,,51.000000,1.000000,0.000000,0.065000,0.600000,1.000000,26.000000,0.000000,7.800000,562.000000,89.602491,False,1.000000,1.000000,1.000000,0.802000,0.870000,0.951450,0.819600,0.940000,0.680000,0.796000,0.775200,0.880000,1.000000,,1.000000,1.000000,,,Good,27.000000,Hürriyet Cad. Polis Mer. No:86 Atatürk,BORNOVA,2.000000,35-BS-00-01-A1*A5-K1*K122-D1*D44-S1-I13,38.475820,27.208680,10.397509,,1.000000,9.000000,"Arsenik, Nitrit, Amonyum, Alüminyum, Demir, Klorür, İletkenlik, Oksitlenebilirlik, pH",0.000000,Good,Decision Tree,0.000000,1.000000,0.000000
2026-01-21,OSMANGAZİ,10.450000,0.030000,2.000000,1.000000,0.000000,39.360000,,51.000000,1.000000,0.000000,0.065000,0.600000,1.000000,26.000000,0.000000,7.800000,561.000000,89.595695,False,1.000000,1.000000,1.000000,0.800000,0.870000,0.947750,0.803200,0.940000,0.680000,0.796000,0.775600,0.880000,1.000000,,1.000000,1.000000,,,Good,28.000000,Yavuz Cad. 241/C  Osmangazi,BAYRAKLI,60.000000,35-BS-00-29-A1*A5-K1*K122-D1*D44-S1-I6,38.475430,27.187450,10.404305,,1.000000,9.000000,"Arsenik, Nitrit, Amonyum, Alüminyum, Demir, Klorür, İletkenlik, Oksitlenebilirlik, pH",0.000000,Good,Decision Tree,0.000000,1.000000,0.000000
2026-01-21,ÖZKANLAR,9.220000,0.030000,1.870000,1.000000,0.000000,37.280000,,51.000000,1.000000,0.000000,0.065000,0.600000,1.000000,26.000000,0.000000,7.800000,560.000000,89.626985,False,1.000000,1.000000,1.000000,0.813000,0.870000,0.953900,0.813600,0.940000,0.680000,0.796000,0.776000,0.880000,1.000000,,1.000000,1.000000,,,Good,29.000000,273/4 No:6 Aile Sağlığı Merkezi Özkanlar,BAYRAKLI,60.000000,35-BS-00-29-A1*A5-K1*K122-D1*D44-S1-I10,38.458040,27.191060,10.373015,,1.000000,9.000000,"Arsenik, Nitrit, Amonyum, Alüminyum, Demir, Klorür, İletkenlik, Oksitlenebilirlik, pH",0.000000,Good,Decision Tree,0.000000,1.000000,0.000000
2026-01-21,MANAVKUYU,8.920000,0.030000,2.060000,1.000000,0.000000,40.870000,,51.000000,1.000000,0.000000,0.065000,0.600000,1.000000,26.000000,0.000000,7.800000,559.000000,89.582138,False,1.000000,1.000000,1.000000,0.794000,0.870000,0.955400,0.795650,0.940000,0.680000,0.796000,0.776400,0.880000,1.000000,,1.000000,1.000000,,,Good,30.000000,Sakarya Cad.No:112 Manavkuyu,BAYRAKLI,60.000000,35-BS-00-29-A1*A5-K1*K122-D1*D44-S1-I8,38.457390,27.186910,10.417862,,1.000000,9.000000,"Arsenik, Nitrit, Amonyum, Alüminyum, Demir, Klorür, İletkenlik, Oksitlenebilirlik, pH",0.000000,Good,Decision Tree,0.000000,1.000000,0.000000
2026-01-21,EGEKENT,10.000000,0.030000,2.730000,1.000000,0.000000,34.900000,,41.000000,1.000000,0.000000,0.065000,0.600000,1.000000,29.000000,0.100000,7.600000,643.000000,89.627161,False,1.000000,1.000000,1.000000,0.727000,0.870000,0.950000,0.825500,0.940000,0.760000,0.836000,0.742800,0.880000,1.000000,,1.000000,1.000000,,,Good,32.000000,8819 Sok. No:13 Egekent,ÇİĞLİ,4.000000,35-BS-00-24-A1*A5-K1*K122-D1*D44-S1-I7,38.504140,27.058100,10.372839,,1.000000,9.000000,"Arsenik, Nitrit, Amonyum, Alüminyum, Demir, Klorür, İletkenlik, Oksitlenebilirlik, pH",0.000000,Good,Decision Tree,0.000000,1.000000,0.000000
2026-01-21,BALATÇIK,10.120000,0.030000,2.300000,1.000000,0.000000,38.080000,,41.000000,1.000000,0.000000,0.065000,0.600000,1.000000,29.000000,0.100000,7.600000,642.000000,89.722591,False,1.000000,1.000000,1.000000,0.770000,0.870000,0.949400,0.809600,0.940000,0.760000,0.836000,0.743200,0.880000,1.000000,,1.000000,1.000000,,,Good,33.000000,8790/5 Sok. 9 Eylül Camii Balatçık,ÇİĞLİ,4.000000,35-BS-00-24-A1*A5-K1*K122-D1*D44-S1-I2-Y1,38.511900,27.045600,10.277409,,1.000000,9.000000,"Arsenik, Nitrit, Amonyum, Alüminyum, Demir, Klorür, İletkenlik, Oksitlenebilirlik, pH",0.000000,Good,Decision Tree,0.000000,1.000000,0.000000
2026-01-21,ÇİĞLİ,9.330000,0.030000,2.030000,1.000000,0.000000,45.220000,,27.000000,1.000000,0.000000,0.065000,0.400000,1.000000,32.000000,0.000000,7.400000,555.000000,90.157018,False,1.000000,1.000000,1.000000,0.797000,0.870000,0.953350,0.773900,0.940000,0.840000,0.892000,0.778000,0.920000,1.000000,,1.000000,1.000000,,,Good,34.000000,8022/1 Sok. No:8/1-B Ataşehir,ÇİĞLİ,4.000000,35-BS-00-24-A1*A5-K1*K122-D1*D44-S1-I3-IY1,38.492860,27.060890,9.842982,,1.000000,9.000000,"Arsenik, Nitrit, Amonyum, Alüminyum, Demir, Klorür, İletkenlik, Oksitlenebilirlik, pH",0.000000,Good,Decision Tree,0.000000,1.000000,0.000000
2026-01-21,BOSTANLI,9.330000,0.030000,1.930000,1.000000,0.000000,40.700000,,27.000000,1.000000,0.000000,0.065000,0.400000,1.000000,32.000000,0.000000,7.400000,556.000000,90.182197,False,1.000000,1.000000,1.000000,0.807000,0.870000,0.953350,0.796500,0.940000,0.840000,0.892000,0.777600,0.920000,1.000000,,1.000000,1.000000,,,Good,35.000000,1799 Sok No:14 Bostanlı,KARŞIYAKA,7.000000,35-BS-00-03-A1*A5-K1*K122-D1*D44-S1-I7,38.457730,27.098860,9.817803,,1.000000,9.000000,"Arsenik, Nitrit, Amonyum, Alüminyum, Demir, Klorür, İletkenlik, Oksitlenebilirlik, pH",0.000000,Good,Decision Tree,0.000000,1.000000,0.000000
2026-01-21,ŞEMİKLER,12.680000,0.030000,4.150000,1.000000,0.000000,141.700000,,27.000000,1.000000,0.000000,0.065000,0.400000,1.000000,32.000000,0.000000,7.400000,555.000000,89.620874,False,1.000000,1.000000,1.000000,0.585000,0.870000,0.936600,0.291500,0.940000,0.840000,0.892000,0.778000,0.920000,1.000000,,1.000000,1.000000,,,Good,36.000000,6276 Sok.İle 6279 Sok Kavşağı,KARŞIYAKA,7.000000,35-BS-00-03-A1*A5-K1*K122-D1*D44-S1-I4,38.477100,27.093760,10.379126,,1.000000,9.000000,"Arsenik, Nitrit, Amonyum, Alüminyum, Demir, Klorür, İletkenlik, Oksitlenebilirlik, pH",0.000000,Good,Decision Tree,0.000000,1.000000,0.000000
2026-01-21,KARŞIYAKA,8.620000,0.030000,1.910000,1.000000,0.000000,38.720000,,27.000000,1.000000,0.000000,0.065000,0.400000,1.000000,32.000000,0.000000,7.400000,558.000000,90.188237,False,1.000000,1.000000,1.000000,0.809000,0.870000,0.956900,0.806400,0.940000,0.840000,0.892000,0.776800,0.920000,1.000000,,1.000000,1.000000,,,Good,37.000000,Atatürk Cad. İle Zübeyde Hanim Cad.Kavşağı,KARŞIYAKA,7.000000,35-BS-00-03-A1*A5-K1*K122-D1*D44-S1-I5,38.461670,27.116100,9.811763,,1.000000,9.000000,"Arsenik, Nitrit, Amonyum, Alüminyum, Demir, Klorür, İletkenlik, Oksitlenebilirlik, pH",0.000000,Good,Decision Tree,0.000000,1.000000,0.000000
2026-01-21,EVKA-2,9.000000,0.030000,2.170000,1.000000,0.000000,48.750000,,27.000000,1.000000,0.000000,0.065000,0.400000,1.000000,32.000000,0.000000,7.400000,556.000000,90.123528,False,1.000000,1.000000,1.000000,0.783000,0.870000,0.955000,0.756250,0.940000,0.840000,0.892000,0.777600,0.920000,1.000000,,1.000000,1.000000,,,Good,38.000000,6800 Sok. No:9 Sağlık Ocağı Evka 2,ÇİĞLİ,4.000000,35-BS-00-24-A1*A5-K1*K122-D1*D44-S1-I5,38.499050,27.087510,9.876472,,1.000000,9.000000,"Arsenik, Nitrit, Amonyum, Alüminyum, Demir, Klorür, İletkenlik, Oksitlenebilirlik, pH",0.000000,Good,Decision Tree,0.000000,1.000000,0.000000
2026-01-21,ÖRNEKKÖY,14.810000,0.030000,6.880000,1.000000,0.000000,145.670000,,32.000000,1.000000,0.000000,0.065000,0.600000,1.000000,30.000000,0.000000,7.500000,597.000000,88.721490,False,1.000000,1.000000,1.000000,0.312000,0.870000,0.925950,0.271650,0.940000,0.800000,0.872000,0.761200,0.880000,1.000000,,1.000000,1.000000,,,Good,39.000000,Başpehlivan Kara Ali Cad. No:25/A,KARŞIYAKA,7.000000,35-BS-00-03-A1*A5-K1*K122-D1*D44-S1-I6,38.482130,27.111060,11.278510,,1.000000,9.000000,"Arsenik, Nitrit, Amonyum, Alüminyum, Demir, Klorür, İletkenlik, Oksitlenebilirlik, pH",0.000000,Good,Decision Tree,0.000000,1.000000,0.000000
2026-01-21,GÜMÜŞPALA,15.060000,0.030000,6.830000,1.000000,0.000000,149.000000,,32.000000,1.000000,0.000000,0.065000,0.600000,1.000000,30.000000,0.000000,7.500000,598.000000,88.730774,False,1.000000,1.000000,1.000000,0.317000,0.870000,0.924700,0.255000,0.940000,0.800000,0.872000,0.760800,0.880000,1.000000,,1.000000,1.000000,,,Good,40.000000,7019 Sok. No:20/3 Merkez Cami Gümüşpala,BAYRAKLI,60.000000,35-BS-00-29-A1*A5-K1*K122-D1*D44-S1-I7,38.479310,27.109960,11.269226,,1.000000,9.000000,"Arsenik, Nitrit, Amonyum, Alüminyum, Demir, Klorür, İletkenlik, Oksitlenebilirlik, pH",0.000000,Good,Decision Tree,0.000000,1.000000,0.000000
2026-01-28,DOĞANÇAY,9.050000,0.030000,5.550000,1.000000,0.000000,37.800000,,29.000000,1.000000,0.000000,0.065000,0.400000,1.000000,31.000000,0.000000,7.600000,596.000000,89.173524,False,1.000000,1.000000,1.000000,0.445000,0.870000,0.954750,0.811000,0.940000,0.760000,0.884000,0.761600,0.920000,1.000000,,1.000000,1.000000,,,Good,41.000000,7191 Sok. No:1/A Doğançay,BAYRAKLI,60.000000,35-BS-00-29-A1*A5-K1*K122-D1*D44-S1-I1,38.495500,27.155140,10.826476,,1.000000,9.000000,"Arsenik, Nitrit, Amonyum, Alüminyum, Demir, Klorür, İletkenlik, Oksitlenebilirlik, pH",0.000000,Good,Decision Tree,0.000000,1.000000,0.000000
2026-01-28,YAMANLAR,7.830000,0.030000,5.510000,1.000000,0.000000,39.900000,,28.000000,1.000000,0.000000,0.065000,0.600000,1.000000,30.000000,0.000000,7.700000,603.000000,88.906136,False,1.000000,1.000000,1.000000,0.449000,0.870000,0.960850,0.800500,0.940000,0.720000,0.888000,0.758800,0.880000,1.000000,,1.000000,1.000000,,,Good,42.000000,7348 Sok. No:2 Polis Merkezi Yamanlar,BAYRAKLI,60.000000,35-BS-00-29-A1*A5-K1*K122-D1*D44-S1-I2,38.481110,27.132940,11.093864,,1.000000,9.000000,"Arsenik, Nitrit, Amonyum, Alüminyum, Demir, Klorür, İletkenlik, Oksitlenebilirlik, pH",0.000000,Good,Decision Tree,0.000000,1.000000,0.000000
2026-01-28,POSTACI MAH,7.330000,0.030000,5.170000,1.000000,0.000000,35.990000,,28.000000,1.000000,0.000000,0.065000,0.600000,1.000000,30.000000,0.000000,7.700000,608.000000,88.985542,False,1.000000,1.000000,1.000000,0.483000,0.870000,0.963350,0.820050,0.940000,0.720000,0.888000,0.756800,0.880000,1.000000,,1.000000,1.000000,,,Good,43.000000,7659/2 Sok. No:1/B Postacılar Mah.,BAYRAKLI,60.000000,35-BS-00-29-A1*A5*-K1*K122-D1*D44-S1-I3-IY1,38.482170,27.119910,11.014458,,1.000000,9.000000,"Arsenik, Nitrit, Amonyum, Alüminyum, Demir, Klorür, İletkenlik, Oksitlenebilirlik, pH",0.000000,Good,Decision Tree,0.000000,1.000000,0.000000
2026-01-28,YAMAÇ MAH,7.560000,0.030000,5.290000,1.000000,0.000000,37.530000,,28.000000,1.000000,0.000000,0.065000,0.600000,1.000000,30.000000,0.000000,7.700000,609.000000,88.957385,False,1.000000,1.000000,1.000000,0.471000,0.870000,0.962200,0.812350,0.940000,0.720000,0.888000,0.756400,0.880000,1.000000,,1.000000,1.000000,,,Good,44.000000,6730 Sok. No:6/A Yamaç Mah.,KARŞIYAKA,7.000000,35-BS-00-03-A1*A5-K1*K122-D1*D44-S1-I1,38.483710,27.099770,11.042615,,1.000000,9.000000,"Arsenik, Nitrit, Amonyum, Alüminyum, Demir, Klorür, İletkenlik, Oksitlenebilirlik, pH",0.000000,Good,Decision Tree,0.000000,1.000000,0.000000
2026-01-28,CUMHURİYET MAH,7.850000,0.030000,5.220000,1.000000,0.000000,37.880000,,28.000000,1.000000,0.000000,0.065000,0.600000,1.000000,30.000000,0.000000,7.700000,610.000000,88.972858,False,1.000000,1.000000,1.000000,0.478000,0.870000,0.960750,0.810600,0.940000,0.720000,0.888000,0.756000,0.880000,1.000000,,1.000000,1.000000,,,Good,45.000000,Alim Dağhan Cd. İle 6716 Sok. Kvs.,KARŞIYAKA,7.000000,35-BS-00-03-A1*A5-K1*K122-D1*D44-S1-I2,38.485320,27.096540,11.027142,,1.000000,9.000000,"Arsenik, Nitrit, Amonyum, Alüminyum, Demir, Klorür, İletkenlik, Oksitlenebilirlik, pH",0.000000,Good,Decision Tree,0.000000,1.000000,0.000000
2026-01-28,GÜZELTEPE,7.640000,0.030000,5.220000,1.000000,0.000000,37.780000,,28.000000,1.000000,0.000000,0.065000,0.600000,1.000000,30.000000,0.000000,7.700000,609.000000,88.973037,False,1.000000,1.000000,1.000000,0.478000,0.870000,0.961800,0.811100,0.940000,0.720000,0.888000,0.756400,0.880000,1.000000,,1.000000,1.000000,,,Good,46.000000,8172 Sok. No:90/1 Güzeltepe,ÇİĞLİ,4.000000,35-BS-00-24-A1*A5-K1*K122-D1*D44-S1-I4-IY1,38.502720,27.077990,11.026963,,1.000000,9.000000,"Arsenik, Nitrit, Amonyum, Alüminyum, Demir, Klorür, İletkenlik, Oksitlenebilirlik, pH",0.000000,Good,Decision Tree,0.000000,1.000000,0.000000
2026-01-28,EVKA-5,8.480000,0.030000,5.490000,1.000000,0.000000,28.090000,,42.000000,1.000000,0.000000,0.065000,0.600000,1.000000,31.000000,0.100000,7.500000,687.000000,89.102138,False,1.000000,1.000000,1.000000,0.451000,0.870000,0.957600,0.859550,0.940000,0.800000,0.832000,0.725200,0.880000,1.000000,,1.000000,1.000000,,,Good,47.000000,8809 Sok. No:141/A Evka-5,ÇİĞLİ,4.000000,35-BS-00-24-A1*A5-K1*K122-D1*D44-S1-I8-IY1,38.518190,27.056590,10.897862,,1.000000,9.000000,"Arsenik, Nitrit, Amonyum, Alüminyum, Demir, Klorür, İletkenlik, Oksitlenebilirlik, pH",0.000000,Good,Decision Tree,0.000000,1.000000,0.000000
2026-01-28,EGEKENT-2,8.720000,0.030000,5.640000,1.000000,0.000000,30.800000,,41.000000,1.000000,0.000000,0.065000,0.600000,1.000000,30.000000,0.100000,7.500000,685.000000,89.066899,False,1.000000,1.000000,1.000000,0.436000,0.870000,0.956400,0.846000,0.940000,0.800000,0.836000,0.726000,0.880000,1.000000,,1.000000,1.000000,,,Good,48.000000,8818 Sok. No:38 6 Nolu Sağlık Ocağı Egekent,ÇİĞLİ,4.000000,35-BS-00-24-A1*A5-K1*K122-D1*D44-S1-I6,38.555690,27.049780,10.933101,,1.000000,9.000000,"Arsenik, Nitrit, Amonyum, Alüminyum, Demir, Klorür, İletkenlik, Oksitlenebilirlik, pH",0.000000,Good,Decision Tree,0.000000,1.000000,0.000000
2026-01-28,ALAYBEY,8.270000,0.030000,5.880000,1.000000,0.000000,51.340000,,29.000000,1.000000,0.000000,0.065000,0.600000,1.000000,30.000000,0.000000,7.600000,612.000000,88.910573,False,1.000000,1.000000,1.000000,0.412000,0.870000,0.958650,0.743300,0.940000,0.760000,0.884000,0.755200,0.880000,1.000000,,1.000000,1.000000,,,Good,49.000000,1643/7 Sok. No:8 Adalet Mah.,BAYRAKLI,60.000000,35-BS-00-03-A1*A5-K1*K122-D1*D44-S1-13-IY1,38.466750,27.159340,11.089427,,1.000000,9.000000,"Arsenik, Nitrit, Amonyum, Alüminyum, Demir, Klorür, İletkenlik, Oksitlenebilirlik, pH",0.000000,Good,Decision Tree,0.000000,1.000000,0.000000
2026-01-28,CENGİZHAN,7.570000,0.030000,5.280000,1.000000,0.000000,40.930000,,29.000000,1.000000,0.000000,0.065000,0.600000,1.000000,30.000000,0.000000,7.600000,611.000000,89.052618,False,1.000000,1.000000,1.000000,0.472000,0.870000,0.962150,0.795350,0.940000,0.760000,0.884000,0.755600,0.880000,1.000000,,1.000000,1.000000,,,Good,50.000000,1620/19 İle 1620/39 Sok. Kavsağı Cengizhan,BAYRAKLI,60.000000,35-BS-00-29-A1*A5-K1*K122-D1*D44-S1-I4,38.473400,27.158880,10.947382,,1.000000,9.000000,"Arsenik, Nitrit, Amonyum, Alüminyum, Demir, Klorür, İletkenlik, Oksitlenebilirlik, pH",0.000000,Good,Decision Tree,0.000000,1.000000,0.000000
2026-01-28,ÇAY MAH,7.730000,0.030000,5.290000,1.000000,0.000000,45.050000,,29.000000,1.000000,0.000000,0.065000,0.600000,1.000000,30.000000,0.000000,7.600000,612.000000,89.047931,False,1.000000,1.000000,1.000000,0.471000,0.870000,0.961350,0.774750,0.940000,0.760000,0.884000,0.755200,0.880000,1.000000,,1.000000,1.000000,,,Good,51.000000,Hakan Uysal Cad. No:273/1 Çay Mahallesi,BAYRAKLI,60.000000,35-BS-00-29-A1*A5-K1*K122-D1*D44-S1-I5,38.470860,27.180440,10.952069,,1.000000,9.000000,"Arsenik, Nitrit, Amonyum, Alüminyum, Demir, Klorür, İletkenlik, Oksitlenebilirlik, pH",0.000000,Good,Decision Tree,0.000000,1.000000,0.000000
2026-01-28,İZYUVA,7.990000,0.030000,5.400000,1.000000,0.000000,38.850000,,29.000000,1.000000,0.000000,0.065000,0.600000,1.000000,31.000000,0.000000,7.600000,615.000000,89.026391,False,1.000000,1.000000,1.000000,0.460000,0.870000,0.960050,0.805750,0.940000,0.760000,0.884000,0.754000,0.880000,1.000000,,1.000000,1.000000,,,Good,52.000000,113/19 Sok. No:10 İzyuva,BORNOVA,2.000000,35-BS-00-01-A1*A5-K1*K122-D1*D44-S1-I7,38.464570,27.249790,10.973609,,1.000000,9.000000,"Arsenik, Nitrit, Amonyum, Alüminyum, Demir, Klorür, İletkenlik, Oksitlenebilirlik, pH",0.000000,Good,Decision Tree,0.000000,1.000000,0.000000
2026-01-28,NALDÖKEN,8.130000,0.030000,5.750000,1.000000,0.000000,66.090000,,29.000000,1.000000,0.000000,0.065000,0.600000,1.000000,31.000000,0.000000,7.600000,614.000000,88.931715,False,1.000000,1.000000,1.000000,0.425000,0.870000,0.959350,0.669550,0.940000,0.760000,0.884000,0.754400,0.880000,1.000000,,1.000000,1.000000,,,Good,53.000000,Ankara Cad. İle Atatürk Cad. Kav.,BORNOVA,2.000000,35-BS-00-01-A1*A5-K1*K122-D1*D44-S1-I6,38.452100,27.266070,11.068285,,1.000000,9.000000,"Arsenik, Nitrit, Amonyum, Alüminyum, Demir, Klorür, İletkenlik, Oksitlenebilirlik, pH",0.000000,Good,Decision Tree,0.000000,1.000000,0.000000
2026-01-28,YEŞİLÇAM,7.700000,0.030000,4.620000,1.000000,0.000000,32.350000,,29.000000,1.000000,0.000000,0.065000,0.600000,1.000000,31.000000,0.000000,7.600000,613.000000,89.206723,False,1.000000,1.000000,1.000000,0.538000,0.870000,0.961500,0.838250,0.940000,0.760000,0.884000,0.754800,0.880000,1.000000,,1.000000,1.000000,,,Good,54.000000,Mrk. Bornova Jandarma Komando Ambarlar Yanı,BORNOVA,2.000000,35-BS-00-01-A1*A5-K1*K122-D1*D44-S1-IY1,38.445680,27.289280,10.793277,,1.000000,9.000000,"Arsenik, Nitrit, Amonyum, Alüminyum, Demir, Klorür, İletkenlik, Oksitlenebilirlik, pH",0.000000,Good,Decision Tree,0.000000,1.000000,0.000000
2026-01-28,MEVLANA,7.340000,0.030000,5.240000,1.000000,0.000000,39.880000,,29.000000,1.000000,0.000000,0.065000,0.600000,1.000000,32.000000,0.000000,7.600000,614.000000,89.062381,False,1.000000,1.000000,1.000000,0.476000,0.870000,0.963300,0.800600,0.940000,0.760000,0.884000,0.754400,0.880000,1.000000,,1.000000,1.000000,,,Good,55.000000,1754 Sok. No:25 Asm Mevlana,BORNOVA,2.000000,35-BS-00-01-A1*A5-K1*K122-D1*D44-S1-I4,38.448220,27.230660,10.937619,,1.000000,9.000000,"Arsenik, Nitrit, Amonyum, Alüminyum, Demir, Klorür, İletkenlik, Oksitlenebilirlik, pH",0.000000,Good,Decision Tree,0.000000,1.000000,0.000000
2026-01-28,YEŞİLOVA,7.730000,0.030000,5.110000,1.000000,0.000000,40.150000,,29.000000,1.000000,0.000000,0.065000,0.600000,1.000000,31.000000,0.000000,7.600000,611.000000,89.091433,False,1.000000,1.000000,1.000000,0.489000,0.870000,0.961350,0.799250,0.940000,0.760000,0.884000,0.755600,0.880000,1.000000,,1.000000,1.000000,,,Good,56.000000,A.İpekçi Cd. İle 4040 Sok. Kvs. Yesilova,BORNOVA,2.000000,35-BS-00-01-A1*A5-K1*K122-D1*D44-S1-I3,38.440370,27.201350,10.908567,,1.000000,9.000000,"Arsenik, Nitrit, Amonyum, Alüminyum, Demir, Klorür, İletkenlik, Oksitlenebilirlik, pH",0.000000,Good,Decision Tree,0.000000,1.000000,0.000000
2026-01-28,MERSİNLİ,7.320000,0.030000,5.090000,1.000000,0.000000,40.930000,,29.000000,1.000000,0.000000,0.065000,0.600000,1.000000,31.000000,0.000000,7.600000,610.000000,89.095753,False,1.000000,1.000000,1.000000,0.491000,0.870000,0.963400,0.795350,0.940000,0.760000,0.884000,0.756000,0.880000,1.000000,,1.000000,1.000000,,,Good,57.000000,Fatih cd. İle Beyazıt Cd. Tuğlacı Önü Mersinli,BORNOVA,2.000000,35-BS-00-01-A1*A5-K1*K122-D1*D44-S1-I14,38.440000,27.180530,10.904247,,1.000000,9.000000,"Arsenik, Nitrit, Amonyum, Alüminyum, Demir, Klorür, İletkenlik, Oksitlenebilirlik, pH",0.000000,Good,Decision Tree,0.000000,1.000000,0.000000
2026-01-28,ÇANKAYA,8.310000,0.030000,5.780000,1.000000,0.000000,49.760000,,29.000000,1.000000,0.000000,0.065000,0.600000,1.000000,30.000000,0.000000,7.600000,617.000000,88.934052,False,1.000000,1.000000,1.000000,0.422000,0.870000,0.958450,0.751200,0.940000,0.760000,0.884000,0.753200,0.880000,1.000000,,1.000000,1.000000,,,Good,59.000000,Hürriyet Bulvarı No:14/E,KONAK,8.000000,35-BS-00-04-A1*A5-K1*K122-D1*D44-S1-IY-1,38.424780,27.142050,11.065948,,1.000000,9.000000,"Arsenik, Nitrit, Amonyum, Alüminyum, Demir, Klorür, İletkenlik, Oksitlenebilirlik, pH",0.000000,Good,Decision Tree,0.000000,1.000000,0.000000
2026-01-28,TOROS,2.320000,0.030000,6.900000,1.000000,0.000000,30.850000,,27.000000,1.000000,0.000000,0.065000,0.600000,1.000000,29.000000,0.000000,7.400000,561.000000,88.886187,False,1.000000,1.000000,1.000000,0.310000,0.870000,0.988400,0.845750,0.940000,0.840000,0.892000,0.775600,0.880000,1.000000,,1.000000,1.000000,,,Good,60.000000,Dicle Cad. No:88 Aile Sağlığı Merkezi,KONAK,8.000000,35-BS-00-04-A1*A5-K1*K122-D1*D44-S1-I3,38.407410,27.183640,11.113813,,1.000000,9.000000,"Arsenik, Nitrit, Amonyum, Alüminyum, Demir, Klorür, İletkenlik, Oksitlenebilirlik, pH",0.000000,Good,Decision Tree,0.000000,1.000000,0.000000
2026-01-28,LEVENT,2.850000,0.030000,7.240000,1.000000,0.000000,35.830000,,27.000000,1.000000,0.000000,0.065000,0.600000,1.000000,29.000000,0.000000,7.900000,560.000000,88.329804,False,1.000000,1.000000,1.000000,0.276000,0.870000,0.985750,0.820850,0.940000,0.640000,0.892000,0.776000,0.880000,1.000000,,1.000000,1.000000,,,Good,61.000000,3513 İle 3514 Sok. Kvs Levent,KONAK,8.000000,35-BS-00-04-A1*A5-K1*K122-D1*D44-S1-I8,38.411300,27.163150,11.670196,,1.000000,9.000000,"Arsenik, Nitrit, Amonyum, Alüminyum, Demir, Klorür, İletkenlik, Oksitlenebilirlik, pH",0.000000,Good,Decision Tree,0.000000,1.000000,0.000000
2026-01-28,UFUK MAH,2.440000,0.030000,6.850000,1.000000,0.000000,29.840000,,27.000000,1.000000,0.000000,0.065000,0.600000,1.000000,29.000000,0.000000,7.900000,560.000000,88.421667,False,1.000000,1.000000,1.000000,0.315000,0.870000,0.987800,0.850800,0.940000,0.640000,0.892000,0.776000,0.880000,1.000000,,1.000000,1.000000,,,Good,62.000000,914 Sok. No.7/A Ufuk Mah.,BUCA,3.000000,35-BS-00-02-A1*A5-K1*K122-D1*D44-S1-I5,38.403620,27.165620,11.578333,,1.000000,9.000000,"Arsenik, Nitrit, Amonyum, Alüminyum, Demir, Klorür, İletkenlik, Oksitlenebilirlik, pH",0.000000,Good,Decision Tree,0.000000,1.000000,0.000000
2026-01-28,EVKA-1,7.640000,0.030000,0.800000,1.000000,0.000000,33.340000,,50.000000,1.000000,0.000000,0.065000,0.600000,1.000000,26.000000,0.000000,7.900000,552.000000,89.777331,False,1.000000,1.000000,1.000000,0.920000,0.870000,0.961800,0.833300,0.940000,0.640000,0.800000,0.779200,0.880000,1.000000,,1.000000,1.000000,,,Good,63.000000,Türkmenistan Cad. İle 1206 Sok.. Kvs. Evka-1,BUCA,3.000000,35-BS-00-02-A1*A5-K1*K122-D1*D44-S1-I9,38.400630,27.194670,10.222669,,1.000000,9.000000,"Arsenik, Nitrit, Amonyum, Alüminyum, Demir, Klorür, İletkenlik, Oksitlenebilirlik, pH",0.000000,Good,Decision Tree,0.000000,1.000000,0.000000
2026-01-28,ADATEPE,4.850000,0.030000,0.820000,1.000000,0.000000,28.400000,,50.000000,1.000000,0.000000,0.065000,0.600000,1.000000,26.000000,0.000000,7.900000,552.000000,89.777178,False,1.000000,1.000000,1.000000,0.918000,0.870000,0.975750,0.858000,0.940000,0.640000,0.800000,0.779200,0.880000,1.000000,,1.000000,1.000000,,,Good,64.000000,3 İle 3/8 Sok. Kvs. Adatepe,BUCA,3.000000,35-BS-00-02-A1*A5-K1*K122-D1*D44-S1-I4,38.381540,27.184940,10.222822,,1.000000,9.000000,"Arsenik, Nitrit, Amonyum, Alüminyum, Demir, Klorür, İletkenlik, Oksitlenebilirlik, pH",0.000000,Good,Decision Tree,0.000000,1.000000,0.000000
2026-01-28,KURUÇEŞME,4.400000,0.030000,0.790000,1.000000,0.000000,34.450000,,50.000000,1.000000,0.000000,0.065000,0.600000,1.000000,26.000000,0.000000,7.900000,551.000000,89.780802,False,1.000000,1.000000,1.000000,0.921000,0.870000,0.978000,0.827750,0.940000,0.640000,0.800000,0.779600,0.880000,1.000000,,1.000000,1.000000,,,Good,65.000000,Dogus Cad. İle A.Yesevi Cd. Kvs. Kuruçeşme,BUCA,3.000000,35-BS-00-02-A1*A5-K1*K122-D1*D44-S1-I2,38.372330,27.194500,10.219198,,1.000000,9.000000,"Arsenik, Nitrit, Amonyum, Alüminyum, Demir, Klorür, İletkenlik, Oksitlenebilirlik, pH",0.000000,Good,Decision Tree,0.000000,1.000000,0.000000
2026-01-28,KOZAĞAÇ,4.860000,0.030000,0.850000,1.000000,0.000000,30.860000,,50.000000,1.000000,0.000000,0.065000,0.600000,1.000000,26.000000,0.000000,7.900000,550.000000,89.769000,False,1.000000,1.000000,1.000000,0.915000,0.870000,0.975700,0.845700,0.940000,0.640000,0.800000,0.780000,0.880000,1.000000,,1.000000,1.000000,,,Good,66.000000,I.Sivri Cd. İle 254 Sok.. Kvs. Kozağaç,BUCA,3.000000,35-BS-00-02-A1*A5-K1*K122-D1*D44-S1-I8,38.377130,27.169560,10.231000,,1.000000,9.000000,"Arsenik, Nitrit, Amonyum, Alüminyum, Demir, Klorür, İletkenlik, Oksitlenebilirlik, pH",0.000000,Good,Decision Tree,0.000000,1.000000,0.000000
2026-01-28,ÇAMLIKULE,8.410000,0.030000,0.760000,1.000000,0.000000,42.040000,,50.000000,1.000000,0.000000,0.065000,0.600000,1.000000,26.000000,0.000000,7.900000,550.000000,89.781031,False,1.000000,1.000000,1.000000,0.924000,0.870000,0.957950,0.789800,0.940000,0.640000,0.800000,0.780000,0.880000,1.000000,,1.000000,1.000000,,,Good,67.000000,220 Sok. No:163/B Çamlıkule,BUCA,3.000000,35-BS-00-02-A1*A5-K1*K122-D1*D44-S1-I3,38.372280,27.171530,10.218969,,1.000000,9.000000,"Arsenik, Nitrit, Amonyum, Alüminyum, Demir, Klorür, İletkenlik, Oksitlenebilirlik, pH",0.000000,Good,Decision Tree,0.000000,1.000000,0.000000
2026-01-28,AKINCILAR,8.220000,0.030000,7.390000,1.000000,0.000000,80.170000,,27.000000,1.000000,0.000000,0.065000,0.600000,1.000000,30.000000,0.000000,7.400000,583.000000,88.744003,False,1.000000,1.000000,1.000000,0.261000,0.870000,0.958900,0.599150,0.940000,0.840000,0.892000,0.766800,0.880000,1.000000,,1.000000,1.000000,,,Good,68.000000,A.Hatboyu Cd. İle 545 Sok.. Kvs. Akıncılar,BUCA,3.000000,35-BS-00-02-A1*A5-K1*K122-D1*D44-S1-I7,38.387460,27.147600,11.255997,,1.000000,9.000000,"Arsenik, Nitrit, Amonyum, Alüminyum, Demir, Klorür, İletkenlik, Oksitlenebilirlik, pH",0.000000,Good,Decision Tree,0.000000,1.000000,0.000000
2026-01-28,UĞUR MUMCU MAH,24.340000,0.030000,0.640000,1.000000,0.000000,46.140000,,65.000000,1.000000,0.000000,0.065000,0.400000,1.000000,20.000000,0.000000,7.600000,457.000000,90.258573,False,1.000000,1.000000,1.000000,0.936000,0.870000,0.878300,0.769300,0.940000,0.760000,0.740000,0.817200,0.920000,1.000000,,1.000000,1.000000,,,Good,69.000000,5777 İle 5780 Sok. Kvs. U. Mumcu,KARABAĞLAR,59.000000,35-BS-00-30-A1*A5-K1*K122-D1*D44-S1-I1,38.381830,27.130670,9.741427,,1.000000,9.000000,"Arsenik, Nitrit, Amonyum, Alüminyum, Demir, Klorür, İletkenlik, Oksitlenebilirlik, pH",0.000000,Good,Decision Tree,0.000000,1.000000,0.000000
2026-01-28,ÇAMLIK MAH,25.690000,0.030000,0.690000,1.000000,0.000000,47.200000,,65.000000,1.000000,0.000000,0.065000,0.400000,1.000000,20.000000,0.000000,7.600000,457.000000,90.245896,False,1.000000,1.000000,1.000000,0.931000,0.870000,0.871550,0.764000,0.940000,0.760000,0.740000,0.817200,0.920000,1.000000,,1.000000,1.000000,,,Good,70.000000,4969 Sok. No:2/A Çamlık,KARABAĞLAR,59.000000,35-BS-00-30-A1*A5-K1*K122-D1*D44-S1-I2,38.366230,27.120330,9.754104,,1.000000,9.000000,"Arsenik, Nitrit, Amonyum, Alüminyum, Demir, Klorür, İletkenlik, Oksitlenebilirlik, pH",0.000000,Good,Decision Tree,0.000000,1.000000,0.000000
2026-01-28,AKTEPE,24.100000,0.030000,0.640000,1.000000,0.000000,46.980000,,65.000000,1.000000,0.000000,0.065000,0.400000,1.000000,20.000000,0.000000,7.600000,456.000000,90.258237,False,1.000000,1.000000,1.000000,0.936000,0.870000,0.879500,0.765100,0.940000,0.760000,0.740000,0.817600,0.920000,1.000000,,1.000000,1.000000,,,Good,71.000000,Altan Aydin İle 4165 Sok.. Kvs Aktepe,GAZİEMİR,5.000000,35-BS-00-25-A1*A5-K1*K122-D1*D44-S1-I5,38.352350,27.125160,9.741763,,1.000000,9.000000,"Arsenik, Nitrit, Amonyum, Alüminyum, Demir, Klorür, İletkenlik, Oksitlenebilirlik, pH",0.000000,Good,Decision Tree,0.000000,1.000000,0.000000
2026-01-28,9 EYLÜL MAH,26.400000,0.030000,1.560000,1.000000,0.000000,39.420000,,65.000000,1.000000,0.000000,0.065000,0.400000,1.000000,21.000000,0.000000,7.600000,456.000000,90.053052,False,1.000000,1.000000,1.000000,0.844000,0.870000,0.868000,0.802900,0.940000,0.760000,0.740000,0.817600,0.920000,1.000000,,1.000000,1.000000,,,Good,72.000000,Kahramanlar Cd. No:2 H. Bayram Camii,GAZİEMİR,5.000000,35-BS-00-25-A1*A5-K1*K122-D1*D44-S1-I2,38.327138,27.137154,9.946948,,1.000000,9.000000,"Arsenik, Nitrit, Amonyum, Alüminyum, Demir, Klorür, İletkenlik, Oksitlenebilirlik, pH",0.000000,Good,Decision Tree,0.000000,1.000000,0.000000
2026-01-28,BEYAZEVLER,22.600000,0.030000,0.630000,1.000000,0.000000,46.360000,,65.000000,1.000000,0.000000,0.065000,0.400000,1.000000,21.000000,0.000000,7.600000,456.000000,90.261699,False,1.000000,1.000000,1.000000,0.937000,0.870000,0.887000,0.768200,0.940000,0.760000,0.740000,0.817600,0.920000,1.000000,,1.000000,1.000000,,,Good,73.000000,514 Sok.. No:3/A Beyazevler,GAZİEMİR,5.000000,35-BS-00-25-A1*A5-K1*K122-D1*D44-S1-I3,38.341790,27.140280,9.738301,,1.000000,9.000000,"Arsenik, Nitrit, Amonyum, Alüminyum, Demir, Klorür, İletkenlik, Oksitlenebilirlik, pH",0.000000,Good,Decision Tree,0.000000,1.000000,0.000000
2026-01-28,UZUNDERE,6.540000,0.030000,5.920000,1.000000,0.000000,18.450000,,27.000000,1.000000,0.000000,0.065000,0.600000,1.000000,30.000000,0.000000,7.500000,575.000000,89.017231,False,1.000000,1.000000,1.000000,0.408000,0.870000,0.967300,0.907750,0.940000,0.800000,0.892000,0.770000,0.880000,1.000000,,1.000000,1.000000,,,Good,74.000000,Eski Izmir Cad. 3959 Kvs Uzundere,KARABAĞLAR,59.000000,35-BS-00-30-A1*A5-K1*K122-D1*D44-S1-I4,38.360060,27.104090,10.982769,,1.000000,9.000000,"Arsenik, Nitrit, Amonyum, Alüminyum, Demir, Klorür, İletkenlik, Oksitlenebilirlik, pH",0.000000,Good,Decision Tree,0.000000,1.000000,0.000000
2026-01-28,CENNETÇEŞME,6.730000,0.030000,5.660000,1.000000,0.000000,19.240000,,27.000000,1.000000,0.000000,0.065000,0.600000,1.000000,29.000000,0.000000,7.500000,575.000000,89.075505,False,1.000000,1.000000,1.000000,0.434000,0.870000,0.966350,0.903800,0.940000,0.800000,0.892000,0.770000,0.880000,1.000000,,1.000000,1.000000,,,Good,75.000000,3948/6 Sok. No:2 C.Çeşme,KARABAĞLAR,59.000000,35-BS-00-30-A1*A5-K1*K122-D1*D44-S1-I9,38.361680,27.093850,10.924495,,1.000000,9.000000,"Arsenik, Nitrit, Amonyum, Alüminyum, Demir, Klorür, İletkenlik, Oksitlenebilirlik, pH",0.000000,Good,Decision Tree,0.000000,1.000000,0.000000
2026-01-28,GÜZELBAHÇE,6.590000,0.030000,5.780000,1.000000,0.000000,18.990000,,27.000000,1.000000,0.000000,0.065000,0.600000,1.000000,29.000000,0.000000,7.500000,574.000000,89.048578,False,1.000000,1.000000,1.000000,0.422000,0.870000,0.967050,0.905050,0.940000,0.800000,0.892000,0.770400,0.880000,1.000000,,1.000000,1.000000,,,Good,76.000000,Mithatpaşa Caddesi No:479,GÜZELBAHÇE,6.000000,35-BS-00-28-A1*A5-K1*K122-D1*D44-S1-IY-1,38.377140,26.883660,10.951422,,1.000000,9.000000,"Arsenik, Nitrit, Amonyum, Alüminyum, Demir, Klorür, İletkenlik, Oksitlenebilirlik, pH",0.000000,Good,Decision Tree,0.000000,1.000000,0.000000
2026-01-28,İNCİRALTI,6.590000,0.030000,5.710000,1.000000,0.000000,18.790000,,27.000000,1.000000,0.000000,0.065000,0.600000,1.000000,29.000000,0.000000,7.500000,575.000000,89.064526,False,1.000000,1.000000,1.000000,0.429000,0.870000,0.967050,0.906050,0.940000,0.800000,0.892000,0.770000,0.880000,1.000000,,1.000000,1.000000,,,Good,78.000000,Başak Cd. No:16 Bahçe Cafe İnciralti,BALÇOVA,1.000000,35-BS-00-26-A1*A5-K1*K122-D1*D44-S1-I1,38.409090,27.035910,10.935474,,1.000000,9.000000,"Arsenik, Nitrit, Amonyum, Alüminyum, Demir, Klorür, İletkenlik, Oksitlenebilirlik, pH",0.000000,Good,Decision Tree,0.000000,1.000000,0.000000
2026-01-28,ESENDERE,6.470000,0.030000,5.660000,1.000000,0.000000,21.190000,,27.000000,1.000000,0.000000,0.065000,0.600000,1.000000,30.000000,0.000000,7.500000,576.000000,89.074545,False,1.000000,1.000000,1.000000,0.434000,0.870000,0.967650,0.894050,0.940000,0.800000,0.892000,0.769600,0.880000,1.000000,,1.000000,1.000000,,,Good,79.000000,52/74 İle 52/18 Sok. Kvs Esendere,KARABAĞLAR,59.000000,35-BS-00-30-A1*A5-K1*K122-D1*D44-S1-I5,38.391050,27.089590,10.925455,,1.000000,9.000000,"Arsenik, Nitrit, Amonyum, Alüminyum, Demir, Klorür, İletkenlik, Oksitlenebilirlik, pH",0.000000,Good,Decision Tree,0.000000,1.000000,0.000000
2026-01-28,KADİFEKALE,8.020000,0.030000,6.720000,1.000000,0.000000,64.390000,,27.000000,1.000000,0.000000,0.065000,0.600000,1.000000,29.000000,0.000000,7.400000,585.000000,88.904631,False,1.000000,1.000000,1.000000,0.328000,0.870000,0.959900,0.678050,0.940000,0.840000,0.892000,0.766000,0.880000,1.000000,,1.000000,1.000000,,,Good,80.000000,R.Erkutlu Şehitlik Önü No:290/A Kadifekale,KONAK,8.000000,35-BS-00-04-A1*A5-K1*K122-D1*D44-S1-I6,38.412820,27.140320,11.095369,,1.000000,9.000000,"Arsenik, Nitrit, Amonyum, Alüminyum, Demir, Klorür, İletkenlik, Oksitlenebilirlik, pH",0.000000,Good,Decision Tree,0.000000,1.000000,0.000000
2026-02-04,YENİŞEHİR,2.980000,0.030000,2.360000,1.000000,0.000000,31.870000,,28.000000,1.000000,0.000000,0.065000,0.600000,1.000000,32.000000,0.000000,7.400000,565.000000,89.912087,False,1.000000,1.000000,1.000000,0.764000,0.870000,0.985100,0.840650,0.940000,0.840000,0.888000,0.774000,0.880000,1.000000,,1.000000,1.000000,,,Good,2.000000,Gaziler Cad. No:185 İtfaiye Önü,KONAK,8.000000,35-BS-00-04-A1*A5-K1*K122-D1*D44-S1-I10,38.422640,27.153840,10.087913,,1.000000,9.000000,"Arsenik, Nitrit, Amonyum, Alüminyum, Demir, Klorür, İletkenlik, Oksitlenebilirlik, pH",0.000000,Good,Decision Tree,0.000000,1.000000,0.000000
2026-02-04,KONAK,3.300000,0.030000,2.170000,1.000000,0.000000,28.260000,,28.000000,1.000000,0.000000,0.065000,0.600000,1.000000,32.000000,0.000000,7.400000,566.000000,89.956935,False,1.000000,1.000000,1.000000,0.783000,0.870000,0.983500,0.858700,0.940000,0.840000,0.888000,0.773600,0.880000,1.000000,,1.000000,1.000000,,,Good,3.000000,854 Sok No:51/A,KONAK,8.000000,35-BS-00-04-A1*A5-K1*K122-D1*D44-S1-I5,38.420610,27.130760,10.043065,,1.000000,9.000000,"Arsenik, Nitrit, Amonyum, Alüminyum, Demir, Klorür, İletkenlik, Oksitlenebilirlik, pH",0.000000,Good,Decision Tree,0.000000,1.000000,0.000000
2026-02-04,GÜZELBAHÇE,5.890000,0.030000,2.790000,1.000000,0.000000,23.880000,,28.000000,1.000000,0.000000,0.065000,0.600000,1.000000,32.000000,0.000000,7.400000,563.000000,89.817676,False,1.000000,1.000000,1.000000,0.721000,0.870000,0.970550,0.880600,0.940000,0.840000,0.888000,0.774800,0.880000,1.000000,,1.000000,1.000000,,,Good,4.000000,Kazım Dirik Cad. No.46,GÜZELBAHÇE,6.000000,35-BS-00-28-A1*A5-K1*K122-D1*D44-S1-I1,38.363366,26.866501,10.182324,,1.000000,9.000000,"Arsenik, Nitrit, Amonyum, Alüminyum, Demir, Klorür, İletkenlik, Oksitlenebilirlik, pH",0.000000,Good,Decision Tree,0.000000,1.000000,0.000000
2026-02-04,NARLIDERE,5.950000,0.030000,2.810000,1.000000,0.000000,24.210000,,28.000000,1.000000,0.000000,0.065000,0.600000,1.000000,32.000000,0.000000,7.400000,561.000000,89.812937,False,1.000000,1.000000,1.000000,0.719000,0.870000,0.970250,0.878950,0.940000,0.840000,0.888000,0.775600,0.880000,1.000000,,1.000000,1.000000,,,Good,5.000000,İzsu Narlıdere Teknik Amirlik,NARLIDERE,9.000000,35-BS-00-27-A1*A5-K1*K122-D1*D44-S1-I2,38.394150,27.009890,10.187063,,1.000000,9.000000,"Arsenik, Nitrit, Amonyum, Alüminyum, Demir, Klorür, İletkenlik, Oksitlenebilirlik, pH",0.000000,Good,Decision Tree,0.000000,1.000000,0.000000
2026-02-04,BALÇOVA,5.960000,0.030000,2.590000,1.000000,0.000000,22.360000,,28.000000,1.000000,0.000000,0.065000,0.600000,1.000000,32.000000,0.000000,7.400000,564.000000,89.863745,False,1.000000,1.000000,1.000000,0.741000,0.870000,0.970200,0.888200,0.940000,0.840000,0.888000,0.774400,0.880000,1.000000,,1.000000,1.000000,,,Good,6.000000,M.Pasa Cad. İle Hüseyin Ögütcen Kavşağı,BALÇOVA,1.000000,35-BS-00-26-A1*A5-K1*K122-D1*D44-S1-I2,38.394150,27.038360,10.136255,,1.000000,9.000000,"Arsenik, Nitrit, Amonyum, Alüminyum, Demir, Klorür, İletkenlik, Oksitlenebilirlik, pH",0.000000,Good,Decision Tree,0.000000,1.000000,0.000000
2026-02-04,ÜÇKUYULAR,5.960000,0.030000,2.630000,1.000000,0.000000,22.170000,,29.000000,1.000000,0.000000,0.065000,0.600000,1.000000,32.000000,0.000000,7.400000,562.000000,89.854447,False,1.000000,1.000000,1.000000,0.737000,0.870000,0.970200,0.889150,0.940000,0.840000,0.884000,0.775200,0.880000,1.000000,,1.000000,1.000000,,,Good,7.000000,65/17 Sok. No:45 Yumurtacı Ahmet Camii,KARABAĞLAR,59.000000,35-BS-00-30-A1*A5-K1*K122-D1*D44-S1-I6,38.393940,27.069370,10.145553,,1.000000,9.000000,"Arsenik, Nitrit, Amonyum, Alüminyum, Demir, Klorür, İletkenlik, Oksitlenebilirlik, pH",0.000000,Good,Decision Tree,0.000000,1.000000,0.000000
2026-02-04,GÜZELYALI,6.840000,0.030000,2.670000,1.000000,0.000000,23.360000,,29.000000,1.000000,0.000000,0.065000,0.600000,1.000000,32.000000,0.000000,7.400000,565.000000,89.844215,False,1.000000,1.000000,1.000000,0.733000,0.870000,0.965800,0.883200,0.940000,0.840000,0.884000,0.774000,0.880000,1.000000,,1.000000,1.000000,,,Good,8.000000,34.Sok. No:5 TSM Güzelyalı,KONAK,8.000000,35-BS-00-04-A1*A5-K1*K122-D1*D44-S1-I11,38.398080,27.079620,10.155785,,1.000000,9.000000,"Arsenik, Nitrit, Amonyum, Alüminyum, Demir, Klorür, İletkenlik, Oksitlenebilirlik, pH",0.000000,Good,Decision Tree,0.000000,1.000000,0.000000
2026-02-04,HATAY,53.670000,0.030000,0.680000,1.000000,0.000000,156.300000,,51.000000,1.000000,0.000000,0.065000,0.400000,1.000000,19.000000,0.000000,7.200000,443.000000,90.556810,False,1.000000,1.000000,1.000000,0.932000,0.870000,0.731650,0.218500,0.940000,0.920000,0.796000,0.822800,0.920000,1.000000,,1.000000,1.000000,,,Good,9.000000,İnönü Cad. İle 100 Sok. Kavşağı,KONAK,8.000000,35-BS-00-04-A1*A5-K1*K122-D1*D44-S1-I13,38.401640,27.099450,9.443190,,1.000000,9.000000,"Arsenik, Nitrit, Amonyum, Alüminyum, Demir, Klorür, İletkenlik, Oksitlenebilirlik, pH",0.000000,Good,Decision Tree,0.000000,1.000000,0.000000
2026-02-04,YEŞİLYURT,58.870000,0.030000,0.650000,1.000000,0.000000,157.300000,,53.000000,1.000000,0.000000,0.065000,0.400000,1.000000,18.000000,0.000000,7.100000,444.000000,90.654631,False,1.000000,1.000000,1.000000,0.935000,0.870000,0.705650,0.213500,0.940000,0.960000,0.788000,0.822400,0.920000,1.000000,,1.000000,1.000000,,,Good,11.000000,Ulu Önder Cad. İle Gökdere Cad.Kavşağı,KARABAĞLAR,59.000000,35-BS-00-30-A1*A5-K1*K122-D1*D44-S1-I7,38.404270,27.113010,9.345369,,1.000000,9.000000,"Arsenik, Nitrit, Amonyum, Alüminyum, Demir, Klorür, İletkenlik, Oksitlenebilirlik, pH",0.000000,Good,Decision Tree,0.000000,1.000000,0.000000
2026-02-04,KARABAĞLAR,61.710000,0.030000,0.620000,1.000000,0.000000,168.300000,,53.000000,1.000000,0.000000,0.065000,0.400000,1.000000,18.000000,0.000000,7.100000,441.000000,90.653601,False,1.000000,1.000000,1.000000,0.938000,0.870000,0.691450,0.158500,0.940000,0.960000,0.788000,0.823600,0.920000,1.000000,,1.000000,1.000000,,,Good,13.000000,4058 Sok. İle 4056 Sok. Kavşağı,KARABAĞLAR,59.000000,35-BS-00-30-A1*A5-K1*K122-D1*D44-S1-I8,38.374260,27.134100,9.346399,,1.000000,9.000000,"Arsenik, Nitrit, Amonyum, Alüminyum, Demir, Klorür, İletkenlik, Oksitlenebilirlik, pH",0.000000,Good,Decision Tree,0.000000,1.000000,0.000000
2026-02-04,ESKİ İZMİR,53.350000,0.030000,0.580000,1.000000,0.000000,156.900000,,53.000000,1.000000,0.000000,0.065000,0.400000,1.000000,18.000000,0.000000,7.100000,442.000000,90.673826,False,1.000000,1.000000,1.000000,0.942000,0.870000,0.733250,0.215500,0.940000,0.960000,0.788000,0.823200,0.920000,1.000000,,1.000000,1.000000,,,Good,14.000000,Eski Izmir Cad. No:562/A Kahve,KARABAĞLAR,59.000000,35-BS-00-30-A1*A5-K1*K122-D1*D44-S1-I3,38.376220,27.107190,9.326174,,1.000000,9.000000,"Arsenik, Nitrit, Amonyum, Alüminyum, Demir, Klorür, İletkenlik, Oksitlenebilirlik, pH",0.000000,Good,Decision Tree,0.000000,1.000000,0.000000
2026-02-04,GAZİEMİR,50.950000,0.030000,0.610000,1.000000,0.000000,168.700000,,53.000000,1.000000,0.000000,0.065000,0.400000,1.000000,18.000000,0.000000,7.100000,440.000000,90.661728,False,1.000000,1.000000,1.000000,0.939000,0.870000,0.745250,0.156500,0.940000,0.960000,0.788000,0.824000,0.920000,1.000000,,1.000000,1.000000,,,Good,15.000000,Abdullah Arda Meydanı No:29 Arkadaşlar Kahvesi,GAZİEMİR,5.000000,35-BS-00-25-A1*A5-K1*K122-D1*D44-S1-I4-Y1,38.321780,27.126430,9.338272,,1.000000,9.000000,"Arsenik, Nitrit, Amonyum, Alüminyum, Demir, Klorür, İletkenlik, Oksitlenebilirlik, pH",0.000000,Good,Decision Tree,0.000000,1.000000,0.000000
2026-02-04,GEDİZ,5.640000,0.030000,0.720000,1.000000,0.000000,15.740000,,66.000000,1.000000,0.000000,0.065000,0.400000,1.000000,15.000000,0.000000,7.200000,393.000000,90.649187,False,1.000000,1.000000,1.000000,0.928000,0.870000,0.971800,0.921300,0.940000,0.920000,0.736000,0.842800,0.920000,1.000000,,1.000000,1.000000,,,Good,16.000000,682/4 Sok. No:2 Gediz,BUCA,3.000000,35-BS-00-02-A1*A5-K1*K122-D1*D44-S1-I10,38.361880,27.144380,9.350813,,1.000000,9.000000,"Arsenik, Nitrit, Amonyum, Alüminyum, Demir, Klorür, İletkenlik, Oksitlenebilirlik, pH",0.000000,Good,Decision Tree,0.000000,1.000000,0.000000
2026-02-04,ŞİRİNYER,5.660000,0.030000,0.700000,1.000000,0.000000,14.740000,,66.000000,1.000000,0.000000,0.065000,0.400000,1.000000,15.000000,0.000000,7.200000,391.000000,90.654274,False,1.000000,1.000000,1.000000,0.930000,0.870000,0.971700,0.926300,0.940000,0.920000,0.736000,0.843600,0.920000,1.000000,,1.000000,1.000000,,,Good,17.000000,Koşuyolu Cad. Efeler Mah. No:41 Avni Naili Limboz Camii,BUCA,3.000000,35-BS-00-02-A1*A5-K1*K122-D1*D44-S1-I6,38.391680,27.150310,9.345726,,1.000000,9.000000,"Arsenik, Nitrit, Amonyum, Alüminyum, Demir, Klorür, İletkenlik, Oksitlenebilirlik, pH",0.000000,Good,Decision Tree,0.000000,1.000000,0.000000
2026-02-04,BUCA,5.680000,0.030000,0.670000,1.000000,0.000000,13.370000,,66.000000,1.000000,0.000000,0.065000,0.400000,1.000000,15.000000,0.000000,7.200000,393.000000,90.661818,False,1.000000,1.000000,1.000000,0.933000,0.870000,0.971600,0.933150,0.940000,0.920000,0.736000,0.842800,0.920000,1.000000,,1.000000,1.000000,,,Good,18.000000,Başarı Cad.İle 170. Sok.Kavşağı,BUCA,3.000000,35-BS-00-02-A1*A5-K1*K122-D1*D44-S1-I1,38.389300,27.176440,9.338182,,1.000000,9.000000,"Arsenik, Nitrit, Amonyum, Alüminyum, Demir, Klorür, İletkenlik, Oksitlenebilirlik, pH",0.000000,Good,Decision Tree,0.000000,1.000000,0.000000
2026-02-04,GÜLÇEŞME,6.740000,0.030000,0.720000,1.000000,0.000000,19.130000,,66.000000,1.000000,0.000000,0.065000,0.400000,1.000000,15.000000,0.000000,7.200000,394.000000,90.646644,False,1.000000,1.000000,1.000000,0.928000,0.870000,0.966300,0.904350,0.940000,0.920000,0.736000,0.842400,0.920000,1.000000,,1.000000,1.000000,,,Good,19.000000,3586 Sok. No:1 Gürçeşme,KONAK,8.000000,35-BS-00-04-A1*A5-K1*K122-D1*D44-S1-I15,38.404510,27.151350,9.353356,,1.000000,9.000000,"Arsenik, Nitrit, Amonyum, Alüminyum, Demir, Klorür, İletkenlik, Oksitlenebilirlik, pH",0.000000,Good,Decision Tree,0.000000,1.000000,0.000000
2026-02-04,GÜLTEPE,4.070000,0.030000,2.270000,1.000000,0.000000,30.610000,,29.000000,1.000000,0.000000,0.065000,0.600000,1.000000,31.000000,0.000000,7.000000,570.000000,90.313239,False,1.000000,1.000000,1.000000,0.773000,0.870000,0.979650,0.846950,0.940000,1.000000,0.884000,0.772000,0.880000,1.000000,,1.000000,1.000000,,,Good,20.000000,Selimiye Cad. No:30/B Gültepe,KONAK,8.000000,35-BS-00-04-A1*A5-K1*K122-D1*D44-S1-I16,38.416220,27.172680,9.686761,,1.000000,9.000000,"Arsenik, Nitrit, Amonyum, Alüminyum, Demir, Klorür, İletkenlik, Oksitlenebilirlik, pH",0.000000,Good,Decision Tree,0.000000,1.000000,0.000000
2026-02-04,ALTINDAĞ,6.800000,0.030000,1.810000,1.000000,0.000000,40.910000,,23.000000,1.000000,0.000000,0.065000,0.600000,1.000000,30.000000,0.000000,6.900000,580.000000,89.935745,False,1.000000,1.000000,1.000000,0.819000,0.870000,0.966000,0.795450,0.940000,0.800000,0.908000,0.768000,0.880000,1.000000,,1.000000,1.000000,,,Good,21.000000,Kemalpaşa Cad. No: 46,BORNOVA,2.000000,35-BS-00-01-A1*A5-K1*K122-D1*D44-S1-I9,38.425580,27.202560,10.064255,,1.000000,9.000000,"Arsenik, Nitrit, Amonyum, Alüminyum, Demir, Klorür, İletkenlik, Oksitlenebilirlik, pH",0.000000,Good,Decision Tree,0.000000,1.000000,0.000000
2026-02-04,ÇAMDİBİ,6.560000,0.030000,1.880000,1.000000,0.000000,42.700000,,23.000000,1.000000,0.000000,0.065000,0.600000,1.000000,30.000000,0.000000,6.900000,585.000000,89.919012,False,1.000000,1.000000,1.000000,0.812000,0.870000,0.967200,0.786500,0.940000,0.800000,0.908000,0.766000,0.880000,1.000000,,1.000000,1.000000,,,Good,22.000000,5227 Sok. No:35/C Çamdibi,BORNOVA,2.000000,35-BS-00-01-A1*A5-K1*K122-D1*D44-S1-I12,38.435530,27.191010,10.080988,,1.000000,9.000000,"Arsenik, Nitrit, Amonyum, Alüminyum, Demir, Klorür, İletkenlik, Oksitlenebilirlik, pH",0.000000,Good,Decision Tree,0.000000,1.000000,0.000000
2026-02-04,IŞIKKENT,7.030000,0.030000,1.910000,1.000000,0.000000,38.510000,,29.000000,1.000000,0.000000,0.065000,0.600000,1.000000,30.000000,0.000000,6.900000,569.000000,89.912214,False,1.000000,1.000000,1.000000,0.809000,0.870000,0.964850,0.807450,0.940000,0.800000,0.884000,0.772400,0.880000,1.000000,,1.000000,1.000000,,,Good,23.000000,Cumhuriyet Meydanı No:16  Işıkkent,BORNOVA,2.000000,35-BS-00-01-A1*A5-K1*K122-D1*D44-S1-I8,38.424540,27.230760,10.087786,,1.000000,9.000000,"Arsenik, Nitrit, Amonyum, Alüminyum, Demir, Klorür, İletkenlik, Oksitlenebilirlik, pH",0.000000,Good,Decision Tree,0.000000,1.000000,0.000000
2026-02-04,PINARBAŞI,7.720000,0.030000,1.590000,1.000000,0.000000,36.400000,,29.000000,1.000000,0.000000,0.065000,0.600000,1.000000,30.000000,0.000000,6.900000,566.000000,89.985432,False,1.000000,1.000000,1.000000,0.841000,0.870000,0.961400,0.818000,0.940000,0.800000,0.884000,0.773600,0.880000,1.000000,,1.000000,1.000000,,,Good,24.000000,Çanakkale Cad.İle 7057 Sok KavsağıPınarbaşı,BORNOVA,2.000000,35-BS-00-01-A1*A5-K1*K122-D1*D44-S1-I10,38.429880,27.266470,10.014568,,1.000000,9.000000,"Arsenik, Nitrit, Amonyum, Alüminyum, Demir, Klorür, İletkenlik, Oksitlenebilirlik, pH",0.000000,Good,Decision Tree,0.000000,1.000000,0.000000
2026-02-04,EVKA-3,7.090000,0.030000,4.070000,1.000000,0.000000,37.580000,,29.000000,1.000000,0.000000,0.065000,0.600000,1.000000,30.000000,0.000000,6.900000,571.000000,89.423974,False,1.000000,1.000000,1.000000,0.593000,0.870000,0.964550,0.812100,0.940000,0.800000,0.884000,0.771600,0.880000,1.000000,,1.000000,1.000000,,,Good,25.000000,Şehitler Cad. No:22 H.Mustafa Gökdemir Camii Evka-3,BORNOVA,2.000000,35-BS-00-01-A1*A5-K1*K122-D1*D44-S1-I2,38.473220,27.250940,10.576026,,1.000000,9.000000,"Arsenik, Nitrit, Amonyum, Alüminyum, Demir, Klorür, İletkenlik, Oksitlenebilirlik, pH",0.000000,Good,Decision Tree,0.000000,1.000000,0.000000
2026-02-04,BORNOVA,6.740000,0.030000,1.710000,1.000000,0.000000,39.810000,,29.000000,1.000000,0.000000,0.065000,0.600000,1.000000,30.000000,0.000000,7.000000,572.000000,90.433224,False,1.000000,1.000000,1.000000,0.829000,0.870000,0.966300,0.800950,0.940000,1.000000,0.884000,0.771200,0.880000,1.000000,,1.000000,1.000000,,,Good,26.000000,Ege Üni.Kampüsü İtfaiye Çeşmesi/İzsu Teknik Amirlik,BORNOVA,2.000000,35-BS-00-01-A1*A5-K1*K122-D1*D44-S1-I11,38.460950,27.228200,9.566776,,1.000000,9.000000,"Arsenik, Nitrit, Amonyum, Alüminyum, Demir, Klorür, İletkenlik, Oksitlenebilirlik, pH",0.000000,Good,Decision Tree,0.000000,1.000000,0.000000
2026-02-04,ATATÜRK MAH,6.580000,0.030000,1.760000,1.000000,0.000000,41.240000,,29.000000,1.000000,0.000000,0.065000,0.600000,1.000000,30.000000,0.000000,7.000000,578.000000,90.421171,False,1.000000,1.000000,1.000000,0.824000,0.870000,0.967100,0.793800,0.940000,1.000000,0.884000,0.768800,0.880000,1.000000,,1.000000,1.000000,,,Good,27.000000,Hürriyet Cad. Polis Mer. No:86 Atatürk,BORNOVA,2.000000,35-BS-00-01-A1*A5-K1*K122-D1*D44-S1-I13,38.475820,27.208680,9.578829,,1.000000,9.000000,"Arsenik, Nitrit, Amonyum, Alüminyum, Demir, Klorür, İletkenlik, Oksitlenebilirlik, pH",0.000000,Good,Decision Tree,0.000000,1.000000,0.000000
2026-02-04,OSMANGAZİ,7.660000,0.030000,2.290000,1.000000,0.000000,34.480000,,23.000000,1.000000,0.000000,0.065000,0.600000,1.000000,32.000000,0.000000,6.900000,590.000000,89.830254,False,1.000000,1.000000,1.000000,0.771000,0.870000,0.961700,0.827600,0.940000,0.800000,0.908000,0.764000,0.880000,1.000000,,1.000000,1.000000,,,Good,28.000000,Yavuz Cad. 241/C  Osmangazi,BAYRAKLI,60.000000,35-BS-00-29-A1*A5-K1*K122-D1*D44-S1-I6,38.475430,27.187450,10.169746,,1.000000,9.000000,"Arsenik, Nitrit, Amonyum, Alüminyum, Demir, Klorür, İletkenlik, Oksitlenebilirlik, pH",0.000000,Good,Decision Tree,0.000000,1.000000,0.000000
2026-02-04,ÖZKANLAR,7.910000,0.030000,2.270000,1.000000,0.000000,35.160000,,23.000000,1.000000,0.000000,0.065000,0.600000,1.000000,32.000000,0.000000,6.900000,591.000000,89.834249,False,1.000000,1.000000,1.000000,0.773000,0.870000,0.960450,0.824200,0.940000,0.800000,0.908000,0.763600,0.880000,1.000000,,1.000000,1.000000,,,Good,29.000000,273/4 No:6 Aile Sağlığı Merkezi Özkanlar,BAYRAKLI,60.000000,35-BS-00-29-A1*A5-K1*K122-D1*D44-S1-I10,38.458040,27.191060,10.165751,,1.000000,9.000000,"Arsenik, Nitrit, Amonyum, Alüminyum, Demir, Klorür, İletkenlik, Oksitlenebilirlik, pH",0.000000,Good,Decision Tree,0.000000,1.000000,0.000000
2026-02-04,MANAVKUYU,8.370000,0.030000,2.300000,1.000000,0.000000,37.460000,,23.000000,1.000000,0.000000,0.065000,0.600000,1.000000,32.000000,0.000000,6.900000,588.000000,89.825911,False,1.000000,1.000000,1.000000,0.770000,0.870000,0.958150,0.812700,0.940000,0.800000,0.908000,0.764800,0.880000,1.000000,,1.000000,1.000000,,,Good,30.000000,Sakarya Cad.No:112 Manavkuyu,BAYRAKLI,60.000000,35-BS-00-29-A1*A5-K1*K122-D1*D44-S1-I8,38.457390,27.186910,10.174089,,1.000000,9.000000,"Arsenik, Nitrit, Amonyum, Alüminyum, Demir, Klorür, İletkenlik, Oksitlenebilirlik, pH",0.000000,Good,Decision Tree,0.000000,1.000000,0.000000
2026-02-04,EGEKENT,11.280000,0.030000,1.900000,1.000000,0.000000,32.770000,,23.000000,1.000000,0.000000,0.065000,0.400000,1.000000,32.000000,0.000000,6.900000,592.000000,90.098417,False,1.000000,1.000000,1.000000,0.810000,0.870000,0.943600,0.836150,0.940000,0.800000,0.908000,0.763200,0.920000,1.000000,,1.000000,1.000000,,,Good,32.000000,8819 Sok. No:13 Egekent,ÇİĞLİ,4.000000,35-BS-00-24-A1*A5-K1*K122-D1*D44-S1-I7,38.504140,27.058100,9.901583,,1.000000,9.000000,"Arsenik, Nitrit, Amonyum, Alüminyum, Demir, Klorür, İletkenlik, Oksitlenebilirlik, pH",0.000000,Good,Decision Tree,0.000000,1.000000,0.000000
2026-02-04,BALATÇIK,11.640000,0.030000,1.920000,1.000000,0.000000,32.760000,,23.000000,1.000000,0.000000,0.065000,0.400000,1.000000,32.000000,0.000000,6.900000,593.000000,90.093690,False,1.000000,1.000000,1.000000,0.808000,0.870000,0.941800,0.836200,0.940000,0.800000,0.908000,0.762800,0.920000,1.000000,,1.000000,1.000000,,,Good,33.000000,8790/5 Sok. 9 Eylül Camii Balatçık,ÇİĞLİ,4.000000,35-BS-00-24-A1*A5-K1*K122-D1*D44-S1-I2-Y1,38.511900,27.045600,9.906310,,1.000000,9.000000,"Arsenik, Nitrit, Amonyum, Alüminyum, Demir, Klorür, İletkenlik, Oksitlenebilirlik, pH",0.000000,Good,Decision Tree,0.000000,1.000000,0.000000
2026-02-04,ÇİĞLİ,11.490000,0.030000,1.970000,1.000000,0.000000,33.060000,,23.000000,1.000000,0.000000,0.065000,0.400000,1.000000,32.000000,0.000000,6.900000,594.000000,90.082289,False,1.000000,1.000000,1.000000,0.803000,0.870000,0.942550,0.834700,0.940000,0.800000,0.908000,0.762400,0.920000,1.000000,,1.000000,1.000000,,,Good,34.000000,8022/1 Sok. No:8/1-B Ataşehir,ÇİĞLİ,4.000000,35-BS-00-24-A1*A5-K1*K122-D1*D44-S1-I3-IY1,38.492860,27.060890,9.917711,,1.000000,9.000000,"Arsenik, Nitrit, Amonyum, Alüminyum, Demir, Klorür, İletkenlik, Oksitlenebilirlik, pH",0.000000,Good,Decision Tree,0.000000,1.000000,0.000000
2026-02-04,BOSTANLI,8.360000,0.030000,2.210000,1.000000,0.000000,35.030000,,24.000000,1.000000,0.000000,0.065000,0.400000,1.000000,32.000000,0.000000,7.000000,582.000000,90.504664,False,1.000000,1.000000,1.000000,0.779000,0.870000,0.958200,0.824850,0.940000,1.000000,0.904000,0.767200,0.920000,1.000000,,1.000000,1.000000,,,Good,35.000000,1799 Sok No:14 Bostanlı,KARŞIYAKA,7.000000,35-BS-00-03-A1*A5-K1*K122-D1*D44-S1-I7,38.457730,27.098860,9.495336,,1.000000,9.000000,"Arsenik, Nitrit, Amonyum, Alüminyum, Demir, Klorür, İletkenlik, Oksitlenebilirlik, pH",0.000000,Good,Decision Tree,0.000000,1.000000,0.000000
2026-02-04,ŞEMİKLER,8.140000,0.030000,2.270000,1.000000,0.000000,35.980000,,24.000000,1.000000,0.000000,0.065000,0.400000,1.000000,32.000000,0.000000,7.000000,581.000000,90.490679,False,1.000000,1.000000,1.000000,0.773000,0.870000,0.959300,0.820100,0.940000,1.000000,0.904000,0.767600,0.920000,1.000000,,1.000000,1.000000,,,Good,36.000000,6276 Sok.İle 6279 Sok Kavşağı,KARŞIYAKA,7.000000,35-BS-00-03-A1*A5-K1*K122-D1*D44-S1-I4,38.477100,27.093760,9.509321,,1.000000,9.000000,"Arsenik, Nitrit, Amonyum, Alüminyum, Demir, Klorür, İletkenlik, Oksitlenebilirlik, pH",0.000000,Good,Decision Tree,0.000000,1.000000,0.000000
2026-02-04,KARŞIYAKA,8.480000,0.030000,2.290000,1.000000,0.000000,37.620000,,24.000000,1.000000,0.000000,0.065000,0.400000,1.000000,32.000000,0.000000,7.000000,580.000000,90.485037,False,1.000000,1.000000,1.000000,0.771000,0.870000,0.957600,0.811900,0.940000,1.000000,0.904000,0.768000,0.920000,1.000000,,1.000000,1.000000,,,Good,37.000000,Atatürk Cad. İle Zübeyde Hanim Cad.Kavşağı,KARŞIYAKA,7.000000,35-BS-00-03-A1*A5-K1*K122-D1*D44-S1-I5,38.461670,27.116100,9.514963,,1.000000,9.000000,"Arsenik, Nitrit, Amonyum, Alüminyum, Demir, Klorür, İletkenlik, Oksitlenebilirlik, pH",0.000000,Good,Decision Tree,0.000000,1.000000,0.000000
2026-02-04,EVKA-2,11.420000,0.030000,1.900000,1.000000,0.000000,36.530000,,24.000000,1.000000,0.000000,0.065000,0.400000,1.000000,32.000000,0.000000,7.000000,593.000000,90.572186,False,1.000000,1.000000,1.000000,0.810000,0.870000,0.942900,0.817350,0.940000,1.000000,0.904000,0.762800,0.920000,1.000000,,1.000000,1.000000,,,Good,38.000000,6800 Sok. No:9 Sağlık Ocağı Evka 2,ÇİĞLİ,4.000000,35-BS-00-24-A1*A5-K1*K122-D1*D44-S1-I5,38.499050,27.087510,9.427814,,1.000000,9.000000,"Arsenik, Nitrit, Amonyum, Alüminyum, Demir, Klorür, İletkenlik, Oksitlenebilirlik, pH",0.000000,Good,Decision Tree,0.000000,1.000000,0.000000
2026-02-04,ÖRNEKKÖY,8.110000,0.030000,2.230000,1.000000,0.000000,35.220000,,24.000000,1.000000,0.000000,0.065000,0.400000,1.000000,32.000000,0.000000,7.000000,587.000000,90.500155,False,1.000000,1.000000,1.000000,0.777000,0.870000,0.959450,0.823900,0.940000,1.000000,0.904000,0.765200,0.920000,1.000000,,1.000000,1.000000,,,Good,39.000000,Başpehlivan Kara Ali Cad. No:25/A,KARŞIYAKA,7.000000,35-BS-00-03-A1*A5-K1*K122-D1*D44-S1-I6,38.482130,27.111060,9.499845,,1.000000,9.000000,"Arsenik, Nitrit, Amonyum, Alüminyum, Demir, Klorür, İletkenlik, Oksitlenebilirlik, pH",0.000000,Good,Decision Tree,0.000000,1.000000,0.000000
2026-02-04,GÜMÜŞPALA,8.460000,0.030000,2.290000,1.000000,0.000000,36.480000,,24.000000,1.000000,0.000000,0.065000,0.400000,1.000000,32.000000,0.000000,7.000000,589.000000,90.485661,False,1.000000,1.000000,1.000000,0.771000,0.870000,0.957700,0.817600,0.940000,1.000000,0.904000,0.764400,0.920000,1.000000,,1.000000,1.000000,,,Good,40.000000,7019 Sok. No:20/3 Merkez Cami Gümüşpala,BAYRAKLI,60.000000,35-BS-00-29-A1*A5-K1*K122-D1*D44-S1-I7,38.479310,27.109960,9.514339,,1.000000,9.000000,"Arsenik, Nitrit, Amonyum, Alüminyum, Demir, Klorür, İletkenlik, Oksitlenebilirlik, pH",0.000000,Good,Decision Tree,0.000000,1.000000,0.000000
2026-02-11,DOĞANÇAY,4.620000,0.030000,3.120000,1.000000,0.000000,42.500000,,25.000000,1.000000,0.000000,0.065000,0.600000,1.000000,34.000000,0.100000,7.900000,625.000000,89.257717,False,1.000000,1.000000,1.000000,0.688000,0.870000,0.976900,0.787500,0.940000,0.640000,0.900000,0.750000,0.880000,1.000000,,1.000000,1.000000,,,Good,41.000000,7191 Sok. No:1/A Doğançay,BAYRAKLI,60.000000,35-BS-00-29-A1*A5-K1*K122-D1*D44-S1-I1,38.495500,27.155140,10.742283,,1.000000,9.000000,"Arsenik, Nitrit, Amonyum, Alüminyum, Demir, Klorür, İletkenlik, Oksitlenebilirlik, pH",0.000000,Good,Decision Tree,0.000000,1.000000,0.000000
2026-02-11,YAMANLAR,3.260000,0.030000,2.920000,1.000000,0.000000,41.390000,,25.000000,1.000000,0.000000,0.065000,0.600000,1.000000,34.000000,0.100000,7.900000,628.000000,89.304355,False,1.000000,1.000000,1.000000,0.708000,0.870000,0.983700,0.793050,0.940000,0.640000,0.900000,0.748800,0.880000,1.000000,,1.000000,1.000000,,,Good,42.000000,7348 Sok. No:2 Polis Merkezi Yamanlar,BAYRAKLI,60.000000,35-BS-00-29-A1*A5-K1*K122-D1*D44-S1-I2,38.481110,27.132940,10.695645,,1.000000,9.000000,"Arsenik, Nitrit, Amonyum, Alüminyum, Demir, Klorür, İletkenlik, Oksitlenebilirlik, pH",0.000000,Good,Decision Tree,0.000000,1.000000,0.000000
2026-02-11,POSTACI MAH,3.310000,0.030000,2.820000,1.000000,0.000000,43.490000,,25.000000,1.000000,0.000000,0.065000,0.600000,1.000000,34.000000,0.100000,7.900000,626.000000,89.325773,False,1.000000,1.000000,1.000000,0.718000,0.870000,0.983450,0.782550,0.940000,0.640000,0.900000,0.749600,0.880000,1.000000,,1.000000,1.000000,,,Good,43.000000,7659/2 Sok. No:1/B Postacılar Mah.,BAYRAKLI,60.000000,35-BS-00-29-A1*A5*-K1*K122-D1*D44-S1-I3-IY1,38.482170,27.119910,10.674227,,1.000000,9.000000,"Arsenik, Nitrit, Amonyum, Alüminyum, Demir, Klorür, İletkenlik, Oksitlenebilirlik, pH",0.000000,Good,Decision Tree,0.000000,1.000000,0.000000
2026-02-11,YAMAÇ MAH,3.530000,0.030000,2.850000,1.000000,0.000000,47.350000,,25.000000,1.000000,0.000000,0.065000,0.600000,1.000000,34.000000,0.100000,7.900000,625.000000,89.316680,False,1.000000,1.000000,1.000000,0.715000,0.870000,0.982350,0.763250,0.940000,0.640000,0.900000,0.750000,0.880000,1.000000,,1.000000,1.000000,,,Good,44.000000,6730 Sok. No:6/A Yamaç Mah.,KARŞIYAKA,7.000000,35-BS-00-03-A1*A5-K1*K122-D1*D44-S1-I1,38.483710,27.099770,10.683320,,1.000000,9.000000,"Arsenik, Nitrit, Amonyum, Alüminyum, Demir, Klorür, İletkenlik, Oksitlenebilirlik, pH",0.000000,Good,Decision Tree,0.000000,1.000000,0.000000
2026-02-11,CUMHURİYET MAH,3.090000,0.030000,3.830000,1.000000,0.000000,42.260000,,25.000000,1.000000,0.000000,0.065000,0.600000,1.000000,34.000000,0.100000,7.900000,627.000000,89.098065,False,1.000000,1.000000,1.000000,0.617000,0.870000,0.984550,0.788700,0.940000,0.640000,0.900000,0.749200,0.880000,1.000000,,1.000000,1.000000,,,Good,45.000000,Alim Dağhan Cd. İle 6716 Sok. Kvs.,KARŞIYAKA,7.000000,35-BS-00-03-A1*A5-K1*K122-D1*D44-S1-I2,38.485320,27.096540,10.901935,,1.000000,9.000000,"Arsenik, Nitrit, Amonyum, Alüminyum, Demir, Klorür, İletkenlik, Oksitlenebilirlik, pH",0.000000,Good,Decision Tree,0.000000,1.000000,0.000000
2026-02-11,GÜZELTEPE,11.880000,0.030000,4.820000,1.000000,0.000000,82.140000,,43.000000,1.000000,0.000000,0.065000,0.600000,1.000000,35.000000,0.100000,7.700000,737.000000,89.030157,False,1.000000,1.000000,1.000000,0.518000,0.870000,0.940600,0.589300,0.940000,0.720000,0.828000,0.705200,0.880000,1.000000,,1.000000,1.000000,,,Good,46.000000,8172 Sok. No:90/1 Güzeltepe,ÇİĞLİ,4.000000,35-BS-00-24-A1*A5-K1*K122-D1*D44-S1-I4-IY1,38.502720,27.077990,10.969843,,1.000000,9.000000,"Arsenik, Nitrit, Amonyum, Alüminyum, Demir, Klorür, İletkenlik, Oksitlenebilirlik, pH",0.000000,Good,Decision Tree,0.000000,1.000000,0.000000
2026-02-11,EVKA-5,17.540000,0.030000,5.030000,1.000000,0.000000,114.600000,,43.000000,1.000000,0.000000,0.065000,0.600000,1.000000,36.000000,0.100000,7.700000,738.000000,88.961076,False,1.000000,1.000000,1.000000,0.497000,0.870000,0.912300,0.427000,0.940000,0.720000,0.828000,0.704800,0.880000,1.000000,,1.000000,1.000000,,,Good,47.000000,8809 Sok. No:141/A Evka-5,ÇİĞLİ,4.000000,35-BS-00-24-A1*A5-K1*K122-D1*D44-S1-I8-IY1,38.518190,27.056590,11.038924,,1.000000,9.000000,"Arsenik, Nitrit, Amonyum, Alüminyum, Demir, Klorür, İletkenlik, Oksitlenebilirlik, pH",0.000000,Good,Decision Tree,0.000000,1.000000,0.000000
2026-02-11,EGEKENT-2,9.220000,0.030000,4.080000,1.000000,0.000000,64.060000,,43.000000,1.000000,0.000000,0.065000,0.600000,1.000000,36.000000,0.100000,7.700000,739.000000,89.209315,False,1.000000,1.000000,1.000000,0.592000,0.870000,0.953900,0.679700,0.940000,0.720000,0.828000,0.704400,0.880000,1.000000,,1.000000,1.000000,,,Good,48.000000,8818 Sok. No:38 6 Nolu Sağlık Ocağı Egekent,ÇİĞLİ,4.000000,35-BS-00-24-A1*A5-K1*K122-D1*D44-S1-I6,38.555690,27.049780,10.790685,,1.000000,9.000000,"Arsenik, Nitrit, Amonyum, Alüminyum, Demir, Klorür, İletkenlik, Oksitlenebilirlik, pH",0.000000,Good,Decision Tree,0.000000,1.000000,0.000000
2026-02-11,ALAYBEY,3.190000,0.030000,2.870000,1.000000,0.000000,46.420000,,25.000000,1.000000,0.000000,0.065000,0.600000,1.000000,34.000000,0.100000,7.900000,627.000000,89.312866,False,1.000000,1.000000,1.000000,0.713000,0.870000,0.984050,0.767900,0.940000,0.640000,0.900000,0.749200,0.880000,1.000000,,1.000000,1.000000,,,Good,49.000000,1643/7 Sok. No:8 Adalet Mah.,BAYRAKLI,60.000000,35-BS-00-03-A1*A5-K1*K122-D1*D44-S1-13-IY1,38.466750,27.159340,10.687134,,1.000000,9.000000,"Arsenik, Nitrit, Amonyum, Alüminyum, Demir, Klorür, İletkenlik, Oksitlenebilirlik, pH",0.000000,Good,Decision Tree,0.000000,1.000000,0.000000
2026-02-11,CENGİZHAN,4.350000,0.030000,3.100000,1.000000,0.000000,49.390000,,25.000000,1.000000,0.000000,0.065000,0.600000,1.000000,34.000000,0.100000,7.900000,629.000000,89.258483,False,1.000000,1.000000,1.000000,0.690000,0.870000,0.978250,0.753050,0.940000,0.640000,0.900000,0.748400,0.880000,1.000000,,1.000000,1.000000,,,Good,50.000000,1620/19 İle 1620/39 Sok. Kavsağı Cengizhan,BAYRAKLI,60.000000,35-BS-00-29-A1*A5-K1*K122-D1*D44-S1-I4,38.473400,27.158880,10.741517,,1.000000,9.000000,"Arsenik, Nitrit, Amonyum, Alüminyum, Demir, Klorür, İletkenlik, Oksitlenebilirlik, pH",0.000000,Good,Decision Tree,0.000000,1.000000,0.000000
2026-02-11,ÇAY MAH,5.270000,0.030000,2.950000,1.000000,0.000000,42.970000,,25.000000,1.000000,0.000000,0.065000,0.600000,1.000000,34.000000,0.100000,7.900000,630.000000,89.295530,False,1.000000,1.000000,1.000000,0.705000,0.870000,0.973650,0.785150,0.940000,0.640000,0.900000,0.748000,0.880000,1.000000,,1.000000,1.000000,,,Good,51.000000,Hakan Uysal Cad. No:273/1 Çay Mahallesi,BAYRAKLI,60.000000,35-BS-00-29-A1*A5-K1*K122-D1*D44-S1-I5,38.470860,27.180440,10.704470,,1.000000,9.000000,"Arsenik, Nitrit, Amonyum, Alüminyum, Demir, Klorür, İletkenlik, Oksitlenebilirlik, pH",0.000000,Good,Decision Tree,0.000000,1.000000,0.000000
2026-02-11,İZYUVA,4.680000,0.030000,2.550000,1.000000,0.000000,35.980000,,25.000000,1.000000,0.000000,0.065000,0.600000,1.000000,34.000000,0.100000,7.900000,631.000000,89.390318,False,1.000000,1.000000,1.000000,0.745000,0.870000,0.976600,0.820100,0.940000,0.640000,0.900000,0.747600,0.880000,1.000000,,1.000000,1.000000,,,Good,52.000000,113/19 Sok. No:10 İzyuva,BORNOVA,2.000000,35-BS-00-01-A1*A5-K1*K122-D1*D44-S1-I7,38.464570,27.249790,10.609682,,1.000000,9.000000,"Arsenik, Nitrit, Amonyum, Alüminyum, Demir, Klorür, İletkenlik, Oksitlenebilirlik, pH",0.000000,Good,Decision Tree,0.000000,1.000000,0.000000
2026-02-11,NALDÖKEN,5.260000,0.030000,2.590000,1.000000,0.000000,33.380000,,25.000000,1.000000,0.000000,0.065000,0.600000,1.000000,34.000000,0.100000,7.900000,630.000000,89.382414,False,1.000000,1.000000,1.000000,0.741000,0.870000,0.973700,0.833100,0.940000,0.640000,0.900000,0.748000,0.880000,1.000000,,1.000000,1.000000,,,Good,53.000000,Ankara Cad. İle Atatürk Cad. Kav.,BORNOVA,2.000000,35-BS-00-01-A1*A5-K1*K122-D1*D44-S1-I6,38.452100,27.266070,10.617586,,1.000000,9.000000,"Arsenik, Nitrit, Amonyum, Alüminyum, Demir, Klorür, İletkenlik, Oksitlenebilirlik, pH",0.000000,Good,Decision Tree,0.000000,1.000000,0.000000
2026-02-11,YEŞİLÇAM,5.890000,0.030000,1.660000,1.000000,0.000000,40.910000,,28.000000,1.000000,0.000000,0.065000,0.600000,1.000000,33.000000,0.100000,7.800000,653.000000,89.682320,False,1.000000,1.000000,1.000000,0.834000,0.870000,0.970550,0.795450,0.940000,0.680000,0.888000,0.738800,0.880000,1.000000,,1.000000,1.000000,,,Good,54.000000,Mrk. Bornova Jandarma Komando Ambarlar Yanı,BORNOVA,2.000000,35-BS-00-01-A1*A5-K1*K122-D1*D44-S1-IY1,38.445680,27.289280,10.317680,,1.000000,9.000000,"Arsenik, Nitrit, Amonyum, Alüminyum, Demir, Klorür, İletkenlik, Oksitlenebilirlik, pH",0.000000,Good,Decision Tree,0.000000,1.000000,0.000000
2026-02-11,MEVLANA,4.710000,0.030000,2.470000,1.000000,0.000000,38.600000,,25.000000,1.000000,0.000000,0.065000,0.600000,1.000000,35.000000,0.100000,7.900000,631.000000,89.406920,False,1.000000,1.000000,1.000000,0.753000,0.870000,0.976450,0.807000,0.940000,0.640000,0.900000,0.747600,0.880000,1.000000,,1.000000,1.000000,,,Good,55.000000,1754 Sok. No:25 Asm Mevlana,BORNOVA,2.000000,35-BS-00-01-A1*A5-K1*K122-D1*D44-S1-I4,38.448220,27.230660,10.593080,,1.000000,9.000000,"Arsenik, Nitrit, Amonyum, Alüminyum, Demir, Klorür, İletkenlik, Oksitlenebilirlik, pH",0.000000,Good,Decision Tree,0.000000,1.000000,0.000000
2026-02-11,YEŞİLOVA,4.480000,0.030000,2.450000,1.000000,0.000000,37.490000,,25.000000,1.000000,0.000000,0.065000,0.600000,1.000000,35.000000,0.100000,7.900000,630.000000,89.412207,False,1.000000,1.000000,1.000000,0.755000,0.870000,0.977600,0.812550,0.940000,0.640000,0.900000,0.748000,0.880000,1.000000,,1.000000,1.000000,,,Good,56.000000,A.İpekçi Cd. İle 4040 Sok. Kvs. Yesilova,BORNOVA,2.000000,35-BS-00-01-A1*A5-K1*K122-D1*D44-S1-I3,38.440370,27.201350,10.587793,,1.000000,9.000000,"Arsenik, Nitrit, Amonyum, Alüminyum, Demir, Klorür, İletkenlik, Oksitlenebilirlik, pH",0.000000,Good,Decision Tree,0.000000,1.000000,0.000000
2026-02-11,MERSİNLİ,5.520000,0.030000,2.600000,1.000000,0.000000,35.000000,,25.000000,1.000000,0.000000,0.065000,0.600000,1.000000,34.000000,0.100000,7.900000,631.000000,89.379084,False,1.000000,1.000000,1.000000,0.740000,0.870000,0.972400,0.825000,0.940000,0.640000,0.900000,0.747600,0.880000,1.000000,,1.000000,1.000000,,,Good,57.000000,Fatih cd. İle Beyazıt Cd. Tuğlacı Önü Mersinli,BORNOVA,2.000000,35-BS-00-01-A1*A5-K1*K122-D1*D44-S1-I14,38.440000,27.180530,10.620916,,1.000000,9.000000,"Arsenik, Nitrit, Amonyum, Alüminyum, Demir, Klorür, İletkenlik, Oksitlenebilirlik, pH",0.000000,Good,Decision Tree,0.000000,1.000000,0.000000
2026-02-11,ÇANKAYA,4.870000,0.030000,2.410000,1.000000,0.000000,29.570000,,22.000000,1.000000,0.000000,0.065000,0.600000,1.000000,33.000000,0.000000,7.700000,602.000000,89.617240,False,1.000000,1.000000,1.000000,0.759000,0.870000,0.975650,0.852150,0.940000,0.720000,0.912000,0.759200,0.880000,1.000000,,1.000000,1.000000,,,Good,59.000000,Hürriyet Bulvarı No:14/E,KONAK,8.000000,35-BS-00-04-A1*A5-K1*K122-D1*D44-S1-IY-1,38.424780,27.142050,10.382760,,1.000000,9.000000,"Arsenik, Nitrit, Amonyum, Alüminyum, Demir, Klorür, İletkenlik, Oksitlenebilirlik, pH",0.000000,Good,Decision Tree,0.000000,1.000000,0.000000
2026-02-11,TOROS,2.790000,0.030000,4.630000,1.000000,0.000000,46.980000,,29.000000,1.000000,0.000000,0.065000,0.600000,1.000000,30.000000,0.000000,7.600000,561.000000,89.199150,False,1.000000,1.000000,1.000000,0.537000,0.870000,0.986050,0.765100,0.940000,0.760000,0.884000,0.775600,0.880000,1.000000,,1.000000,1.000000,,,Good,60.000000,Dicle Cad. No:88 Aile Sağlığı Merkezi,KONAK,8.000000,35-BS-00-04-A1*A5-K1*K122-D1*D44-S1-I3,38.407410,27.183640,10.800850,,1.000000,9.000000,"Arsenik, Nitrit, Amonyum, Alüminyum, Demir, Klorür, İletkenlik, Oksitlenebilirlik, pH",0.000000,Good,Decision Tree,0.000000,1.000000,0.000000
2026-02-11,LEVENT,2.590000,0.030000,4.820000,1.000000,0.000000,46.410000,,29.000000,1.000000,0.000000,0.065000,0.400000,1.000000,30.000000,0.000000,7.600000,562.000000,89.337602,False,1.000000,1.000000,1.000000,0.518000,0.870000,0.987050,0.767950,0.940000,0.760000,0.884000,0.775200,0.920000,1.000000,,1.000000,1.000000,,,Good,61.000000,3513 İle 3514 Sok. Kvs Levent,KONAK,8.000000,35-BS-00-04-A1*A5-K1*K122-D1*D44-S1-I8,38.411300,27.163150,10.662398,,1.000000,9.000000,"Arsenik, Nitrit, Amonyum, Alüminyum, Demir, Klorür, İletkenlik, Oksitlenebilirlik, pH",0.000000,Good,Decision Tree,0.000000,1.000000,0.000000
2026-02-11,UFUK MAH,3.800000,0.030000,4.910000,1.000000,0.000000,43.330000,,29.000000,1.000000,0.000000,0.065000,0.400000,1.000000,30.000000,0.000000,7.600000,563.000000,89.318293,False,1.000000,1.000000,1.000000,0.509000,0.870000,0.981000,0.783350,0.940000,0.760000,0.884000,0.774800,0.920000,1.000000,,1.000000,1.000000,,,Good,62.000000,914 Sok. No.7/A Ufuk Mah.,BUCA,3.000000,35-BS-00-02-A1*A5-K1*K122-D1*D44-S1-I5,38.403620,27.165620,10.681707,,1.000000,9.000000,"Arsenik, Nitrit, Amonyum, Alüminyum, Demir, Klorür, İletkenlik, Oksitlenebilirlik, pH",0.000000,Good,Decision Tree,0.000000,1.000000,0.000000
2026-02-11,EVKA-1,33.910000,0.030000,0.510000,1.000000,0.000000,65.830000,,65.000000,1.000000,0.000000,0.065000,0.400000,1.000000,14.000000,0.000000,7.500000,344.000000,90.367113,False,1.000000,1.000000,1.000000,0.949000,0.870000,0.830450,0.670850,0.940000,0.800000,0.740000,0.862400,0.920000,1.000000,,1.000000,1.000000,,,Good,63.000000,Türkmenistan Cad. İle 1206 Sok.. Kvs. Evka-1,BUCA,3.000000,35-BS-00-02-A1*A5-K1*K122-D1*D44-S1-I9,38.400630,27.194670,9.632887,,1.000000,9.000000,"Arsenik, Nitrit, Amonyum, Alüminyum, Demir, Klorür, İletkenlik, Oksitlenebilirlik, pH",0.000000,Good,Decision Tree,0.000000,1.000000,0.000000
2026-02-11,ADATEPE,52.560000,0.030000,0.820000,1.000000,0.000000,59.340000,,65.000000,1.000000,0.000000,0.065000,0.400000,1.000000,14.000000,0.000000,7.500000,344.000000,90.290093,False,1.000000,1.000000,1.000000,0.918000,0.870000,0.737200,0.703300,0.940000,0.800000,0.740000,0.862400,0.920000,1.000000,,1.000000,1.000000,,,Good,64.000000,3 İle 3/8 Sok. Kvs. Adatepe,BUCA,3.000000,35-BS-00-02-A1*A5-K1*K122-D1*D44-S1-I4,38.381540,27.184940,9.709907,,1.000000,9.000000,"Arsenik, Nitrit, Amonyum, Alüminyum, Demir, Klorür, İletkenlik, Oksitlenebilirlik, pH",0.000000,Good,Decision Tree,0.000000,1.000000,0.000000
2026-02-11,KURUÇEŞME,24.860000,0.030000,0.450000,1.000000,0.000000,41.480000,,65.000000,1.000000,0.000000,0.065000,0.400000,1.000000,15.000000,0.000000,7.500000,343.000000,90.399585,False,1.000000,1.000000,1.000000,0.955000,0.870000,0.875700,0.792600,0.940000,0.800000,0.740000,0.862800,0.920000,1.000000,,1.000000,1.000000,,,Good,65.000000,Dogus Cad. İle A.Yesevi Cd. Kvs. Kuruçeşme,BUCA,3.000000,35-BS-00-02-A1*A5-K1*K122-D1*D44-S1-I2,38.372330,27.194500,9.600415,,1.000000,9.000000,"Arsenik, Nitrit, Amonyum, Alüminyum, Demir, Klorür, İletkenlik, Oksitlenebilirlik, pH",0.000000,Good,Decision Tree,0.000000,1.000000,0.000000
2026-02-11,KOZAĞAÇ,24.380000,0.030000,0.470000,1.000000,0.000000,61.890000,,64.000000,1.000000,0.000000,0.065000,0.400000,1.000000,14.000000,0.000000,7.500000,342.000000,90.384152,False,1.000000,1.000000,1.000000,0.953000,0.870000,0.878100,0.690550,0.940000,0.800000,0.744000,0.863200,0.920000,1.000000,,1.000000,1.000000,,,Good,66.000000,I.Sivri Cd. İle 254 Sok.. Kvs. Kozağaç,BUCA,3.000000,35-BS-00-02-A1*A5-K1*K122-D1*D44-S1-I8,38.377130,27.169560,9.615848,,1.000000,9.000000,"Arsenik, Nitrit, Amonyum, Alüminyum, Demir, Klorür, İletkenlik, Oksitlenebilirlik, pH",0.000000,Good,Decision Tree,0.000000,1.000000,0.000000
2026-02-11,ÇAMLIKULE,25.690000,0.030000,0.420000,1.000000,0.000000,64.380000,,65.000000,1.000000,0.000000,0.065000,0.400000,1.000000,14.000000,0.000000,7.500000,343.000000,90.392950,False,1.000000,1.000000,1.000000,0.958000,0.870000,0.871550,0.678100,0.940000,0.800000,0.740000,0.862800,0.920000,1.000000,,1.000000,1.000000,,,Good,67.000000,220 Sok. No:163/B Çamlıkule,BUCA,3.000000,35-BS-00-02-A1*A5-K1*K122-D1*D44-S1-I3,38.372280,27.171530,9.607050,,1.000000,9.000000,"Arsenik, Nitrit, Amonyum, Alüminyum, Demir, Klorür, İletkenlik, Oksitlenebilirlik, pH",0.000000,Good,Decision Tree,0.000000,1.000000,0.000000
2026-02-11,AKINCILAR,82.090000,0.030000,0.950000,1.000000,0.000000,76.790000,,63.000000,1.000000,0.000000,0.065000,0.400000,1.000000,17.000000,0.000000,7.600000,336.000000,90.139590,False,1.000000,1.000000,1.000000,0.905000,0.870000,0.589550,0.616050,0.940000,0.760000,0.748000,0.865600,0.920000,1.000000,,1.000000,1.000000,,,Good,68.000000,A.Hatboyu Cd. İle 545 Sok.. Kvs. Akıncılar,BUCA,3.000000,35-BS-00-02-A1*A5-K1*K122-D1*D44-S1-I7,38.387460,27.147600,9.860410,,1.000000,9.000000,"Arsenik, Nitrit, Amonyum, Alüminyum, Demir, Klorür, İletkenlik, Oksitlenebilirlik, pH",0.000000,Good,Decision Tree,0.000000,1.000000,0.000000
2026-02-11,UĞUR MUMCU MAH,22.350000,0.030000,0.500000,1.000000,0.000000,76.190000,,61.000000,1.000000,0.000000,0.065000,0.400000,1.000000,18.000000,0.000000,7.700000,443.000000,90.180608,False,1.000000,1.000000,1.000000,0.950000,0.870000,0.888250,0.619050,0.940000,0.720000,0.756000,0.822800,0.920000,1.000000,,1.000000,1.000000,,,Good,69.000000,5777 İle 5780 Sok. Kvs. U. Mumcu,KARABAĞLAR,59.000000,35-BS-00-30-A1*A5-K1*K122-D1*D44-S1-I1,38.381830,27.130670,9.819392,,1.000000,9.000000,"Arsenik, Nitrit, Amonyum, Alüminyum, Demir, Klorür, İletkenlik, Oksitlenebilirlik, pH",0.000000,Good,Decision Tree,0.000000,1.000000,0.000000
2026-02-11,ÇAMLIK MAH,31.490000,0.030000,0.510000,1.000000,0.000000,69.710000,,61.000000,1.000000,0.000000,0.065000,0.400000,1.000000,18.000000,0.000000,7.700000,442.000000,90.176844,False,1.000000,1.000000,1.000000,0.949000,0.870000,0.842550,0.651450,0.940000,0.720000,0.756000,0.823200,0.920000,1.000000,,1.000000,1.000000,,,Good,70.000000,4969 Sok. No:2/A Çamlık,KARABAĞLAR,59.000000,35-BS-00-30-A1*A5-K1*K122-D1*D44-S1-I2,38.366230,27.120330,9.823156,,1.000000,9.000000,"Arsenik, Nitrit, Amonyum, Alüminyum, Demir, Klorür, İletkenlik, Oksitlenebilirlik, pH",0.000000,Good,Decision Tree,0.000000,1.000000,0.000000
2026-02-11,AKTEPE,36.100000,0.030000,0.520000,1.000000,0.000000,76.010000,,60.000000,1.000000,0.000000,0.065000,0.400000,1.000000,18.000000,0.000000,7.700000,442.000000,90.168772,False,1.000000,1.000000,1.000000,0.948000,0.870000,0.819500,0.619950,0.940000,0.720000,0.760000,0.823200,0.920000,1.000000,,1.000000,1.000000,,,Good,71.000000,Altan Aydin İle 4165 Sok.. Kvs Aktepe,GAZİEMİR,5.000000,35-BS-00-25-A1*A5-K1*K122-D1*D44-S1-I5,38.352350,27.125160,9.831228,,1.000000,9.000000,"Arsenik, Nitrit, Amonyum, Alüminyum, Demir, Klorür, İletkenlik, Oksitlenebilirlik, pH",0.000000,Good,Decision Tree,0.000000,1.000000,0.000000
2026-02-11,9 EYLÜL MAH,34.360000,0.030000,0.510000,1.000000,0.000000,66.850000,,60.000000,1.000000,0.000000,0.065000,0.400000,1.000000,18.000000,0.000000,7.700000,442.000000,90.177200,False,1.000000,1.000000,1.000000,0.949000,0.870000,0.828200,0.665750,0.940000,0.720000,0.760000,0.823200,0.920000,1.000000,,1.000000,1.000000,,,Good,72.000000,Kahramanlar Cd. No:2 H. Bayram Camii,GAZİEMİR,5.000000,35-BS-00-25-A1*A5-K1*K122-D1*D44-S1-I2,38.327138,27.137154,9.822800,,1.000000,9.000000,"Arsenik, Nitrit, Amonyum, Alüminyum, Demir, Klorür, İletkenlik, Oksitlenebilirlik, pH",0.000000,Good,Decision Tree,0.000000,1.000000,0.000000
2026-02-11,BEYAZEVLER,26.220000,0.030000,0.590000,1.000000,0.000000,71.930000,,61.000000,1.000000,0.000000,0.065000,0.400000,1.000000,18.000000,0.000000,7.700000,441.000000,90.160472,False,1.000000,1.000000,1.000000,0.941000,0.870000,0.868900,0.640350,0.940000,0.720000,0.756000,0.823600,0.920000,1.000000,,1.000000,1.000000,,,Good,73.000000,514 Sok.. No:3/A Beyazevler,GAZİEMİR,5.000000,35-BS-00-25-A1*A5-K1*K122-D1*D44-S1-I3,38.341790,27.140280,9.839528,,1.000000,9.000000,"Arsenik, Nitrit, Amonyum, Alüminyum, Demir, Klorür, İletkenlik, Oksitlenebilirlik, pH",0.000000,Good,Decision Tree,0.000000,1.000000,0.000000
2026-02-11,UZUNDERE,22.700000,0.030000,0.570000,1.000000,0.000000,66.970000,,62.000000,1.000000,0.000000,0.065000,0.400000,1.000000,18.000000,0.000000,7.700000,441.000000,90.169432,False,1.000000,1.000000,1.000000,0.943000,0.870000,0.886500,0.665150,0.940000,0.720000,0.752000,0.823600,0.920000,1.000000,,1.000000,1.000000,,,Good,74.000000,Eski Izmir Cad. 3959 Kvs Uzundere,KARABAĞLAR,59.000000,35-BS-00-30-A1*A5-K1*K122-D1*D44-S1-I4,38.360060,27.104090,9.830568,,1.000000,9.000000,"Arsenik, Nitrit, Amonyum, Alüminyum, Demir, Klorür, İletkenlik, Oksitlenebilirlik, pH",0.000000,Good,Decision Tree,0.000000,1.000000,0.000000
2026-02-11,CENNETÇEŞME,26.710000,0.030000,0.520000,1.000000,0.000000,70.250000,,60.000000,1.000000,0.000000,0.065000,0.400000,1.000000,18.000000,0.000000,7.700000,442.000000,90.177342,False,1.000000,1.000000,1.000000,0.948000,0.870000,0.866450,0.648750,0.940000,0.720000,0.760000,0.823200,0.920000,1.000000,,1.000000,1.000000,,,Good,75.000000,3948/6 Sok. No:2 C.Çeşme,KARABAĞLAR,59.000000,35-BS-00-30-A1*A5-K1*K122-D1*D44-S1-I9,38.361680,27.093850,9.822658,,1.000000,9.000000,"Arsenik, Nitrit, Amonyum, Alüminyum, Demir, Klorür, İletkenlik, Oksitlenebilirlik, pH",0.000000,Good,Decision Tree,0.000000,1.000000,0.000000
2026-02-11,İNCİRALTI,15.310000,0.030000,4.720000,1.000000,0.000000,47.960000,,36.000000,1.000000,0.000000,0.065000,0.400000,1.000000,27.000000,0.000000,7.700000,515.000000,89.254524,False,1.000000,1.000000,1.000000,0.528000,0.870000,0.923450,0.760200,0.940000,0.720000,0.856000,0.794000,0.920000,1.000000,,1.000000,1.000000,,,Good,78.000000,Başak Cd. No:16 Bahçe Cafe İnciralti,BALÇOVA,1.000000,35-BS-00-26-A1*A5-K1*K122-D1*D44-S1-I1,38.409090,27.035910,10.745476,,1.000000,9.000000,"Arsenik, Nitrit, Amonyum, Alüminyum, Demir, Klorür, İletkenlik, Oksitlenebilirlik, pH",0.000000,Good,Decision Tree,0.000000,1.000000,0.000000
2026-02-11,ESENDERE,15.760000,0.030000,4.800000,1.000000,0.000000,53.160000,,36.000000,1.000000,0.000000,0.065000,0.400000,1.000000,27.000000,0.000000,7.700000,514.000000,89.233231,False,1.000000,1.000000,1.000000,0.520000,0.870000,0.921200,0.734200,0.940000,0.720000,0.856000,0.794400,0.920000,1.000000,,1.000000,1.000000,,,Good,79.000000,52/74 İle 52/18 Sok. Kvs Esendere,KARABAĞLAR,59.000000,35-BS-00-30-A1*A5-K1*K122-D1*D44-S1-I5,38.391050,27.089590,10.766769,,1.000000,9.000000,"Arsenik, Nitrit, Amonyum, Alüminyum, Demir, Klorür, İletkenlik, Oksitlenebilirlik, pH",0.000000,Good,Decision Tree,0.000000,1.000000,0.000000
2026-02-11,KADİFEKALE,96.360000,0.030000,0.940000,1.000000,0.000000,75.720000,,36.000000,1.000000,0.000000,0.065000,0.400000,1.000000,27.000000,0.000000,7.700000,337.000000,90.048889,False,1.000000,1.000000,1.000000,0.906000,0.870000,0.518200,0.621400,0.940000,0.720000,0.856000,0.865200,0.920000,1.000000,,1.000000,1.000000,,,Good,80.000000,R.Erkutlu Şehitlik Önü No:290/A Kadifekale,KONAK,8.000000,35-BS-00-04-A1*A5-K1*K122-D1*D44-S1-I6,38.412820,27.140320,9.951111,,1.000000,9.000000,"Arsenik, Nitrit, Amonyum, Alüminyum, Demir, Klorür, İletkenlik, Oksitlenebilirlik, pH",0.000000,Good,Decision Tree,0.000000,1.000000,0.000000
2026-02-18,YENİŞEHİR,3.040000,0.030000,5.020000,1.000000,0.000000,12.300000,,42.000000,1.000000,0.000000,0.065000,0.400000,1.000000,25.000000,0.000000,7.500000,489.000000,89.402216,False,1.000000,1.000000,1.000000,0.498000,0.870000,0.984800,0.938500,0.940000,0.800000,0.832000,0.804400,0.920000,1.000000,,1.000000,1.000000,,,Good,2.000000,Gaziler Cad. No:185 İtfaiye Önü,KONAK,8.000000,35-BS-00-04-A1*A5-K1*K122-D1*D44-S1-I10,38.422640,27.153840,10.597784,,1.000000,9.000000,"Arsenik, Nitrit, Amonyum, Alüminyum, Demir, Klorür, İletkenlik, Oksitlenebilirlik, pH",0.000000,Good,Decision Tree,0.000000,1.000000,0.000000
2026-02-18,KONAK,3.810000,0.030000,4.730000,1.000000,0.000000,12.420000,,42.000000,1.000000,0.000000,0.065000,0.400000,1.000000,25.000000,0.000000,7.500000,491.000000,89.467321,False,1.000000,1.000000,1.000000,0.527000,0.870000,0.980950,0.937900,0.940000,0.800000,0.832000,0.803600,0.920000,1.000000,,1.000000,1.000000,,,Good,3.000000,854 Sok No:51/A,KONAK,8.000000,35-BS-00-04-A1*A5-K1*K122-D1*D44-S1-I5,38.420610,27.130760,10.532679,,1.000000,9.000000,"Arsenik, Nitrit, Amonyum, Alüminyum, Demir, Klorür, İletkenlik, Oksitlenebilirlik, pH",0.000000,Good,Decision Tree,0.000000,1.000000,0.000000
2026-02-18,GÜZELBAHÇE,7.630000,0.030000,4.900000,1.000000,0.000000,33.830000,,42.000000,1.000000,0.000000,0.065000,0.400000,1.000000,24.000000,0.000000,7.500000,480.000000,89.414625,False,1.000000,1.000000,1.000000,0.510000,0.870000,0.961850,0.830850,0.940000,0.800000,0.832000,0.808000,0.920000,1.000000,,1.000000,1.000000,,,Good,4.000000,Kazım Dirik Cad. No.46,GÜZELBAHÇE,6.000000,35-BS-00-28-A1*A5-K1*K122-D1*D44-S1-I1,38.363366,26.866501,10.585375,,1.000000,9.000000,"Arsenik, Nitrit, Amonyum, Alüminyum, Demir, Klorür, İletkenlik, Oksitlenebilirlik, pH",0.000000,Good,Decision Tree,0.000000,1.000000,0.000000
2026-02-18,NARLIDERE,8.700000,0.030000,5.200000,1.000000,0.000000,37.720000,,42.000000,1.000000,0.000000,0.065000,0.400000,1.000000,26.000000,0.000000,7.500000,479.000000,89.343944,False,1.000000,1.000000,1.000000,0.480000,0.870000,0.956500,0.811400,0.940000,0.800000,0.832000,0.808400,0.920000,1.000000,,1.000000,1.000000,,,Good,5.000000,İzsu Narlıdere Teknik Amirlik,NARLIDERE,9.000000,35-BS-00-27-A1*A5-K1*K122-D1*D44-S1-I2,38.394150,27.009890,10.656056,,1.000000,9.000000,"Arsenik, Nitrit, Amonyum, Alüminyum, Demir, Klorür, İletkenlik, Oksitlenebilirlik, pH",0.000000,Good,Decision Tree,0.000000,1.000000,0.000000
2026-02-18,BALÇOVA,6.650000,0.030000,4.670000,1.000000,0.000000,32.050000,,42.000000,1.000000,0.000000,0.065000,0.400000,1.000000,26.000000,0.000000,7.500000,481.000000,89.468222,False,1.000000,1.000000,1.000000,0.533000,0.870000,0.966750,0.839750,0.940000,0.800000,0.832000,0.807600,0.920000,1.000000,,1.000000,1.000000,,,Good,6.000000,M.Pasa Cad. İle Hüseyin Ögütcen Kavşağı,BALÇOVA,1.000000,35-BS-00-26-A1*A5-K1*K122-D1*D44-S1-I2,38.394150,27.038360,10.531778,,1.000000,9.000000,"Arsenik, Nitrit, Amonyum, Alüminyum, Demir, Klorür, İletkenlik, Oksitlenebilirlik, pH",0.000000,Good,Decision Tree,0.000000,1.000000,0.000000
2026-02-18,ÜÇKUYULAR,8.610000,0.030000,4.960000,1.000000,0.000000,35.150000,,41.000000,1.000000,0.000000,0.065000,0.400000,1.000000,25.000000,0.000000,7.500000,480.000000,89.400110,False,1.000000,1.000000,1.000000,0.504000,0.870000,0.956950,0.824250,0.940000,0.800000,0.836000,0.808000,0.920000,1.000000,,1.000000,1.000000,,,Good,7.000000,65/17 Sok. No:45 Yumurtacı Ahmet Camii,KARABAĞLAR,59.000000,35-BS-00-30-A1*A5-K1*K122-D1*D44-S1-I6,38.393940,27.069370,10.599890,,1.000000,9.000000,"Arsenik, Nitrit, Amonyum, Alüminyum, Demir, Klorür, İletkenlik, Oksitlenebilirlik, pH",0.000000,Good,Decision Tree,0.000000,1.000000,0.000000
2026-02-18,GÜZELYALI,8.430000,0.030000,4.920000,1.000000,0.000000,34.330000,,41.000000,1.000000,0.000000,0.065000,0.400000,1.000000,25.000000,0.000000,7.500000,480.000000,89.409726,False,1.000000,1.000000,1.000000,0.508000,0.870000,0.957850,0.828350,0.940000,0.800000,0.836000,0.808000,0.920000,1.000000,,1.000000,1.000000,,,Good,8.000000,34.Sok. No:5 TSM Güzelyalı,KONAK,8.000000,35-BS-00-04-A1*A5-K1*K122-D1*D44-S1-I11,38.398080,27.079620,10.590274,,1.000000,9.000000,"Arsenik, Nitrit, Amonyum, Alüminyum, Demir, Klorür, İletkenlik, Oksitlenebilirlik, pH",0.000000,Good,Decision Tree,0.000000,1.000000,0.000000
2026-02-18,HATAY,2.980000,0.030000,1.090000,1.000000,0.000000,9.710000,,59.000000,1.000000,0.000000,0.065000,0.400000,1.000000,19.000000,0.000000,7.700000,413.000000,90.096507,False,1.000000,1.000000,1.000000,0.891000,0.870000,0.985100,0.951450,0.940000,0.720000,0.764000,0.834800,0.920000,1.000000,,1.000000,1.000000,,,Good,9.000000,İnönü Cad. İle 100 Sok. Kavşağı,KONAK,8.000000,35-BS-00-04-A1*A5-K1*K122-D1*D44-S1-I13,38.401640,27.099450,9.903493,,1.000000,9.000000,"Arsenik, Nitrit, Amonyum, Alüminyum, Demir, Klorür, İletkenlik, Oksitlenebilirlik, pH",0.000000,Good,Decision Tree,0.000000,1.000000,0.000000
2026-02-18,YEŞİLYURT,2.610000,0.030000,1.080000,1.000000,0.000000,11.160000,,59.000000,1.000000,0.000000,0.065000,0.400000,1.000000,19.000000,0.000000,7.700000,415.000000,90.098152,False,1.000000,1.000000,1.000000,0.892000,0.870000,0.986950,0.944200,0.940000,0.720000,0.764000,0.834000,0.920000,1.000000,,1.000000,1.000000,,,Good,11.000000,Ulu Önder Cad. İle Gökdere Cad.Kavşağı,KARABAĞLAR,59.000000,35-BS-00-30-A1*A5-K1*K122-D1*D44-S1-I7,38.404270,27.113010,9.901848,,1.000000,9.000000,"Arsenik, Nitrit, Amonyum, Alüminyum, Demir, Klorür, İletkenlik, Oksitlenebilirlik, pH",0.000000,Good,Decision Tree,0.000000,1.000000,0.000000
2026-02-18,KARABAĞLAR,2.790000,0.030000,1.030000,1.000000,0.000000,12.780000,,59.000000,1.000000,0.000000,0.065000,0.400000,1.000000,20.000000,0.000000,7.700000,413.000000,90.108454,False,1.000000,1.000000,1.000000,0.897000,0.870000,0.986050,0.936100,0.940000,0.720000,0.764000,0.834800,0.920000,1.000000,,1.000000,1.000000,,,Good,13.000000,4058 Sok. İle 4056 Sok. Kavşağı,KARABAĞLAR,59.000000,35-BS-00-30-A1*A5-K1*K122-D1*D44-S1-I8,38.374260,27.134100,9.891546,,1.000000,9.000000,"Arsenik, Nitrit, Amonyum, Alüminyum, Demir, Klorür, İletkenlik, Oksitlenebilirlik, pH",0.000000,Good,Decision Tree,0.000000,1.000000,0.000000
2026-02-18,ESKİ İZMİR,2.360000,0.030000,1.050000,1.000000,0.000000,9.860000,,60.000000,1.000000,0.000000,0.065000,0.400000,1.000000,20.000000,0.000000,7.700000,414.000000,90.105458,False,1.000000,1.000000,1.000000,0.895000,0.870000,0.988200,0.950700,0.940000,0.720000,0.760000,0.834400,0.920000,1.000000,,1.000000,1.000000,,,Good,14.000000,Eski Izmir Cad. No:562/A Kahve,KARABAĞLAR,59.000000,35-BS-00-30-A1*A5-K1*K122-D1*D44-S1-I3,38.376220,27.107190,9.894542,,1.000000,9.000000,"Arsenik, Nitrit, Amonyum, Alüminyum, Demir, Klorür, İletkenlik, Oksitlenebilirlik, pH",0.000000,Good,Decision Tree,0.000000,1.000000,0.000000
2026-02-18,GAZİEMİR,4.080000,0.030000,1.010000,1.000000,0.000000,10.920000,,59.000000,1.000000,0.000000,0.065000,0.400000,1.000000,19.000000,0.000000,7.700000,410.000000,90.113313,False,1.000000,1.000000,1.000000,0.899000,0.870000,0.979600,0.945400,0.940000,0.720000,0.764000,0.836000,0.920000,1.000000,,1.000000,1.000000,,,Good,15.000000,Abdullah Arda Meydanı No:29 Arkadaşlar Kahvesi,GAZİEMİR,5.000000,35-BS-00-25-A1*A5-K1*K122-D1*D44-S1-I4-Y1,38.321780,27.126430,9.886687,,1.000000,9.000000,"Arsenik, Nitrit, Amonyum, Alüminyum, Demir, Klorür, İletkenlik, Oksitlenebilirlik, pH",0.000000,Good,Decision Tree,0.000000,1.000000,0.000000
2026-02-18,GEDİZ,5.740000,0.030000,1.190000,1.000000,0.000000,13.290000,,54.000000,1.000000,0.000000,0.065000,0.400000,1.000000,13.000000,0.000000,7.700000,297.000000,90.072525,False,1.000000,1.000000,1.000000,0.881000,0.870000,0.971300,0.933550,0.940000,0.720000,0.784000,0.881200,0.920000,1.000000,,1.000000,1.000000,,,Good,16.000000,682/4 Sok. No:2 Gediz,BUCA,3.000000,35-BS-00-02-A1*A5-K1*K122-D1*D44-S1-I10,38.361880,27.144380,9.927475,,1.000000,9.000000,"Arsenik, Nitrit, Amonyum, Alüminyum, Demir, Klorür, İletkenlik, Oksitlenebilirlik, pH",0.000000,Good,Decision Tree,0.000000,1.000000,0.000000
2026-02-18,ŞİRİNYER,5.830000,0.030000,1.580000,1.000000,0.000000,12.840000,,54.000000,1.000000,0.000000,0.065000,0.400000,1.000000,12.000000,0.000000,7.700000,298.000000,89.984483,False,1.000000,1.000000,1.000000,0.842000,0.870000,0.970850,0.935800,0.940000,0.720000,0.784000,0.880800,0.920000,1.000000,,1.000000,1.000000,,,Good,17.000000,Koşuyolu Cad. Efeler Mah. No:41 Avni Naili Limboz Camii,BUCA,3.000000,35-BS-00-02-A1*A5-K1*K122-D1*D44-S1-I6,38.391680,27.150310,10.015517,,1.000000,9.000000,"Arsenik, Nitrit, Amonyum, Alüminyum, Demir, Klorür, İletkenlik, Oksitlenebilirlik, pH",0.000000,Good,Decision Tree,0.000000,1.000000,0.000000
2026-02-18,BUCA,10.370000,0.030000,1.200000,1.000000,0.000000,23.590000,,54.000000,1.000000,0.000000,0.065000,0.400000,1.000000,13.000000,0.000000,7.700000,296.000000,90.061821,False,1.000000,1.000000,1.000000,0.880000,0.870000,0.948150,0.882050,0.940000,0.720000,0.784000,0.881600,0.920000,1.000000,,1.000000,1.000000,,,Good,18.000000,Başarı Cad.İle 170. Sok.Kavşağı,BUCA,3.000000,35-BS-00-02-A1*A5-K1*K122-D1*D44-S1-I1,38.389300,27.176440,9.938179,,1.000000,9.000000,"Arsenik, Nitrit, Amonyum, Alüminyum, Demir, Klorür, İletkenlik, Oksitlenebilirlik, pH",0.000000,Good,Decision Tree,0.000000,1.000000,0.000000
2026-02-18,GÜLÇEŞME,5.720000,0.030000,1.110000,1.000000,0.000000,15.450000,,54.000000,1.000000,0.000000,0.065000,0.400000,1.000000,13.000000,0.000000,7.700000,295.000000,90.089423,False,1.000000,1.000000,1.000000,0.889000,0.870000,0.971400,0.922750,0.940000,0.720000,0.784000,0.882000,0.920000,1.000000,,1.000000,1.000000,,,Good,19.000000,3586 Sok. No:1 Gürçeşme,KONAK,8.000000,35-BS-00-04-A1*A5-K1*K122-D1*D44-S1-I15,38.404510,27.151350,9.910577,,1.000000,9.000000,"Arsenik, Nitrit, Amonyum, Alüminyum, Demir, Klorür, İletkenlik, Oksitlenebilirlik, pH",0.000000,Good,Decision Tree,0.000000,1.000000,0.000000
2026-02-18,GÜLTEPE,6.140000,0.030000,1.290000,1.000000,0.000000,13.560000,,54.000000,1.000000,0.000000,0.065000,0.400000,1.000000,14.000000,0.000000,7.700000,298.000000,90.049516,False,1.000000,1.000000,1.000000,0.871000,0.870000,0.969300,0.932200,0.940000,0.720000,0.784000,0.880800,0.920000,1.000000,,1.000000,1.000000,,,Good,20.000000,Selimiye Cad. No:30/B Gültepe,KONAK,8.000000,35-BS-00-04-A1*A5-K1*K122-D1*D44-S1-I16,38.416220,27.172680,9.950484,,1.000000,9.000000,"Arsenik, Nitrit, Amonyum, Alüminyum, Demir, Klorür, İletkenlik, Oksitlenebilirlik, pH",0.000000,Good,Decision Tree,0.000000,1.000000,0.000000
2026-02-18,ALTINDAĞ,5.020000,0.030000,7.080000,1.000000,0.000000,40.130000,,27.000000,1.000000,0.000000,0.065000,0.600000,1.000000,34.000000,0.000000,7.700000,590.000000,88.552774,False,1.000000,1.000000,1.000000,0.292000,0.870000,0.974900,0.799350,0.940000,0.720000,0.892000,0.764000,0.880000,1.000000,,1.000000,1.000000,,,Good,21.000000,Kemalpaşa Cad. No: 46,BORNOVA,2.000000,35-BS-00-01-A1*A5-K1*K122-D1*D44-S1-I9,38.425580,27.202560,11.447226,,1.000000,9.000000,"Arsenik, Nitrit, Amonyum, Alüminyum, Demir, Klorür, İletkenlik, Oksitlenebilirlik, pH",0.000000,Good,Decision Tree,0.000000,1.000000,0.000000
2026-02-18,ÇAMDİBİ,5.510000,0.030000,6.860000,1.000000,0.000000,41.640000,,27.000000,1.000000,0.000000,0.065000,0.600000,1.000000,34.000000,0.000000,7.700000,584.000000,88.601442,False,1.000000,1.000000,1.000000,0.314000,0.870000,0.972450,0.791800,0.940000,0.720000,0.892000,0.766400,0.880000,1.000000,,1.000000,1.000000,,,Good,22.000000,5227 Sok. No:35/C Çamdibi,BORNOVA,2.000000,35-BS-00-01-A1*A5-K1*K122-D1*D44-S1-I12,38.435530,27.191010,11.398558,,1.000000,9.000000,"Arsenik, Nitrit, Amonyum, Alüminyum, Demir, Klorür, İletkenlik, Oksitlenebilirlik, pH",0.000000,Good,Decision Tree,0.000000,1.000000,0.000000
2026-02-18,IŞIKKENT,4.780000,0.030000,7.140000,1.000000,0.000000,42.600000,,27.000000,1.000000,0.000000,0.065000,0.600000,1.000000,35.000000,0.000000,7.700000,586.000000,88.537951,False,1.000000,1.000000,1.000000,0.286000,0.870000,0.976100,0.787000,0.940000,0.720000,0.892000,0.765600,0.880000,1.000000,,1.000000,1.000000,,,Good,23.000000,Cumhuriyet Meydanı No:16  Işıkkent,BORNOVA,2.000000,35-BS-00-01-A1*A5-K1*K122-D1*D44-S1-I8,38.424540,27.230760,11.462049,,1.000000,9.000000,"Arsenik, Nitrit, Amonyum, Alüminyum, Demir, Klorür, İletkenlik, Oksitlenebilirlik, pH",0.000000,Good,Decision Tree,0.000000,1.000000,0.000000
2026-02-18,PINARBAŞI,4.810000,0.030000,7.000000,1.000000,0.000000,40.400000,,28.000000,1.000000,0.000000,0.065000,0.600000,1.000000,35.000000,0.000000,7.700000,585.000000,88.570497,False,1.000000,1.000000,1.000000,0.300000,0.870000,0.975950,0.798000,0.940000,0.720000,0.888000,0.766000,0.880000,1.000000,,1.000000,1.000000,,,Good,24.000000,Çanakkale Cad.İle 7057 Sok KavsağıPınarbaşı,BORNOVA,2.000000,35-BS-00-01-A1*A5-K1*K122-D1*D44-S1-I10,38.429880,27.266470,11.429503,,1.000000,9.000000,"Arsenik, Nitrit, Amonyum, Alüminyum, Demir, Klorür, İletkenlik, Oksitlenebilirlik, pH",0.000000,Good,Decision Tree,0.000000,1.000000,0.000000
2026-02-18,EVKA-3,5.420000,0.030000,7.140000,1.000000,0.000000,42.160000,,28.000000,1.000000,0.000000,0.065000,0.600000,1.000000,35.000000,0.000000,7.700000,583.000000,88.537487,False,1.000000,1.000000,1.000000,0.286000,0.870000,0.972900,0.789200,0.940000,0.720000,0.888000,0.766800,0.880000,1.000000,,1.000000,1.000000,,,Good,25.000000,Şehitler Cad. No:22 H.Mustafa Gökdemir Camii Evka-3,BORNOVA,2.000000,35-BS-00-01-A1*A5-K1*K122-D1*D44-S1-I2,38.473220,27.250940,11.462513,,1.000000,9.000000,"Arsenik, Nitrit, Amonyum, Alüminyum, Demir, Klorür, İletkenlik, Oksitlenebilirlik, pH",0.000000,Good,Decision Tree,0.000000,1.000000,0.000000
2026-02-18,BORNOVA,5.040000,0.030000,7.350000,1.000000,0.000000,43.290000,,27.000000,1.000000,0.000000,0.065000,0.600000,1.000000,34.000000,0.000000,7.700000,585.000000,88.489903,False,1.000000,1.000000,1.000000,0.265000,0.870000,0.974800,0.783550,0.940000,0.720000,0.892000,0.766000,0.880000,1.000000,,1.000000,1.000000,,,Good,26.000000,Ege Üni.Kampüsü İtfaiye Çeşmesi/İzsu Teknik Amirlik,BORNOVA,2.000000,35-BS-00-01-A1*A5-K1*K122-D1*D44-S1-I11,38.460950,27.228200,11.510097,,1.000000,9.000000,"Arsenik, Nitrit, Amonyum, Alüminyum, Demir, Klorür, İletkenlik, Oksitlenebilirlik, pH",0.000000,Good,Decision Tree,0.000000,1.000000,0.000000
2026-02-18,ATATÜRK MAH,3.630000,0.030000,6.760000,1.000000,0.000000,24.090000,,26.000000,1.000000,0.000000,0.065000,0.600000,1.000000,32.000000,0.000000,7.800000,567.000000,88.540214,False,1.000000,1.000000,1.000000,0.324000,0.870000,0.981850,0.879550,0.940000,0.680000,0.896000,0.773200,0.880000,1.000000,,1.000000,1.000000,,,Good,27.000000,Hürriyet Cad. Polis Mer. No:86 Atatürk,BORNOVA,2.000000,35-BS-00-01-A1*A5-K1*K122-D1*D44-S1-I13,38.475820,27.208680,11.459786,,1.000000,9.000000,"Arsenik, Nitrit, Amonyum, Alüminyum, Demir, Klorür, İletkenlik, Oksitlenebilirlik, pH",0.000000,Good,Decision Tree,0.000000,1.000000,0.000000
2026-02-18,OSMANGAZİ,3.630000,0.030000,7.020000,1.000000,0.000000,25.060000,,26.000000,1.000000,0.000000,0.065000,0.600000,1.000000,32.000000,0.000000,7.800000,566.000000,88.480841,False,1.000000,1.000000,1.000000,0.298000,0.870000,0.981850,0.874700,0.940000,0.680000,0.896000,0.773600,0.880000,1.000000,,1.000000,1.000000,,,Good,28.000000,Yavuz Cad. 241/C  Osmangazi,BAYRAKLI,60.000000,35-BS-00-29-A1*A5-K1*K122-D1*D44-S1-I6,38.475430,27.187450,11.519159,,1.000000,9.000000,"Arsenik, Nitrit, Amonyum, Alüminyum, Demir, Klorür, İletkenlik, Oksitlenebilirlik, pH",0.000000,Good,Decision Tree,0.000000,1.000000,0.000000
2026-02-18,ÖZKANLAR,3.500000,0.030000,6.890000,1.000000,0.000000,25.400000,,26.000000,1.000000,0.000000,0.065000,0.600000,1.000000,32.000000,0.000000,7.800000,565.000000,88.510140,False,1.000000,1.000000,1.000000,0.311000,0.870000,0.982500,0.873000,0.940000,0.680000,0.896000,0.774000,0.880000,1.000000,,1.000000,1.000000,,,Good,29.000000,273/4 No:6 Aile Sağlığı Merkezi Özkanlar,BAYRAKLI,60.000000,35-BS-00-29-A1*A5-K1*K122-D1*D44-S1-I10,38.458040,27.191060,11.489860,,1.000000,9.000000,"Arsenik, Nitrit, Amonyum, Alüminyum, Demir, Klorür, İletkenlik, Oksitlenebilirlik, pH",0.000000,Good,Decision Tree,0.000000,1.000000,0.000000
2026-02-18,MANAVKUYU,3.430000,0.030000,6.640000,1.000000,0.000000,23.560000,,26.000000,1.000000,0.000000,0.065000,0.600000,1.000000,32.000000,0.000000,7.800000,566.000000,88.567782,False,1.000000,1.000000,1.000000,0.336000,0.870000,0.982850,0.882200,0.940000,0.680000,0.896000,0.773600,0.880000,1.000000,,1.000000,1.000000,,,Good,30.000000,Sakarya Cad.No:112 Manavkuyu,BAYRAKLI,60.000000,35-BS-00-29-A1*A5-K1*K122-D1*D44-S1-I8,38.457390,27.186910,11.432218,,1.000000,9.000000,"Arsenik, Nitrit, Amonyum, Alüminyum, Demir, Klorür, İletkenlik, Oksitlenebilirlik, pH",0.000000,Good,Decision Tree,0.000000,1.000000,0.000000
2026-02-18,EGEKENT,5.300000,0.030000,7.280000,1.000000,0.000000,19.780000,,34.000000,1.000000,0.000000,0.065000,0.600000,1.000000,34.000000,0.000000,7.600000,617.000000,88.611510,False,1.000000,1.000000,1.000000,0.272000,0.870000,0.973500,0.901100,0.940000,0.760000,0.864000,0.753200,0.880000,1.000000,,1.000000,1.000000,,,Good,32.000000,8819 Sok. No:13 Egekent,ÇİĞLİ,4.000000,35-BS-00-24-A1*A5-K1*K122-D1*D44-S1-I7,38.504140,27.058100,11.388490,,1.000000,9.000000,"Arsenik, Nitrit, Amonyum, Alüminyum, Demir, Klorür, İletkenlik, Oksitlenebilirlik, pH",0.000000,Good,Decision Tree,0.000000,1.000000,0.000000
2026-02-18,BALATÇIK,4.660000,0.030000,7.110000,1.000000,0.000000,17.120000,,34.000000,1.000000,0.000000,0.065000,0.600000,1.000000,35.000000,0.000000,7.600000,616.000000,88.651845,False,1.000000,1.000000,1.000000,0.289000,0.870000,0.976700,0.914400,0.940000,0.760000,0.864000,0.753600,0.880000,1.000000,,1.000000,1.000000,,,Good,33.000000,8790/5 Sok. 9 Eylül Camii Balatçık,ÇİĞLİ,4.000000,35-BS-00-24-A1*A5-K1*K122-D1*D44-S1-I2-Y1,38.511900,27.045600,11.348155,,1.000000,9.000000,"Arsenik, Nitrit, Amonyum, Alüminyum, Demir, Klorür, İletkenlik, Oksitlenebilirlik, pH",0.000000,Good,Decision Tree,0.000000,1.000000,0.000000
2026-02-18,ÇİĞLİ,3.670000,0.030000,6.210000,1.000000,0.000000,24.960000,,26.000000,1.000000,0.000000,0.065000,0.600000,1.000000,35.000000,0.000000,7.800000,566.000000,88.664147,False,1.000000,1.000000,1.000000,0.379000,0.870000,0.981650,0.875200,0.940000,0.680000,0.896000,0.773600,0.880000,1.000000,,1.000000,1.000000,,,Good,34.000000,8022/1 Sok. No:8/1-B Ataşehir,ÇİĞLİ,4.000000,35-BS-00-24-A1*A5-K1*K122-D1*D44-S1-I3-IY1,38.492860,27.060890,11.335853,,1.000000,9.000000,"Arsenik, Nitrit, Amonyum, Alüminyum, Demir, Klorür, İletkenlik, Oksitlenebilirlik, pH",0.000000,Good,Decision Tree,0.000000,1.000000,0.000000
2026-02-18,BOSTANLI,3.380000,0.030000,6.790000,1.000000,0.000000,22.400000,,27.000000,1.000000,0.000000,0.065000,0.600000,1.000000,36.000000,0.000000,7.800000,567.000000,88.534162,False,1.000000,1.000000,1.000000,0.321000,0.870000,0.983100,0.888000,0.940000,0.680000,0.892000,0.773200,0.880000,1.000000,,1.000000,1.000000,,,Good,35.000000,1799 Sok No:14 Bostanlı,KARŞIYAKA,7.000000,35-BS-00-03-A1*A5-K1*K122-D1*D44-S1-I7,38.457730,27.098860,11.465838,,1.000000,9.000000,"Arsenik, Nitrit, Amonyum, Alüminyum, Demir, Klorür, İletkenlik, Oksitlenebilirlik, pH",0.000000,Good,Decision Tree,0.000000,1.000000,0.000000
2026-02-18,ŞEMİKLER,3.510000,0.030000,6.600000,1.000000,0.000000,24.100000,,27.000000,1.000000,0.000000,0.065000,0.600000,1.000000,36.000000,0.000000,7.800000,565.000000,88.576124,False,1.000000,1.000000,1.000000,0.340000,0.870000,0.982450,0.879500,0.940000,0.680000,0.892000,0.774000,0.880000,1.000000,,1.000000,1.000000,,,Good,36.000000,6276 Sok.İle 6279 Sok Kavşağı,KARŞIYAKA,7.000000,35-BS-00-03-A1*A5-K1*K122-D1*D44-S1-I4,38.477100,27.093760,11.423876,,1.000000,9.000000,"Arsenik, Nitrit, Amonyum, Alüminyum, Demir, Klorür, İletkenlik, Oksitlenebilirlik, pH",0.000000,Good,Decision Tree,0.000000,1.000000,0.000000
2026-02-18,KARŞIYAKA,5.010000,0.030000,6.620000,1.000000,0.000000,33.650000,,26.000000,1.000000,0.000000,0.065000,0.600000,1.000000,36.000000,0.000000,7.800000,564.000000,88.565713,False,1.000000,1.000000,1.000000,0.338000,0.870000,0.974950,0.831750,0.940000,0.680000,0.896000,0.774400,0.880000,1.000000,,1.000000,1.000000,,,Good,37.000000,Atatürk Cad. İle Zübeyde Hanim Cad.Kavşağı,KARŞIYAKA,7.000000,35-BS-00-03-A1*A5-K1*K122-D1*D44-S1-I5,38.461670,27.116100,11.434287,,1.000000,9.000000,"Arsenik, Nitrit, Amonyum, Alüminyum, Demir, Klorür, İletkenlik, Oksitlenebilirlik, pH",0.000000,Good,Decision Tree,0.000000,1.000000,0.000000
2026-02-18,EVKA-2,4.450000,0.030000,6.800000,1.000000,0.000000,32.800000,,27.000000,1.000000,0.000000,0.065000,0.600000,1.000000,35.000000,0.000000,7.800000,565.000000,88.525418,False,1.000000,1.000000,1.000000,0.320000,0.870000,0.977750,0.836000,0.940000,0.680000,0.892000,0.774000,0.880000,1.000000,,1.000000,1.000000,,,Good,38.000000,6800 Sok. No:9 Sağlık Ocağı Evka 2,ÇİĞLİ,4.000000,35-BS-00-24-A1*A5-K1*K122-D1*D44-S1-I5,38.499050,27.087510,11.474582,,1.000000,9.000000,"Arsenik, Nitrit, Amonyum, Alüminyum, Demir, Klorür, İletkenlik, Oksitlenebilirlik, pH",0.000000,Good,Decision Tree,0.000000,1.000000,0.000000
2026-02-18,ÖRNEKKÖY,6.950000,0.030000,7.540000,1.000000,0.000000,77.570000,,26.000000,1.000000,0.000000,0.065000,0.600000,1.000000,36.000000,0.000000,7.800000,556.000000,88.331641,False,1.000000,1.000000,1.000000,0.246000,0.870000,0.965250,0.612150,0.940000,0.680000,0.896000,0.777600,0.880000,1.000000,,1.000000,1.000000,,,Good,39.000000,Başpehlivan Kara Ali Cad. No:25/A,KARŞIYAKA,7.000000,35-BS-00-03-A1*A5-K1*K122-D1*D44-S1-I6,38.482130,27.111060,11.668359,,1.000000,9.000000,"Arsenik, Nitrit, Amonyum, Alüminyum, Demir, Klorür, İletkenlik, Oksitlenebilirlik, pH",0.000000,Good,Decision Tree,0.000000,1.000000,0.000000
2026-02-18,GÜMÜŞPALA,6.630000,0.030000,7.470000,1.000000,0.000000,68.620000,,26.000000,1.000000,0.000000,0.065000,0.600000,1.000000,37.000000,0.000000,7.800000,560.000000,88.352708,False,1.000000,1.000000,1.000000,0.253000,0.870000,0.966850,0.656900,0.940000,0.680000,0.896000,0.776000,0.880000,1.000000,,1.000000,1.000000,,,Good,40.000000,7019 Sok. No:20/3 Merkez Cami Gümüşpala,BAYRAKLI,60.000000,35-BS-00-29-A1*A5-K1*K122-D1*D44-S1-I7,38.479310,27.109960,11.647292,,1.000000,9.000000,"Arsenik, Nitrit, Amonyum, Alüminyum, Demir, Klorür, İletkenlik, Oksitlenebilirlik, pH",0.000000,Good,Decision Tree,0.000000,1.000000,0.000000
2026-02-25,DOĞANÇAY,5.880000,0.030000,1.970000,1.000000,0.000000,21.890000,,24.000000,1.000000,0.000000,0.065000,0.600000,1.000000,33.000000,0.000000,7.900000,597.000000,89.529326,False,1.000000,1.000000,1.000000,0.803000,0.870000,0.970600,0.890550,0.940000,0.640000,0.904000,0.761200,0.880000,1.000000,,1.000000,1.000000,,,Good,41.000000,7191 Sok. No:1/A Doğançay,BAYRAKLI,60.000000,35-BS-00-29-A1*A5-K1*K122-D1*D44-S1-I1,38.495500,27.155140,10.470674,,1.000000,9.000000,"Arsenik, Nitrit, Amonyum, Alüminyum, Demir, Klorür, İletkenlik, Oksitlenebilirlik, pH",0.000000,Good,Decision Tree,0.000000,1.000000,0.000000
2026-02-25,YAMANLAR,4.750000,0.030000,1.880000,1.000000,0.000000,24.290000,,24.000000,1.000000,0.000000,0.065000,0.600000,1.000000,32.000000,0.000000,7.900000,599.000000,89.548964,False,1.000000,1.000000,1.000000,0.812000,0.870000,0.976250,0.878550,0.940000,0.640000,0.904000,0.760400,0.880000,1.000000,,1.000000,1.000000,,,Good,42.000000,7348 Sok. No:2 Polis Merkezi Yamanlar,BAYRAKLI,60.000000,35-BS-00-29-A1*A5-K1*K122-D1*D44-S1-I2,38.481110,27.132940,10.451036,,1.000000,9.000000,"Arsenik, Nitrit, Amonyum, Alüminyum, Demir, Klorür, İletkenlik, Oksitlenebilirlik, pH",0.000000,Good,Decision Tree,0.000000,1.000000,0.000000
2026-02-25,POSTACI MAH,4.560000,0.030000,1.560000,1.000000,0.000000,20.890000,,24.000000,1.000000,0.000000,0.065000,0.600000,1.000000,32.000000,0.000000,7.900000,594.000000,89.623417,False,1.000000,1.000000,1.000000,0.844000,0.870000,0.977200,0.895550,0.940000,0.640000,0.904000,0.762400,0.880000,1.000000,,1.000000,1.000000,,,Good,43.000000,7659/2 Sok. No:1/B Postacılar Mah.,BAYRAKLI,60.000000,35-BS-00-29-A1*A5*-K1*K122-D1*D44-S1-I3-IY1,38.482170,27.119910,10.376583,,1.000000,9.000000,"Arsenik, Nitrit, Amonyum, Alüminyum, Demir, Klorür, İletkenlik, Oksitlenebilirlik, pH",0.000000,Good,Decision Tree,0.000000,1.000000,0.000000
2026-02-25,YAMAÇ MAH,5.430000,0.030000,2.620000,1.000000,0.000000,27.400000,,24.000000,1.000000,0.000000,0.065000,0.600000,1.000000,33.000000,0.000000,7.900000,594.000000,89.379405,False,1.000000,1.000000,1.000000,0.738000,0.870000,0.972850,0.863000,0.940000,0.640000,0.904000,0.762400,0.880000,1.000000,,1.000000,1.000000,,,Good,44.000000,6730 Sok. No:6/A Yamaç Mah.,KARŞIYAKA,7.000000,35-BS-00-03-A1*A5-K1*K122-D1*D44-S1-I1,38.483710,27.099770,10.620595,,1.000000,9.000000,"Arsenik, Nitrit, Amonyum, Alüminyum, Demir, Klorür, İletkenlik, Oksitlenebilirlik, pH",0.000000,Good,Decision Tree,0.000000,1.000000,0.000000
2026-02-25,CUMHURİYET MAH,5.290000,0.030000,1.780000,1.000000,0.000000,32.630000,,25.000000,1.000000,0.000000,0.065000,0.600000,1.000000,33.000000,0.000000,7.900000,595.000000,89.566220,False,1.000000,1.000000,1.000000,0.822000,0.870000,0.973550,0.836850,0.940000,0.640000,0.900000,0.762000,0.880000,1.000000,,1.000000,1.000000,,,Good,45.000000,Alim Dağhan Cd. İle 6716 Sok. Kvs.,KARŞIYAKA,7.000000,35-BS-00-03-A1*A5-K1*K122-D1*D44-S1-I2,38.485320,27.096540,10.433780,,1.000000,9.000000,"Arsenik, Nitrit, Amonyum, Alüminyum, Demir, Klorür, İletkenlik, Oksitlenebilirlik, pH",0.000000,Good,Decision Tree,0.000000,1.000000,0.000000
2026-02-25,GÜZELTEPE,5.740000,0.030000,1.520000,1.000000,0.000000,20.430000,,25.000000,1.000000,0.000000,0.065000,0.600000,1.000000,33.000000,0.000000,7.900000,593.000000,89.631702,False,1.000000,1.000000,1.000000,0.848000,0.870000,0.971300,0.897850,0.940000,0.640000,0.900000,0.762800,0.880000,1.000000,,1.000000,1.000000,,,Good,46.000000,8172 Sok. No:90/1 Güzeltepe,ÇİĞLİ,4.000000,35-BS-00-24-A1*A5-K1*K122-D1*D44-S1-I4-IY1,38.502720,27.077990,10.368298,,1.000000,9.000000,"Arsenik, Nitrit, Amonyum, Alüminyum, Demir, Klorür, İletkenlik, Oksitlenebilirlik, pH",0.000000,Good,Decision Tree,0.000000,1.000000,0.000000
2026-02-25,EVKA-5,6.560000,0.030000,2.400000,1.000000,0.000000,34.110000,,43.000000,1.000000,0.000000,0.065000,0.600000,1.000000,36.000000,0.100000,7.700000,708.000000,89.607993,False,1.000000,1.000000,1.000000,0.760000,0.870000,0.967200,0.829450,0.940000,0.720000,0.828000,0.716800,0.880000,1.000000,,1.000000,1.000000,,,Good,47.000000,8809 Sok. No:141/A Evka-5,ÇİĞLİ,4.000000,35-BS-00-24-A1*A5-K1*K122-D1*D44-S1-I8-IY1,38.518190,27.056590,10.392007,,1.000000,9.000000,"Arsenik, Nitrit, Amonyum, Alüminyum, Demir, Klorür, İletkenlik, Oksitlenebilirlik, pH",0.000000,Good,Decision Tree,0.000000,1.000000,0.000000
2026-02-25,EGEKENT-2,6.370000,0.030000,2.700000,1.000000,0.000000,31.620000,,42.000000,1.000000,0.000000,0.065000,0.600000,1.000000,36.000000,0.100000,7.700000,708.000000,89.541992,False,1.000000,1.000000,1.000000,0.730000,0.870000,0.968150,0.841900,0.940000,0.720000,0.832000,0.716800,0.880000,1.000000,,1.000000,1.000000,,,Good,48.000000,8818 Sok. No:38 6 Nolu Sağlık Ocağı Egekent,ÇİĞLİ,4.000000,35-BS-00-24-A1*A5-K1*K122-D1*D44-S1-I6,38.555690,27.049780,10.458008,,1.000000,9.000000,"Arsenik, Nitrit, Amonyum, Alüminyum, Demir, Klorür, İletkenlik, Oksitlenebilirlik, pH",0.000000,Good,Decision Tree,0.000000,1.000000,0.000000
2026-02-25,ALAYBEY,4.370000,0.030000,1.440000,1.000000,0.000000,20.210000,,24.000000,1.000000,0.000000,0.065000,0.600000,1.000000,32.000000,0.000000,7.800000,595.000000,89.746325,False,1.000000,1.000000,1.000000,0.856000,0.870000,0.978150,0.898950,0.940000,0.680000,0.904000,0.762000,0.880000,1.000000,,1.000000,1.000000,,,Good,49.000000,1643/7 Sok. No:8 Adalet Mah.,BAYRAKLI,60.000000,35-BS-00-03-A1*A5-K1*K122-D1*D44-S1-13-IY1,38.466750,27.159340,10.253675,,1.000000,9.000000,"Arsenik, Nitrit, Amonyum, Alüminyum, Demir, Klorür, İletkenlik, Oksitlenebilirlik, pH",0.000000,Good,Decision Tree,0.000000,1.000000,0.000000
2026-02-25,CENGİZHAN,4.300000,0.030000,1.430000,1.000000,0.000000,20.230000,,25.000000,1.000000,0.000000,0.065000,0.600000,1.000000,32.000000,0.000000,7.800000,597.000000,89.748246,False,1.000000,1.000000,1.000000,0.857000,0.870000,0.978500,0.898850,0.940000,0.680000,0.900000,0.761200,0.880000,1.000000,,1.000000,1.000000,,,Good,50.000000,1620/19 İle 1620/39 Sok. Kavsağı Cengizhan,BAYRAKLI,60.000000,35-BS-00-29-A1*A5-K1*K122-D1*D44-S1-I4,38.473400,27.158880,10.251754,,1.000000,9.000000,"Arsenik, Nitrit, Amonyum, Alüminyum, Demir, Klorür, İletkenlik, Oksitlenebilirlik, pH",0.000000,Good,Decision Tree,0.000000,1.000000,0.000000
2026-02-25,ÇAY MAH,4.250000,0.030000,1.410000,1.000000,0.000000,21.640000,,25.000000,1.000000,0.000000,0.065000,0.600000,1.000000,32.000000,0.000000,7.800000,597.000000,89.752002,False,1.000000,1.000000,1.000000,0.859000,0.870000,0.978750,0.891800,0.940000,0.680000,0.900000,0.761200,0.880000,1.000000,,1.000000,1.000000,,,Good,51.000000,Hakan Uysal Cad. No:273/1 Çay Mahallesi,BAYRAKLI,60.000000,35-BS-00-29-A1*A5-K1*K122-D1*D44-S1-I5,38.470860,27.180440,10.247998,,1.000000,9.000000,"Arsenik, Nitrit, Amonyum, Alüminyum, Demir, Klorür, İletkenlik, Oksitlenebilirlik, pH",0.000000,Good,Decision Tree,0.000000,1.000000,0.000000
2026-02-25,İZYUVA,5.860000,0.030000,1.280000,1.000000,0.000000,25.110000,,24.000000,1.000000,0.000000,0.065000,0.600000,1.000000,33.000000,0.000000,7.900000,591.000000,89.683658,False,1.000000,1.000000,1.000000,0.872000,0.870000,0.970700,0.874450,0.940000,0.640000,0.904000,0.763600,0.880000,1.000000,,1.000000,1.000000,,,Good,52.000000,113/19 Sok. No:10 İzyuva,BORNOVA,2.000000,35-BS-00-01-A1*A5-K1*K122-D1*D44-S1-I7,38.464570,27.249790,10.316342,,1.000000,9.000000,"Arsenik, Nitrit, Amonyum, Alüminyum, Demir, Klorür, İletkenlik, Oksitlenebilirlik, pH",0.000000,Good,Decision Tree,0.000000,1.000000,0.000000
2026-02-25,NALDÖKEN,5.250000,0.030000,1.380000,1.000000,0.000000,23.870000,,24.000000,1.000000,0.000000,0.065000,0.600000,1.000000,33.000000,0.000000,7.900000,592.000000,89.662075,False,1.000000,1.000000,1.000000,0.862000,0.870000,0.973750,0.880650,0.940000,0.640000,0.904000,0.763200,0.880000,1.000000,,1.000000,1.000000,,,Good,53.000000,Ankara Cad. İle Atatürk Cad. Kav.,BORNOVA,2.000000,35-BS-00-01-A1*A5-K1*K122-D1*D44-S1-I6,38.452100,27.266070,10.337925,,1.000000,9.000000,"Arsenik, Nitrit, Amonyum, Alüminyum, Demir, Klorür, İletkenlik, Oksitlenebilirlik, pH",0.000000,Good,Decision Tree,0.000000,1.000000,0.000000
2026-02-25,YEŞİLÇAM,9.460000,0.030000,1.590000,1.000000,0.000000,32.820000,,24.000000,1.000000,0.000000,0.065000,0.600000,1.000000,32.000000,0.000000,7.900000,594.000000,89.607109,False,1.000000,1.000000,1.000000,0.841000,0.870000,0.952700,0.835900,0.940000,0.640000,0.904000,0.762400,0.880000,1.000000,,1.000000,1.000000,,,Good,54.000000,Mrk. Bornova Jandarma Komando Ambarlar Yanı,BORNOVA,2.000000,35-BS-00-01-A1*A5-K1*K122-D1*D44-S1-IY1,38.445680,27.289280,10.392891,,1.000000,9.000000,"Arsenik, Nitrit, Amonyum, Alüminyum, Demir, Klorür, İletkenlik, Oksitlenebilirlik, pH",0.000000,Good,Decision Tree,0.000000,1.000000,0.000000
2026-02-25,MEVLANA,5.620000,0.030000,1.300000,1.000000,0.000000,25.760000,,25.000000,1.000000,0.000000,0.065000,0.600000,1.000000,32.000000,0.000000,7.900000,590.000000,89.678543,False,1.000000,1.000000,1.000000,0.870000,0.870000,0.971900,0.871200,0.940000,0.640000,0.900000,0.764000,0.880000,1.000000,,1.000000,1.000000,,,Good,55.000000,1754 Sok. No:25 Asm Mevlana,BORNOVA,2.000000,35-BS-00-01-A1*A5-K1*K122-D1*D44-S1-I4,38.448220,27.230660,10.321457,,1.000000,9.000000,"Arsenik, Nitrit, Amonyum, Alüminyum, Demir, Klorür, İletkenlik, Oksitlenebilirlik, pH",0.000000,Good,Decision Tree,0.000000,1.000000,0.000000
2026-02-25,YEŞİLOVA,5.120000,0.030000,1.190000,1.000000,0.000000,27.510000,,23.000000,1.000000,0.000000,0.065000,0.600000,1.000000,33.000000,0.000000,7.700000,589.000000,89.893988,False,1.000000,1.000000,1.000000,0.881000,0.870000,0.974400,0.862450,0.940000,0.720000,0.908000,0.764400,0.880000,1.000000,,1.000000,1.000000,,,Good,56.000000,A.İpekçi Cd. İle 4040 Sok. Kvs. Yesilova,BORNOVA,2.000000,35-BS-00-01-A1*A5-K1*K122-D1*D44-S1-I3,38.440370,27.201350,10.106012,,1.000000,9.000000,"Arsenik, Nitrit, Amonyum, Alüminyum, Demir, Klorür, İletkenlik, Oksitlenebilirlik, pH",0.000000,Good,Decision Tree,0.000000,1.000000,0.000000
2026-02-25,MERSİNLİ,5.200000,0.030000,1.320000,1.000000,0.000000,26.980000,,24.000000,1.000000,0.000000,0.065000,0.600000,1.000000,33.000000,0.000000,7.700000,594.000000,89.864449,False,1.000000,1.000000,1.000000,0.868000,0.870000,0.974000,0.865100,0.940000,0.720000,0.904000,0.762400,0.880000,1.000000,,1.000000,1.000000,,,Good,57.000000,Fatih cd. İle Beyazıt Cd. Tuğlacı Önü Mersinli,BORNOVA,2.000000,35-BS-00-01-A1*A5-K1*K122-D1*D44-S1-I14,38.440000,27.180530,10.135551,,1.000000,9.000000,"Arsenik, Nitrit, Amonyum, Alüminyum, Demir, Klorür, İletkenlik, Oksitlenebilirlik, pH",0.000000,Good,Decision Tree,0.000000,1.000000,0.000000
2026-02-25,ÇANKAYA,5.280000,0.030000,1.950000,1.000000,0.000000,31.400000,,27.000000,1.000000,0.000000,0.065000,0.600000,1.000000,33.000000,0.000000,7.700000,584.000000,89.718309,False,1.000000,1.000000,1.000000,0.805000,0.870000,0.973600,0.843000,0.940000,0.720000,0.892000,0.766400,0.880000,1.000000,,1.000000,1.000000,,,Good,59.000000,Hürriyet Bulvarı No:14/E,KONAK,8.000000,35-BS-00-04-A1*A5-K1*K122-D1*D44-S1-IY-1,38.424780,27.142050,10.281691,,1.000000,9.000000,"Arsenik, Nitrit, Amonyum, Alüminyum, Demir, Klorür, İletkenlik, Oksitlenebilirlik, pH",0.000000,Good,Decision Tree,0.000000,1.000000,0.000000
2026-02-25,TOROS,4.100000,0.030000,3.160000,1.000000,0.000000,43.300000,,28.000000,1.000000,0.000000,0.065000,0.400000,1.000000,30.000000,0.000000,7.500000,536.000000,89.809825,False,1.000000,1.000000,1.000000,0.684000,0.870000,0.979500,0.783500,0.940000,0.800000,0.888000,0.785600,0.920000,1.000000,,1.000000,1.000000,,,Good,60.000000,Dicle Cad. No:88 Aile Sağlığı Merkezi,KONAK,8.000000,35-BS-00-04-A1*A5-K1*K122-D1*D44-S1-I3,38.407410,27.183640,10.190175,,1.000000,9.000000,"Arsenik, Nitrit, Amonyum, Alüminyum, Demir, Klorür, İletkenlik, Oksitlenebilirlik, pH",0.000000,Good,Decision Tree,0.000000,1.000000,0.000000
2026-02-25,LEVENT,4.130000,0.030000,3.060000,1.000000,0.000000,43.010000,,28.000000,1.000000,0.000000,0.065000,0.400000,1.000000,30.000000,0.000000,7.500000,533.000000,89.832610,False,1.000000,1.000000,1.000000,0.694000,0.870000,0.979350,0.784950,0.940000,0.800000,0.888000,0.786800,0.920000,1.000000,,1.000000,1.000000,,,Good,61.000000,3513 İle 3514 Sok. Kvs Levent,KONAK,8.000000,35-BS-00-04-A1*A5-K1*K122-D1*D44-S1-I8,38.411300,27.163150,10.167390,,1.000000,9.000000,"Arsenik, Nitrit, Amonyum, Alüminyum, Demir, Klorür, İletkenlik, Oksitlenebilirlik, pH",0.000000,Good,Decision Tree,0.000000,1.000000,0.000000
2026-02-25,UFUK MAH,5.350000,0.030000,3.440000,1.000000,0.000000,48.420000,,29.000000,1.000000,0.000000,0.065000,0.400000,1.000000,30.000000,0.000000,7.500000,528.000000,89.742536,False,1.000000,1.000000,1.000000,0.656000,0.870000,0.973250,0.757900,0.940000,0.800000,0.884000,0.788800,0.920000,1.000000,,1.000000,1.000000,,,Good,62.000000,914 Sok. No.7/A Ufuk Mah.,BUCA,3.000000,35-BS-00-02-A1*A5-K1*K122-D1*D44-S1-I5,38.403620,27.165620,10.257464,,1.000000,9.000000,"Arsenik, Nitrit, Amonyum, Alüminyum, Demir, Klorür, İletkenlik, Oksitlenebilirlik, pH",0.000000,Good,Decision Tree,0.000000,1.000000,0.000000
2026-02-25,EVKA-1,6.220000,0.030000,0.960000,1.000000,0.000000,27.090000,,55.000000,1.000000,0.000000,0.065000,0.400000,1.000000,11.000000,0.000000,7.500000,297.000000,90.306662,False,1.000000,1.000000,1.000000,0.904000,0.870000,0.968900,0.864550,0.940000,0.800000,0.780000,0.881200,0.920000,1.000000,,1.000000,1.000000,,,Good,63.000000,Türkmenistan Cad. İle 1206 Sok.. Kvs. Evka-1,BUCA,3.000000,35-BS-00-02-A1*A5-K1*K122-D1*D44-S1-I9,38.400630,27.194670,9.693338,,1.000000,9.000000,"Arsenik, Nitrit, Amonyum, Alüminyum, Demir, Klorür, İletkenlik, Oksitlenebilirlik, pH",0.000000,Good,Decision Tree,0.000000,1.000000,0.000000
2026-02-25,ADATEPE,5.580000,0.030000,1.000000,1.000000,0.000000,27.800000,,55.000000,1.000000,0.000000,0.065000,0.400000,1.000000,10.000000,0.000000,7.500000,290.000000,90.297597,False,1.000000,1.000000,1.000000,0.900000,0.870000,0.972100,0.861000,0.940000,0.800000,0.780000,0.884000,0.920000,1.000000,,1.000000,1.000000,,,Good,64.000000,3 İle 3/8 Sok. Kvs. Adatepe,BUCA,3.000000,35-BS-00-02-A1*A5-K1*K122-D1*D44-S1-I4,38.381540,27.184940,9.702403,,1.000000,9.000000,"Arsenik, Nitrit, Amonyum, Alüminyum, Demir, Klorür, İletkenlik, Oksitlenebilirlik, pH",0.000000,Good,Decision Tree,0.000000,1.000000,0.000000
2026-02-25,KOZAĞAÇ,8.740000,0.030000,1.050000,1.000000,0.000000,25.090000,,55.000000,1.000000,0.000000,0.065000,0.400000,1.000000,11.000000,0.000000,7.500000,296.000000,90.286008,False,1.000000,1.000000,1.000000,0.895000,0.870000,0.956300,0.874550,0.940000,0.800000,0.780000,0.881600,0.920000,1.000000,,1.000000,1.000000,,,Good,66.000000,I.Sivri Cd. İle 254 Sok.. Kvs. Kozağaç,BUCA,3.000000,35-BS-00-02-A1*A5-K1*K122-D1*D44-S1-I8,38.377130,27.169560,9.713992,,1.000000,9.000000,"Arsenik, Nitrit, Amonyum, Alüminyum, Demir, Klorür, İletkenlik, Oksitlenebilirlik, pH",0.000000,Good,Decision Tree,0.000000,1.000000,0.000000
2026-02-25,ÇAMLIKULE,6.470000,0.030000,0.970000,1.000000,0.000000,25.600000,,55.000000,1.000000,0.000000,0.065000,0.400000,1.000000,11.000000,0.000000,7.500000,298.000000,90.305097,False,1.000000,1.000000,1.000000,0.903000,0.870000,0.967650,0.872000,0.940000,0.800000,0.780000,0.880800,0.920000,1.000000,,1.000000,1.000000,,,Good,67.000000,220 Sok. No:163/B Çamlıkule,BUCA,3.000000,35-BS-00-02-A1*A5-K1*K122-D1*D44-S1-I3,38.372280,27.171530,9.694903,,1.000000,9.000000,"Arsenik, Nitrit, Amonyum, Alüminyum, Demir, Klorür, İletkenlik, Oksitlenebilirlik, pH",0.000000,Good,Decision Tree,0.000000,1.000000,0.000000
2026-02-25,AKINCILAR,4.040000,0.030000,3.380000,1.000000,0.000000,52.430000,,29.000000,1.000000,0.000000,0.065000,0.400000,1.000000,31.000000,0.000000,7.500000,532.000000,89.754570,False,1.000000,1.000000,1.000000,0.662000,0.870000,0.979800,0.737850,0.940000,0.800000,0.884000,0.787200,0.920000,1.000000,,1.000000,1.000000,,,Good,68.000000,A.Hatboyu Cd. İle 545 Sok.. Kvs. Akıncılar,BUCA,3.000000,35-BS-00-02-A1*A5-K1*K122-D1*D44-S1-I7,38.387460,27.147600,10.245430,,1.000000,9.000000,"Arsenik, Nitrit, Amonyum, Alüminyum, Demir, Klorür, İletkenlik, Oksitlenebilirlik, pH",0.000000,Good,Decision Tree,0.000000,1.000000,0.000000
2026-02-25,UĞUR MUMCU MAH,15.410000,0.030000,1.070000,1.000000,0.000000,84.210000,,37.000000,1.000000,0.000000,0.065000,0.400000,1.000000,18.000000,0.000000,8.100000,372.000000,89.678901,False,1.000000,1.000000,1.000000,0.893000,0.870000,0.922950,0.578950,0.940000,0.560000,0.852000,0.851200,0.920000,1.000000,,1.000000,1.000000,,,Good,69.000000,5777 İle 5780 Sok. Kvs. U. Mumcu,KARABAĞLAR,59.000000,35-BS-00-30-A1*A5-K1*K122-D1*D44-S1-I1,38.381830,27.130670,10.321099,,1.000000,9.000000,"Arsenik, Nitrit, Amonyum, Alüminyum, Demir, Klorür, İletkenlik, Oksitlenebilirlik, pH",0.000000,Good,Decision Tree,0.000000,1.000000,0.000000
2026-02-25,ÇAMLIK MAH,13.930000,0.030000,1.060000,1.000000,0.000000,79.330000,,38.000000,1.000000,0.000000,0.065000,0.400000,1.000000,19.000000,0.000000,8.000000,365.000000,89.779693,False,1.000000,1.000000,1.000000,0.894000,0.870000,0.930350,0.603350,0.940000,0.600000,0.848000,0.854000,0.920000,1.000000,,1.000000,1.000000,,,Good,70.000000,4969 Sok. No:2/A Çamlık,KARABAĞLAR,59.000000,35-BS-00-30-A1*A5-K1*K122-D1*D44-S1-I2,38.366230,27.120330,10.220307,,1.000000,9.000000,"Arsenik, Nitrit, Amonyum, Alüminyum, Demir, Klorür, İletkenlik, Oksitlenebilirlik, pH",0.000000,Good,Decision Tree,0.000000,1.000000,0.000000
2026-02-25,AKTEPE,15.160000,0.030000,1.080000,1.000000,0.000000,80.650000,,38.000000,1.000000,0.000000,0.065000,0.400000,1.000000,19.000000,0.000000,8.100000,365.000000,89.678457,False,1.000000,1.000000,1.000000,0.892000,0.870000,0.924200,0.596750,0.940000,0.560000,0.848000,0.854000,0.920000,1.000000,,1.000000,1.000000,,,Good,71.000000,Altan Aydin İle 4165 Sok.. Kvs Aktepe,GAZİEMİR,5.000000,35-BS-00-25-A1*A5-K1*K122-D1*D44-S1-I5,38.352350,27.125160,10.321543,,1.000000,9.000000,"Arsenik, Nitrit, Amonyum, Alüminyum, Demir, Klorür, İletkenlik, Oksitlenebilirlik, pH",0.000000,Good,Decision Tree,0.000000,1.000000,0.000000
2026-02-25,9 EYLÜL MAH,16.230000,0.030000,1.050000,1.000000,0.000000,94.120000,,38.000000,1.000000,0.000000,0.065000,0.400000,1.000000,19.000000,0.000000,8.000000,368.000000,89.772277,False,1.000000,1.000000,1.000000,0.895000,0.870000,0.918850,0.529400,0.940000,0.600000,0.848000,0.852800,0.920000,1.000000,,1.000000,1.000000,,,Good,72.000000,Kahramanlar Cd. No:2 H. Bayram Camii,GAZİEMİR,5.000000,35-BS-00-25-A1*A5-K1*K122-D1*D44-S1-I2,38.327138,27.137154,10.227723,,1.000000,9.000000,"Arsenik, Nitrit, Amonyum, Alüminyum, Demir, Klorür, İletkenlik, Oksitlenebilirlik, pH",0.000000,Good,Decision Tree,0.000000,1.000000,0.000000
2026-02-25,BEYAZEVLER,15.390000,0.030000,2.560000,1.000000,0.000000,80.960000,,37.000000,1.000000,0.000000,0.065000,0.400000,1.000000,19.000000,0.000000,8.000000,371.000000,89.438893,False,1.000000,1.000000,1.000000,0.744000,0.870000,0.923050,0.595200,0.940000,0.600000,0.852000,0.851600,0.920000,1.000000,,1.000000,1.000000,,,Good,73.000000,514 Sok.. No:3/A Beyazevler,GAZİEMİR,5.000000,35-BS-00-25-A1*A5-K1*K122-D1*D44-S1-I3,38.341790,27.140280,10.561107,,1.000000,9.000000,"Arsenik, Nitrit, Amonyum, Alüminyum, Demir, Klorür, İletkenlik, Oksitlenebilirlik, pH",0.000000,Good,Decision Tree,0.000000,1.000000,0.000000
2026-02-25,UZUNDERE,15.400000,0.030000,1.150000,1.000000,0.000000,92.930000,,37.000000,1.000000,0.000000,0.065000,0.400000,1.000000,19.000000,0.000000,8.100000,370.000000,89.655880,False,1.000000,1.000000,1.000000,0.885000,0.870000,0.923000,0.535350,0.940000,0.560000,0.852000,0.852000,0.920000,1.000000,,1.000000,1.000000,,,Good,74.000000,Eski Izmir Cad. 3959 Kvs Uzundere,KARABAĞLAR,59.000000,35-BS-00-30-A1*A5-K1*K122-D1*D44-S1-I4,38.360060,27.104090,10.344120,,1.000000,9.000000,"Arsenik, Nitrit, Amonyum, Alüminyum, Demir, Klorür, İletkenlik, Oksitlenebilirlik, pH",0.000000,Good,Decision Tree,0.000000,1.000000,0.000000
2026-02-25,CENNETÇEŞME,15.820000,0.030000,1.110000,1.000000,0.000000,92.440000,,37.000000,1.000000,0.000000,0.065000,0.400000,1.000000,19.000000,0.000000,8.100000,370.000000,89.664971,False,1.000000,1.000000,1.000000,0.889000,0.870000,0.920900,0.537800,0.940000,0.560000,0.852000,0.852000,0.920000,1.000000,,1.000000,1.000000,,,Good,75.000000,3948/6 Sok. No:2 C.Çeşme,KARABAĞLAR,59.000000,35-BS-00-30-A1*A5-K1*K122-D1*D44-S1-I9,38.361680,27.093850,10.335029,,1.000000,9.000000,"Arsenik, Nitrit, Amonyum, Alüminyum, Demir, Klorür, İletkenlik, Oksitlenebilirlik, pH",0.000000,Good,Decision Tree,0.000000,1.000000,0.000000
2026-02-25,GÜZELBAHÇE,4.550000,0.030000,4.470000,1.000000,0.000000,21.620000,,38.000000,1.000000,0.000000,0.065000,0.400000,1.000000,24.000000,0.000000,7.700000,460.000000,89.331550,False,1.000000,1.000000,1.000000,0.553000,0.870000,0.977250,0.891900,0.940000,0.720000,0.848000,0.816000,0.920000,1.000000,,1.000000,1.000000,,,Good,76.000000,Mithatpaşa Caddesi No:479,GÜZELBAHÇE,6.000000,35-BS-00-28-A1*A5-K1*K122-D1*D44-S1-IY-1,38.377140,26.883660,10.668450,,1.000000,9.000000,"Arsenik, Nitrit, Amonyum, Alüminyum, Demir, Klorür, İletkenlik, Oksitlenebilirlik, pH",0.000000,Good,Decision Tree,0.000000,1.000000,0.000000
2026-02-25,İNCİRALTI,6.030000,0.030000,4.350000,1.000000,0.000000,24.150000,,38.000000,1.000000,0.000000,0.065000,0.400000,1.000000,24.000000,0.000000,7.700000,465.000000,89.356415,False,1.000000,1.000000,1.000000,0.565000,0.870000,0.969850,0.879250,0.940000,0.720000,0.848000,0.814000,0.920000,1.000000,,1.000000,1.000000,,,Good,78.000000,Başak Cd. No:16 Bahçe Cafe İnciralti,BALÇOVA,1.000000,35-BS-00-26-A1*A5-K1*K122-D1*D44-S1-I1,38.409090,27.035910,10.643585,,1.000000,9.000000,"Arsenik, Nitrit, Amonyum, Alüminyum, Demir, Klorür, İletkenlik, Oksitlenebilirlik, pH",0.000000,Good,Decision Tree,0.000000,1.000000,0.000000
2026-02-25,ESENDERE,14.430000,0.030000,1.170000,1.000000,0.000000,97.040000,,37.000000,1.000000,0.000000,0.065000,0.400000,1.000000,19.000000,0.000000,8.000000,376.000000,89.744825,False,1.000000,1.000000,1.000000,0.883000,0.870000,0.927850,0.514800,0.940000,0.600000,0.852000,0.849600,0.920000,1.000000,,1.000000,1.000000,,,Good,79.000000,52/74 İle 52/18 Sok. Kvs Esendere,KARABAĞLAR,59.000000,35-BS-00-30-A1*A5-K1*K122-D1*D44-S1-I5,38.391050,27.089590,10.255175,,1.000000,9.000000,"Arsenik, Nitrit, Amonyum, Alüminyum, Demir, Klorür, İletkenlik, Oksitlenebilirlik, pH",0.000000,Good,Decision Tree,0.000000,1.000000,0.000000
2026-02-25,KADİFEKALE,3.790000,0.030000,7.840000,1.000000,0.000000,31.620000,,28.000000,1.000000,0.000000,0.065000,0.400000,1.000000,30.000000,0.000000,7.500000,531.000000,88.757721,False,1.000000,1.000000,1.000000,0.216000,0.870000,0.981050,0.841900,0.940000,0.800000,0.888000,0.787600,0.920000,1.000000,,1.000000,1.000000,,,Good,80.000000,R.Erkutlu Şehitlik Önü No:290/A Kadifekale,KONAK,8.000000,35-BS-00-04-A1*A5-K1*K122-D1*D44-S1-I6,38.412820,27.140320,11.242279,,1.000000,9.000000,"Arsenik, Nitrit, Amonyum, Alüminyum, Demir, Klorür, İletkenlik, Oksitlenebilirlik, pH",0.000000,Good,Decision Tree,0.000000,1.000000,0.000000
2026-03-04,YENİŞEHİR,6.780000,0.030000,2.520000,1.000000,0.000000,27.050000,,30.000000,1.000000,0.000000,0.065000,0.600000,1.000000,33.000000,0.100000,7.500000,634.000000,89.780221,False,1.000000,1.000000,1.000000,0.748000,0.870000,0.966100,0.864750,0.940000,0.800000,0.880000,0.746400,0.880000,1.000000,,1.000000,1.000000,,,Good,2.000000,Gaziler Cad. No:185 İtfaiye Önü,KONAK,8.000000,35-BS-00-04-A1*A5-K1*K122-D1*D44-S1-I10,38.422640,27.153840,10.219779,,1.000000,9.000000,"Arsenik, Nitrit, Amonyum, Alüminyum, Demir, Klorür, İletkenlik, Oksitlenebilirlik, pH",0.000000,Good,Decision Tree,0.000000,1.000000,0.000000
2026-03-04,KONAK,5.490000,0.030000,2.440000,1.000000,0.000000,25.590000,,27.000000,1.000000,0.000000,0.065000,0.400000,1.000000,34.000000,0.000000,7.400000,579.000000,90.077440,False,1.000000,1.000000,1.000000,0.756000,0.870000,0.972550,0.872050,0.940000,0.840000,0.892000,0.768400,0.920000,1.000000,,1.000000,1.000000,,,Good,3.000000,854 Sok No:51/A,KONAK,8.000000,35-BS-00-04-A1*A5-K1*K122-D1*D44-S1-I5,38.420610,27.130760,9.922560,,1.000000,9.000000,"Arsenik, Nitrit, Amonyum, Alüminyum, Demir, Klorür, İletkenlik, Oksitlenebilirlik, pH",0.000000,Good,Decision Tree,0.000000,1.000000,0.000000
2026-03-04,GÜZELBAHÇE,6.900000,0.030000,1.770000,1.000000,0.000000,21.150000,,27.000000,1.000000,0.000000,0.065000,0.400000,1.000000,29.000000,0.000000,7.500000,531.000000,90.135655,False,1.000000,1.000000,1.000000,0.823000,0.870000,0.965500,0.894250,0.940000,0.800000,0.892000,0.787600,0.920000,1.000000,,1.000000,1.000000,,,Good,4.000000,Kazım Dirik Cad. No.46,GÜZELBAHÇE,6.000000,35-BS-00-28-A1*A5-K1*K122-D1*D44-S1-I1,38.363366,26.866501,9.864345,,1.000000,9.000000,"Arsenik, Nitrit, Amonyum, Alüminyum, Demir, Klorür, İletkenlik, Oksitlenebilirlik, pH",0.000000,Good,Decision Tree,0.000000,1.000000,0.000000
2026-03-04,NARLIDERE,6.210000,0.030000,1.850000,1.000000,0.000000,21.010000,,27.000000,1.000000,0.000000,0.065000,0.400000,1.000000,29.000000,0.000000,7.500000,537.000000,90.118001,False,1.000000,1.000000,1.000000,0.815000,0.870000,0.968950,0.894950,0.940000,0.800000,0.892000,0.785200,0.920000,1.000000,,1.000000,1.000000,,,Good,5.000000,İzsu Narlıdere Teknik Amirlik,NARLIDERE,9.000000,35-BS-00-27-A1*A5-K1*K122-D1*D44-S1-I2,38.394150,27.009890,9.881999,,1.000000,9.000000,"Arsenik, Nitrit, Amonyum, Alüminyum, Demir, Klorür, İletkenlik, Oksitlenebilirlik, pH",0.000000,Good,Decision Tree,0.000000,1.000000,0.000000
2026-03-04,BALÇOVA,6.920000,0.030000,1.600000,1.000000,0.000000,22.770000,,27.000000,1.000000,0.000000,0.065000,0.400000,1.000000,29.000000,0.000000,7.500000,532.000000,90.173188,False,1.000000,1.000000,1.000000,0.840000,0.870000,0.965400,0.886150,0.940000,0.800000,0.892000,0.787200,0.920000,1.000000,,1.000000,1.000000,,,Good,6.000000,M.Pasa Cad. İle Hüseyin Ögütcen Kavşağı,BALÇOVA,1.000000,35-BS-00-26-A1*A5-K1*K122-D1*D44-S1-I2,38.394150,27.038360,9.826812,,1.000000,9.000000,"Arsenik, Nitrit, Amonyum, Alüminyum, Demir, Klorür, İletkenlik, Oksitlenebilirlik, pH",0.000000,Good,Decision Tree,0.000000,1.000000,0.000000
2026-03-04,ÜÇKUYULAR,6.830000,0.030000,1.590000,1.000000,0.000000,25.400000,,27.000000,1.000000,0.000000,0.065000,0.400000,1.000000,29.000000,0.000000,7.500000,536.000000,90.173999,False,1.000000,1.000000,1.000000,0.841000,0.870000,0.965850,0.873000,0.940000,0.800000,0.892000,0.785600,0.920000,1.000000,,1.000000,1.000000,,,Good,7.000000,65/17 Sok. No:45 Yumurtacı Ahmet Camii,KARABAĞLAR,59.000000,35-BS-00-30-A1*A5-K1*K122-D1*D44-S1-I6,38.393940,27.069370,9.826001,,1.000000,9.000000,"Arsenik, Nitrit, Amonyum, Alüminyum, Demir, Klorür, İletkenlik, Oksitlenebilirlik, pH",0.000000,Good,Decision Tree,0.000000,1.000000,0.000000
2026-03-04,GÜZELYALI,6.760000,0.030000,0.450000,1.000000,0.000000,22.720000,,27.000000,1.000000,0.000000,0.065000,0.400000,1.000000,30.000000,0.000000,7.500000,546.000000,90.433457,False,1.000000,1.000000,1.000000,0.955000,0.870000,0.966200,0.886400,0.940000,0.800000,0.892000,0.781600,0.920000,1.000000,,1.000000,1.000000,,,Good,8.000000,34.Sok. No:5 TSM Güzelyalı,KONAK,8.000000,35-BS-00-04-A1*A5-K1*K122-D1*D44-S1-I11,38.398080,27.079620,9.566543,,1.000000,9.000000,"Arsenik, Nitrit, Amonyum, Alüminyum, Demir, Klorür, İletkenlik, Oksitlenebilirlik, pH",0.000000,Good,Decision Tree,0.000000,1.000000,0.000000
2026-03-04,YEŞİLYURT,6.550000,0.030000,1.050000,1.000000,0.000000,23.670000,,40.000000,1.000000,0.000000,0.065000,0.400000,1.000000,20.000000,0.000000,7.900000,390.000000,89.912067,False,1.000000,1.000000,1.000000,0.895000,0.870000,0.967250,0.881650,0.940000,0.640000,0.840000,0.844000,0.920000,1.000000,,1.000000,1.000000,,,Good,11.000000,Ulu Önder Cad. İle Gökdere Cad.Kavşağı,KARABAĞLAR,59.000000,35-BS-00-30-A1*A5-K1*K122-D1*D44-S1-I7,38.404270,27.113010,10.087933,,1.000000,9.000000,"Arsenik, Nitrit, Amonyum, Alüminyum, Demir, Klorür, İletkenlik, Oksitlenebilirlik, pH",0.000000,Good,Decision Tree,0.000000,1.000000,0.000000
2026-03-04,KARABAĞLAR,5.370000,0.030000,1.040000,1.000000,0.000000,23.680000,,40.000000,1.000000,0.000000,0.065000,0.400000,1.000000,20.000000,0.000000,7.900000,389.000000,89.914996,False,1.000000,1.000000,1.000000,0.896000,0.870000,0.973150,0.881600,0.940000,0.640000,0.840000,0.844400,0.920000,1.000000,,1.000000,1.000000,,,Good,13.000000,4058 Sok. İle 4056 Sok. Kavşağı,KARABAĞLAR,59.000000,35-BS-00-30-A1*A5-K1*K122-D1*D44-S1-I8,38.374260,27.134100,10.085004,,1.000000,9.000000,"Arsenik, Nitrit, Amonyum, Alüminyum, Demir, Klorür, İletkenlik, Oksitlenebilirlik, pH",0.000000,Good,Decision Tree,0.000000,1.000000,0.000000
2026-03-04,ESKİ İZMİR,6.560000,0.030000,1.040000,1.000000,0.000000,25.820000,,40.000000,1.000000,0.000000,0.065000,0.400000,1.000000,20.000000,0.000000,7.900000,384.000000,89.913130,False,1.000000,1.000000,1.000000,0.896000,0.870000,0.967200,0.870900,0.940000,0.640000,0.840000,0.846400,0.920000,1.000000,,1.000000,1.000000,,,Good,14.000000,Eski Izmir Cad. No:562/A Kahve,KARABAĞLAR,59.000000,35-BS-00-30-A1*A5-K1*K122-D1*D44-S1-I3,38.376220,27.107190,10.086870,,1.000000,9.000000,"Arsenik, Nitrit, Amonyum, Alüminyum, Demir, Klorür, İletkenlik, Oksitlenebilirlik, pH",0.000000,Good,Decision Tree,0.000000,1.000000,0.000000
2026-03-04,GAZİEMİR,8.240000,0.030000,1.020000,1.000000,0.000000,27.600000,,40.000000,1.000000,0.000000,0.065000,0.400000,1.000000,20.000000,0.000000,7.900000,388.000000,89.915684,False,1.000000,1.000000,1.000000,0.898000,0.870000,0.958800,0.862000,0.940000,0.640000,0.840000,0.844800,0.920000,1.000000,,1.000000,1.000000,,,Good,15.000000,Abdullah Arda Meydanı No:29 Arkadaşlar Kahvesi,GAZİEMİR,5.000000,35-BS-00-25-A1*A5-K1*K122-D1*D44-S1-I4-Y1,38.321780,27.126430,10.084316,,1.000000,9.000000,"Arsenik, Nitrit, Amonyum, Alüminyum, Demir, Klorür, İletkenlik, Oksitlenebilirlik, pH",0.000000,Good,Decision Tree,0.000000,1.000000,0.000000
2026-03-04,GEDİZ,9.940000,0.030000,1.100000,1.000000,0.000000,31.610000,,52.000000,1.000000,0.000000,0.065000,0.400000,1.000000,15.000000,0.000000,7.600000,331.000000,90.176019,False,1.000000,1.000000,1.000000,0.890000,0.870000,0.950300,0.841950,0.940000,0.760000,0.792000,0.867600,0.920000,1.000000,,1.000000,1.000000,,,Good,16.000000,682/4 Sok. No:2 Gediz,BUCA,3.000000,35-BS-00-02-A1*A5-K1*K122-D1*D44-S1-I10,38.361880,27.144380,9.823981,,1.000000,9.000000,"Arsenik, Nitrit, Amonyum, Alüminyum, Demir, Klorür, İletkenlik, Oksitlenebilirlik, pH",0.000000,Good,Decision Tree,0.000000,1.000000,0.000000
2026-03-04,ŞİRİNYER,10.470000,0.030000,1.090000,1.000000,0.000000,30.450000,,52.000000,1.000000,0.000000,0.065000,0.400000,1.000000,15.000000,0.000000,7.600000,333.000000,90.178631,False,1.000000,1.000000,1.000000,0.891000,0.870000,0.947650,0.847750,0.940000,0.760000,0.792000,0.866800,0.920000,1.000000,,1.000000,1.000000,,,Good,17.000000,Koşuyolu Cad. Efeler Mah. No:41 Avni Naili Limboz Camii,BUCA,3.000000,35-BS-00-02-A1*A5-K1*K122-D1*D44-S1-I6,38.391680,27.150310,9.821369,,1.000000,9.000000,"Arsenik, Nitrit, Amonyum, Alüminyum, Demir, Klorür, İletkenlik, Oksitlenebilirlik, pH",0.000000,Good,Decision Tree,0.000000,1.000000,0.000000
2026-03-04,BUCA,9.980000,0.030000,1.050000,1.000000,0.000000,32.620000,,52.000000,1.000000,0.000000,0.065000,0.400000,1.000000,15.000000,0.000000,7.600000,335.000000,90.186724,False,1.000000,1.000000,1.000000,0.895000,0.870000,0.950100,0.836900,0.940000,0.760000,0.792000,0.866000,0.920000,1.000000,,1.000000,1.000000,,,Good,18.000000,Başarı Cad.İle 170. Sok.Kavşağı,BUCA,3.000000,35-BS-00-02-A1*A5-K1*K122-D1*D44-S1-I1,38.389300,27.176440,9.813276,,1.000000,9.000000,"Arsenik, Nitrit, Amonyum, Alüminyum, Demir, Klorür, İletkenlik, Oksitlenebilirlik, pH",0.000000,Good,Decision Tree,0.000000,1.000000,0.000000
2026-03-04,GÜLÇEŞME,10.800000,0.030000,1.220000,1.000000,0.000000,29.570000,,52.000000,1.000000,0.000000,0.065000,0.400000,1.000000,15.000000,0.000000,7.600000,336.000000,90.149517,False,1.000000,1.000000,1.000000,0.878000,0.870000,0.946000,0.852150,0.940000,0.760000,0.792000,0.865600,0.920000,1.000000,,1.000000,1.000000,,,Good,19.000000,3586 Sok. No:1 Gürçeşme,KONAK,8.000000,35-BS-00-04-A1*A5-K1*K122-D1*D44-S1-I15,38.404510,27.151350,9.850483,,1.000000,9.000000,"Arsenik, Nitrit, Amonyum, Alüminyum, Demir, Klorür, İletkenlik, Oksitlenebilirlik, pH",0.000000,Good,Decision Tree,0.000000,1.000000,0.000000
2026-03-04,GÜLTEPE,10.570000,0.030000,1.070000,1.000000,0.000000,32.130000,,52.000000,1.000000,0.000000,0.065000,0.400000,1.000000,15.000000,0.000000,7.600000,338.000000,90.182131,False,1.000000,1.000000,1.000000,0.893000,0.870000,0.947150,0.839350,0.940000,0.760000,0.792000,0.864800,0.920000,1.000000,,1.000000,1.000000,,,Good,20.000000,Selimiye Cad. No:30/B Gültepe,KONAK,8.000000,35-BS-00-04-A1*A5-K1*K122-D1*D44-S1-I16,38.416220,27.172680,9.817869,,1.000000,9.000000,"Arsenik, Nitrit, Amonyum, Alüminyum, Demir, Klorür, İletkenlik, Oksitlenebilirlik, pH",0.000000,Good,Decision Tree,0.000000,1.000000,0.000000
2026-03-04,ALTINDAĞ,6.650000,0.030000,7.150000,1.000000,0.000000,30.270000,,30.000000,1.000000,0.000000,0.065000,0.600000,1.000000,33.000000,0.100000,7.600000,639.000000,88.635596,False,1.000000,1.000000,1.000000,0.285000,0.870000,0.966750,0.848650,0.940000,0.760000,0.880000,0.744400,0.880000,1.000000,,1.000000,1.000000,,,Good,21.000000,Kemalpaşa Cad. No: 46,BORNOVA,2.000000,35-BS-00-01-A1*A5-K1*K122-D1*D44-S1-I9,38.425580,27.202560,11.364404,,1.000000,9.000000,"Arsenik, Nitrit, Amonyum, Alüminyum, Demir, Klorür, İletkenlik, Oksitlenebilirlik, pH",0.000000,Good,Decision Tree,0.000000,1.000000,0.000000
2026-03-04,ÇAMDİBİ,6.910000,0.030000,7.010000,1.000000,0.000000,30.680000,,29.000000,1.000000,0.000000,0.065000,0.600000,1.000000,35.000000,0.100000,7.600000,646.000000,88.667230,False,1.000000,1.000000,1.000000,0.299000,0.870000,0.965450,0.846600,0.940000,0.760000,0.884000,0.741600,0.880000,1.000000,,1.000000,1.000000,,,Good,22.000000,5227 Sok. No:35/C Çamdibi,BORNOVA,2.000000,35-BS-00-01-A1*A5-K1*K122-D1*D44-S1-I12,38.435530,27.191010,11.332770,,1.000000,9.000000,"Arsenik, Nitrit, Amonyum, Alüminyum, Demir, Klorür, İletkenlik, Oksitlenebilirlik, pH",0.000000,Good,Decision Tree,0.000000,1.000000,0.000000
2026-03-04,IŞIKKENT,6.770000,0.030000,7.160000,1.000000,0.000000,30.690000,,29.000000,1.000000,0.000000,0.065000,0.600000,1.000000,34.000000,0.100000,7.600000,645.000000,88.633368,False,1.000000,1.000000,1.000000,0.284000,0.870000,0.966150,0.846550,0.940000,0.760000,0.884000,0.742000,0.880000,1.000000,,1.000000,1.000000,,,Good,23.000000,Cumhuriyet Meydanı No:16  Işıkkent,BORNOVA,2.000000,35-BS-00-01-A1*A5-K1*K122-D1*D44-S1-I8,38.424540,27.230760,11.366632,,1.000000,9.000000,"Arsenik, Nitrit, Amonyum, Alüminyum, Demir, Klorür, İletkenlik, Oksitlenebilirlik, pH",0.000000,Good,Decision Tree,0.000000,1.000000,0.000000
2026-03-04,PINARBAŞI,8.820000,0.030000,7.020000,1.000000,0.000000,31.230000,,29.000000,1.000000,0.000000,0.065000,0.600000,1.000000,34.000000,0.100000,7.600000,645.000000,88.663579,False,1.000000,1.000000,1.000000,0.298000,0.870000,0.955900,0.843850,0.940000,0.760000,0.884000,0.742000,0.880000,1.000000,,1.000000,1.000000,,,Good,24.000000,Çanakkale Cad.İle 7057 Sok KavsağıPınarbaşı,BORNOVA,2.000000,35-BS-00-01-A1*A5-K1*K122-D1*D44-S1-I10,38.429880,27.266470,11.336421,,1.000000,9.000000,"Arsenik, Nitrit, Amonyum, Alüminyum, Demir, Klorür, İletkenlik, Oksitlenebilirlik, pH",0.000000,Good,Decision Tree,0.000000,1.000000,0.000000
2026-03-04,EVKA-3,7.480000,0.030000,6.980000,1.000000,0.000000,25.340000,,29.000000,1.000000,0.000000,0.065000,0.600000,1.000000,34.000000,0.100000,7.600000,644.000000,88.676723,False,1.000000,1.000000,1.000000,0.302000,0.870000,0.962600,0.873300,0.940000,0.760000,0.884000,0.742400,0.880000,1.000000,,1.000000,1.000000,,,Good,25.000000,Şehitler Cad. No:22 H.Mustafa Gökdemir Camii Evka-3,BORNOVA,2.000000,35-BS-00-01-A1*A5-K1*K122-D1*D44-S1-I2,38.473220,27.250940,11.323277,,1.000000,9.000000,"Arsenik, Nitrit, Amonyum, Alüminyum, Demir, Klorür, İletkenlik, Oksitlenebilirlik, pH",0.000000,Good,Decision Tree,0.000000,1.000000,0.000000
2026-03-04,BORNOVA,10.780000,0.030000,1.290000,1.000000,0.000000,35.920000,,51.000000,1.000000,0.000000,0.065000,0.400000,1.000000,16.000000,0.000000,7.500000,350.000000,90.225677,False,1.000000,1.000000,1.000000,0.871000,0.870000,0.946100,0.820400,0.940000,0.800000,0.796000,0.860000,0.920000,1.000000,,1.000000,1.000000,,,Good,26.000000,Ege Üni.Kampüsü İtfaiye Çeşmesi/İzsu Teknik Amirlik,BORNOVA,2.000000,35-BS-00-01-A1*A5-K1*K122-D1*D44-S1-I11,38.460950,27.228200,9.774323,,1.000000,9.000000,"Arsenik, Nitrit, Amonyum, Alüminyum, Demir, Klorür, İletkenlik, Oksitlenebilirlik, pH",0.000000,Good,Decision Tree,0.000000,1.000000,0.000000
2026-03-04,ATATÜRK MAH,8.540000,0.030000,7.010000,1.000000,0.000000,33.090000,,30.000000,1.000000,0.000000,0.065000,0.600000,1.000000,33.000000,0.100000,7.500000,634.000000,88.759894,False,1.000000,1.000000,1.000000,0.299000,0.870000,0.957300,0.834550,0.940000,0.800000,0.880000,0.746400,0.880000,1.000000,,1.000000,1.000000,,,Good,27.000000,Hürriyet Cad. Polis Mer. No:86 Atatürk,BORNOVA,2.000000,35-BS-00-01-A1*A5-K1*K122-D1*D44-S1-I13,38.475820,27.208680,11.240106,,1.000000,9.000000,"Arsenik, Nitrit, Amonyum, Alüminyum, Demir, Klorür, İletkenlik, Oksitlenebilirlik, pH",0.000000,Good,Decision Tree,0.000000,1.000000,0.000000
2026-03-04,OSMANGAZİ,11.260000,0.030000,1.330000,1.000000,0.000000,32.860000,,50.000000,1.000000,0.000000,0.065000,0.400000,1.000000,16.000000,0.000000,7.600000,345.000000,90.123198,False,1.000000,1.000000,1.000000,0.867000,0.870000,0.943700,0.835700,0.940000,0.760000,0.800000,0.862000,0.920000,1.000000,,1.000000,1.000000,,,Good,28.000000,Yavuz Cad. 241/C  Osmangazi,BAYRAKLI,60.000000,35-BS-00-29-A1*A5-K1*K122-D1*D44-S1-I6,38.475430,27.187450,9.876802,,1.000000,9.000000,"Arsenik, Nitrit, Amonyum, Alüminyum, Demir, Klorür, İletkenlik, Oksitlenebilirlik, pH",0.000000,Good,Decision Tree,0.000000,1.000000,0.000000
2026-03-04,ÖZKANLAR,12.240000,0.030000,1.260000,1.000000,0.000000,34.470000,,30.000000,1.000000,0.000000,0.065000,0.400000,1.000000,16.000000,0.000000,7.600000,338.000000,90.144837,False,1.000000,1.000000,1.000000,0.874000,0.870000,0.938800,0.827650,0.940000,0.760000,0.880000,0.864800,0.920000,1.000000,,1.000000,1.000000,,,Good,29.000000,273/4 No:6 Aile Sağlığı Merkezi Özkanlar,BAYRAKLI,60.000000,35-BS-00-29-A1*A5-K1*K122-D1*D44-S1-I10,38.458040,27.191060,9.855163,,1.000000,9.000000,"Arsenik, Nitrit, Amonyum, Alüminyum, Demir, Klorür, İletkenlik, Oksitlenebilirlik, pH",0.000000,Good,Decision Tree,0.000000,1.000000,0.000000
2026-03-04,MANAVKUYU,11.270000,0.030000,1.360000,1.000000,0.000000,33.970000,,29.000000,1.000000,0.000000,0.065000,0.400000,1.000000,16.000000,0.000000,7.600000,344.000000,90.123383,False,1.000000,1.000000,1.000000,0.864000,0.870000,0.943650,0.830150,0.940000,0.760000,0.884000,0.862400,0.920000,1.000000,,1.000000,1.000000,,,Good,30.000000,Sakarya Cad.No:112 Manavkuyu,BAYRAKLI,60.000000,35-BS-00-29-A1*A5-K1*K122-D1*D44-S1-I8,38.457390,27.186910,9.876617,,1.000000,9.000000,"Arsenik, Nitrit, Amonyum, Alüminyum, Demir, Klorür, İletkenlik, Oksitlenebilirlik, pH",0.000000,Good,Decision Tree,0.000000,1.000000,0.000000
2026-03-04,EGEKENT,8.900000,0.030000,7.440000,1.000000,0.000000,31.340000,,45.000000,1.000000,0.000000,0.065000,0.600000,1.000000,34.000000,0.100000,7.600000,734.000000,88.562327,False,1.000000,1.000000,1.000000,0.256000,0.870000,0.955500,0.843300,0.940000,0.760000,0.820000,0.706400,0.880000,1.000000,,1.000000,1.000000,,,Good,32.000000,8819 Sok. No:13 Egekent,ÇİĞLİ,4.000000,35-BS-00-24-A1*A5-K1*K122-D1*D44-S1-I7,38.504140,27.058100,11.437673,,1.000000,9.000000,"Arsenik, Nitrit, Amonyum, Alüminyum, Demir, Klorür, İletkenlik, Oksitlenebilirlik, pH",0.000000,Good,Decision Tree,0.000000,1.000000,0.000000
2026-03-04,BALATÇIK,10.100000,0.030000,7.350000,1.000000,0.000000,36.980000,,45.000000,1.000000,0.000000,0.065000,0.600000,1.000000,34.000000,0.100000,7.600000,746.000000,88.578779,False,1.000000,1.000000,1.000000,0.265000,0.870000,0.949500,0.815100,0.940000,0.760000,0.820000,0.701600,0.880000,1.000000,,1.000000,1.000000,,,Good,33.000000,8790/5 Sok. 9 Eylül Camii Balatçık,ÇİĞLİ,4.000000,35-BS-00-24-A1*A5-K1*K122-D1*D44-S1-I2-Y1,38.511900,27.045600,11.421221,,1.000000,9.000000,"Arsenik, Nitrit, Amonyum, Alüminyum, Demir, Klorür, İletkenlik, Oksitlenebilirlik, pH",0.000000,Good,Decision Tree,0.000000,1.000000,0.000000
2026-03-04,ÇİĞLİ,6.400000,0.030000,7.160000,1.000000,0.000000,23.030000,,29.000000,1.000000,0.000000,0.065000,0.600000,1.000000,34.000000,0.100000,7.600000,643.000000,88.637917,False,1.000000,1.000000,1.000000,0.284000,0.870000,0.968000,0.884850,0.940000,0.760000,0.884000,0.742800,0.880000,1.000000,,1.000000,1.000000,,,Good,34.000000,8022/1 Sok. No:8/1-B Ataşehir,ÇİĞLİ,4.000000,35-BS-00-24-A1*A5-K1*K122-D1*D44-S1-I3-IY1,38.492860,27.060890,11.362083,,1.000000,9.000000,"Arsenik, Nitrit, Amonyum, Alüminyum, Demir, Klorür, İletkenlik, Oksitlenebilirlik, pH",0.000000,Good,Decision Tree,0.000000,1.000000,0.000000
2026-03-04,BOSTANLI,7.100000,0.030000,7.010000,1.000000,0.000000,23.100000,,29.000000,1.000000,0.000000,0.065000,0.600000,1.000000,34.000000,0.100000,7.600000,643.000000,88.671421,False,1.000000,1.000000,1.000000,0.299000,0.870000,0.964500,0.884500,0.940000,0.760000,0.884000,0.742800,0.880000,1.000000,,1.000000,1.000000,,,Good,35.000000,1799 Sok No:14 Bostanlı,KARŞIYAKA,7.000000,35-BS-00-03-A1*A5-K1*K122-D1*D44-S1-I7,38.457730,27.098860,11.328579,,1.000000,9.000000,"Arsenik, Nitrit, Amonyum, Alüminyum, Demir, Klorür, İletkenlik, Oksitlenebilirlik, pH",0.000000,Good,Decision Tree,0.000000,1.000000,0.000000
2026-03-04,ŞEMİKLER,7.610000,0.030000,7.060000,1.000000,0.000000,23.060000,,29.000000,1.000000,0.000000,0.065000,0.600000,1.000000,34.000000,0.100000,7.600000,647.000000,88.659827,False,1.000000,1.000000,1.000000,0.294000,0.870000,0.961950,0.884700,0.940000,0.760000,0.884000,0.741200,0.880000,1.000000,,1.000000,1.000000,,,Good,36.000000,6276 Sok.İle 6279 Sok Kavşağı,KARŞIYAKA,7.000000,35-BS-00-03-A1*A5-K1*K122-D1*D44-S1-I4,38.477100,27.093760,11.340173,,1.000000,9.000000,"Arsenik, Nitrit, Amonyum, Alüminyum, Demir, Klorür, İletkenlik, Oksitlenebilirlik, pH",0.000000,Good,Decision Tree,0.000000,1.000000,0.000000
2026-03-04,KARŞIYAKA,9.820000,0.030000,7.130000,1.000000,0.000000,29.640000,,29.000000,1.000000,0.000000,0.065000,0.600000,1.000000,34.000000,0.100000,7.600000,646.000000,88.639021,False,1.000000,1.000000,1.000000,0.287000,0.870000,0.950900,0.851800,0.940000,0.760000,0.884000,0.741600,0.880000,1.000000,,1.000000,1.000000,,,Good,37.000000,Atatürk Cad. İle Zübeyde Hanim Cad.Kavşağı,KARŞIYAKA,7.000000,35-BS-00-03-A1*A5-K1*K122-D1*D44-S1-I5,38.461670,27.116100,11.360979,,1.000000,9.000000,"Arsenik, Nitrit, Amonyum, Alüminyum, Demir, Klorür, İletkenlik, Oksitlenebilirlik, pH",0.000000,Good,Decision Tree,0.000000,1.000000,0.000000
2026-03-04,EVKA-2,6.640000,0.030000,6.920000,1.000000,0.000000,22.450000,,30.000000,1.000000,0.000000,0.065000,0.600000,1.000000,33.000000,0.100000,7.500000,629.000000,88.787369,False,1.000000,1.000000,1.000000,0.308000,0.870000,0.966800,0.887750,0.940000,0.800000,0.880000,0.748400,0.880000,1.000000,,1.000000,1.000000,,,Good,38.000000,6800 Sok. No:9 Sağlık Ocağı Evka 2,ÇİĞLİ,4.000000,35-BS-00-24-A1*A5-K1*K122-D1*D44-S1-I5,38.499050,27.087510,11.212631,,1.000000,9.000000,"Arsenik, Nitrit, Amonyum, Alüminyum, Demir, Klorür, İletkenlik, Oksitlenebilirlik, pH",0.000000,Good,Decision Tree,0.000000,1.000000,0.000000
2026-03-04,ÖRNEKKÖY,7.170000,0.030000,7.260000,1.000000,0.000000,23.060000,,30.000000,1.000000,0.000000,0.065000,0.600000,1.000000,33.000000,0.100000,7.500000,625.000000,88.709810,False,1.000000,1.000000,1.000000,0.274000,0.870000,0.964150,0.884700,0.940000,0.800000,0.880000,0.750000,0.880000,1.000000,,1.000000,1.000000,,,Good,39.000000,Başpehlivan Kara Ali Cad. No:25/A,KARŞIYAKA,7.000000,35-BS-00-03-A1*A5-K1*K122-D1*D44-S1-I6,38.482130,27.111060,11.290190,,1.000000,9.000000,"Arsenik, Nitrit, Amonyum, Alüminyum, Demir, Klorür, İletkenlik, Oksitlenebilirlik, pH",0.000000,Good,Decision Tree,0.000000,1.000000,0.000000
2026-03-04,GÜMÜŞPALA,7.000000,0.030000,7.050000,1.000000,0.000000,22.020000,,30.000000,1.000000,0.000000,0.065000,0.600000,1.000000,33.000000,0.100000,7.500000,637.000000,88.757966,False,1.000000,1.000000,1.000000,0.295000,0.870000,0.965000,0.889900,0.940000,0.800000,0.880000,0.745200,0.880000,1.000000,,1.000000,1.000000,,,Good,40.000000,7019 Sok. No:20/3 Merkez Cami Gümüşpala,BAYRAKLI,60.000000,35-BS-00-29-A1*A5-K1*K122-D1*D44-S1-I7,38.479310,27.109960,11.242034,,1.000000,9.000000,"Arsenik, Nitrit, Amonyum, Alüminyum, Demir, Klorür, İletkenlik, Oksitlenebilirlik, pH",0.000000,Good,Decision Tree,0.000000,1.000000,0.000000
2026-03-11,DOĞANÇAY,5.800000,0.030000,4.350000,1.000000,0.000000,59.670000,,28.000000,1.000000,0.000000,0.065000,0.600000,1.000000,35.000000,0.000000,7.800000,588.000000,89.063351,False,1.000000,1.000000,1.000000,0.565000,0.870000,0.971000,0.701650,0.940000,0.680000,0.888000,0.764800,0.880000,1.000000,,1.000000,1.000000,,,Good,41.000000,7191 Sok. No:1/A Doğançay,BAYRAKLI,60.000000,35-BS-00-29-A1*A5-K1*K122-D1*D44-S1-I1,38.495500,27.155140,10.936649,,1.000000,9.000000,"Arsenik, Nitrit, Amonyum, Alüminyum, Demir, Klorür, İletkenlik, Oksitlenebilirlik, pH",0.000000,Good,Decision Tree,0.000000,1.000000,0.000000
2026-03-11,YAMANLAR,5.230000,0.030000,4.170000,1.000000,0.000000,58.610000,,28.000000,1.000000,0.000000,0.065000,0.600000,1.000000,35.000000,0.000000,7.800000,590.000000,89.104993,False,1.000000,1.000000,1.000000,0.583000,0.870000,0.973850,0.706950,0.940000,0.680000,0.888000,0.764000,0.880000,1.000000,,1.000000,1.000000,,,Good,42.000000,7348 Sok. No:2 Polis Merkezi Yamanlar,BAYRAKLI,60.000000,35-BS-00-29-A1*A5-K1*K122-D1*D44-S1-I2,38.481110,27.132940,10.895007,,1.000000,9.000000,"Arsenik, Nitrit, Amonyum, Alüminyum, Demir, Klorür, İletkenlik, Oksitlenebilirlik, pH",0.000000,Good,Decision Tree,0.000000,1.000000,0.000000
2026-03-11,POSTACI MAH,5.170000,0.030000,4.100000,1.000000,0.000000,57.020000,,28.000000,1.000000,0.000000,0.065000,0.600000,1.000000,35.000000,0.000000,7.800000,594.000000,89.121750,False,1.000000,1.000000,1.000000,0.590000,0.870000,0.974150,0.714900,0.940000,0.680000,0.888000,0.762400,0.880000,1.000000,,1.000000,1.000000,,,Good,43.000000,7659/2 Sok. No:1/B Postacılar Mah.,BAYRAKLI,60.000000,35-BS-00-29-A1*A5*-K1*K122-D1*D44-S1-I3-IY1,38.482170,27.119910,10.878250,,1.000000,9.000000,"Arsenik, Nitrit, Amonyum, Alüminyum, Demir, Klorür, İletkenlik, Oksitlenebilirlik, pH",0.000000,Good,Decision Tree,0.000000,1.000000,0.000000
2026-03-11,YAMAÇ MAH,6.260000,0.030000,4.320000,1.000000,0.000000,60.230000,,28.000000,1.000000,0.000000,0.065000,0.600000,1.000000,34.000000,0.000000,7.800000,595.000000,89.069537,False,1.000000,1.000000,1.000000,0.568000,0.870000,0.968700,0.698850,0.940000,0.680000,0.888000,0.762000,0.880000,1.000000,,1.000000,1.000000,,,Good,44.000000,6730 Sok. No:6/A Yamaç Mah.,KARŞIYAKA,7.000000,35-BS-00-03-A1*A5-K1*K122-D1*D44-S1-I1,38.483710,27.099770,10.930463,,1.000000,9.000000,"Arsenik, Nitrit, Amonyum, Alüminyum, Demir, Klorür, İletkenlik, Oksitlenebilirlik, pH",0.000000,Good,Decision Tree,0.000000,1.000000,0.000000
2026-03-11,CUMHURİYET MAH,4.820000,0.030000,3.990000,1.000000,0.000000,59.040000,,28.000000,1.000000,0.000000,0.065000,0.600000,1.000000,35.000000,0.000000,7.800000,599.000000,89.145676,False,1.000000,1.000000,1.000000,0.601000,0.870000,0.975900,0.704800,0.940000,0.680000,0.888000,0.760400,0.880000,1.000000,,1.000000,1.000000,,,Good,45.000000,Alim Dağhan Cd. İle 6716 Sok. Kvs.,KARŞIYAKA,7.000000,35-BS-00-03-A1*A5-K1*K122-D1*D44-S1-I2,38.485320,27.096540,10.854324,,1.000000,9.000000,"Arsenik, Nitrit, Amonyum, Alüminyum, Demir, Klorür, İletkenlik, Oksitlenebilirlik, pH",0.000000,Good,Decision Tree,0.000000,1.000000,0.000000
2026-03-11,GÜZELTEPE,4.670000,0.030000,4.080000,1.000000,0.000000,61.020000,,28.000000,1.000000,0.000000,0.065000,0.600000,1.000000,35.000000,0.000000,7.800000,600.000000,89.124274,False,1.000000,1.000000,1.000000,0.592000,0.870000,0.976650,0.694900,0.940000,0.680000,0.888000,0.760000,0.880000,1.000000,,1.000000,1.000000,,,Good,46.000000,8172 Sok. No:90/1 Güzeltepe,ÇİĞLİ,4.000000,35-BS-00-24-A1*A5-K1*K122-D1*D44-S1-I4-IY1,38.502720,27.077990,10.875726,,1.000000,9.000000,"Arsenik, Nitrit, Amonyum, Alüminyum, Demir, Klorür, İletkenlik, Oksitlenebilirlik, pH",0.000000,Good,Decision Tree,0.000000,1.000000,0.000000
2026-03-11,EVKA-5,6.170000,0.030000,3.540000,1.000000,0.000000,67.990000,,39.000000,1.000000,0.000000,0.065000,0.600000,1.000000,34.000000,0.100000,7.700000,623.000000,89.332867,False,1.000000,1.000000,1.000000,0.646000,0.870000,0.969150,0.660050,0.940000,0.720000,0.844000,0.750800,0.880000,1.000000,,1.000000,1.000000,,,Good,47.000000,8809 Sok. No:141/A Evka-5,ÇİĞLİ,4.000000,35-BS-00-24-A1*A5-K1*K122-D1*D44-S1-I8-IY1,38.518190,27.056590,10.667133,,1.000000,9.000000,"Arsenik, Nitrit, Amonyum, Alüminyum, Demir, Klorür, İletkenlik, Oksitlenebilirlik, pH",0.000000,Good,Decision Tree,0.000000,1.000000,0.000000
2026-03-11,EGEKENT-2,7.520000,0.030000,4.000000,1.000000,0.000000,65.200000,,37.000000,1.000000,0.000000,0.065000,0.600000,1.000000,32.000000,0.000000,7.600000,613.000000,89.325629,False,1.000000,1.000000,1.000000,0.600000,0.870000,0.962400,0.674000,0.940000,0.760000,0.852000,0.754800,0.880000,1.000000,,1.000000,1.000000,,,Good,48.000000,8818 Sok. No:38 6 Nolu Sağlık Ocağı Egekent,ÇİĞLİ,4.000000,35-BS-00-24-A1*A5-K1*K122-D1*D44-S1-I6,38.555690,27.049780,10.674371,,1.000000,9.000000,"Arsenik, Nitrit, Amonyum, Alüminyum, Demir, Klorür, İletkenlik, Oksitlenebilirlik, pH",0.000000,Good,Decision Tree,0.000000,1.000000,0.000000
2026-03-11,ALAYBEY,4.090000,0.030000,3.900000,1.000000,0.000000,63.980000,,37.000000,1.000000,0.000000,0.065000,0.600000,1.000000,32.000000,0.000000,7.800000,603.000000,89.160386,False,1.000000,1.000000,1.000000,0.610000,0.870000,0.979550,0.680100,0.940000,0.680000,0.852000,0.758800,0.880000,1.000000,,1.000000,1.000000,,,Good,49.000000,1643/7 Sok. No:8 Adalet Mah.,BAYRAKLI,60.000000,35-BS-00-03-A1*A5-K1*K122-D1*D44-S1-13-IY1,38.466750,27.159340,10.839614,,1.000000,9.000000,"Arsenik, Nitrit, Amonyum, Alüminyum, Demir, Klorür, İletkenlik, Oksitlenebilirlik, pH",0.000000,Good,Decision Tree,0.000000,1.000000,0.000000
2026-03-11,CENGİZHAN,4.730000,0.030000,3.890000,1.000000,0.000000,65.810000,,37.000000,1.000000,0.000000,0.065000,0.600000,1.000000,32.000000,0.000000,7.800000,602.000000,89.161255,False,1.000000,1.000000,1.000000,0.611000,0.870000,0.976350,0.670950,0.940000,0.680000,0.852000,0.759200,0.880000,1.000000,,1.000000,1.000000,,,Good,50.000000,1620/19 İle 1620/39 Sok. Kavsağı Cengizhan,BAYRAKLI,60.000000,35-BS-00-29-A1*A5-K1*K122-D1*D44-S1-I4,38.473400,27.158880,10.838745,,1.000000,9.000000,"Arsenik, Nitrit, Amonyum, Alüminyum, Demir, Klorür, İletkenlik, Oksitlenebilirlik, pH",0.000000,Good,Decision Tree,0.000000,1.000000,0.000000
2026-03-11,ÇAY MAH,4.190000,0.030000,3.760000,1.000000,0.000000,65.130000,,37.000000,1.000000,0.000000,0.065000,0.600000,1.000000,32.000000,0.000000,7.800000,603.000000,89.191355,False,1.000000,1.000000,1.000000,0.624000,0.870000,0.979050,0.674350,0.940000,0.680000,0.852000,0.758800,0.880000,1.000000,,1.000000,1.000000,,,Good,51.000000,Hakan Uysal Cad. No:273/1 Çay Mahallesi,BAYRAKLI,60.000000,35-BS-00-29-A1*A5-K1*K122-D1*D44-S1-I5,38.470860,27.180440,10.808645,,1.000000,9.000000,"Arsenik, Nitrit, Amonyum, Alüminyum, Demir, Klorür, İletkenlik, Oksitlenebilirlik, pH",0.000000,Good,Decision Tree,0.000000,1.000000,0.000000
2026-03-11,İZYUVA,8.650000,0.030000,0.980000,1.000000,0.000000,106.700000,,47.000000,1.000000,0.000000,0.065000,0.400000,1.000000,16.000000,0.000000,7.600000,396.000000,90.163000,False,1.000000,1.000000,1.000000,0.902000,0.870000,0.956750,0.466500,0.940000,0.760000,0.812000,0.841600,0.920000,1.000000,,1.000000,1.000000,,,Good,52.000000,113/19 Sok. No:10 İzyuva,BORNOVA,2.000000,35-BS-00-01-A1*A5-K1*K122-D1*D44-S1-I7,38.464570,27.249790,9.837000,,1.000000,9.000000,"Arsenik, Nitrit, Amonyum, Alüminyum, Demir, Klorür, İletkenlik, Oksitlenebilirlik, pH",0.000000,Good,Decision Tree,0.000000,1.000000,0.000000
2026-03-11,NALDÖKEN,9.110000,0.030000,0.980000,1.000000,0.000000,111.700000,,47.000000,1.000000,0.000000,0.065000,0.400000,1.000000,16.000000,0.000000,7.600000,337.000000,90.160125,False,1.000000,1.000000,1.000000,0.902000,0.870000,0.954450,0.441500,0.940000,0.760000,0.812000,0.865200,0.920000,1.000000,,1.000000,1.000000,,,Good,53.000000,Ankara Cad. İle Atatürk Cad. Kav.,BORNOVA,2.000000,35-BS-00-01-A1*A5-K1*K122-D1*D44-S1-I6,38.452100,27.266070,9.839875,,1.000000,9.000000,"Arsenik, Nitrit, Amonyum, Alüminyum, Demir, Klorür, İletkenlik, Oksitlenebilirlik, pH",0.000000,Good,Decision Tree,0.000000,1.000000,0.000000
2026-03-11,YEŞİLÇAM,10.970000,0.030000,1.020000,1.000000,0.000000,67.810000,,47.000000,1.000000,0.000000,0.065000,0.400000,1.000000,16.000000,0.000000,7.600000,337.000000,90.174849,False,1.000000,1.000000,1.000000,0.898000,0.870000,0.945150,0.660950,0.940000,0.760000,0.812000,0.865200,0.920000,1.000000,,1.000000,1.000000,,,Good,54.000000,Mrk. Bornova Jandarma Komando Ambarlar Yanı,BORNOVA,2.000000,35-BS-00-01-A1*A5-K1*K122-D1*D44-S1-IY1,38.445680,27.289280,9.825151,,1.000000,9.000000,"Arsenik, Nitrit, Amonyum, Alüminyum, Demir, Klorür, İletkenlik, Oksitlenebilirlik, pH",0.000000,Good,Decision Tree,0.000000,1.000000,0.000000
2026-03-11,MEVLANA,10.150000,0.030000,0.970000,1.000000,0.000000,114.800000,,47.000000,1.000000,0.000000,0.065000,0.400000,1.000000,16.000000,0.000000,7.600000,336.000000,90.160049,False,1.000000,1.000000,1.000000,0.903000,0.870000,0.949250,0.426000,0.940000,0.760000,0.812000,0.865600,0.920000,1.000000,,1.000000,1.000000,,,Good,55.000000,1754 Sok. No:25 Asm Mevlana,BORNOVA,2.000000,35-BS-00-01-A1*A5-K1*K122-D1*D44-S1-I4,38.448220,27.230660,9.839951,,1.000000,9.000000,"Arsenik, Nitrit, Amonyum, Alüminyum, Demir, Klorür, İletkenlik, Oksitlenebilirlik, pH",0.000000,Good,Decision Tree,0.000000,1.000000,0.000000
2026-03-11,YEŞİLOVA,9.110000,0.030000,0.920000,1.000000,0.000000,112.900000,,47.000000,1.000000,0.000000,0.065000,0.400000,1.000000,16.000000,0.000000,7.600000,335.000000,90.173029,False,1.000000,1.000000,1.000000,0.908000,0.870000,0.954450,0.435500,0.940000,0.760000,0.812000,0.866000,0.920000,1.000000,,1.000000,1.000000,,,Good,56.000000,A.İpekçi Cd. İle 4040 Sok. Kvs. Yesilova,BORNOVA,2.000000,35-BS-00-01-A1*A5-K1*K122-D1*D44-S1-I3,38.440370,27.201350,9.826971,,1.000000,9.000000,"Arsenik, Nitrit, Amonyum, Alüminyum, Demir, Klorür, İletkenlik, Oksitlenebilirlik, pH",0.000000,Good,Decision Tree,0.000000,1.000000,0.000000
2026-03-11,MERSİNLİ,9.050000,0.030000,0.950000,1.000000,0.000000,108.700000,,47.000000,1.000000,0.000000,0.065000,0.400000,1.000000,16.000000,0.000000,7.600000,334.000000,90.168655,False,1.000000,1.000000,1.000000,0.905000,0.870000,0.954750,0.456500,0.940000,0.760000,0.812000,0.866400,0.920000,1.000000,,1.000000,1.000000,,,Good,57.000000,Fatih cd. İle Beyazıt Cd. Tuğlacı Önü Mersinli,BORNOVA,2.000000,35-BS-00-01-A1*A5-K1*K122-D1*D44-S1-I14,38.440000,27.180530,9.831345,,1.000000,9.000000,"Arsenik, Nitrit, Amonyum, Alüminyum, Demir, Klorür, İletkenlik, Oksitlenebilirlik, pH",0.000000,Good,Decision Tree,0.000000,1.000000,0.000000
2026-03-11,ÇANKAYA,4.180000,0.030000,6.540000,1.000000,0.000000,151.300000,,26.000000,1.000000,0.000000,0.065000,0.600000,1.000000,32.000000,0.000000,7.700000,548.000000,88.613061,False,1.000000,1.000000,1.000000,0.346000,0.870000,0.979100,0.243500,0.940000,0.720000,0.896000,0.780800,0.880000,1.000000,,1.000000,1.000000,,,Good,59.000000,Hürriyet Bulvarı No:14/E,KONAK,8.000000,35-BS-00-04-A1*A5-K1*K122-D1*D44-S1-IY-1,38.424780,27.142050,11.386939,,1.000000,9.000000,"Arsenik, Nitrit, Amonyum, Alüminyum, Demir, Klorür, İletkenlik, Oksitlenebilirlik, pH",0.000000,Good,Decision Tree,0.000000,1.000000,0.000000
2026-03-11,TOROS,3.900000,0.030000,5.580000,1.000000,0.000000,112.700000,,29.000000,1.000000,0.000000,0.065000,0.600000,1.000000,33.000000,0.000000,7.400000,527.000000,89.137058,False,1.000000,1.000000,1.000000,0.442000,0.870000,0.980500,0.436500,0.940000,0.840000,0.884000,0.789200,0.880000,1.000000,,1.000000,1.000000,,,Good,60.000000,Dicle Cad. No:88 Aile Sağlığı Merkezi,KONAK,8.000000,35-BS-00-04-A1*A5-K1*K122-D1*D44-S1-I3,38.407410,27.183640,10.862942,,1.000000,9.000000,"Arsenik, Nitrit, Amonyum, Alüminyum, Demir, Klorür, İletkenlik, Oksitlenebilirlik, pH",0.000000,Good,Decision Tree,0.000000,1.000000,0.000000
2026-03-11,LEVENT,3.490000,0.030000,5.840000,1.000000,0.000000,118.400000,,29.000000,1.000000,0.000000,0.065000,0.600000,1.000000,33.000000,0.000000,7.400000,522.000000,89.075256,False,1.000000,1.000000,1.000000,0.416000,0.870000,0.982550,0.408000,0.940000,0.840000,0.884000,0.791200,0.880000,1.000000,,1.000000,1.000000,,,Good,61.000000,3513 İle 3514 Sok. Kvs Levent,KONAK,8.000000,35-BS-00-04-A1*A5-K1*K122-D1*D44-S1-I8,38.411300,27.163150,10.924744,,1.000000,9.000000,"Arsenik, Nitrit, Amonyum, Alüminyum, Demir, Klorür, İletkenlik, Oksitlenebilirlik, pH",0.000000,Good,Decision Tree,0.000000,1.000000,0.000000
2026-03-11,UFUK MAH,3.380000,0.030000,5.520000,1.000000,0.000000,108.400000,,29.000000,1.000000,0.000000,0.065000,0.600000,1.000000,33.000000,0.000000,7.400000,522.000000,89.153379,False,1.000000,1.000000,1.000000,0.448000,0.870000,0.983100,0.458000,0.940000,0.840000,0.884000,0.791200,0.880000,1.000000,,1.000000,1.000000,,,Good,62.000000,914 Sok. No.7/A Ufuk Mah.,BUCA,3.000000,35-BS-00-02-A1*A5-K1*K122-D1*D44-S1-I5,38.403620,27.165620,10.846621,,1.000000,9.000000,"Arsenik, Nitrit, Amonyum, Alüminyum, Demir, Klorür, İletkenlik, Oksitlenebilirlik, pH",0.000000,Good,Decision Tree,0.000000,1.000000,0.000000
2026-03-11,EVKA-1,10.000000,0.030000,0.720000,1.000000,0.000000,82.840000,,47.000000,1.000000,0.000000,0.065000,0.400000,1.000000,34.000000,0.000000,7.600000,334.000000,90.234785,False,1.000000,1.000000,1.000000,0.928000,0.870000,0.950000,0.585800,0.940000,0.760000,0.812000,0.866400,0.920000,1.000000,,1.000000,1.000000,,,Good,63.000000,Türkmenistan Cad. İle 1206 Sok.. Kvs. Evka-1,BUCA,3.000000,35-BS-00-02-A1*A5-K1*K122-D1*D44-S1-I9,38.400630,27.194670,9.765215,,1.000000,9.000000,"Arsenik, Nitrit, Amonyum, Alüminyum, Demir, Klorür, İletkenlik, Oksitlenebilirlik, pH",0.000000,Good,Decision Tree,0.000000,1.000000,0.000000
2026-03-11,ADATEPE,10.230000,0.030000,0.740000,1.000000,0.000000,75.500000,,47.000000,1.000000,0.000000,0.065000,0.400000,1.000000,34.000000,0.000000,7.600000,337.000000,90.234271,False,1.000000,1.000000,1.000000,0.926000,0.870000,0.948850,0.622500,0.940000,0.760000,0.812000,0.865200,0.920000,1.000000,,1.000000,1.000000,,,Good,64.000000,3 İle 3/8 Sok. Kvs. Adatepe,BUCA,3.000000,35-BS-00-02-A1*A5-K1*K122-D1*D44-S1-I4,38.381540,27.184940,9.765729,,1.000000,9.000000,"Arsenik, Nitrit, Amonyum, Alüminyum, Demir, Klorür, İletkenlik, Oksitlenebilirlik, pH",0.000000,Good,Decision Tree,0.000000,1.000000,0.000000
2026-03-11,KURUÇEŞME,9.800000,0.030000,0.730000,1.000000,0.000000,97.920000,,47.000000,1.000000,0.000000,0.065000,0.400000,1.000000,34.000000,0.000000,7.600000,337.000000,90.224095,False,1.000000,1.000000,1.000000,0.927000,0.870000,0.951000,0.510400,0.940000,0.760000,0.812000,0.865200,0.920000,1.000000,,1.000000,1.000000,,,Good,65.000000,Dogus Cad. İle A.Yesevi Cd. Kvs. Kuruçeşme,BUCA,3.000000,35-BS-00-02-A1*A5-K1*K122-D1*D44-S1-I2,38.372330,27.194500,9.775905,,1.000000,9.000000,"Arsenik, Nitrit, Amonyum, Alüminyum, Demir, Klorür, İletkenlik, Oksitlenebilirlik, pH",0.000000,Good,Decision Tree,0.000000,1.000000,0.000000
2026-03-11,KOZAĞAÇ,11.310000,0.030000,0.730000,1.000000,0.000000,78.210000,,47.000000,1.000000,0.000000,0.065000,0.400000,1.000000,36.000000,0.000000,7.600000,336.000000,90.234393,False,1.000000,1.000000,1.000000,0.927000,0.870000,0.943450,0.608950,0.940000,0.760000,0.812000,0.865600,0.920000,1.000000,,1.000000,1.000000,,,Good,66.000000,I.Sivri Cd. İle 254 Sok.. Kvs. Kozağaç,BUCA,3.000000,35-BS-00-02-A1*A5-K1*K122-D1*D44-S1-I8,38.377130,27.169560,9.765607,,1.000000,9.000000,"Arsenik, Nitrit, Amonyum, Alüminyum, Demir, Klorür, İletkenlik, Oksitlenebilirlik, pH",0.000000,Good,Decision Tree,0.000000,1.000000,0.000000
2026-03-11,ÇAMLIKULE,9.820000,0.030000,0.720000,1.000000,0.000000,75.670000,,47.000000,1.000000,0.000000,0.065000,0.400000,1.000000,34.000000,0.000000,7.600000,335.000000,90.238939,False,1.000000,1.000000,1.000000,0.928000,0.870000,0.950900,0.621650,0.940000,0.760000,0.812000,0.866000,0.920000,1.000000,,1.000000,1.000000,,,Good,67.000000,220 Sok. No:163/B Çamlıkule,BUCA,3.000000,35-BS-00-02-A1*A5-K1*K122-D1*D44-S1-I3,38.372280,27.171530,9.761061,,1.000000,9.000000,"Arsenik, Nitrit, Amonyum, Alüminyum, Demir, Klorür, İletkenlik, Oksitlenebilirlik, pH",0.000000,Good,Decision Tree,0.000000,1.000000,0.000000
2026-03-11,AKINCILAR,2.640000,0.030000,0.730000,1.000000,0.000000,34.500000,,38.000000,1.000000,0.000000,0.065000,0.400000,1.000000,20.000000,0.000000,7.900000,391.000000,89.981277,False,1.000000,1.000000,1.000000,0.927000,0.870000,0.986800,0.827500,0.940000,0.640000,0.848000,0.843600,0.920000,1.000000,,1.000000,1.000000,,,Good,68.000000,A.Hatboyu Cd. İle 545 Sok.. Kvs. Akıncılar,BUCA,3.000000,35-BS-00-02-A1*A5-K1*K122-D1*D44-S1-I7,38.387460,27.147600,10.018723,,1.000000,9.000000,"Arsenik, Nitrit, Amonyum, Alüminyum, Demir, Klorür, İletkenlik, Oksitlenebilirlik, pH",0.000000,Good,Decision Tree,0.000000,1.000000,0.000000
2026-03-11,UĞUR MUMCU MAH,13.560000,0.030000,1.100000,1.000000,0.000000,118.600000,,47.000000,1.000000,0.000000,0.065000,0.400000,1.000000,34.000000,0.000000,7.400000,328.000000,90.317122,False,1.000000,1.000000,1.000000,0.890000,0.870000,0.932200,0.407000,0.940000,0.840000,0.812000,0.868800,0.920000,1.000000,,1.000000,1.000000,,,Good,69.000000,5777 İle 5780 Sok. Kvs. U. Mumcu,KARABAĞLAR,59.000000,35-BS-00-30-A1*A5-K1*K122-D1*D44-S1-I1,38.381830,27.130670,9.682878,,1.000000,9.000000,"Arsenik, Nitrit, Amonyum, Alüminyum, Demir, Klorür, İletkenlik, Oksitlenebilirlik, pH",0.000000,Good,Decision Tree,0.000000,1.000000,0.000000
2026-03-11,ÇAMLIK MAH,2.900000,0.030000,0.710000,1.000000,0.000000,36.260000,,38.000000,1.000000,0.000000,0.065000,0.400000,1.000000,20.000000,0.000000,7.600000,391.000000,90.270464,False,1.000000,1.000000,1.000000,0.929000,0.870000,0.985500,0.818700,0.940000,0.760000,0.848000,0.843600,0.920000,1.000000,,1.000000,1.000000,,,Good,70.000000,4969 Sok. No:2/A Çamlık,KARABAĞLAR,59.000000,35-BS-00-30-A1*A5-K1*K122-D1*D44-S1-I2,38.366230,27.120330,9.729536,,1.000000,9.000000,"Arsenik, Nitrit, Amonyum, Alüminyum, Demir, Klorür, İletkenlik, Oksitlenebilirlik, pH",0.000000,Good,Decision Tree,0.000000,1.000000,0.000000
2026-03-11,AKTEPE,5.660000,0.030000,0.800000,1.000000,0.000000,41.540000,,38.000000,1.000000,0.000000,0.065000,0.400000,1.000000,20.000000,0.000000,7.600000,390.000000,90.245556,False,1.000000,1.000000,1.000000,0.920000,0.870000,0.971700,0.792300,0.940000,0.760000,0.848000,0.844000,0.920000,1.000000,,1.000000,1.000000,,,Good,71.000000,Altan Aydin İle 4165 Sok.. Kvs Aktepe,GAZİEMİR,5.000000,35-BS-00-25-A1*A5-K1*K122-D1*D44-S1-I5,38.352350,27.125160,9.754444,,1.000000,9.000000,"Arsenik, Nitrit, Amonyum, Alüminyum, Demir, Klorür, İletkenlik, Oksitlenebilirlik, pH",0.000000,Good,Decision Tree,0.000000,1.000000,0.000000
2026-03-11,9 EYLÜL MAH,3.260000,0.030000,0.710000,1.000000,0.000000,36.190000,,38.000000,1.000000,0.000000,0.065000,0.400000,1.000000,20.000000,0.000000,7.600000,390.000000,90.270304,False,1.000000,1.000000,1.000000,0.929000,0.870000,0.983700,0.819050,0.940000,0.760000,0.848000,0.844000,0.920000,1.000000,,1.000000,1.000000,,,Good,72.000000,Kahramanlar Cd. No:2 H. Bayram Camii,GAZİEMİR,5.000000,35-BS-00-25-A1*A5-K1*K122-D1*D44-S1-I2,38.327138,27.137154,9.729696,,1.000000,9.000000,"Arsenik, Nitrit, Amonyum, Alüminyum, Demir, Klorür, İletkenlik, Oksitlenebilirlik, pH",0.000000,Good,Decision Tree,0.000000,1.000000,0.000000
2026-03-11,BEYAZEVLER,3.700000,0.030000,0.720000,1.000000,0.000000,39.270000,,38.000000,1.000000,0.000000,0.065000,0.400000,1.000000,21.000000,0.000000,7.600000,389.000000,90.266053,False,1.000000,1.000000,1.000000,0.928000,0.870000,0.981500,0.803650,0.940000,0.760000,0.848000,0.844400,0.920000,1.000000,,1.000000,1.000000,,,Good,73.000000,514 Sok.. No:3/A Beyazevler,GAZİEMİR,5.000000,35-BS-00-25-A1*A5-K1*K122-D1*D44-S1-I3,38.341790,27.140280,9.733947,,1.000000,9.000000,"Arsenik, Nitrit, Amonyum, Alüminyum, Demir, Klorür, İletkenlik, Oksitlenebilirlik, pH",0.000000,Good,Decision Tree,0.000000,1.000000,0.000000
2026-03-11,UZUNDERE,3.160000,0.030000,0.710000,1.000000,0.000000,38.260000,,38.000000,1.000000,0.000000,0.065000,0.400000,1.000000,21.000000,0.000000,7.600000,389.000000,90.269193,False,1.000000,1.000000,1.000000,0.929000,0.870000,0.984200,0.808700,0.940000,0.760000,0.848000,0.844400,0.920000,1.000000,,1.000000,1.000000,,,Good,74.000000,Eski Izmir Cad. 3959 Kvs Uzundere,KARABAĞLAR,59.000000,35-BS-00-30-A1*A5-K1*K122-D1*D44-S1-I4,38.360060,27.104090,9.730807,,1.000000,9.000000,"Arsenik, Nitrit, Amonyum, Alüminyum, Demir, Klorür, İletkenlik, Oksitlenebilirlik, pH",0.000000,Good,Decision Tree,0.000000,1.000000,0.000000
2026-03-11,CENNETÇEŞME,3.560000,0.030000,0.740000,1.000000,0.000000,37.970000,,38.000000,1.000000,0.000000,0.065000,0.400000,1.000000,20.000000,0.000000,7.600000,390.000000,90.262339,False,1.000000,1.000000,1.000000,0.926000,0.870000,0.982200,0.810150,0.940000,0.760000,0.848000,0.844000,0.920000,1.000000,,1.000000,1.000000,,,Good,75.000000,3948/6 Sok. No:2 C.Çeşme,KARABAĞLAR,59.000000,35-BS-00-30-A1*A5-K1*K122-D1*D44-S1-I9,38.361680,27.093850,9.737661,,1.000000,9.000000,"Arsenik, Nitrit, Amonyum, Alüminyum, Demir, Klorür, İletkenlik, Oksitlenebilirlik, pH",0.000000,Good,Decision Tree,0.000000,1.000000,0.000000
2026-03-11,GÜZELBAHÇE,6.640000,0.030000,5.760000,1.000000,0.000000,40.810000,,38.000000,1.000000,0.000000,0.065000,0.600000,1.000000,32.000000,0.000000,7.500000,536.000000,89.036888,False,1.000000,1.000000,1.000000,0.424000,0.870000,0.966800,0.795950,0.940000,0.800000,0.848000,0.785600,0.880000,1.000000,,1.000000,1.000000,,,Good,76.000000,Mithatpaşa Caddesi No:479,GÜZELBAHÇE,6.000000,35-BS-00-28-A1*A5-K1*K122-D1*D44-S1-IY-1,38.377140,26.883660,10.963112,,1.000000,9.000000,"Arsenik, Nitrit, Amonyum, Alüminyum, Demir, Klorür, İletkenlik, Oksitlenebilirlik, pH",0.000000,Good,Decision Tree,0.000000,1.000000,0.000000
2026-03-11,İNCİRALTI,5.080000,0.030000,5.910000,1.000000,0.000000,36.530000,,38.000000,1.000000,0.000000,0.065000,0.600000,1.000000,32.000000,0.000000,7.500000,536.000000,89.006252,False,1.000000,1.000000,1.000000,0.409000,0.870000,0.974600,0.817350,0.940000,0.800000,0.848000,0.785600,0.880000,1.000000,,1.000000,1.000000,,,Good,78.000000,Başak Cd. No:16 Bahçe Cafe İnciralti,BALÇOVA,1.000000,35-BS-00-26-A1*A5-K1*K122-D1*D44-S1-I1,38.409090,27.035910,10.993748,,1.000000,9.000000,"Arsenik, Nitrit, Amonyum, Alüminyum, Demir, Klorür, İletkenlik, Oksitlenebilirlik, pH",0.000000,Good,Decision Tree,0.000000,1.000000,0.000000
2026-03-11,ESENDERE,5.440000,0.030000,4.950000,1.000000,0.000000,37.770000,,38.000000,1.000000,0.000000,0.065000,0.600000,1.000000,32.000000,0.000000,7.500000,535.000000,89.222561,False,1.000000,1.000000,1.000000,0.505000,0.870000,0.972800,0.811150,0.940000,0.800000,0.848000,0.786000,0.880000,1.000000,,1.000000,1.000000,,,Good,79.000000,52/74 İle 52/18 Sok. Kvs Esendere,KARABAĞLAR,59.000000,35-BS-00-30-A1*A5-K1*K122-D1*D44-S1-I5,38.391050,27.089590,10.777439,,1.000000,9.000000,"Arsenik, Nitrit, Amonyum, Alüminyum, Demir, Klorür, İletkenlik, Oksitlenebilirlik, pH",0.000000,Good,Decision Tree,0.000000,1.000000,0.000000
2026-03-11,KADİFEKALE,17.340000,0.030000,1.280000,1.000000,0.000000,144.600000,,47.000000,1.000000,0.000000,0.065000,0.400000,1.000000,16.000000,0.000000,7.400000,327.000000,90.259554,False,1.000000,1.000000,1.000000,0.872000,0.870000,0.913300,0.277000,0.940000,0.840000,0.812000,0.869200,0.920000,1.000000,,1.000000,1.000000,,,Good,80.000000,R.Erkutlu Şehitlik Önü No:290/A Kadifekale,KONAK,8.000000,35-BS-00-04-A1*A5-K1*K122-D1*D44-S1-I6,38.412820,27.140320,9.740446,,1.000000,9.000000,"Arsenik, Nitrit, Amonyum, Alüminyum, Demir, Klorür, İletkenlik, Oksitlenebilirlik, pH",0.000000,Good,Decision Tree,0.000000,1.000000,0.000000
2026-03-25,YENİŞEHİR,2.790000,0.030000,5.650000,1.000000,0.000000,34.990000,,25.000000,1.000000,0.000000,0.065000,0.400000,1.000000,34.000000,0.000000,7.600000,571.000000,89.157567,False,1.000000,1.000000,1.000000,0.435000,0.870000,0.986050,0.825050,0.940000,0.760000,0.900000,0.771600,0.920000,1.000000,,1.000000,1.000000,,,Good,2.000000,Gaziler Cad. No:185 İtfaiye Önü,KONAK,8.000000,35-BS-00-04-A1*A5-K1*K122-D1*D44-S1-I10,38.422640,27.153840,10.842433,,1.000000,9.000000,"Arsenik, Nitrit, Amonyum, Alüminyum, Demir, Klorür, İletkenlik, Oksitlenebilirlik, pH",0.000000,Good,Decision Tree,0.000000,1.000000,0.000000
2026-03-25,KONAK,3.650000,0.030000,5.960000,1.000000,0.000000,39.000000,,25.000000,1.000000,0.000000,0.065000,0.400000,1.000000,34.000000,0.000000,7.600000,572.000000,89.084668,False,1.000000,1.000000,1.000000,0.404000,0.870000,0.981750,0.805000,0.940000,0.760000,0.900000,0.771200,0.920000,1.000000,,1.000000,1.000000,,,Good,3.000000,854 Sok No:51/A,KONAK,8.000000,35-BS-00-04-A1*A5-K1*K122-D1*D44-S1-I5,38.420610,27.130760,10.915332,,1.000000,9.000000,"Arsenik, Nitrit, Amonyum, Alüminyum, Demir, Klorür, İletkenlik, Oksitlenebilirlik, pH",0.000000,Good,Decision Tree,0.000000,1.000000,0.000000
2026-03-25,GÜZELBAHÇE,6.790000,0.030000,5.860000,1.000000,0.000000,56.510000,,27.000000,1.000000,0.000000,0.065000,0.400000,1.000000,34.000000,0.000000,7.500000,559.000000,89.190204,False,1.000000,1.000000,1.000000,0.414000,0.870000,0.966050,0.717450,0.940000,0.800000,0.892000,0.776400,0.920000,1.000000,,1.000000,1.000000,,,Good,4.000000,Kazım Dirik Cad. No.46,GÜZELBAHÇE,6.000000,35-BS-00-28-A1*A5-K1*K122-D1*D44-S1-I1,38.363366,26.866501,10.809796,,1.000000,9.000000,"Arsenik, Nitrit, Amonyum, Alüminyum, Demir, Klorür, İletkenlik, Oksitlenebilirlik, pH",0.000000,Good,Decision Tree,0.000000,1.000000,0.000000
2026-03-25,NARLIDERE,3.710000,0.030000,4.240000,1.000000,0.000000,90.450000,,27.000000,1.000000,0.000000,0.065000,0.400000,1.000000,34.000000,0.000000,7.500000,558.000000,89.539295,False,1.000000,1.000000,1.000000,0.576000,0.870000,0.981450,0.547750,0.940000,0.800000,0.892000,0.776800,0.920000,1.000000,,1.000000,1.000000,,,Good,5.000000,İzsu Narlıdere Teknik Amirlik,NARLIDERE,9.000000,35-BS-00-27-A1*A5-K1*K122-D1*D44-S1-I2,38.394150,27.009890,10.460705,,1.000000,9.000000,"Arsenik, Nitrit, Amonyum, Alüminyum, Demir, Klorür, İletkenlik, Oksitlenebilirlik, pH",0.000000,Good,Decision Tree,0.000000,1.000000,0.000000
2026-03-25,BALÇOVA,6.810000,0.030000,5.090000,1.000000,0.000000,117.300000,,25.000000,1.000000,0.000000,0.065000,0.400000,1.000000,35.000000,0.000000,7.500000,561.000000,89.330745,False,1.000000,1.000000,1.000000,0.491000,0.870000,0.965950,0.413500,0.940000,0.800000,0.900000,0.775600,0.920000,1.000000,,1.000000,1.000000,,,Good,6.000000,M.Pasa Cad. İle Hüseyin Ögütcen Kavşağı,BALÇOVA,1.000000,35-BS-00-26-A1*A5-K1*K122-D1*D44-S1-I2,38.394150,27.038360,10.669255,,1.000000,9.000000,"Arsenik, Nitrit, Amonyum, Alüminyum, Demir, Klorür, İletkenlik, Oksitlenebilirlik, pH",0.000000,Good,Decision Tree,0.000000,1.000000,0.000000
2026-03-25,ÜÇKUYULAR,3.990000,0.030000,8.660000,1.000000,0.000000,75.180000,,25.000000,1.000000,0.000000,0.065000,0.400000,1.000000,35.000000,0.000000,7.500000,559.000000,88.548419,False,1.000000,1.000000,1.000000,0.134000,0.870000,0.980050,0.624100,0.940000,0.800000,0.900000,0.776400,0.920000,1.000000,,1.000000,1.000000,,,Good,7.000000,65/17 Sok. No:45 Yumurtacı Ahmet Camii,KARABAĞLAR,59.000000,35-BS-00-30-A1*A5-K1*K122-D1*D44-S1-I6,38.393940,27.069370,11.451581,,1.000000,9.000000,"Arsenik, Nitrit, Amonyum, Alüminyum, Demir, Klorür, İletkenlik, Oksitlenebilirlik, pH",0.000000,Good,Decision Tree,0.000000,1.000000,0.000000
2026-03-25,GÜZELYALI,4.740000,0.030000,7.160000,1.000000,0.000000,118.600000,,25.000000,1.000000,0.000000,0.065000,0.400000,1.000000,35.000000,0.000000,7.500000,561.000000,88.862819,False,1.000000,1.000000,1.000000,0.284000,0.870000,0.976300,0.407000,0.940000,0.800000,0.900000,0.775600,0.920000,1.000000,,1.000000,1.000000,,,Good,8.000000,34.Sok. No:5 TSM Güzelyalı,KONAK,8.000000,35-BS-00-04-A1*A5-K1*K122-D1*D44-S1-I11,38.398080,27.079620,11.137181,,1.000000,9.000000,"Arsenik, Nitrit, Amonyum, Alüminyum, Demir, Klorür, İletkenlik, Oksitlenebilirlik, pH",0.000000,Good,Decision Tree,0.000000,1.000000,0.000000
2026-03-25,HATAY,7.360000,0.030000,2.310000,1.000000,0.000000,45.230000,,32.000000,1.000000,0.000000,0.065000,0.400000,1.000000,22.000000,0.000000,7.900000,403.000000,89.617173,False,1.000000,1.000000,1.000000,0.769000,0.870000,0.963200,0.773850,0.940000,0.640000,0.872000,0.838800,0.920000,1.000000,,1.000000,1.000000,,,Good,9.000000,İnönü Cad. İle 100 Sok. Kavşağı,KONAK,8.000000,35-BS-00-04-A1*A5-K1*K122-D1*D44-S1-I13,38.401640,27.099450,10.382827,,1.000000,9.000000,"Arsenik, Nitrit, Amonyum, Alüminyum, Demir, Klorür, İletkenlik, Oksitlenebilirlik, pH",0.000000,Good,Decision Tree,0.000000,1.000000,0.000000
2026-03-25,YEŞİLYURT,6.490000,0.030000,2.370000,1.000000,0.000000,38.730000,,32.000000,1.000000,0.000000,0.065000,0.400000,1.000000,22.000000,0.000000,7.900000,402.000000,89.607770,False,1.000000,1.000000,1.000000,0.763000,0.870000,0.967550,0.806350,0.940000,0.640000,0.872000,0.839200,0.920000,1.000000,,1.000000,1.000000,,,Good,11.000000,Ulu Önder Cad. İle Gökdere Cad.Kavşağı,KARABAĞLAR,59.000000,35-BS-00-30-A1*A5-K1*K122-D1*D44-S1-I7,38.404270,27.113010,10.392230,,1.000000,9.000000,"Arsenik, Nitrit, Amonyum, Alüminyum, Demir, Klorür, İletkenlik, Oksitlenebilirlik, pH",0.000000,Good,Decision Tree,0.000000,1.000000,0.000000
2026-03-25,KARABAĞLAR,6.170000,0.030000,2.360000,1.000000,0.000000,37.730000,,25.000000,1.000000,0.000000,0.065000,0.600000,1.000000,33.000000,0.000000,7.500000,577.000000,89.812743,False,1.000000,1.000000,1.000000,0.764000,0.870000,0.969150,0.811350,0.940000,0.800000,0.900000,0.769200,0.880000,1.000000,,1.000000,1.000000,,,Good,13.000000,4058 Sok. İle 4056 Sok. Kavşağı,KARABAĞLAR,59.000000,35-BS-00-30-A1*A5-K1*K122-D1*D44-S1-I8,38.374260,27.134100,10.187257,,1.000000,9.000000,"Arsenik, Nitrit, Amonyum, Alüminyum, Demir, Klorür, İletkenlik, Oksitlenebilirlik, pH",0.000000,Good,Decision Tree,0.000000,1.000000,0.000000
2026-03-25,ESKİ İZMİR,6.280000,0.030000,2.280000,1.000000,0.000000,37.250000,,32.000000,1.000000,0.000000,0.065000,0.400000,1.000000,22.000000,0.000000,7.900000,401.000000,89.629093,False,1.000000,1.000000,1.000000,0.772000,0.870000,0.968600,0.813750,0.940000,0.640000,0.872000,0.839600,0.920000,1.000000,,1.000000,1.000000,,,Good,14.000000,Eski Izmir Cad. No:562/A Kahve,KARABAĞLAR,59.000000,35-BS-00-30-A1*A5-K1*K122-D1*D44-S1-I3,38.376220,27.107190,10.370907,,1.000000,9.000000,"Arsenik, Nitrit, Amonyum, Alüminyum, Demir, Klorür, İletkenlik, Oksitlenebilirlik, pH",0.000000,Good,Decision Tree,0.000000,1.000000,0.000000
2026-03-25,GAZİEMİR,6.660000,0.030000,2.210000,1.000000,0.000000,39.780000,,32.000000,1.000000,0.000000,0.065000,0.400000,1.000000,22.000000,0.000000,7.900000,402.000000,89.643282,False,1.000000,1.000000,1.000000,0.779000,0.870000,0.966700,0.801100,0.940000,0.640000,0.872000,0.839200,0.920000,1.000000,,1.000000,1.000000,,,Good,15.000000,Abdullah Arda Meydanı No:29 Arkadaşlar Kahvesi,GAZİEMİR,5.000000,35-BS-00-25-A1*A5-K1*K122-D1*D44-S1-I4-Y1,38.321780,27.126430,10.356718,,1.000000,9.000000,"Arsenik, Nitrit, Amonyum, Alüminyum, Demir, Klorür, İletkenlik, Oksitlenebilirlik, pH",0.000000,Good,Decision Tree,0.000000,1.000000,0.000000
2026-03-25,GEDİZ,10.750000,0.030000,0.580000,1.000000,0.000000,57.100000,,49.000000,1.000000,0.000000,0.065000,0.400000,1.000000,16.000000,0.000000,7.400000,371.000000,90.470276,False,1.000000,1.000000,1.000000,0.942000,0.870000,0.946250,0.714500,0.940000,0.840000,0.804000,0.851600,0.920000,1.000000,,1.000000,1.000000,,,Good,16.000000,682/4 Sok. No:2 Gediz,BUCA,3.000000,35-BS-00-02-A1*A5-K1*K122-D1*D44-S1-I10,38.361880,27.144380,9.529724,,1.000000,9.000000,"Arsenik, Nitrit, Amonyum, Alüminyum, Demir, Klorür, İletkenlik, Oksitlenebilirlik, pH",0.000000,Good,Decision Tree,0.000000,1.000000,0.000000
2026-03-25,ŞİRİNYER,12.600000,0.030000,0.640000,1.000000,0.000000,58.260000,,49.000000,1.000000,0.000000,0.065000,0.400000,1.000000,17.000000,0.000000,7.400000,371.000000,90.454997,False,1.000000,1.000000,1.000000,0.936000,0.870000,0.937000,0.708700,0.940000,0.840000,0.804000,0.851600,0.920000,1.000000,,1.000000,1.000000,,,Good,17.000000,Koşuyolu Cad. Efeler Mah. No:41 Avni Naili Limboz Camii,BUCA,3.000000,35-BS-00-02-A1*A5-K1*K122-D1*D44-S1-I6,38.391680,27.150310,9.545003,,1.000000,9.000000,"Arsenik, Nitrit, Amonyum, Alüminyum, Demir, Klorür, İletkenlik, Oksitlenebilirlik, pH",0.000000,Good,Decision Tree,0.000000,1.000000,0.000000
2026-03-25,BUCA,9.310000,0.030000,0.630000,1.000000,0.000000,56.420000,,49.000000,1.000000,0.000000,0.065000,0.400000,1.000000,17.000000,0.000000,7.400000,373.000000,90.460155,False,1.000000,1.000000,1.000000,0.937000,0.870000,0.953450,0.717900,0.940000,0.840000,0.804000,0.850800,0.920000,1.000000,,1.000000,1.000000,,,Good,18.000000,Başarı Cad.İle 170. Sok.Kavşağı,BUCA,3.000000,35-BS-00-02-A1*A5-K1*K122-D1*D44-S1-I1,38.389300,27.176440,9.539845,,1.000000,9.000000,"Arsenik, Nitrit, Amonyum, Alüminyum, Demir, Klorür, İletkenlik, Oksitlenebilirlik, pH",0.000000,Good,Decision Tree,0.000000,1.000000,0.000000
2026-03-25,GÜLÇEŞME,9.340000,0.030000,4.580000,1.000000,0.000000,57.510000,,49.000000,1.000000,0.000000,0.065000,0.400000,1.000000,16.000000,0.000000,7.400000,371.000000,89.565795,False,1.000000,1.000000,1.000000,0.542000,0.870000,0.953300,0.712450,0.940000,0.840000,0.804000,0.851600,0.920000,1.000000,,1.000000,1.000000,,,Good,19.000000,3586 Sok. No:1 Gürçeşme,KONAK,8.000000,35-BS-00-04-A1*A5-K1*K122-D1*D44-S1-I15,38.404510,27.151350,10.434205,,1.000000,9.000000,"Arsenik, Nitrit, Amonyum, Alüminyum, Demir, Klorür, İletkenlik, Oksitlenebilirlik, pH",0.000000,Good,Decision Tree,0.000000,1.000000,0.000000
2026-03-25,GÜLTEPE,9.910000,0.030000,0.630000,1.000000,0.000000,58.400000,,49.000000,1.000000,0.000000,0.065000,0.400000,1.000000,17.000000,0.000000,7.400000,372.000000,90.458699,False,1.000000,1.000000,1.000000,0.937000,0.870000,0.950450,0.708000,0.940000,0.840000,0.804000,0.851200,0.920000,1.000000,,1.000000,1.000000,,,Good,20.000000,Selimiye Cad. No:30/B Gültepe,KONAK,8.000000,35-BS-00-04-A1*A5-K1*K122-D1*D44-S1-I16,38.416220,27.172680,9.541301,,1.000000,9.000000,"Arsenik, Nitrit, Amonyum, Alüminyum, Demir, Klorür, İletkenlik, Oksitlenebilirlik, pH",0.000000,Good,Decision Tree,0.000000,1.000000,0.000000
2026-03-25,ALTINDAĞ,6.890000,0.030000,4.660000,1.000000,0.000000,30.400000,,29.000000,1.000000,0.000000,0.065000,0.600000,1.000000,35.000000,0.100000,7.500000,634.000000,89.294426,False,1.000000,1.000000,1.000000,0.534000,0.870000,0.965550,0.848000,0.940000,0.800000,0.884000,0.746400,0.880000,1.000000,,1.000000,1.000000,,,Good,21.000000,Kemalpaşa Cad. No: 46,BORNOVA,2.000000,35-BS-00-01-A1*A5-K1*K122-D1*D44-S1-I9,38.425580,27.202560,10.705574,,1.000000,9.000000,"Arsenik, Nitrit, Amonyum, Alüminyum, Demir, Klorür, İletkenlik, Oksitlenebilirlik, pH",0.000000,Good,Decision Tree,0.000000,1.000000,0.000000
2026-03-25,ÇAMDİBİ,7.480000,0.030000,4.780000,1.000000,0.000000,26.760000,,29.000000,1.000000,0.000000,0.065000,0.600000,1.000000,35.000000,0.100000,7.500000,632.000000,89.269007,False,1.000000,1.000000,1.000000,0.522000,0.870000,0.962600,0.866200,0.940000,0.800000,0.884000,0.747200,0.880000,1.000000,,1.000000,1.000000,,,Good,22.000000,5227 Sok. No:35/C Çamdibi,BORNOVA,2.000000,35-BS-00-01-A1*A5-K1*K122-D1*D44-S1-I12,38.435530,27.191010,10.730993,,1.000000,9.000000,"Arsenik, Nitrit, Amonyum, Alüminyum, Demir, Klorür, İletkenlik, Oksitlenebilirlik, pH",0.000000,Good,Decision Tree,0.000000,1.000000,0.000000
2026-03-25,IŞIKKENT,11.390000,0.030000,0.730000,1.000000,0.000000,72.370000,,49.000000,1.000000,0.000000,0.065000,0.400000,1.000000,16.000000,0.000000,7.400000,372.000000,90.427333,False,1.000000,1.000000,1.000000,0.927000,0.870000,0.943050,0.638150,0.940000,0.840000,0.804000,0.851200,0.920000,1.000000,,1.000000,1.000000,,,Good,23.000000,Cumhuriyet Meydanı No:16  Işıkkent,BORNOVA,2.000000,35-BS-00-01-A1*A5-K1*K122-D1*D44-S1-I8,38.424540,27.230760,9.572667,,1.000000,9.000000,"Arsenik, Nitrit, Amonyum, Alüminyum, Demir, Klorür, İletkenlik, Oksitlenebilirlik, pH",0.000000,Good,Decision Tree,0.000000,1.000000,0.000000
2026-03-25,PINARBAŞI,11.000000,0.030000,0.770000,1.000000,0.000000,72.700000,,49.000000,1.000000,0.000000,0.065000,0.400000,1.000000,16.000000,0.000000,7.400000,371.000000,90.418320,False,1.000000,1.000000,1.000000,0.923000,0.870000,0.945000,0.636500,0.940000,0.840000,0.804000,0.851600,0.920000,1.000000,,1.000000,1.000000,,,Good,24.000000,Çanakkale Cad.İle 7057 Sok KavsağıPınarbaşı,BORNOVA,2.000000,35-BS-00-01-A1*A5-K1*K122-D1*D44-S1-I10,38.429880,27.266470,9.581680,,1.000000,9.000000,"Arsenik, Nitrit, Amonyum, Alüminyum, Demir, Klorür, İletkenlik, Oksitlenebilirlik, pH",0.000000,Good,Decision Tree,0.000000,1.000000,0.000000
2026-03-25,EVKA-3,7.040000,0.030000,4.610000,1.000000,0.000000,34.200000,,29.000000,1.000000,0.000000,0.065000,0.600000,1.000000,35.000000,0.000000,7.500000,631.000000,89.303515,False,1.000000,1.000000,1.000000,0.539000,0.870000,0.964800,0.829000,0.940000,0.800000,0.884000,0.747600,0.880000,1.000000,,1.000000,1.000000,,,Good,25.000000,Şehitler Cad. No:22 H.Mustafa Gökdemir Camii Evka-3,BORNOVA,2.000000,35-BS-00-01-A1*A5-K1*K122-D1*D44-S1-I2,38.473220,27.250940,10.696485,,1.000000,9.000000,"Arsenik, Nitrit, Amonyum, Alüminyum, Demir, Klorür, İletkenlik, Oksitlenebilirlik, pH",0.000000,Good,Decision Tree,0.000000,1.000000,0.000000
2026-03-25,BORNOVA,7.350000,0.030000,4.750000,1.000000,0.000000,30.640000,,29.000000,1.000000,0.000000,0.065000,0.600000,1.000000,35.000000,0.000000,7.500000,632.000000,89.273673,False,1.000000,1.000000,1.000000,0.525000,0.870000,0.963250,0.846800,0.940000,0.800000,0.884000,0.747200,0.880000,1.000000,,1.000000,1.000000,,,Good,26.000000,Ege Üni.Kampüsü İtfaiye Çeşmesi/İzsu Teknik Amirlik,BORNOVA,2.000000,35-BS-00-01-A1*A5-K1*K122-D1*D44-S1-I11,38.460950,27.228200,10.726327,,1.000000,9.000000,"Arsenik, Nitrit, Amonyum, Alüminyum, Demir, Klorür, İletkenlik, Oksitlenebilirlik, pH",0.000000,Good,Decision Tree,0.000000,1.000000,0.000000
2026-03-25,ATATÜRK MAH,6.880000,0.030000,4.910000,1.000000,0.000000,27.580000,,29.000000,1.000000,0.000000,0.065000,0.600000,1.000000,35.000000,0.100000,7.500000,633.000000,89.239465,False,1.000000,1.000000,1.000000,0.509000,0.870000,0.965600,0.862100,0.940000,0.800000,0.884000,0.746800,0.880000,1.000000,,1.000000,1.000000,,,Good,27.000000,Hürriyet Cad. Polis Mer. No:86 Atatürk,BORNOVA,2.000000,35-BS-00-01-A1*A5-K1*K122-D1*D44-S1-I13,38.475820,27.208680,10.760535,,1.000000,9.000000,"Arsenik, Nitrit, Amonyum, Alüminyum, Demir, Klorür, İletkenlik, Oksitlenebilirlik, pH",0.000000,Good,Decision Tree,0.000000,1.000000,0.000000
2026-03-25,OSMANGAZİ,7.950000,0.030000,6.320000,1.000000,0.000000,10.050000,,30.000000,1.000000,0.000000,0.065000,0.600000,1.000000,34.000000,0.100000,7.500000,621.000000,88.929428,False,1.000000,1.000000,1.000000,0.368000,0.870000,0.960250,0.949750,0.940000,0.800000,0.880000,0.751600,0.880000,1.000000,,1.000000,1.000000,,,Good,28.000000,Yavuz Cad. 241/C  Osmangazi,BAYRAKLI,60.000000,35-BS-00-29-A1*A5-K1*K122-D1*D44-S1-I6,38.475430,27.187450,11.070572,,1.000000,9.000000,"Arsenik, Nitrit, Amonyum, Alüminyum, Demir, Klorür, İletkenlik, Oksitlenebilirlik, pH",0.000000,Good,Decision Tree,0.000000,1.000000,0.000000
2026-03-25,ÖZKANLAR,7.480000,0.030000,6.230000,1.000000,0.000000,9.520000,,30.000000,1.000000,0.000000,0.065000,0.600000,1.000000,34.000000,0.100000,7.500000,621.000000,88.950357,False,1.000000,1.000000,1.000000,0.377000,0.870000,0.962600,0.952400,0.940000,0.800000,0.880000,0.751600,0.880000,1.000000,,1.000000,1.000000,,,Good,29.000000,273/4 No:6 Aile Sağlığı Merkezi Özkanlar,BAYRAKLI,60.000000,35-BS-00-29-A1*A5-K1*K122-D1*D44-S1-I10,38.458040,27.191060,11.049643,,1.000000,9.000000,"Arsenik, Nitrit, Amonyum, Alüminyum, Demir, Klorür, İletkenlik, Oksitlenebilirlik, pH",0.000000,Good,Decision Tree,0.000000,1.000000,0.000000
2026-03-25,MANAVKUYU,6.780000,0.030000,6.420000,1.000000,0.000000,9.380000,,30.000000,1.000000,0.000000,0.065000,0.600000,1.000000,34.000000,0.100000,7.500000,620.000000,88.907846,False,1.000000,1.000000,1.000000,0.358000,0.870000,0.966100,0.953100,0.940000,0.800000,0.880000,0.752000,0.880000,1.000000,,1.000000,1.000000,,,Good,30.000000,Sakarya Cad.No:112 Manavkuyu,BAYRAKLI,60.000000,35-BS-00-29-A1*A5-K1*K122-D1*D44-S1-I8,38.457390,27.186910,11.092154,,1.000000,9.000000,"Arsenik, Nitrit, Amonyum, Alüminyum, Demir, Klorür, İletkenlik, Oksitlenebilirlik, pH",0.000000,Good,Decision Tree,0.000000,1.000000,0.000000
2026-03-25,EGEKENT,10.580000,0.030000,7.850000,1.000000,0.000000,62.810000,,29.000000,1.000000,0.000000,0.065000,0.600000,1.000000,35.000000,0.100000,7.500000,633.000000,88.552235,False,1.000000,1.000000,1.000000,0.215000,0.870000,0.947100,0.685950,0.940000,0.800000,0.884000,0.746800,0.880000,1.000000,,1.000000,1.000000,,,Good,32.000000,8819 Sok. No:13 Egekent,ÇİĞLİ,4.000000,35-BS-00-24-A1*A5-K1*K122-D1*D44-S1-I7,38.504140,27.058100,11.447765,,1.000000,9.000000,"Arsenik, Nitrit, Amonyum, Alüminyum, Demir, Klorür, İletkenlik, Oksitlenebilirlik, pH",0.000000,Good,Decision Tree,0.000000,1.000000,0.000000
2026-03-25,BALATÇIK,8.050000,0.030000,7.380000,1.000000,0.000000,49.440000,,29.000000,1.000000,0.000000,0.065000,0.600000,1.000000,35.000000,0.100000,7.500000,632.000000,88.667575,False,1.000000,1.000000,1.000000,0.262000,0.870000,0.959750,0.752800,0.940000,0.800000,0.884000,0.747200,0.880000,1.000000,,1.000000,1.000000,,,Good,33.000000,8790/5 Sok. 9 Eylül Camii Balatçık,ÇİĞLİ,4.000000,35-BS-00-24-A1*A5-K1*K122-D1*D44-S1-I2-Y1,38.511900,27.045600,11.332425,,1.000000,9.000000,"Arsenik, Nitrit, Amonyum, Alüminyum, Demir, Klorür, İletkenlik, Oksitlenebilirlik, pH",0.000000,Good,Decision Tree,0.000000,1.000000,0.000000
2026-03-25,ÇİĞLİ,7.680000,0.030000,7.340000,1.000000,0.000000,47.330000,,29.000000,1.000000,0.000000,0.065000,0.600000,1.000000,35.000000,0.100000,7.500000,635.000000,88.678018,False,1.000000,1.000000,1.000000,0.266000,0.870000,0.961600,0.763350,0.940000,0.800000,0.884000,0.746000,0.880000,1.000000,,1.000000,1.000000,,,Good,34.000000,8022/1 Sok. No:8/1-B Ataşehir,ÇİĞLİ,4.000000,35-BS-00-24-A1*A5-K1*K122-D1*D44-S1-I3-IY1,38.492860,27.060890,11.321982,,1.000000,9.000000,"Arsenik, Nitrit, Amonyum, Alüminyum, Demir, Klorür, İletkenlik, Oksitlenebilirlik, pH",0.000000,Good,Decision Tree,0.000000,1.000000,0.000000
2026-03-25,BOSTANLI,6.820000,0.030000,6.240000,1.000000,0.000000,9.110000,,29.000000,1.000000,0.000000,0.065000,0.600000,1.000000,34.000000,0.100000,7.500000,624.000000,88.949051,False,1.000000,1.000000,1.000000,0.376000,0.870000,0.965900,0.954450,0.940000,0.800000,0.884000,0.750400,0.880000,1.000000,,1.000000,1.000000,,,Good,35.000000,1799 Sok No:14 Bostanlı,KARŞIYAKA,7.000000,35-BS-00-03-A1*A5-K1*K122-D1*D44-S1-I7,38.457730,27.098860,11.050949,,1.000000,9.000000,"Arsenik, Nitrit, Amonyum, Alüminyum, Demir, Klorür, İletkenlik, Oksitlenebilirlik, pH",0.000000,Good,Decision Tree,0.000000,1.000000,0.000000
2026-03-25,ŞEMİKLER,6.860000,0.030000,6.360000,1.000000,0.000000,10.770000,,30.000000,1.000000,0.000000,0.065000,0.600000,1.000000,34.000000,0.100000,7.500000,621.000000,88.920587,False,1.000000,1.000000,1.000000,0.364000,0.870000,0.965700,0.946150,0.940000,0.800000,0.880000,0.751600,0.880000,1.000000,,1.000000,1.000000,,,Good,36.000000,6276 Sok.İle 6279 Sok Kavşağı,KARŞIYAKA,7.000000,35-BS-00-03-A1*A5-K1*K122-D1*D44-S1-I4,38.477100,27.093760,11.079413,,1.000000,9.000000,"Arsenik, Nitrit, Amonyum, Alüminyum, Demir, Klorür, İletkenlik, Oksitlenebilirlik, pH",0.000000,Good,Decision Tree,0.000000,1.000000,0.000000
2026-03-25,KARŞIYAKA,7.870000,0.030000,6.230000,1.000000,0.000000,11.500000,,30.000000,1.000000,0.000000,0.065000,0.600000,1.000000,34.000000,0.100000,7.500000,620.000000,88.949020,False,1.000000,1.000000,1.000000,0.377000,0.870000,0.960650,0.942500,0.940000,0.800000,0.880000,0.752000,0.880000,1.000000,,1.000000,1.000000,,,Good,37.000000,Atatürk Cad. İle Zübeyde Hanim Cad.Kavşağı,KARŞIYAKA,7.000000,35-BS-00-03-A1*A5-K1*K122-D1*D44-S1-I5,38.461670,27.116100,11.050980,,1.000000,9.000000,"Arsenik, Nitrit, Amonyum, Alüminyum, Demir, Klorür, İletkenlik, Oksitlenebilirlik, pH",0.000000,Good,Decision Tree,0.000000,1.000000,0.000000
2026-03-25,EVKA-2,9.320000,0.030000,7.600000,1.000000,0.000000,64.670000,,29.000000,1.000000,0.000000,0.065000,0.600000,1.000000,35.000000,0.100000,7.500000,631.000000,88.608468,False,1.000000,1.000000,1.000000,0.240000,0.870000,0.953400,0.676650,0.940000,0.800000,0.884000,0.747600,0.880000,1.000000,,1.000000,1.000000,,,Good,38.000000,6800 Sok. No:9 Sağlık Ocağı Evka 2,ÇİĞLİ,4.000000,35-BS-00-24-A1*A5-K1*K122-D1*D44-S1-I5,38.499050,27.087510,11.391532,,1.000000,9.000000,"Arsenik, Nitrit, Amonyum, Alüminyum, Demir, Klorür, İletkenlik, Oksitlenebilirlik, pH",0.000000,Good,Decision Tree,0.000000,1.000000,0.000000
2026-03-25,ÖRNEKKÖY,6.680000,0.030000,6.120000,1.000000,0.000000,11.090000,,30.000000,1.000000,0.000000,0.065000,0.600000,1.000000,34.000000,0.100000,7.500000,620.000000,88.974814,False,1.000000,1.000000,1.000000,0.388000,0.870000,0.966600,0.944550,0.940000,0.800000,0.880000,0.752000,0.880000,1.000000,,1.000000,1.000000,,,Good,39.000000,Başpehlivan Kara Ali Cad. No:25/A,KARŞIYAKA,7.000000,35-BS-00-03-A1*A5-K1*K122-D1*D44-S1-I6,38.482130,27.111060,11.025186,,1.000000,9.000000,"Arsenik, Nitrit, Amonyum, Alüminyum, Demir, Klorür, İletkenlik, Oksitlenebilirlik, pH",0.000000,Good,Decision Tree,0.000000,1.000000,0.000000
2026-03-25,GÜMÜŞPALA,6.830000,0.030000,6.140000,1.000000,0.000000,11.320000,,30.000000,1.000000,0.000000,0.065000,0.600000,1.000000,34.000000,0.100000,7.500000,622.000000,88.970067,False,1.000000,1.000000,1.000000,0.386000,0.870000,0.965850,0.943400,0.940000,0.800000,0.880000,0.751200,0.880000,1.000000,,1.000000,1.000000,,,Good,40.000000,7019 Sok. No:20/3 Merkez Cami Gümüşpala,BAYRAKLI,60.000000,35-BS-00-29-A1*A5-K1*K122-D1*D44-S1-I7,38.479310,27.109960,11.029933,,1.000000,9.000000,"Arsenik, Nitrit, Amonyum, Alüminyum, Demir, Klorür, İletkenlik, Oksitlenebilirlik, pH",0.000000,Good,Decision Tree,0.000000,1.000000,0.000000
2026-04-01,DOĞANÇAY,8.160000,0.030000,4.440000,1.000000,0.000000,57.650000,,31.000000,1.000000,0.000000,0.065000,0.600000,1.000000,36.000000,0.000000,7.600000,609.000000,89.232169,False,1.000000,1.000000,1.000000,0.556000,0.870000,0.959200,0.711750,0.940000,0.760000,0.876000,0.756400,0.880000,1.000000,,1.000000,1.000000,,,Good,41.000000,7191 Sok. No:1/A Doğançay,BAYRAKLI,60.000000,35-BS-00-29-A1*A5-K1*K122-D1*D44-S1-I1,38.495500,27.155140,10.767831,,1.000000,9.000000,"Arsenik, Nitrit, Amonyum, Alüminyum, Demir, Klorür, İletkenlik, Oksitlenebilirlik, pH",0.000000,Good,Decision Tree,0.000000,1.000000,0.000000
2026-04-01,YAMANLAR,8.670000,0.030000,4.140000,1.000000,0.000000,55.320000,,31.000000,1.000000,0.000000,0.065000,0.600000,1.000000,36.000000,0.000000,7.600000,611.000000,89.301070,False,1.000000,1.000000,1.000000,0.586000,0.870000,0.956650,0.723400,0.940000,0.760000,0.876000,0.755600,0.880000,1.000000,,1.000000,1.000000,,,Good,42.000000,7348 Sok. No:2 Polis Merkezi Yamanlar,BAYRAKLI,60.000000,35-BS-00-29-A1*A5-K1*K122-D1*D44-S1-I2,38.481110,27.132940,10.698930,,1.000000,9.000000,"Arsenik, Nitrit, Amonyum, Alüminyum, Demir, Klorür, İletkenlik, Oksitlenebilirlik, pH",0.000000,Good,Decision Tree,0.000000,1.000000,0.000000
2026-04-01,POSTACI MAH,6.730000,0.030000,4.040000,1.000000,0.000000,53.280000,,31.000000,1.000000,0.000000,0.065000,0.600000,1.000000,36.000000,0.000000,7.600000,612.000000,89.325944,False,1.000000,1.000000,1.000000,0.596000,0.870000,0.966350,0.733600,0.940000,0.760000,0.876000,0.755200,0.880000,1.000000,,1.000000,1.000000,,,Good,43.000000,7659/2 Sok. No:1/B Postacılar Mah.,BAYRAKLI,60.000000,35-BS-00-29-A1*A5*-K1*K122-D1*D44-S1-I3-IY1,38.482170,27.119910,10.674056,,1.000000,9.000000,"Arsenik, Nitrit, Amonyum, Alüminyum, Demir, Klorür, İletkenlik, Oksitlenebilirlik, pH",0.000000,Good,Decision Tree,0.000000,1.000000,0.000000
2026-04-01,YAMAÇ MAH,7.260000,0.030000,4.040000,1.000000,0.000000,56.790000,,31.000000,1.000000,0.000000,0.065000,0.600000,1.000000,36.000000,0.000000,7.600000,608.000000,89.323673,False,1.000000,1.000000,1.000000,0.596000,0.870000,0.963700,0.716050,0.940000,0.760000,0.876000,0.756800,0.880000,1.000000,,1.000000,1.000000,,,Good,44.000000,6730 Sok. No:6/A Yamaç Mah.,KARŞIYAKA,7.000000,35-BS-00-03-A1*A5-K1*K122-D1*D44-S1-I1,38.483710,27.099770,10.676327,,1.000000,9.000000,"Arsenik, Nitrit, Amonyum, Alüminyum, Demir, Klorür, İletkenlik, Oksitlenebilirlik, pH",0.000000,Good,Decision Tree,0.000000,1.000000,0.000000
2026-04-01,CUMHURİYET MAH,7.190000,0.030000,4.390000,1.000000,0.000000,67.900000,,31.000000,1.000000,0.000000,0.065000,0.600000,1.000000,36.000000,0.000000,7.600000,605.000000,89.238248,False,1.000000,1.000000,1.000000,0.561000,0.870000,0.964050,0.660500,0.940000,0.760000,0.876000,0.758000,0.880000,1.000000,,1.000000,1.000000,,,Good,45.000000,Alim Dağhan Cd. İle 6716 Sok. Kvs.,KARŞIYAKA,7.000000,35-BS-00-03-A1*A5-K1*K122-D1*D44-S1-I2,38.485320,27.096540,10.761752,,1.000000,9.000000,"Arsenik, Nitrit, Amonyum, Alüminyum, Demir, Klorür, İletkenlik, Oksitlenebilirlik, pH",0.000000,Good,Decision Tree,0.000000,1.000000,0.000000
2026-04-01,GÜZELTEPE,6.100000,0.030000,3.940000,1.000000,0.000000,60.220000,,31.000000,1.000000,0.000000,0.065000,0.600000,1.000000,36.000000,0.000000,7.600000,612.000000,89.345001,False,1.000000,1.000000,1.000000,0.606000,0.870000,0.969500,0.698900,0.940000,0.760000,0.876000,0.755200,0.880000,1.000000,,1.000000,1.000000,,,Good,46.000000,8172 Sok. No:90/1 Güzeltepe,ÇİĞLİ,4.000000,35-BS-00-24-A1*A5-K1*K122-D1*D44-S1-I4-IY1,38.502720,27.077990,10.654999,,1.000000,9.000000,"Arsenik, Nitrit, Amonyum, Alüminyum, Demir, Klorür, İletkenlik, Oksitlenebilirlik, pH",0.000000,Good,Decision Tree,0.000000,1.000000,0.000000
2026-04-01,EVKA-5,9.700000,0.030000,3.170000,1.000000,0.000000,56.910000,,29.000000,1.000000,0.000000,0.065000,0.600000,1.000000,32.000000,0.000000,7.600000,585.000000,89.519880,False,1.000000,1.000000,1.000000,0.683000,0.870000,0.951500,0.715450,0.940000,0.760000,0.884000,0.766000,0.880000,1.000000,,1.000000,1.000000,,,Good,47.000000,8809 Sok. No:141/A Evka-5,ÇİĞLİ,4.000000,35-BS-00-24-A1*A5-K1*K122-D1*D44-S1-I8-IY1,38.518190,27.056590,10.480120,,1.000000,9.000000,"Arsenik, Nitrit, Amonyum, Alüminyum, Demir, Klorür, İletkenlik, Oksitlenebilirlik, pH",0.000000,Good,Decision Tree,0.000000,1.000000,0.000000
2026-04-01,EGEKENT-2,10.220000,0.030000,3.980000,1.000000,0.000000,56.500000,,33.000000,1.000000,0.000000,0.065000,0.600000,1.000000,32.000000,0.000000,7.700000,588.000000,89.239819,False,1.000000,1.000000,1.000000,0.602000,0.870000,0.948900,0.717500,0.940000,0.720000,0.868000,0.764800,0.880000,1.000000,,1.000000,1.000000,,,Good,48.000000,8818 Sok. No:38 6 Nolu Sağlık Ocağı Egekent,ÇİĞLİ,4.000000,35-BS-00-24-A1*A5-K1*K122-D1*D44-S1-I6,38.555690,27.049780,10.760181,,1.000000,9.000000,"Arsenik, Nitrit, Amonyum, Alüminyum, Demir, Klorür, İletkenlik, Oksitlenebilirlik, pH",0.000000,Good,Decision Tree,0.000000,1.000000,0.000000
2026-04-01,ALAYBEY,7.200000,0.030000,3.960000,1.000000,0.000000,61.440000,,31.000000,1.000000,0.000000,0.065000,0.600000,1.000000,36.000000,0.000000,7.600000,613.000000,89.339160,False,1.000000,1.000000,1.000000,0.604000,0.870000,0.964000,0.692800,0.940000,0.760000,0.876000,0.754800,0.880000,1.000000,,1.000000,1.000000,,,Good,49.000000,1643/7 Sok. No:8 Adalet Mah.,BAYRAKLI,60.000000,35-BS-00-03-A1*A5-K1*K122-D1*D44-S1-13-IY1,38.466750,27.159340,10.660840,,1.000000,9.000000,"Arsenik, Nitrit, Amonyum, Alüminyum, Demir, Klorür, İletkenlik, Oksitlenebilirlik, pH",0.000000,Good,Decision Tree,0.000000,1.000000,0.000000
2026-04-01,CENGİZHAN,6.240000,0.030000,3.990000,1.000000,0.000000,63.030000,,31.000000,1.000000,0.000000,0.065000,0.600000,1.000000,36.000000,0.000000,7.600000,605.000000,89.332044,False,1.000000,1.000000,1.000000,0.601000,0.870000,0.968800,0.684850,0.940000,0.760000,0.876000,0.758000,0.880000,1.000000,,1.000000,1.000000,,,Good,50.000000,1620/19 İle 1620/39 Sok. Kavsağı Cengizhan,BAYRAKLI,60.000000,35-BS-00-29-A1*A5-K1*K122-D1*D44-S1-I4,38.473400,27.158880,10.667956,,1.000000,9.000000,"Arsenik, Nitrit, Amonyum, Alüminyum, Demir, Klorür, İletkenlik, Oksitlenebilirlik, pH",0.000000,Good,Decision Tree,0.000000,1.000000,0.000000
2026-04-01,ÇAY MAH,5.850000,0.030000,3.810000,1.000000,0.000000,58.170000,,31.000000,1.000000,0.000000,0.065000,0.600000,1.000000,36.000000,0.000000,7.600000,604.000000,89.375745,False,1.000000,1.000000,1.000000,0.619000,0.870000,0.970750,0.709150,0.940000,0.760000,0.876000,0.758400,0.880000,1.000000,,1.000000,1.000000,,,Good,51.000000,Hakan Uysal Cad. No:273/1 Çay Mahallesi,BAYRAKLI,60.000000,35-BS-00-29-A1*A5-K1*K122-D1*D44-S1-I5,38.470860,27.180440,10.624255,,1.000000,9.000000,"Arsenik, Nitrit, Amonyum, Alüminyum, Demir, Klorür, İletkenlik, Oksitlenebilirlik, pH",0.000000,Good,Decision Tree,0.000000,1.000000,0.000000
2026-04-01,İZYUVA,6.200000,0.030000,1.750000,1.000000,0.000000,83.570000,,33.000000,1.000000,0.000000,0.065000,0.600000,1.000000,31.000000,0.000000,7.500000,553.000000,89.922007,False,1.000000,1.000000,1.000000,0.825000,0.870000,0.969000,0.582150,0.940000,0.800000,0.868000,0.778800,0.880000,1.000000,,1.000000,1.000000,,,Good,52.000000,113/19 Sok. No:10 İzyuva,BORNOVA,2.000000,35-BS-00-01-A1*A5-K1*K122-D1*D44-S1-I7,38.464570,27.249790,10.077993,,1.000000,9.000000,"Arsenik, Nitrit, Amonyum, Alüminyum, Demir, Klorür, İletkenlik, Oksitlenebilirlik, pH",0.000000,Good,Decision Tree,0.000000,1.000000,0.000000
2026-04-01,NALDÖKEN,5.810000,0.030000,1.720000,1.000000,0.000000,84.080000,,33.000000,1.000000,0.000000,0.065000,0.600000,1.000000,31.000000,0.000000,7.500000,551.000000,89.928734,False,1.000000,1.000000,1.000000,0.828000,0.870000,0.970950,0.579600,0.940000,0.800000,0.868000,0.779600,0.880000,1.000000,,1.000000,1.000000,,,Good,53.000000,Ankara Cad. İle Atatürk Cad. Kav.,BORNOVA,2.000000,35-BS-00-01-A1*A5-K1*K122-D1*D44-S1-I6,38.452100,27.266070,10.071266,,1.000000,9.000000,"Arsenik, Nitrit, Amonyum, Alüminyum, Demir, Klorür, İletkenlik, Oksitlenebilirlik, pH",0.000000,Good,Decision Tree,0.000000,1.000000,0.000000
2026-04-01,YEŞİLÇAM,22.370000,0.030000,1.080000,1.000000,0.000000,128.600000,,47.000000,1.000000,0.000000,0.065000,0.400000,1.000000,14.000000,0.000000,7.800000,332.000000,89.929921,False,1.000000,1.000000,1.000000,0.892000,0.870000,0.888150,0.357000,0.940000,0.680000,0.812000,0.867200,0.920000,1.000000,,1.000000,1.000000,,,Good,54.000000,Mrk. Bornova Jandarma Komando Ambarlar Yanı,BORNOVA,2.000000,35-BS-00-01-A1*A5-K1*K122-D1*D44-S1-IY1,38.445680,27.289280,10.070079,,1.000000,9.000000,"Arsenik, Nitrit, Amonyum, Alüminyum, Demir, Klorür, İletkenlik, Oksitlenebilirlik, pH",0.000000,Good,Decision Tree,0.000000,1.000000,0.000000
2026-04-01,MEVLANA,5.790000,0.030000,1.900000,1.000000,0.000000,84.690000,,33.000000,1.000000,0.000000,0.065000,0.600000,1.000000,31.000000,0.000000,7.500000,550.000000,89.887677,False,1.000000,1.000000,1.000000,0.810000,0.870000,0.971050,0.576550,0.940000,0.800000,0.868000,0.780000,0.880000,1.000000,,1.000000,1.000000,,,Good,55.000000,1754 Sok. No:25 Asm Mevlana,BORNOVA,2.000000,35-BS-00-01-A1*A5-K1*K122-D1*D44-S1-I4,38.448220,27.230660,10.112323,,1.000000,9.000000,"Arsenik, Nitrit, Amonyum, Alüminyum, Demir, Klorür, İletkenlik, Oksitlenebilirlik, pH",0.000000,Good,Decision Tree,0.000000,1.000000,0.000000
2026-04-01,YEŞİLOVA,6.080000,0.030000,1.820000,1.000000,0.000000,83.640000,,33.000000,1.000000,0.000000,0.065000,0.600000,1.000000,31.000000,0.000000,7.500000,550.000000,89.906207,False,1.000000,1.000000,1.000000,0.818000,0.870000,0.969600,0.581800,0.940000,0.800000,0.868000,0.780000,0.880000,1.000000,,1.000000,1.000000,,,Good,56.000000,A.İpekçi Cd. İle 4040 Sok. Kvs. Yesilova,BORNOVA,2.000000,35-BS-00-01-A1*A5-K1*K122-D1*D44-S1-I3,38.440370,27.201350,10.093793,,1.000000,9.000000,"Arsenik, Nitrit, Amonyum, Alüminyum, Demir, Klorür, İletkenlik, Oksitlenebilirlik, pH",0.000000,Good,Decision Tree,0.000000,1.000000,0.000000
2026-04-01,MERSİNLİ,6.220000,0.030000,1.720000,1.000000,0.000000,85.330000,,33.000000,1.000000,0.000000,0.065000,0.600000,1.000000,31.000000,0.000000,7.500000,550.000000,89.927798,False,1.000000,1.000000,1.000000,0.828000,0.870000,0.968900,0.573350,0.940000,0.800000,0.868000,0.780000,0.880000,1.000000,,1.000000,1.000000,,,Good,57.000000,Fatih cd. İle Beyazıt Cd. Tuğlacı Önü Mersinli,BORNOVA,2.000000,35-BS-00-01-A1*A5-K1*K122-D1*D44-S1-I14,38.440000,27.180530,10.072202,,1.000000,9.000000,"Arsenik, Nitrit, Amonyum, Alüminyum, Demir, Klorür, İletkenlik, Oksitlenebilirlik, pH",0.000000,Good,Decision Tree,0.000000,1.000000,0.000000
2026-04-01,ÇANKAYA,8.790000,0.030000,6.230000,1.000000,0.000000,114.300000,,29.000000,1.000000,0.000000,0.065000,0.600000,1.000000,31.000000,0.000000,7.600000,586.000000,88.795568,False,1.000000,1.000000,1.000000,0.377000,0.870000,0.956050,0.428500,0.940000,0.760000,0.884000,0.765600,0.880000,1.000000,,1.000000,1.000000,,,Good,59.000000,Hürriyet Bulvarı No:14/E,KONAK,8.000000,35-BS-00-04-A1*A5-K1*K122-D1*D44-S1-IY-1,38.424780,27.142050,11.204432,,1.000000,9.000000,"Arsenik, Nitrit, Amonyum, Alüminyum, Demir, Klorür, İletkenlik, Oksitlenebilirlik, pH",0.000000,Good,Decision Tree,0.000000,1.000000,0.000000
2026-04-01,TOROS,4.510000,0.030000,5.510000,1.000000,0.000000,76.180000,,30.000000,1.000000,0.000000,0.065000,0.600000,1.000000,32.000000,0.000000,7.500000,534.000000,89.077554,False,1.000000,1.000000,1.000000,0.449000,0.870000,0.977450,0.619100,0.940000,0.800000,0.880000,0.786400,0.880000,1.000000,,1.000000,1.000000,,,Good,60.000000,Dicle Cad. No:88 Aile Sağlığı Merkezi,KONAK,8.000000,35-BS-00-04-A1*A5-K1*K122-D1*D44-S1-I3,38.407410,27.183640,10.922446,,1.000000,9.000000,"Arsenik, Nitrit, Amonyum, Alüminyum, Demir, Klorür, İletkenlik, Oksitlenebilirlik, pH",0.000000,Good,Decision Tree,0.000000,1.000000,0.000000
2026-04-01,LEVENT,5.350000,0.030000,5.530000,1.000000,0.000000,75.400000,,30.000000,1.000000,0.000000,0.065000,0.600000,1.000000,32.000000,0.000000,7.500000,528.000000,89.073017,False,1.000000,1.000000,1.000000,0.447000,0.870000,0.973250,0.623000,0.940000,0.800000,0.880000,0.788800,0.880000,1.000000,,1.000000,1.000000,,,Good,61.000000,3513 İle 3514 Sok. Kvs Levent,KONAK,8.000000,35-BS-00-04-A1*A5-K1*K122-D1*D44-S1-I8,38.411300,27.163150,10.926983,,1.000000,9.000000,"Arsenik, Nitrit, Amonyum, Alüminyum, Demir, Klorür, İletkenlik, Oksitlenebilirlik, pH",0.000000,Good,Decision Tree,0.000000,1.000000,0.000000
2026-04-01,UFUK MAH,5.000000,0.030000,5.690000,1.000000,0.000000,74.810000,,30.000000,1.000000,0.000000,0.065000,0.600000,1.000000,32.000000,0.000000,7.500000,527.000000,89.037350,False,1.000000,1.000000,1.000000,0.431000,0.870000,0.975000,0.625950,0.940000,0.800000,0.880000,0.789200,0.880000,1.000000,,1.000000,1.000000,,,Good,62.000000,914 Sok. No.7/A Ufuk Mah.,BUCA,3.000000,35-BS-00-02-A1*A5-K1*K122-D1*D44-S1-I5,38.403620,27.165620,10.962650,,1.000000,9.000000,"Arsenik, Nitrit, Amonyum, Alüminyum, Demir, Klorür, İletkenlik, Oksitlenebilirlik, pH",0.000000,Good,Decision Tree,0.000000,1.000000,0.000000
2026-04-01,EVKA-1,8.910000,0.030000,0.860000,1.000000,0.000000,104.600000,,47.000000,1.000000,0.000000,0.065000,0.400000,1.000000,14.000000,0.000000,7.800000,336.000000,90.000873,False,1.000000,1.000000,1.000000,0.914000,0.870000,0.955450,0.477000,0.940000,0.680000,0.812000,0.865600,0.920000,1.000000,,1.000000,1.000000,,,Good,63.000000,Türkmenistan Cad. İle 1206 Sok.. Kvs. Evka-1,BUCA,3.000000,35-BS-00-02-A1*A5-K1*K122-D1*D44-S1-I9,38.400630,27.194670,9.999127,,1.000000,9.000000,"Arsenik, Nitrit, Amonyum, Alüminyum, Demir, Klorür, İletkenlik, Oksitlenebilirlik, pH",0.000000,Good,Decision Tree,0.000000,1.000000,0.000000
2026-04-01,ADATEPE,8.410000,0.030000,0.860000,1.000000,0.000000,119.900000,,47.000000,1.000000,0.000000,0.065000,0.400000,1.000000,14.000000,0.000000,7.800000,335.000000,89.992505,False,1.000000,1.000000,1.000000,0.914000,0.870000,0.957950,0.400500,0.940000,0.680000,0.812000,0.866000,0.920000,1.000000,,1.000000,1.000000,,,Good,64.000000,3 İle 3/8 Sok. Kvs. Adatepe,BUCA,3.000000,35-BS-00-02-A1*A5-K1*K122-D1*D44-S1-I4,38.381540,27.184940,10.007495,,1.000000,9.000000,"Arsenik, Nitrit, Amonyum, Alüminyum, Demir, Klorür, İletkenlik, Oksitlenebilirlik, pH",0.000000,Good,Decision Tree,0.000000,1.000000,0.000000
2026-04-01,KURUÇEŞME,8.050000,0.030000,0.800000,1.000000,0.000000,104.400000,,47.000000,1.000000,0.000000,0.065000,0.400000,1.000000,14.000000,0.000000,7.800000,335.000000,90.015052,False,1.000000,1.000000,1.000000,0.920000,0.870000,0.959750,0.478000,0.940000,0.680000,0.812000,0.866000,0.920000,1.000000,,1.000000,1.000000,,,Good,65.000000,Dogus Cad. İle A.Yesevi Cd. Kvs. Kuruçeşme,BUCA,3.000000,35-BS-00-02-A1*A5-K1*K122-D1*D44-S1-I2,38.372330,27.194500,9.984948,,1.000000,9.000000,"Arsenik, Nitrit, Amonyum, Alüminyum, Demir, Klorür, İletkenlik, Oksitlenebilirlik, pH",0.000000,Good,Decision Tree,0.000000,1.000000,0.000000
2026-04-01,KOZAĞAÇ,8.750000,0.030000,0.800000,1.000000,0.000000,103.800000,,47.000000,1.000000,0.000000,0.065000,0.400000,1.000000,14.000000,0.000000,7.800000,334.000000,90.014999,False,1.000000,1.000000,1.000000,0.920000,0.870000,0.956250,0.481000,0.940000,0.680000,0.812000,0.866400,0.920000,1.000000,,1.000000,1.000000,,,Good,66.000000,I.Sivri Cd. İle 254 Sok.. Kvs. Kozağaç,BUCA,3.000000,35-BS-00-02-A1*A5-K1*K122-D1*D44-S1-I8,38.377130,27.169560,9.985001,,1.000000,9.000000,"Arsenik, Nitrit, Amonyum, Alüminyum, Demir, Klorür, İletkenlik, Oksitlenebilirlik, pH",0.000000,Good,Decision Tree,0.000000,1.000000,0.000000
2026-04-01,ÇAMLIKULE,9.130000,0.030000,0.790000,1.000000,0.000000,102.500000,,47.000000,1.000000,0.000000,0.065000,0.400000,1.000000,14.000000,0.000000,7.800000,334.000000,90.017782,False,1.000000,1.000000,1.000000,0.921000,0.870000,0.954350,0.487500,0.940000,0.680000,0.812000,0.866400,0.920000,1.000000,,1.000000,1.000000,,,Good,67.000000,220 Sok. No:163/B Çamlıkule,BUCA,3.000000,35-BS-00-02-A1*A5-K1*K122-D1*D44-S1-I3,38.372280,27.171530,9.982218,,1.000000,9.000000,"Arsenik, Nitrit, Amonyum, Alüminyum, Demir, Klorür, İletkenlik, Oksitlenebilirlik, pH",0.000000,Good,Decision Tree,0.000000,1.000000,0.000000
2026-04-01,AKINCILAR,38.290000,0.030000,0.990000,1.000000,0.000000,131.600000,,48.000000,1.000000,0.000000,0.065000,0.400000,1.000000,14.000000,0.000000,7.700000,324.000000,90.034517,False,1.000000,1.000000,1.000000,0.901000,0.870000,0.808550,0.342000,0.940000,0.720000,0.808000,0.870400,0.920000,1.000000,,1.000000,1.000000,,,Good,68.000000,A.Hatboyu Cd. İle 545 Sok.. Kvs. Akıncılar,BUCA,3.000000,35-BS-00-02-A1*A5-K1*K122-D1*D44-S1-I7,38.387460,27.147600,9.965483,,1.000000,9.000000,"Arsenik, Nitrit, Amonyum, Alüminyum, Demir, Klorür, İletkenlik, Oksitlenebilirlik, pH",0.000000,Good,Decision Tree,0.000000,1.000000,0.000000
2026-04-01,UĞUR MUMCU MAH,7.440000,0.030000,1.780000,1.000000,0.000000,61.820000,,36.000000,1.000000,0.000000,0.065000,0.400000,1.000000,21.000000,0.000000,7.900000,369.000000,89.726337,False,1.000000,1.000000,1.000000,0.822000,0.870000,0.962800,0.690900,0.940000,0.640000,0.856000,0.852400,0.920000,1.000000,,1.000000,1.000000,,,Good,69.000000,5777 İle 5780 Sok. Kvs. U. Mumcu,KARABAĞLAR,59.000000,35-BS-00-30-A1*A5-K1*K122-D1*D44-S1-I1,38.381830,27.130670,10.273663,,1.000000,9.000000,"Arsenik, Nitrit, Amonyum, Alüminyum, Demir, Klorür, İletkenlik, Oksitlenebilirlik, pH",0.000000,Good,Decision Tree,0.000000,1.000000,0.000000
2026-04-01,ÇAMLIK MAH,9.210000,0.030000,1.950000,1.000000,0.000000,64.340000,,36.000000,1.000000,0.000000,0.065000,0.400000,1.000000,21.000000,0.000000,7.900000,370.000000,89.685443,False,1.000000,1.000000,1.000000,0.805000,0.870000,0.953950,0.678300,0.940000,0.640000,0.856000,0.852000,0.920000,1.000000,,1.000000,1.000000,,,Good,70.000000,4969 Sok. No:2/A Çamlık,KARABAĞLAR,59.000000,35-BS-00-30-A1*A5-K1*K122-D1*D44-S1-I2,38.366230,27.120330,10.314557,,1.000000,9.000000,"Arsenik, Nitrit, Amonyum, Alüminyum, Demir, Klorür, İletkenlik, Oksitlenebilirlik, pH",0.000000,Good,Decision Tree,0.000000,1.000000,0.000000
2026-04-01,AKTEPE,7.360000,0.030000,1.830000,1.000000,0.000000,62.160000,,36.000000,1.000000,0.000000,0.065000,0.400000,1.000000,21.000000,0.000000,7.900000,371.000000,89.714870,False,1.000000,1.000000,1.000000,0.817000,0.870000,0.963200,0.689200,0.940000,0.640000,0.856000,0.851600,0.920000,1.000000,,1.000000,1.000000,,,Good,71.000000,Altan Aydin İle 4165 Sok.. Kvs Aktepe,GAZİEMİR,5.000000,35-BS-00-25-A1*A5-K1*K122-D1*D44-S1-I5,38.352350,27.125160,10.285130,,1.000000,9.000000,"Arsenik, Nitrit, Amonyum, Alüminyum, Demir, Klorür, İletkenlik, Oksitlenebilirlik, pH",0.000000,Good,Decision Tree,0.000000,1.000000,0.000000
2026-04-01,9 EYLÜL MAH,8.530000,0.030000,1.820000,1.000000,0.000000,65.740000,,36.000000,1.000000,0.000000,0.065000,0.400000,1.000000,22.000000,0.000000,7.900000,371.000000,89.714446,False,1.000000,1.000000,1.000000,0.818000,0.870000,0.957350,0.671300,0.940000,0.640000,0.856000,0.851600,0.920000,1.000000,,1.000000,1.000000,,,Good,72.000000,Kahramanlar Cd. No:2 H. Bayram Camii,GAZİEMİR,5.000000,35-BS-00-25-A1*A5-K1*K122-D1*D44-S1-I2,38.327138,27.137154,10.285554,,1.000000,9.000000,"Arsenik, Nitrit, Amonyum, Alüminyum, Demir, Klorür, İletkenlik, Oksitlenebilirlik, pH",0.000000,Good,Decision Tree,0.000000,1.000000,0.000000
2026-04-01,BEYAZEVLER,7.330000,0.030000,1.790000,1.000000,0.000000,61.940000,,36.000000,1.000000,0.000000,0.065000,0.400000,1.000000,21.000000,0.000000,7.900000,369.000000,89.724069,False,1.000000,1.000000,1.000000,0.821000,0.870000,0.963350,0.690300,0.940000,0.640000,0.856000,0.852400,0.920000,1.000000,,1.000000,1.000000,,,Good,73.000000,514 Sok.. No:3/A Beyazevler,GAZİEMİR,5.000000,35-BS-00-25-A1*A5-K1*K122-D1*D44-S1-I3,38.341790,27.140280,10.275931,,1.000000,9.000000,"Arsenik, Nitrit, Amonyum, Alüminyum, Demir, Klorür, İletkenlik, Oksitlenebilirlik, pH",0.000000,Good,Decision Tree,0.000000,1.000000,0.000000
2026-04-01,UZUNDERE,11.230000,0.030000,0.940000,1.000000,0.000000,87.620000,,47.000000,1.000000,0.000000,0.065000,0.400000,1.000000,14.000000,0.000000,7.800000,330.000000,89.991087,False,1.000000,1.000000,1.000000,0.906000,0.870000,0.943850,0.561900,0.940000,0.680000,0.812000,0.868000,0.920000,1.000000,,1.000000,1.000000,,,Good,74.000000,Eski Izmir Cad. 3959 Kvs Uzundere,KARABAĞLAR,59.000000,35-BS-00-30-A1*A5-K1*K122-D1*D44-S1-I4,38.360060,27.104090,10.008913,,1.000000,9.000000,"Arsenik, Nitrit, Amonyum, Alüminyum, Demir, Klorür, İletkenlik, Oksitlenebilirlik, pH",0.000000,Good,Decision Tree,0.000000,1.000000,0.000000
2026-04-01,CENNETÇEŞME,11.250000,0.030000,0.940000,1.000000,0.000000,88.610000,,47.000000,1.000000,0.000000,0.065000,0.400000,1.000000,14.000000,0.000000,7.800000,331.000000,89.990512,False,1.000000,1.000000,1.000000,0.906000,0.870000,0.943750,0.556950,0.940000,0.680000,0.812000,0.867600,0.920000,1.000000,,1.000000,1.000000,,,Good,75.000000,3948/6 Sok. No:2 C.Çeşme,KARABAĞLAR,59.000000,35-BS-00-30-A1*A5-K1*K122-D1*D44-S1-I9,38.361680,27.093850,10.009488,,1.000000,9.000000,"Arsenik, Nitrit, Amonyum, Alüminyum, Demir, Klorür, İletkenlik, Oksitlenebilirlik, pH",0.000000,Good,Decision Tree,0.000000,1.000000,0.000000
2026-04-01,GÜZELBAHÇE,35.130000,0.030000,3.860000,1.000000,0.000000,33.570000,,25.000000,1.000000,0.000000,0.065000,0.400000,1.000000,26.000000,0.000000,7.800000,422.000000,89.355089,False,1.000000,1.000000,1.000000,0.614000,0.870000,0.824350,0.832150,0.940000,0.680000,0.900000,0.831200,0.920000,1.000000,,1.000000,1.000000,,,Good,76.000000,Mithatpaşa Caddesi No:479,GÜZELBAHÇE,6.000000,35-BS-00-28-A1*A5-K1*K122-D1*D44-S1-IY-1,38.377140,26.883660,10.644911,,1.000000,9.000000,"Arsenik, Nitrit, Amonyum, Alüminyum, Demir, Klorür, İletkenlik, Oksitlenebilirlik, pH",0.000000,Good,Decision Tree,0.000000,1.000000,0.000000
2026-04-01,İNCİRALTI,26.690000,0.030000,3.700000,1.000000,0.000000,26.460000,,25.000000,1.000000,0.000000,0.065000,0.400000,1.000000,26.000000,0.000000,7.800000,419.000000,89.400097,False,1.000000,1.000000,1.000000,0.630000,0.870000,0.866550,0.867700,0.940000,0.680000,0.900000,0.832400,0.920000,1.000000,,1.000000,1.000000,,,Good,78.000000,Başak Cd. No:16 Bahçe Cafe İnciralti,BALÇOVA,1.000000,35-BS-00-26-A1*A5-K1*K122-D1*D44-S1-I1,38.409090,27.035910,10.599903,,1.000000,9.000000,"Arsenik, Nitrit, Amonyum, Alüminyum, Demir, Klorür, İletkenlik, Oksitlenebilirlik, pH",0.000000,Good,Decision Tree,0.000000,1.000000,0.000000
2026-04-01,ESENDERE,12.390000,0.030000,0.960000,1.000000,0.000000,88.200000,,47.000000,1.000000,0.000000,0.065000,0.400000,1.000000,14.000000,0.000000,7.800000,331.000000,89.985573,False,1.000000,1.000000,1.000000,0.904000,0.870000,0.938050,0.559000,0.940000,0.680000,0.812000,0.867600,0.920000,1.000000,,1.000000,1.000000,,,Good,79.000000,52/74 İle 52/18 Sok. Kvs Esendere,KARABAĞLAR,59.000000,35-BS-00-30-A1*A5-K1*K122-D1*D44-S1-I5,38.391050,27.089590,10.014427,,1.000000,9.000000,"Arsenik, Nitrit, Amonyum, Alüminyum, Demir, Klorür, İletkenlik, Oksitlenebilirlik, pH",0.000000,Good,Decision Tree,0.000000,1.000000,0.000000
2026-04-01,KADİFEKALE,38.210000,0.030000,0.990000,1.000000,0.000000,134.200000,,47.000000,1.000000,0.000000,0.065000,0.400000,1.000000,14.000000,0.000000,7.800000,325.000000,89.938182,False,1.000000,1.000000,1.000000,0.901000,0.870000,0.808950,0.329000,0.940000,0.680000,0.812000,0.870000,0.920000,1.000000,,1.000000,1.000000,,,Good,80.000000,R.Erkutlu Şehitlik Önü No:290/A Kadifekale,KONAK,8.000000,35-BS-00-04-A1*A5-K1*K122-D1*D44-S1-I6,38.412820,27.140320,10.061818,,1.000000,9.000000,"Arsenik, Nitrit, Amonyum, Alüminyum, Demir, Klorür, İletkenlik, Oksitlenebilirlik, pH",0.000000,Good,Decision Tree,0.000000,1.000000,0.000000
2026-04-08,YENİŞEHİR,9.540000,0.030000,5.030000,1.000000,0.000000,105.100000,,25.000000,1.000000,0.000000,0.065000,0.600000,1.000000,37.000000,0.100000,7.300000,630.000000,89.358954,False,1.000000,1.000000,1.000000,0.497000,0.870000,0.952300,0.474500,0.940000,0.880000,0.900000,0.748000,0.880000,1.000000,,1.000000,1.000000,,,Good,2.000000,Gaziler Cad. No:185 İtfaiye Önü,KONAK,8.000000,35-BS-00-04-A1*A5-K1*K122-D1*D44-S1-I10,38.422640,27.153840,10.641046,,1.000000,9.000000,"Arsenik, Nitrit, Amonyum, Alüminyum, Demir, Klorür, İletkenlik, Oksitlenebilirlik, pH",0.000000,Good,Decision Tree,0.000000,1.000000,0.000000
2026-04-08,KONAK,9.310000,0.030000,5.420000,1.000000,0.000000,126.300000,,26.000000,1.000000,0.000000,0.065000,0.600000,1.000000,38.000000,0.100000,7.300000,624.000000,89.258510,False,1.000000,1.000000,1.000000,0.458000,0.870000,0.953450,0.368500,0.940000,0.880000,0.896000,0.750400,0.880000,1.000000,,1.000000,1.000000,,,Good,3.000000,854 Sok No:51/A,KONAK,8.000000,35-BS-00-04-A1*A5-K1*K122-D1*D44-S1-I5,38.420610,27.130760,10.741490,,1.000000,9.000000,"Arsenik, Nitrit, Amonyum, Alüminyum, Demir, Klorür, İletkenlik, Oksitlenebilirlik, pH",0.000000,Good,Decision Tree,0.000000,1.000000,0.000000
2026-04-08,GÜZELBAHÇE,7.040000,0.030000,2.670000,1.000000,0.000000,73.520000,,30.000000,1.000000,0.000000,0.065000,0.400000,1.000000,32.000000,0.000000,7.400000,541.000000,89.996462,False,1.000000,1.000000,1.000000,0.733000,0.870000,0.964800,0.632400,0.940000,0.840000,0.880000,0.783600,0.920000,1.000000,,1.000000,1.000000,,,Good,4.000000,Kazım Dirik Cad. No.46,GÜZELBAHÇE,6.000000,35-BS-00-28-A1*A5-K1*K122-D1*D44-S1-I1,38.363366,26.866501,10.003538,,1.000000,9.000000,"Arsenik, Nitrit, Amonyum, Alüminyum, Demir, Klorür, İletkenlik, Oksitlenebilirlik, pH",0.000000,Good,Decision Tree,0.000000,1.000000,0.000000
2026-04-08,NARLIDERE,7.210000,0.030000,2.730000,1.000000,0.000000,75.080000,,30.000000,1.000000,0.000000,0.065000,0.400000,1.000000,33.000000,0.000000,7.400000,539.000000,89.981915,False,1.000000,1.000000,1.000000,0.727000,0.870000,0.963950,0.624600,0.940000,0.840000,0.880000,0.784400,0.920000,1.000000,,1.000000,1.000000,,,Good,5.000000,İzsu Narlıdere Teknik Amirlik,NARLIDERE,9.000000,35-BS-00-27-A1*A5-K1*K122-D1*D44-S1-I2,38.394150,27.009890,10.018085,,1.000000,9.000000,"Arsenik, Nitrit, Amonyum, Alüminyum, Demir, Klorür, İletkenlik, Oksitlenebilirlik, pH",0.000000,Good,Decision Tree,0.000000,1.000000,0.000000
2026-04-08,BALÇOVA,7.390000,0.030000,2.600000,1.000000,0.000000,75.810000,,31.000000,1.000000,0.000000,0.065000,0.400000,1.000000,31.000000,0.000000,7.900000,530.000000,89.534145,False,1.000000,1.000000,1.000000,0.740000,0.870000,0.963050,0.620950,0.940000,0.640000,0.876000,0.788000,0.920000,1.000000,,1.000000,1.000000,,,Good,6.000000,M.Pasa Cad. İle Hüseyin Ögütcen Kavşağı,BALÇOVA,1.000000,35-BS-00-26-A1*A5-K1*K122-D1*D44-S1-I2,38.394150,27.038360,10.465855,,1.000000,9.000000,"Arsenik, Nitrit, Amonyum, Alüminyum, Demir, Klorür, İletkenlik, Oksitlenebilirlik, pH",0.000000,Good,Decision Tree,0.000000,1.000000,0.000000
2026-04-08,ÜÇKUYULAR,7.650000,0.030000,2.540000,1.000000,0.000000,75.500000,,31.000000,1.000000,0.000000,0.065000,0.400000,1.000000,28.000000,0.000000,7.900000,528.000000,89.547756,False,1.000000,1.000000,1.000000,0.746000,0.870000,0.961750,0.622500,0.940000,0.640000,0.876000,0.788800,0.920000,1.000000,,1.000000,1.000000,,,Good,7.000000,65/17 Sok. No:45 Yumurtacı Ahmet Camii,KARABAĞLAR,59.000000,35-BS-00-30-A1*A5-K1*K122-D1*D44-S1-I6,38.393940,27.069370,10.452244,,1.000000,9.000000,"Arsenik, Nitrit, Amonyum, Alüminyum, Demir, Klorür, İletkenlik, Oksitlenebilirlik, pH",0.000000,Good,Decision Tree,0.000000,1.000000,0.000000
2026-04-08,GÜZELYALI,7.320000,0.030000,2.760000,1.000000,0.000000,74.790000,,30.000000,1.000000,0.000000,0.065000,0.400000,1.000000,32.000000,0.000000,7.800000,538.000000,89.594161,False,1.000000,1.000000,1.000000,0.724000,0.870000,0.963400,0.626050,0.940000,0.680000,0.880000,0.784800,0.920000,1.000000,,1.000000,1.000000,,,Good,8.000000,34.Sok. No:5 TSM Güzelyalı,KONAK,8.000000,35-BS-00-04-A1*A5-K1*K122-D1*D44-S1-I11,38.398080,27.079620,10.405839,,1.000000,9.000000,"Arsenik, Nitrit, Amonyum, Alüminyum, Demir, Klorür, İletkenlik, Oksitlenebilirlik, pH",0.000000,Good,Decision Tree,0.000000,1.000000,0.000000
2026-04-08,HATAY,10.940000,0.030000,1.140000,1.000000,0.000000,72.080000,,32.000000,1.000000,0.000000,0.065000,0.400000,1.000000,22.000000,0.000000,7.900000,400.000000,89.864697,False,1.000000,1.000000,1.000000,0.886000,0.870000,0.945300,0.639600,0.940000,0.640000,0.872000,0.840000,0.920000,1.000000,,1.000000,1.000000,,,Good,9.000000,İnönü Cad. İle 100 Sok. Kavşağı,KONAK,8.000000,35-BS-00-04-A1*A5-K1*K122-D1*D44-S1-I13,38.401640,27.099450,10.135303,,1.000000,9.000000,"Arsenik, Nitrit, Amonyum, Alüminyum, Demir, Klorür, İletkenlik, Oksitlenebilirlik, pH",0.000000,Good,Decision Tree,0.000000,1.000000,0.000000
2026-04-08,YEŞİLYURT,10.600000,0.030000,1.120000,1.000000,0.000000,71.720000,,49.000000,1.000000,0.000000,0.065000,0.400000,1.000000,21.000000,0.000000,7.900000,403.000000,89.863453,False,1.000000,1.000000,1.000000,0.888000,0.870000,0.947000,0.641400,0.940000,0.640000,0.804000,0.838800,0.920000,1.000000,,1.000000,1.000000,,,Good,11.000000,Ulu Önder Cad. İle Gökdere Cad.Kavşağı,KARABAĞLAR,59.000000,35-BS-00-30-A1*A5-K1*K122-D1*D44-S1-I7,38.404270,27.113010,10.136547,,1.000000,9.000000,"Arsenik, Nitrit, Amonyum, Alüminyum, Demir, Klorür, İletkenlik, Oksitlenebilirlik, pH",0.000000,Good,Decision Tree,0.000000,1.000000,0.000000
2026-04-08,KARABAĞLAR,10.430000,0.030000,1.110000,1.000000,0.000000,73.400000,,48.000000,1.000000,0.000000,0.065000,0.400000,1.000000,20.000000,0.000000,7.800000,398.000000,89.960510,False,1.000000,1.000000,1.000000,0.889000,0.870000,0.947850,0.633000,0.940000,0.680000,0.808000,0.840800,0.920000,1.000000,,1.000000,1.000000,,,Good,13.000000,4058 Sok. İle 4056 Sok. Kavşağı,KARABAĞLAR,59.000000,35-BS-00-30-A1*A5-K1*K122-D1*D44-S1-I8,38.374260,27.134100,10.039490,,1.000000,9.000000,"Arsenik, Nitrit, Amonyum, Alüminyum, Demir, Klorür, İletkenlik, Oksitlenebilirlik, pH",0.000000,Good,Decision Tree,0.000000,1.000000,0.000000
2026-04-08,ESKİ İZMİR,10.120000,0.030000,1.120000,1.000000,0.000000,72.930000,,49.000000,1.000000,0.000000,0.065000,0.400000,1.000000,18.000000,0.000000,7.900000,395.000000,89.863069,False,1.000000,1.000000,1.000000,0.888000,0.870000,0.949400,0.635350,0.940000,0.640000,0.804000,0.842000,0.920000,1.000000,,1.000000,1.000000,,,Good,14.000000,Eski Izmir Cad. No:562/A Kahve,KARABAĞLAR,59.000000,35-BS-00-30-A1*A5-K1*K122-D1*D44-S1-I3,38.376220,27.107190,10.136931,,1.000000,9.000000,"Arsenik, Nitrit, Amonyum, Alüminyum, Demir, Klorür, İletkenlik, Oksitlenebilirlik, pH",0.000000,Good,Decision Tree,0.000000,1.000000,0.000000
2026-04-08,GAZİEMİR,10.380000,0.030000,1.120000,1.000000,0.000000,72.890000,,47.000000,1.000000,0.000000,0.065000,0.400000,1.000000,18.000000,0.000000,7.800000,398.000000,89.958926,False,1.000000,1.000000,1.000000,0.888000,0.870000,0.948100,0.635550,0.940000,0.680000,0.812000,0.840800,0.920000,1.000000,,1.000000,1.000000,,,Good,15.000000,Abdullah Arda Meydanı No:29 Arkadaşlar Kahvesi,GAZİEMİR,5.000000,35-BS-00-25-A1*A5-K1*K122-D1*D44-S1-I4-Y1,38.321780,27.126430,10.041074,,1.000000,9.000000,"Arsenik, Nitrit, Amonyum, Alüminyum, Demir, Klorür, İletkenlik, Oksitlenebilirlik, pH",0.000000,Good,Decision Tree,0.000000,1.000000,0.000000
2026-04-08,GEDİZ,16.470000,0.030000,0.860000,1.000000,0.000000,104.500000,,47.000000,1.000000,0.000000,0.065000,0.400000,1.000000,18.000000,0.000000,7.600000,343.000000,90.187164,False,1.000000,1.000000,1.000000,0.914000,0.870000,0.917650,0.477500,0.940000,0.760000,0.812000,0.862800,0.920000,1.000000,,1.000000,1.000000,,,Good,16.000000,682/4 Sok. No:2 Gediz,BUCA,3.000000,35-BS-00-02-A1*A5-K1*K122-D1*D44-S1-I10,38.361880,27.144380,9.812836,,1.000000,9.000000,"Arsenik, Nitrit, Amonyum, Alüminyum, Demir, Klorür, İletkenlik, Oksitlenebilirlik, pH",0.000000,Good,Decision Tree,0.000000,1.000000,0.000000
2026-04-08,ŞİRİNYER,18.450000,0.030000,0.850000,1.000000,0.000000,108.800000,,47.000000,1.000000,0.000000,0.065000,0.400000,1.000000,18.000000,0.000000,7.600000,341.000000,90.185882,False,1.000000,1.000000,1.000000,0.915000,0.870000,0.907750,0.456000,0.940000,0.760000,0.812000,0.863600,0.920000,1.000000,,1.000000,1.000000,,,Good,17.000000,Koşuyolu Cad. Efeler Mah. No:41 Avni Naili Limboz Camii,BUCA,3.000000,35-BS-00-02-A1*A5-K1*K122-D1*D44-S1-I6,38.391680,27.150310,9.814118,,1.000000,9.000000,"Arsenik, Nitrit, Amonyum, Alüminyum, Demir, Klorür, İletkenlik, Oksitlenebilirlik, pH",0.000000,Good,Decision Tree,0.000000,1.000000,0.000000
2026-04-08,BUCA,17.010000,0.030000,0.840000,1.000000,0.000000,105.200000,,48.000000,1.000000,0.000000,0.065000,0.400000,1.000000,18.000000,0.000000,7.500000,339.000000,90.285909,False,1.000000,1.000000,1.000000,0.916000,0.870000,0.914950,0.474000,0.940000,0.800000,0.808000,0.864400,0.920000,1.000000,,1.000000,1.000000,,,Good,18.000000,Başarı Cad.İle 170. Sok.Kavşağı,BUCA,3.000000,35-BS-00-02-A1*A5-K1*K122-D1*D44-S1-I1,38.389300,27.176440,9.714091,,1.000000,9.000000,"Arsenik, Nitrit, Amonyum, Alüminyum, Demir, Klorür, İletkenlik, Oksitlenebilirlik, pH",0.000000,Good,Decision Tree,0.000000,1.000000,0.000000
2026-04-08,GÜLÇEŞME,16.590000,0.030000,0.840000,1.000000,0.000000,109.500000,,50.000000,1.000000,0.000000,0.065000,0.400000,1.000000,17.000000,0.000000,7.300000,340.000000,90.473522,False,1.000000,1.000000,1.000000,0.916000,0.870000,0.917050,0.452500,0.940000,0.880000,0.800000,0.864000,0.920000,1.000000,,1.000000,1.000000,,,Good,19.000000,3586 Sok. No:1 Gürçeşme,KONAK,8.000000,35-BS-00-04-A1*A5-K1*K122-D1*D44-S1-I15,38.404510,27.151350,9.526478,,1.000000,9.000000,"Arsenik, Nitrit, Amonyum, Alüminyum, Demir, Klorür, İletkenlik, Oksitlenebilirlik, pH",0.000000,Good,Decision Tree,0.000000,1.000000,0.000000
2026-04-08,GÜLTEPE,17.450000,0.030000,1.250000,1.000000,0.000000,103.900000,,49.000000,1.000000,0.000000,0.065000,0.400000,1.000000,17.000000,0.000000,7.400000,345.000000,90.288512,False,1.000000,1.000000,1.000000,0.875000,0.870000,0.912750,0.480500,0.940000,0.840000,0.804000,0.862000,0.920000,1.000000,,1.000000,1.000000,,,Good,20.000000,Selimiye Cad. No:30/B Gültepe,KONAK,8.000000,35-BS-00-04-A1*A5-K1*K122-D1*D44-S1-I16,38.416220,27.172680,9.711488,,1.000000,9.000000,"Arsenik, Nitrit, Amonyum, Alüminyum, Demir, Klorür, İletkenlik, Oksitlenebilirlik, pH",0.000000,Good,Decision Tree,0.000000,1.000000,0.000000
2026-04-08,ALTINDAĞ,12.680000,0.030000,1.430000,1.000000,0.000000,112.700000,,51.000000,1.000000,0.000000,0.065000,0.400000,1.000000,16.000000,0.000000,7.400000,343.000000,90.244789,False,1.000000,1.000000,1.000000,0.857000,0.870000,0.936600,0.436500,0.940000,0.840000,0.796000,0.862800,0.920000,1.000000,,1.000000,1.000000,,,Good,21.000000,Kemalpaşa Cad. No: 46,BORNOVA,2.000000,35-BS-00-01-A1*A5-K1*K122-D1*D44-S1-I9,38.425580,27.202560,9.755211,,1.000000,9.000000,"Arsenik, Nitrit, Amonyum, Alüminyum, Demir, Klorür, İletkenlik, Oksitlenebilirlik, pH",0.000000,Good,Decision Tree,0.000000,1.000000,0.000000
2026-04-08,ÇAMDİBİ,12.830000,0.030000,1.510000,1.000000,0.000000,111.500000,,51.000000,1.000000,0.000000,0.065000,0.400000,1.000000,16.000000,0.000000,7.500000,345.000000,90.132006,False,1.000000,1.000000,1.000000,0.849000,0.870000,0.935850,0.442500,0.940000,0.800000,0.796000,0.862000,0.920000,1.000000,,1.000000,1.000000,,,Good,22.000000,5227 Sok. No:35/C Çamdibi,BORNOVA,2.000000,35-BS-00-01-A1*A5-K1*K122-D1*D44-S1-I12,38.435530,27.191010,9.867994,,1.000000,9.000000,"Arsenik, Nitrit, Amonyum, Alüminyum, Demir, Klorür, İletkenlik, Oksitlenebilirlik, pH",0.000000,Good,Decision Tree,0.000000,1.000000,0.000000
2026-04-08,IŞIKKENT,12.190000,0.030000,1.530000,1.000000,0.000000,114.100000,,51.000000,1.000000,0.000000,0.065000,0.400000,1.000000,15.000000,0.000000,7.500000,345.000000,90.126372,False,1.000000,1.000000,1.000000,0.847000,0.870000,0.939050,0.429500,0.940000,0.800000,0.796000,0.862000,0.920000,1.000000,,1.000000,1.000000,,,Good,23.000000,Cumhuriyet Meydanı No:16  Işıkkent,BORNOVA,2.000000,35-BS-00-01-A1*A5-K1*K122-D1*D44-S1-I8,38.424540,27.230760,9.873628,,1.000000,9.000000,"Arsenik, Nitrit, Amonyum, Alüminyum, Demir, Klorür, İletkenlik, Oksitlenebilirlik, pH",0.000000,Good,Decision Tree,0.000000,1.000000,0.000000
2026-04-08,PINARBAŞI,12.600000,0.030000,1.780000,1.000000,0.000000,114.000000,,51.000000,1.000000,0.000000,0.065000,0.400000,1.000000,16.000000,0.000000,7.400000,344.000000,90.164903,False,1.000000,1.000000,1.000000,0.822000,0.870000,0.937000,0.430000,0.940000,0.840000,0.796000,0.862400,0.920000,1.000000,,1.000000,1.000000,,,Good,24.000000,Çanakkale Cad.İle 7057 Sok KavsağıPınarbaşı,BORNOVA,2.000000,35-BS-00-01-A1*A5-K1*K122-D1*D44-S1-I10,38.429880,27.266470,9.835097,,1.000000,9.000000,"Arsenik, Nitrit, Amonyum, Alüminyum, Demir, Klorür, İletkenlik, Oksitlenebilirlik, pH",0.000000,Good,Decision Tree,0.000000,1.000000,0.000000
2026-04-08,EVKA-3,11.830000,0.030000,1.530000,1.000000,0.000000,109.600000,,52.000000,1.000000,0.000000,0.065000,0.400000,1.000000,15.000000,0.000000,7.500000,355.000000,90.128723,False,1.000000,1.000000,1.000000,0.847000,0.870000,0.940850,0.452000,0.940000,0.800000,0.792000,0.858000,0.920000,1.000000,,1.000000,1.000000,,,Good,25.000000,Şehitler Cad. No:22 H.Mustafa Gökdemir Camii Evka-3,BORNOVA,2.000000,35-BS-00-01-A1*A5-K1*K122-D1*D44-S1-I2,38.473220,27.250940,9.871277,,1.000000,9.000000,"Arsenik, Nitrit, Amonyum, Alüminyum, Demir, Klorür, İletkenlik, Oksitlenebilirlik, pH",0.000000,Good,Decision Tree,0.000000,1.000000,0.000000
2026-04-08,BORNOVA,11.780000,0.030000,1.540000,1.000000,0.000000,114.500000,,51.000000,1.000000,0.000000,0.065000,0.400000,1.000000,15.000000,0.000000,7.400000,351.000000,90.219362,False,1.000000,1.000000,1.000000,0.846000,0.870000,0.941100,0.427500,0.940000,0.840000,0.796000,0.859600,0.920000,1.000000,,1.000000,1.000000,,,Good,26.000000,Ege Üni.Kampüsü İtfaiye Çeşmesi/İzsu Teknik Amirlik,BORNOVA,2.000000,35-BS-00-01-A1*A5-K1*K122-D1*D44-S1-I11,38.460950,27.228200,9.780638,,1.000000,9.000000,"Arsenik, Nitrit, Amonyum, Alüminyum, Demir, Klorür, İletkenlik, Oksitlenebilirlik, pH",0.000000,Good,Decision Tree,0.000000,1.000000,0.000000
2026-04-08,ATATÜRK MAH,8.970000,0.030000,5.960000,1.000000,0.000000,68.610000,,28.000000,1.000000,0.000000,0.065000,0.600000,1.000000,38.000000,0.100000,7.400000,644.000000,89.073089,False,1.000000,1.000000,1.000000,0.404000,0.870000,0.955150,0.656950,0.940000,0.840000,0.888000,0.742400,0.880000,1.000000,,1.000000,1.000000,,,Good,27.000000,Hürriyet Cad. Polis Mer. No:86 Atatürk,BORNOVA,2.000000,35-BS-00-01-A1*A5-K1*K122-D1*D44-S1-I13,38.475820,27.208680,10.926911,,1.000000,9.000000,"Arsenik, Nitrit, Amonyum, Alüminyum, Demir, Klorür, İletkenlik, Oksitlenebilirlik, pH",0.000000,Good,Decision Tree,0.000000,1.000000,0.000000
2026-04-08,OSMANGAZİ,5.600000,0.030000,6.120000,1.000000,0.000000,69.520000,,28.000000,1.000000,0.000000,0.065000,0.600000,1.000000,38.000000,0.100000,7.400000,645.000000,89.038275,False,1.000000,1.000000,1.000000,0.388000,0.870000,0.972000,0.652400,0.940000,0.840000,0.888000,0.742000,0.880000,1.000000,,1.000000,1.000000,,,Good,28.000000,Yavuz Cad. 241/C  Osmangazi,BAYRAKLI,60.000000,35-BS-00-29-A1*A5-K1*K122-D1*D44-S1-I6,38.475430,27.187450,10.961725,,1.000000,9.000000,"Arsenik, Nitrit, Amonyum, Alüminyum, Demir, Klorür, İletkenlik, Oksitlenebilirlik, pH",0.000000,Good,Decision Tree,0.000000,1.000000,0.000000
2026-04-08,ÖZKANLAR,5.630000,0.030000,6.010000,1.000000,0.000000,67.500000,,27.000000,1.000000,0.000000,0.065000,0.600000,1.000000,37.000000,0.100000,7.400000,657.000000,89.064608,False,1.000000,1.000000,1.000000,0.399000,0.870000,0.971850,0.662500,0.940000,0.840000,0.892000,0.737200,0.880000,1.000000,,1.000000,1.000000,,,Good,29.000000,273/4 No:6 Aile Sağlığı Merkezi Özkanlar,BAYRAKLI,60.000000,35-BS-00-29-A1*A5-K1*K122-D1*D44-S1-I10,38.458040,27.191060,10.935392,,1.000000,9.000000,"Arsenik, Nitrit, Amonyum, Alüminyum, Demir, Klorür, İletkenlik, Oksitlenebilirlik, pH",0.000000,Good,Decision Tree,0.000000,1.000000,0.000000
2026-04-08,MANAVKUYU,5.200000,0.030000,6.030000,1.000000,0.000000,66.630000,,28.000000,1.000000,0.000000,0.065000,0.600000,1.000000,38.000000,0.100000,7.400000,653.000000,89.060471,False,1.000000,1.000000,1.000000,0.397000,0.870000,0.974000,0.666850,0.940000,0.840000,0.888000,0.738800,0.880000,1.000000,,1.000000,1.000000,,,Good,30.000000,Sakarya Cad.No:112 Manavkuyu,BAYRAKLI,60.000000,35-BS-00-29-A1*A5-K1*K122-D1*D44-S1-I8,38.457390,27.186910,10.939529,,1.000000,9.000000,"Arsenik, Nitrit, Amonyum, Alüminyum, Demir, Klorür, İletkenlik, Oksitlenebilirlik, pH",0.000000,Good,Decision Tree,0.000000,1.000000,0.000000
2026-04-08,EGEKENT,9.170000,0.030000,3.720000,1.000000,0.000000,70.050000,,43.000000,1.000000,0.000000,0.065000,0.600000,1.000000,35.000000,0.200000,7.400000,726.000000,89.573260,False,1.000000,1.000000,1.000000,0.628000,0.870000,0.954150,0.649750,0.940000,0.840000,0.828000,0.709600,0.880000,1.000000,,1.000000,1.000000,,,Good,32.000000,8819 Sok. No:13 Egekent,ÇİĞLİ,4.000000,35-BS-00-24-A1*A5-K1*K122-D1*D44-S1-I7,38.504140,27.058100,10.426740,,1.000000,9.000000,"Arsenik, Nitrit, Amonyum, Alüminyum, Demir, Klorür, İletkenlik, Oksitlenebilirlik, pH",0.000000,Good,Decision Tree,0.000000,1.000000,0.000000
2026-04-08,BALATÇIK,11.230000,0.030000,3.370000,1.000000,0.000000,69.310000,,43.000000,1.000000,0.000000,0.065000,0.600000,1.000000,35.000000,0.100000,7.400000,716.000000,89.651742,False,1.000000,1.000000,1.000000,0.663000,0.870000,0.943850,0.653450,0.940000,0.840000,0.828000,0.713600,0.880000,1.000000,,1.000000,1.000000,,,Good,33.000000,8790/5 Sok. 9 Eylül Camii Balatçık,ÇİĞLİ,4.000000,35-BS-00-24-A1*A5-K1*K122-D1*D44-S1-I2-Y1,38.511900,27.045600,10.348258,,1.000000,9.000000,"Arsenik, Nitrit, Amonyum, Alüminyum, Demir, Klorür, İletkenlik, Oksitlenebilirlik, pH",0.000000,Good,Decision Tree,0.000000,1.000000,0.000000
2026-04-08,ÇİĞLİ,5.160000,0.030000,2.900000,1.000000,0.000000,63.720000,,28.000000,1.000000,0.000000,0.065000,0.600000,1.000000,37.000000,0.100000,7.500000,655.000000,89.675063,False,1.000000,1.000000,1.000000,0.710000,0.870000,0.974200,0.681400,0.940000,0.800000,0.888000,0.738000,0.880000,1.000000,,1.000000,1.000000,,,Good,34.000000,8022/1 Sok. No:8/1-B Ataşehir,ÇİĞLİ,4.000000,35-BS-00-24-A1*A5-K1*K122-D1*D44-S1-I3-IY1,38.492860,27.060890,10.324937,,1.000000,9.000000,"Arsenik, Nitrit, Amonyum, Alüminyum, Demir, Klorür, İletkenlik, Oksitlenebilirlik, pH",0.000000,Good,Decision Tree,0.000000,1.000000,0.000000
2026-04-08,BOSTANLI,4.830000,0.030000,2.970000,1.000000,0.000000,67.290000,,27.000000,1.000000,0.000000,0.065000,0.600000,1.000000,35.000000,0.100000,7.400000,649.000000,89.753044,False,1.000000,1.000000,1.000000,0.703000,0.870000,0.975850,0.663550,0.940000,0.840000,0.892000,0.740400,0.880000,1.000000,,1.000000,1.000000,,,Good,35.000000,1799 Sok No:14 Bostanlı,KARŞIYAKA,7.000000,35-BS-00-03-A1*A5-K1*K122-D1*D44-S1-I7,38.457730,27.098860,10.246956,,1.000000,9.000000,"Arsenik, Nitrit, Amonyum, Alüminyum, Demir, Klorür, İletkenlik, Oksitlenebilirlik, pH",0.000000,Good,Decision Tree,0.000000,1.000000,0.000000
2026-04-08,ŞEMİKLER,4.860000,0.030000,2.920000,1.000000,0.000000,64.640000,,27.000000,1.000000,0.000000,0.065000,0.600000,1.000000,34.000000,0.100000,7.500000,657.000000,89.670542,False,1.000000,1.000000,1.000000,0.708000,0.870000,0.975700,0.676800,0.940000,0.800000,0.892000,0.737200,0.880000,1.000000,,1.000000,1.000000,,,Good,36.000000,6276 Sok.İle 6279 Sok Kavşağı,KARŞIYAKA,7.000000,35-BS-00-03-A1*A5-K1*K122-D1*D44-S1-I4,38.477100,27.093760,10.329458,,1.000000,9.000000,"Arsenik, Nitrit, Amonyum, Alüminyum, Demir, Klorür, İletkenlik, Oksitlenebilirlik, pH",0.000000,Good,Decision Tree,0.000000,1.000000,0.000000
2026-04-08,KARŞIYAKA,4.680000,0.030000,2.750000,1.000000,0.000000,64.460000,,28.000000,1.000000,0.000000,0.065000,0.600000,1.000000,35.000000,0.100000,7.500000,647.000000,89.708884,False,1.000000,1.000000,1.000000,0.725000,0.870000,0.976600,0.677700,0.940000,0.800000,0.888000,0.741200,0.880000,1.000000,,1.000000,1.000000,,,Good,37.000000,Atatürk Cad. İle Zübeyde Hanim Cad.Kavşağı,KARŞIYAKA,7.000000,35-BS-00-03-A1*A5-K1*K122-D1*D44-S1-I5,38.461670,27.116100,10.291116,,1.000000,9.000000,"Arsenik, Nitrit, Amonyum, Alüminyum, Demir, Klorür, İletkenlik, Oksitlenebilirlik, pH",0.000000,Good,Decision Tree,0.000000,1.000000,0.000000
2026-04-08,EVKA-2,4.950000,0.030000,2.740000,1.000000,0.000000,65.500000,,28.000000,1.000000,0.000000,0.065000,0.600000,1.000000,36.000000,0.100000,7.500000,650.000000,89.710395,False,1.000000,1.000000,1.000000,0.726000,0.870000,0.975250,0.672500,0.940000,0.800000,0.888000,0.740000,0.880000,1.000000,,1.000000,1.000000,,,Good,38.000000,6800 Sok. No:9 Sağlık Ocağı Evka 2,ÇİĞLİ,4.000000,35-BS-00-24-A1*A5-K1*K122-D1*D44-S1-I5,38.499050,27.087510,10.289605,,1.000000,9.000000,"Arsenik, Nitrit, Amonyum, Alüminyum, Demir, Klorür, İletkenlik, Oksitlenebilirlik, pH",0.000000,Good,Decision Tree,0.000000,1.000000,0.000000
2026-04-08,ÖRNEKKÖY,10.460000,0.030000,3.750000,1.000000,0.000000,91.420000,,28.000000,1.000000,0.000000,0.065000,0.600000,1.000000,37.000000,0.100000,7.400000,641.000000,89.559393,False,1.000000,1.000000,1.000000,0.625000,0.870000,0.947700,0.542900,0.940000,0.840000,0.888000,0.743600,0.880000,1.000000,,1.000000,1.000000,,,Good,39.000000,Başpehlivan Kara Ali Cad. No:25/A,KARŞIYAKA,7.000000,35-BS-00-03-A1*A5-K1*K122-D1*D44-S1-I6,38.482130,27.111060,10.440607,,1.000000,9.000000,"Arsenik, Nitrit, Amonyum, Alüminyum, Demir, Klorür, İletkenlik, Oksitlenebilirlik, pH",0.000000,Good,Decision Tree,0.000000,1.000000,0.000000
2026-04-08,GÜMÜŞPALA,9.150000,0.030000,3.820000,1.000000,0.000000,91.060000,,26.000000,1.000000,0.000000,0.065000,0.600000,1.000000,33.000000,0.100000,7.500000,649.000000,89.449926,False,1.000000,1.000000,1.000000,0.618000,0.870000,0.954250,0.544700,0.940000,0.800000,0.896000,0.740400,0.880000,1.000000,,1.000000,1.000000,,,Good,40.000000,7019 Sok. No:20/3 Merkez Cami Gümüşpala,BAYRAKLI,60.000000,35-BS-00-29-A1*A5-K1*K122-D1*D44-S1-I7,38.479310,27.109960,10.550074,,1.000000,9.000000,"Arsenik, Nitrit, Amonyum, Alüminyum, Demir, Klorür, İletkenlik, Oksitlenebilirlik, pH",0.000000,Good,Decision Tree,0.000000,1.000000,0.000000
2026-04-15,GÜZELTEPE,7.480000,0.030000,2.960000,1.000000,0.000000,80.650000,,43.000000,1.000000,0.000000,0.065000,0.600000,1.000000,35.000000,0.100000,7.400000,771.000000,89.740016,False,1.000000,1.000000,1.000000,0.704000,0.870000,0.962600,0.596750,0.940000,0.840000,0.828000,0.691600,0.880000,1.000000,,1.000000,1.000000,,,Good,46.000000,8172 Sok. No:90/1 Güzeltepe,ÇİĞLİ,4.000000,35-BS-00-24-A1*A5-K1*K122-D1*D44-S1-I4-IY1,38.502720,27.077990,10.259984,,1.000000,9.000000,"Arsenik, Nitrit, Amonyum, Alüminyum, Demir, Klorür, İletkenlik, Oksitlenebilirlik, pH",0.000000,Good,Decision Tree,0.000000,1.000000,0.000000
2026-04-21,YENİŞEHİR,5.850000,0.030000,8.000000,1.000000,0.000000,102.600000,,27.000000,1.000000,0.000000,0.065000,0.400000,1.000000,32.000000,0.000000,7.400000,594.000000,88.775606,False,1.000000,1.000000,1.000000,0.200000,0.870000,0.970750,0.487000,0.940000,0.840000,0.892000,0.762400,0.920000,1.000000,,1.000000,1.000000,,,Good,2.000000,Gaziler Cad. No:185 İtfaiye Önü,KONAK,8.000000,35-BS-00-04-A1*A5-K1*K122-D1*D44-S1-I10,38.422640,27.153840,11.224394,,1.000000,9.000000,"Arsenik, Nitrit, Amonyum, Alüminyum, Demir, Klorür, İletkenlik, Oksitlenebilirlik, pH",0.000000,Good,Decision Tree,0.000000,1.000000,0.000000
2026-04-21,KONAK,7.130000,0.030000,7.860000,1.000000,0.000000,100.000000,,27.000000,1.000000,0.000000,0.065000,0.400000,1.000000,32.000000,0.000000,7.400000,594.000000,88.808030,False,1.000000,1.000000,1.000000,0.214000,0.870000,0.964350,0.500000,0.940000,0.840000,0.892000,0.762400,0.920000,1.000000,,1.000000,1.000000,,,Good,3.000000,854 Sok No:51/A,KONAK,8.000000,35-BS-00-04-A1*A5-K1*K122-D1*D44-S1-I5,38.420610,27.130760,11.191970,,1.000000,9.000000,"Arsenik, Nitrit, Amonyum, Alüminyum, Demir, Klorür, İletkenlik, Oksitlenebilirlik, pH",0.000000,Good,Decision Tree,0.000000,1.000000,0.000000
2026-04-21,GÜZELBAHÇE,58.060000,0.030000,3.000000,1.000000,0.000000,89.560000,,25.000000,1.000000,0.000000,0.065000,0.400000,1.000000,23.000000,0.000000,8.000000,446.000000,89.314409,False,1.000000,1.000000,1.000000,0.700000,0.870000,0.709700,0.552200,0.940000,0.600000,0.900000,0.821600,0.920000,1.000000,,1.000000,1.000000,,,Good,4.000000,Kazım Dirik Cad. No.46,GÜZELBAHÇE,6.000000,35-BS-00-28-A1*A5-K1*K122-D1*D44-S1-I1,38.363366,26.866501,10.685591,,1.000000,9.000000,"Arsenik, Nitrit, Amonyum, Alüminyum, Demir, Klorür, İletkenlik, Oksitlenebilirlik, pH",0.000000,Good,Decision Tree,0.000000,1.000000,0.000000
2026-04-21,NARLIDERE,58.190000,0.030000,3.040000,1.000000,0.000000,78.000000,,25.000000,1.000000,0.000000,0.065000,0.400000,1.000000,23.000000,0.000000,8.000000,445.000000,89.311828,False,1.000000,1.000000,1.000000,0.696000,0.870000,0.709050,0.610000,0.940000,0.600000,0.900000,0.822000,0.920000,1.000000,,1.000000,1.000000,,,Good,5.000000,İzsu Narlıdere Teknik Amirlik,NARLIDERE,9.000000,35-BS-00-27-A1*A5-K1*K122-D1*D44-S1-I2,38.394150,27.009890,10.688172,,1.000000,9.000000,"Arsenik, Nitrit, Amonyum, Alüminyum, Demir, Klorür, İletkenlik, Oksitlenebilirlik, pH",0.000000,Good,Decision Tree,0.000000,1.000000,0.000000
2026-04-21,BALÇOVA,54.250000,0.030000,3.030000,1.000000,0.000000,78.100000,,25.000000,1.000000,0.000000,0.065000,0.400000,1.000000,23.000000,0.000000,8.000000,446.000000,89.316259,False,1.000000,1.000000,1.000000,0.697000,0.870000,0.728750,0.609500,0.940000,0.600000,0.900000,0.821600,0.920000,1.000000,,1.000000,1.000000,,,Good,6.000000,M.Pasa Cad. İle Hüseyin Ögütcen Kavşağı,BALÇOVA,1.000000,35-BS-00-26-A1*A5-K1*K122-D1*D44-S1-I2,38.394150,27.038360,10.683741,,1.000000,9.000000,"Arsenik, Nitrit, Amonyum, Alüminyum, Demir, Klorür, İletkenlik, Oksitlenebilirlik, pH",0.000000,Good,Decision Tree,0.000000,1.000000,0.000000
2026-04-21,ÜÇKUYULAR,54.990000,0.030000,3.120000,1.000000,0.000000,80.720000,,25.000000,1.000000,0.000000,0.065000,0.400000,1.000000,23.000000,0.000000,8.000000,447.000000,89.293991,False,1.000000,1.000000,1.000000,0.688000,0.870000,0.725050,0.596400,0.940000,0.600000,0.900000,0.821200,0.920000,1.000000,,1.000000,1.000000,,,Good,7.000000,65/17 Sok. No:45 Yumurtacı Ahmet Camii,KARABAĞLAR,59.000000,35-BS-00-30-A1*A5-K1*K122-D1*D44-S1-I6,38.393940,27.069370,10.706009,,1.000000,9.000000,"Arsenik, Nitrit, Amonyum, Alüminyum, Demir, Klorür, İletkenlik, Oksitlenebilirlik, pH",0.000000,Good,Decision Tree,0.000000,1.000000,0.000000
2026-04-21,GÜZELYALI,59.110000,0.030000,2.760000,1.000000,0.000000,78.870000,,25.000000,1.000000,0.000000,0.065000,0.400000,1.000000,23.000000,0.000000,8.000000,446.000000,89.374165,False,1.000000,1.000000,1.000000,0.724000,0.870000,0.704450,0.605650,0.940000,0.600000,0.900000,0.821600,0.920000,1.000000,,1.000000,1.000000,,,Good,8.000000,34.Sok. No:5 TSM Güzelyalı,KONAK,8.000000,35-BS-00-04-A1*A5-K1*K122-D1*D44-S1-I11,38.398080,27.079620,10.625835,,1.000000,9.000000,"Arsenik, Nitrit, Amonyum, Alüminyum, Demir, Klorür, İletkenlik, Oksitlenebilirlik, pH",0.000000,Good,Decision Tree,0.000000,1.000000,0.000000
2026-04-21,HATAY,8.180000,0.030000,1.320000,1.000000,0.000000,81.270000,,32.000000,1.000000,0.000000,0.065000,0.400000,1.000000,20.000000,0.000000,7.900000,417.000000,89.820272,False,1.000000,1.000000,1.000000,0.868000,0.870000,0.959100,0.593650,0.940000,0.640000,0.872000,0.833200,0.920000,1.000000,,1.000000,1.000000,,,Good,9.000000,İnönü Cad. İle 100 Sok. Kavşağı,KONAK,8.000000,35-BS-00-04-A1*A5-K1*K122-D1*D44-S1-I13,38.401640,27.099450,10.179728,,1.000000,9.000000,"Arsenik, Nitrit, Amonyum, Alüminyum, Demir, Klorür, İletkenlik, Oksitlenebilirlik, pH",0.000000,Good,Decision Tree,0.000000,1.000000,0.000000
2026-04-21,YEŞİLYURT,6.540000,0.030000,1.310000,1.000000,0.000000,77.750000,,32.000000,1.000000,0.000000,0.065000,0.400000,1.000000,20.000000,0.000000,7.900000,417.000000,89.825453,False,1.000000,1.000000,1.000000,0.869000,0.870000,0.967300,0.611250,0.940000,0.640000,0.872000,0.833200,0.920000,1.000000,,1.000000,1.000000,,,Good,11.000000,Ulu Önder Cad. İle Gökdere Cad.Kavşağı,KARABAĞLAR,59.000000,35-BS-00-30-A1*A5-K1*K122-D1*D44-S1-I7,38.404270,27.113010,10.174547,,1.000000,9.000000,"Arsenik, Nitrit, Amonyum, Alüminyum, Demir, Klorür, İletkenlik, Oksitlenebilirlik, pH",0.000000,Good,Decision Tree,0.000000,1.000000,0.000000
2026-04-21,KARABAĞLAR,6.640000,0.030000,1.300000,1.000000,0.000000,77.070000,,32.000000,1.000000,0.000000,0.065000,0.400000,1.000000,20.000000,0.000000,7.900000,418.000000,89.828040,False,1.000000,1.000000,1.000000,0.870000,0.870000,0.966800,0.614650,0.940000,0.640000,0.872000,0.832800,0.920000,1.000000,,1.000000,1.000000,,,Good,13.000000,4058 Sok. İle 4056 Sok. Kavşağı,KARABAĞLAR,59.000000,35-BS-00-30-A1*A5-K1*K122-D1*D44-S1-I8,38.374260,27.134100,10.171960,,1.000000,9.000000,"Arsenik, Nitrit, Amonyum, Alüminyum, Demir, Klorür, İletkenlik, Oksitlenebilirlik, pH",0.000000,Good,Decision Tree,0.000000,1.000000,0.000000
2026-04-21,ESKİ İZMİR,7.100000,0.030000,1.350000,1.000000,0.000000,78.370000,,32.000000,1.000000,0.000000,0.065000,0.400000,1.000000,20.000000,0.000000,7.900000,417.000000,89.815735,False,1.000000,1.000000,1.000000,0.865000,0.870000,0.964500,0.608150,0.940000,0.640000,0.872000,0.833200,0.920000,1.000000,,1.000000,1.000000,,,Good,14.000000,Eski Izmir Cad. No:562/A Kahve,KARABAĞLAR,59.000000,35-BS-00-30-A1*A5-K1*K122-D1*D44-S1-I3,38.376220,27.107190,10.184265,,1.000000,9.000000,"Arsenik, Nitrit, Amonyum, Alüminyum, Demir, Klorür, İletkenlik, Oksitlenebilirlik, pH",0.000000,Good,Decision Tree,0.000000,1.000000,0.000000
2026-04-21,GAZİEMİR,6.170000,0.030000,1.360000,1.000000,0.000000,79.290000,,32.000000,1.000000,0.000000,0.065000,0.400000,1.000000,20.000000,0.000000,7.900000,418.000000,89.813474,False,1.000000,1.000000,1.000000,0.864000,0.870000,0.969150,0.603550,0.940000,0.640000,0.872000,0.832800,0.920000,1.000000,,1.000000,1.000000,,,Good,15.000000,Abdullah Arda Meydanı No:29 Arkadaşlar Kahvesi,GAZİEMİR,5.000000,35-BS-00-25-A1*A5-K1*K122-D1*D44-S1-I4-Y1,38.321780,27.126430,10.186526,,1.000000,9.000000,"Arsenik, Nitrit, Amonyum, Alüminyum, Demir, Klorür, İletkenlik, Oksitlenebilirlik, pH",0.000000,Good,Decision Tree,0.000000,1.000000,0.000000
2026-04-21,GEDİZ,16.290000,0.030000,1.190000,1.000000,0.000000,71.210000,,48.000000,1.000000,0.000000,0.065000,0.400000,1.000000,14.000000,0.000000,7.400000,365.000000,90.321525,False,1.000000,1.000000,1.000000,0.881000,0.870000,0.918550,0.643950,0.940000,0.840000,0.808000,0.854000,0.920000,1.000000,,1.000000,1.000000,,,Good,16.000000,682/4 Sok. No:2 Gediz,BUCA,3.000000,35-BS-00-02-A1*A5-K1*K122-D1*D44-S1-I10,38.361880,27.144380,9.678475,,1.000000,9.000000,"Arsenik, Nitrit, Amonyum, Alüminyum, Demir, Klorür, İletkenlik, Oksitlenebilirlik, pH",0.000000,Good,Decision Tree,0.000000,1.000000,0.000000
2026-04-21,ŞİRİNYER,15.670000,0.030000,1.240000,1.000000,0.000000,71.880000,,48.000000,1.000000,0.000000,0.065000,0.400000,1.000000,16.000000,0.000000,7.400000,366.000000,90.310180,False,1.000000,1.000000,1.000000,0.876000,0.870000,0.921650,0.640600,0.940000,0.840000,0.808000,0.853600,0.920000,1.000000,,1.000000,1.000000,,,Good,17.000000,Koşuyolu Cad. Efeler Mah. No:41 Avni Naili Limboz Camii,BUCA,3.000000,35-BS-00-02-A1*A5-K1*K122-D1*D44-S1-I6,38.391680,27.150310,9.689820,,1.000000,9.000000,"Arsenik, Nitrit, Amonyum, Alüminyum, Demir, Klorür, İletkenlik, Oksitlenebilirlik, pH",0.000000,Good,Decision Tree,0.000000,1.000000,0.000000
2026-04-21,BUCA,15.910000,0.030000,1.250000,1.000000,0.000000,75.780000,,48.000000,1.000000,0.000000,0.065000,0.400000,1.000000,16.000000,0.000000,7.400000,367.000000,90.305572,False,1.000000,1.000000,1.000000,0.875000,0.870000,0.920450,0.621100,0.940000,0.840000,0.808000,0.853200,0.920000,1.000000,,1.000000,1.000000,,,Good,18.000000,Başarı Cad.İle 170. Sok.Kavşağı,BUCA,3.000000,35-BS-00-02-A1*A5-K1*K122-D1*D44-S1-I1,38.389300,27.176440,9.694428,,1.000000,9.000000,"Arsenik, Nitrit, Amonyum, Alüminyum, Demir, Klorür, İletkenlik, Oksitlenebilirlik, pH",0.000000,Good,Decision Tree,0.000000,1.000000,0.000000
2026-04-21,GÜLÇEŞME,7.040000,0.030000,3.090000,1.000000,0.000000,81.940000,,27.000000,1.000000,0.000000,0.065000,0.600000,1.000000,32.000000,0.000000,7.400000,594.000000,89.716555,False,1.000000,1.000000,1.000000,0.691000,0.870000,0.964800,0.590300,0.940000,0.840000,0.892000,0.762400,0.880000,1.000000,,1.000000,1.000000,,,Good,19.000000,3586 Sok. No:1 Gürçeşme,KONAK,8.000000,35-BS-00-04-A1*A5-K1*K122-D1*D44-S1-I15,38.404510,27.151350,10.283445,,1.000000,9.000000,"Arsenik, Nitrit, Amonyum, Alüminyum, Demir, Klorür, İletkenlik, Oksitlenebilirlik, pH",0.000000,Good,Decision Tree,0.000000,1.000000,0.000000
2026-04-21,GÜLTEPE,7.460000,0.030000,3.540000,1.000000,0.000000,87.780000,,27.000000,1.000000,0.000000,0.065000,0.600000,1.000000,32.000000,0.000000,7.400000,595.000000,89.611192,False,1.000000,1.000000,1.000000,0.646000,0.870000,0.962700,0.561100,0.940000,0.840000,0.892000,0.762000,0.880000,1.000000,,1.000000,1.000000,,,Good,20.000000,Selimiye Cad. No:30/B Gültepe,KONAK,8.000000,35-BS-00-04-A1*A5-K1*K122-D1*D44-S1-I16,38.416220,27.172680,10.388808,,1.000000,9.000000,"Arsenik, Nitrit, Amonyum, Alüminyum, Demir, Klorür, İletkenlik, Oksitlenebilirlik, pH",0.000000,Good,Decision Tree,0.000000,1.000000,0.000000
2026-04-21,ALTINDAĞ,8.890000,0.030000,5.750000,1.000000,0.000000,76.040000,,28.000000,1.000000,0.000000,0.065000,0.600000,1.000000,39.000000,0.100000,7.400000,682.000000,89.116309,False,1.000000,1.000000,1.000000,0.425000,0.870000,0.955550,0.619800,0.940000,0.840000,0.888000,0.727200,0.880000,1.000000,,1.000000,1.000000,,,Good,21.000000,Kemalpaşa Cad. No: 46,BORNOVA,2.000000,35-BS-00-01-A1*A5-K1*K122-D1*D44-S1-I9,38.425580,27.202560,10.883691,,1.000000,9.000000,"Arsenik, Nitrit, Amonyum, Alüminyum, Demir, Klorür, İletkenlik, Oksitlenebilirlik, pH",0.000000,Good,Decision Tree,0.000000,1.000000,0.000000
2026-04-21,ÇAMDİBİ,8.250000,0.030000,5.790000,1.000000,0.000000,78.550000,,28.000000,1.000000,0.000000,0.065000,0.600000,1.000000,39.000000,0.100000,7.400000,684.000000,89.106194,False,1.000000,1.000000,1.000000,0.421000,0.870000,0.958750,0.607250,0.940000,0.840000,0.888000,0.726400,0.880000,1.000000,,1.000000,1.000000,,,Good,22.000000,5227 Sok. No:35/C Çamdibi,BORNOVA,2.000000,35-BS-00-01-A1*A5-K1*K122-D1*D44-S1-I12,38.435530,27.191010,10.893806,,1.000000,9.000000,"Arsenik, Nitrit, Amonyum, Alüminyum, Demir, Klorür, İletkenlik, Oksitlenebilirlik, pH",0.000000,Good,Decision Tree,0.000000,1.000000,0.000000
2026-04-21,IŞIKKENT,8.460000,0.030000,5.810000,1.000000,0.000000,77.610000,,28.000000,1.000000,0.000000,0.065000,0.600000,1.000000,39.000000,0.100000,7.400000,685.000000,89.102078,False,1.000000,1.000000,1.000000,0.419000,0.870000,0.957700,0.611950,0.940000,0.840000,0.888000,0.726000,0.880000,1.000000,,1.000000,1.000000,,,Good,23.000000,Cumhuriyet Meydanı No:16  Işıkkent,BORNOVA,2.000000,35-BS-00-01-A1*A5-K1*K122-D1*D44-S1-I8,38.424540,27.230760,10.897922,,1.000000,9.000000,"Arsenik, Nitrit, Amonyum, Alüminyum, Demir, Klorür, İletkenlik, Oksitlenebilirlik, pH",0.000000,Good,Decision Tree,0.000000,1.000000,0.000000
2026-04-21,PINARBAŞI,7.960000,0.030000,5.630000,1.000000,0.000000,77.440000,,28.000000,1.000000,0.000000,0.065000,0.600000,1.000000,39.000000,0.100000,7.400000,685.000000,89.143184,False,1.000000,1.000000,1.000000,0.437000,0.870000,0.960200,0.612800,0.940000,0.840000,0.888000,0.726000,0.880000,1.000000,,1.000000,1.000000,,,Good,24.000000,Çanakkale Cad.İle 7057 Sok KavsağıPınarbaşı,BORNOVA,2.000000,35-BS-00-01-A1*A5-K1*K122-D1*D44-S1-I10,38.429880,27.266470,10.856816,,1.000000,9.000000,"Arsenik, Nitrit, Amonyum, Alüminyum, Demir, Klorür, İletkenlik, Oksitlenebilirlik, pH",0.000000,Good,Decision Tree,0.000000,1.000000,0.000000
2026-04-21,EVKA-3,7.620000,0.030000,5.750000,1.000000,0.000000,76.850000,,28.000000,1.000000,0.000000,0.065000,0.600000,1.000000,39.000000,0.100000,7.400000,684.000000,89.116562,False,1.000000,1.000000,1.000000,0.425000,0.870000,0.961900,0.615750,0.940000,0.840000,0.888000,0.726400,0.880000,1.000000,,1.000000,1.000000,,,Good,25.000000,Şehitler Cad. No:22 H.Mustafa Gökdemir Camii Evka-3,BORNOVA,2.000000,35-BS-00-01-A1*A5-K1*K122-D1*D44-S1-I2,38.473220,27.250940,10.883438,,1.000000,9.000000,"Arsenik, Nitrit, Amonyum, Alüminyum, Demir, Klorür, İletkenlik, Oksitlenebilirlik, pH",0.000000,Good,Decision Tree,0.000000,1.000000,0.000000
2026-04-21,BORNOVA,7.810000,0.030000,5.770000,1.000000,0.000000,78.490000,,28.000000,1.000000,0.000000,0.065000,0.600000,1.000000,39.000000,0.100000,7.400000,684.000000,89.111002,False,1.000000,1.000000,1.000000,0.423000,0.870000,0.960950,0.607550,0.940000,0.840000,0.888000,0.726400,0.880000,1.000000,,1.000000,1.000000,,,Good,26.000000,Ege Üni.Kampüsü İtfaiye Çeşmesi/İzsu Teknik Amirlik,BORNOVA,2.000000,35-BS-00-01-A1*A5-K1*K122-D1*D44-S1-I11,38.460950,27.228200,10.888998,,1.000000,9.000000,"Arsenik, Nitrit, Amonyum, Alüminyum, Demir, Klorür, İletkenlik, Oksitlenebilirlik, pH",0.000000,Good,Decision Tree,0.000000,1.000000,0.000000
2026-04-21,ATATÜRK MAH,7.970000,0.030000,5.420000,1.000000,0.000000,80.290000,,28.000000,1.000000,0.000000,0.065000,0.600000,1.000000,39.000000,0.100000,7.400000,684.000000,89.189085,False,1.000000,1.000000,1.000000,0.458000,0.870000,0.960150,0.598550,0.940000,0.840000,0.888000,0.726400,0.880000,1.000000,,1.000000,1.000000,,,Good,27.000000,Hürriyet Cad. Polis Mer. No:86 Atatürk,BORNOVA,2.000000,35-BS-00-01-A1*A5-K1*K122-D1*D44-S1-I13,38.475820,27.208680,10.810915,,1.000000,9.000000,"Arsenik, Nitrit, Amonyum, Alüminyum, Demir, Klorür, İletkenlik, Oksitlenebilirlik, pH",0.000000,Good,Decision Tree,0.000000,1.000000,0.000000
2026-04-21,OSMANGAZİ,6.570000,0.030000,6.220000,1.000000,0.000000,70.430000,,28.000000,1.000000,0.000000,0.065000,0.600000,1.000000,35.000000,0.100000,7.500000,672.000000,88.919220,False,1.000000,1.000000,1.000000,0.378000,0.870000,0.967150,0.647850,0.940000,0.800000,0.888000,0.731200,0.880000,1.000000,,1.000000,1.000000,,,Good,28.000000,Yavuz Cad. 241/C  Osmangazi,BAYRAKLI,60.000000,35-BS-00-29-A1*A5-K1*K122-D1*D44-S1-I6,38.475430,27.187450,11.080780,,1.000000,9.000000,"Arsenik, Nitrit, Amonyum, Alüminyum, Demir, Klorür, İletkenlik, Oksitlenebilirlik, pH",0.000000,Good,Decision Tree,0.000000,1.000000,0.000000
2026-04-21,ÖZKANLAR,6.770000,0.030000,6.490000,1.000000,0.000000,70.940000,,28.000000,1.000000,0.000000,0.065000,0.600000,1.000000,35.000000,0.100000,7.500000,673.000000,88.857724,False,1.000000,1.000000,1.000000,0.351000,0.870000,0.966150,0.645300,0.940000,0.800000,0.888000,0.730800,0.880000,1.000000,,1.000000,1.000000,,,Good,29.000000,273/4 No:6 Aile Sağlığı Merkezi Özkanlar,BAYRAKLI,60.000000,35-BS-00-29-A1*A5-K1*K122-D1*D44-S1-I10,38.458040,27.191060,11.142276,,1.000000,9.000000,"Arsenik, Nitrit, Amonyum, Alüminyum, Demir, Klorür, İletkenlik, Oksitlenebilirlik, pH",0.000000,Good,Decision Tree,0.000000,1.000000,0.000000
2026-04-21,MANAVKUYU,6.590000,0.030000,6.350000,1.000000,0.000000,71.550000,,28.000000,1.000000,0.000000,0.065000,0.600000,1.000000,35.000000,0.100000,7.500000,672.000000,88.889161,False,1.000000,1.000000,1.000000,0.365000,0.870000,0.967050,0.642250,0.940000,0.800000,0.888000,0.731200,0.880000,1.000000,,1.000000,1.000000,,,Good,30.000000,Sakarya Cad.No:112 Manavkuyu,BAYRAKLI,60.000000,35-BS-00-29-A1*A5-K1*K122-D1*D44-S1-I8,38.457390,27.186910,11.110839,,1.000000,9.000000,"Arsenik, Nitrit, Amonyum, Alüminyum, Demir, Klorür, İletkenlik, Oksitlenebilirlik, pH",0.000000,Good,Decision Tree,0.000000,1.000000,0.000000
2026-04-21,EGEKENT,8.370000,0.030000,6.400000,1.000000,0.000000,70.370000,,38.000000,1.000000,0.000000,0.065000,0.600000,1.000000,39.000000,0.100000,7.500000,746.000000,88.873621,False,1.000000,1.000000,1.000000,0.360000,0.870000,0.958150,0.648150,0.940000,0.800000,0.848000,0.701600,0.880000,1.000000,,1.000000,1.000000,,,Good,32.000000,8819 Sok. No:13 Egekent,ÇİĞLİ,4.000000,35-BS-00-24-A1*A5-K1*K122-D1*D44-S1-I7,38.504140,27.058100,11.126379,,1.000000,9.000000,"Arsenik, Nitrit, Amonyum, Alüminyum, Demir, Klorür, İletkenlik, Oksitlenebilirlik, pH",0.000000,Good,Decision Tree,0.000000,1.000000,0.000000
2026-04-21,BALATÇIK,10.010000,0.030000,6.650000,1.000000,0.000000,72.250000,,38.000000,1.000000,0.000000,0.065000,0.600000,1.000000,39.000000,0.100000,7.500000,753.000000,88.815039,False,1.000000,1.000000,1.000000,0.335000,0.870000,0.949950,0.638750,0.940000,0.800000,0.848000,0.698800,0.880000,1.000000,,1.000000,1.000000,,,Good,33.000000,8790/5 Sok. 9 Eylül Camii Balatçık,ÇİĞLİ,4.000000,35-BS-00-24-A1*A5-K1*K122-D1*D44-S1-I2-Y1,38.511900,27.045600,11.184961,,1.000000,9.000000,"Arsenik, Nitrit, Amonyum, Alüminyum, Demir, Klorür, İletkenlik, Oksitlenebilirlik, pH",0.000000,Good,Decision Tree,0.000000,1.000000,0.000000
2026-04-21,ÇİĞLİ,8.080000,0.030000,6.420000,1.000000,0.000000,75.080000,,28.000000,1.000000,0.000000,0.065000,0.600000,1.000000,35.000000,0.100000,7.500000,675.000000,88.870472,False,1.000000,1.000000,1.000000,0.358000,0.870000,0.959600,0.624600,0.940000,0.800000,0.888000,0.730000,0.880000,1.000000,,1.000000,1.000000,,,Good,34.000000,8022/1 Sok. No:8/1-B Ataşehir,ÇİĞLİ,4.000000,35-BS-00-24-A1*A5-K1*K122-D1*D44-S1-I3-IY1,38.492860,27.060890,11.129528,,1.000000,9.000000,"Arsenik, Nitrit, Amonyum, Alüminyum, Demir, Klorür, İletkenlik, Oksitlenebilirlik, pH",0.000000,Good,Decision Tree,0.000000,1.000000,0.000000
2026-04-21,BOSTANLI,7.260000,0.030000,6.240000,1.000000,0.000000,71.100000,,28.000000,1.000000,0.000000,0.065000,0.600000,1.000000,35.000000,0.100000,7.500000,674.000000,88.913918,False,1.000000,1.000000,1.000000,0.376000,0.870000,0.963700,0.644500,0.940000,0.800000,0.888000,0.730400,0.880000,1.000000,,1.000000,1.000000,,,Good,35.000000,1799 Sok No:14 Bostanlı,KARŞIYAKA,7.000000,35-BS-00-03-A1*A5-K1*K122-D1*D44-S1-I7,38.457730,27.098860,11.086082,,1.000000,9.000000,"Arsenik, Nitrit, Amonyum, Alüminyum, Demir, Klorür, İletkenlik, Oksitlenebilirlik, pH",0.000000,Good,Decision Tree,0.000000,1.000000,0.000000
2026-04-21,ŞEMİKLER,7.270000,0.030000,6.180000,1.000000,0.000000,71.850000,,28.000000,1.000000,0.000000,0.065000,0.600000,1.000000,35.000000,0.100000,7.500000,674.000000,88.927064,False,1.000000,1.000000,1.000000,0.382000,0.870000,0.963650,0.640750,0.940000,0.800000,0.888000,0.730400,0.880000,1.000000,,1.000000,1.000000,,,Good,36.000000,6276 Sok.İle 6279 Sok Kavşağı,KARŞIYAKA,7.000000,35-BS-00-03-A1*A5-K1*K122-D1*D44-S1-I4,38.477100,27.093760,11.072936,,1.000000,9.000000,"Arsenik, Nitrit, Amonyum, Alüminyum, Demir, Klorür, İletkenlik, Oksitlenebilirlik, pH",0.000000,Good,Decision Tree,0.000000,1.000000,0.000000
2026-04-21,KARŞIYAKA,7.000000,0.030000,6.050000,1.000000,0.000000,71.380000,,28.000000,1.000000,0.000000,0.065000,0.600000,1.000000,35.000000,0.100000,7.500000,671.000000,88.956907,False,1.000000,1.000000,1.000000,0.395000,0.870000,0.965000,0.643100,0.940000,0.800000,0.888000,0.731600,0.880000,1.000000,,1.000000,1.000000,,,Good,37.000000,Atatürk Cad. İle Zübeyde Hanim Cad.Kavşağı,KARŞIYAKA,7.000000,35-BS-00-03-A1*A5-K1*K122-D1*D44-S1-I5,38.461670,27.116100,11.043093,,1.000000,9.000000,"Arsenik, Nitrit, Amonyum, Alüminyum, Demir, Klorür, İletkenlik, Oksitlenebilirlik, pH",0.000000,Good,Decision Tree,0.000000,1.000000,0.000000
2026-04-21,EVKA-2,7.310000,0.030000,6.140000,1.000000,0.000000,72.350000,,28.000000,1.000000,0.000000,0.065000,0.600000,1.000000,35.000000,0.100000,7.500000,672.000000,88.935816,False,1.000000,1.000000,1.000000,0.386000,0.870000,0.963450,0.638250,0.940000,0.800000,0.888000,0.731200,0.880000,1.000000,,1.000000,1.000000,,,Good,38.000000,6800 Sok. No:9 Sağlık Ocağı Evka 2,ÇİĞLİ,4.000000,35-BS-00-24-A1*A5-K1*K122-D1*D44-S1-I5,38.499050,27.087510,11.064184,,1.000000,9.000000,"Arsenik, Nitrit, Amonyum, Alüminyum, Demir, Klorür, İletkenlik, Oksitlenebilirlik, pH",0.000000,Good,Decision Tree,0.000000,1.000000,0.000000
2026-04-21,ÖRNEKKÖY,9.530000,0.030000,6.230000,1.000000,0.000000,82.920000,,27.000000,1.000000,0.000000,0.065000,0.600000,1.000000,35.000000,0.100000,7.500000,660.000000,88.908623,False,1.000000,1.000000,1.000000,0.377000,0.870000,0.952350,0.585400,0.940000,0.800000,0.892000,0.736000,0.880000,1.000000,,1.000000,1.000000,,,Good,39.000000,Başpehlivan Kara Ali Cad. No:25/A,KARŞIYAKA,7.000000,35-BS-00-03-A1*A5-K1*K122-D1*D44-S1-I6,38.482130,27.111060,11.091377,,1.000000,9.000000,"Arsenik, Nitrit, Amonyum, Alüminyum, Demir, Klorür, İletkenlik, Oksitlenebilirlik, pH",0.000000,Good,Decision Tree,0.000000,1.000000,0.000000
2026-04-21,GÜMÜŞPALA,9.820000,0.030000,6.350000,1.000000,0.000000,91.370000,,23.000000,1.000000,0.000000,0.065000,0.600000,1.000000,35.000000,0.100000,7.400000,648.000000,88.973288,False,1.000000,1.000000,1.000000,0.365000,0.870000,0.950900,0.543150,0.940000,0.840000,0.908000,0.740800,0.880000,1.000000,,1.000000,1.000000,,,Good,40.000000,7019 Sok. No:20/3 Merkez Cami Gümüşpala,BAYRAKLI,60.000000,35-BS-00-29-A1*A5-K1*K122-D1*D44-S1-I7,38.479310,27.109960,11.026712,,1.000000,9.000000,"Arsenik, Nitrit, Amonyum, Alüminyum, Demir, Klorür, İletkenlik, Oksitlenebilirlik, pH",0.000000,Good,Decision Tree,0.000000,1.000000,0.000000
2026-04-28,DOĞANÇAY,6.340000,0.030000,2.490000,1.000000,0.000000,61.380000,,29.000000,1.000000,0.000000,0.065000,0.600000,1.000000,37.000000,0.100000,7.600000,636.000000,89.672925,False,1.000000,1.000000,1.000000,0.751000,0.870000,0.968300,0.693100,0.940000,0.760000,0.884000,0.745600,0.880000,1.000000,,1.000000,1.000000,,,Good,41.000000,7191 Sok. No:1/A Doğançay,BAYRAKLI,60.000000,35-BS-00-29-A1*A5-K1*K122-D1*D44-S1-I1,38.495500,27.155140,10.327075,,1.000000,9.000000,"Arsenik, Nitrit, Amonyum, Alüminyum, Demir, Klorür, İletkenlik, Oksitlenebilirlik, pH",0.000000,Good,Decision Tree,0.000000,1.000000,0.000000
2026-04-28,YAMANLAR,9.260000,0.030000,4.390000,1.000000,0.000000,21.250000,,30.000000,1.000000,0.000000,0.065000,0.600000,1.000000,38.000000,0.100000,7.700000,656.000000,89.168374,False,1.000000,1.000000,1.000000,0.561000,0.870000,0.953700,0.893750,0.940000,0.720000,0.880000,0.737600,0.880000,1.000000,,1.000000,1.000000,,,Good,42.000000,7348 Sok. No:2 Polis Merkezi Yamanlar,BAYRAKLI,60.000000,35-BS-00-29-A1*A5-K1*K122-D1*D44-S1-I2,38.481110,27.132940,10.831626,,1.000000,9.000000,"Arsenik, Nitrit, Amonyum, Alüminyum, Demir, Klorür, İletkenlik, Oksitlenebilirlik, pH",0.000000,Good,Decision Tree,0.000000,1.000000,0.000000
2026-04-28,POSTACI MAH,8.720000,0.030000,4.140000,1.000000,0.000000,20.080000,,30.000000,1.000000,0.000000,0.065000,0.600000,1.000000,38.000000,0.100000,7.700000,659.000000,89.225896,False,1.000000,1.000000,1.000000,0.586000,0.870000,0.956400,0.899600,0.940000,0.720000,0.880000,0.736400,0.880000,1.000000,,1.000000,1.000000,,,Good,43.000000,7659/2 Sok. No:1/B Postacılar Mah.,BAYRAKLI,60.000000,35-BS-00-29-A1*A5*-K1*K122-D1*D44-S1-I3-IY1,38.482170,27.119910,10.774104,,1.000000,9.000000,"Arsenik, Nitrit, Amonyum, Alüminyum, Demir, Klorür, İletkenlik, Oksitlenebilirlik, pH",0.000000,Good,Decision Tree,0.000000,1.000000,0.000000
2026-04-28,YAMAÇ MAH,9.810000,0.030000,3.890000,1.000000,0.000000,24.120000,,29.000000,1.000000,0.000000,0.065000,0.600000,1.000000,37.000000,0.100000,7.700000,662.000000,89.279910,False,1.000000,1.000000,1.000000,0.611000,0.870000,0.950950,0.879400,0.940000,0.720000,0.884000,0.735200,0.880000,1.000000,,1.000000,1.000000,,,Good,44.000000,6730 Sok. No:6/A Yamaç Mah.,KARŞIYAKA,7.000000,35-BS-00-03-A1*A5-K1*K122-D1*D44-S1-I1,38.483710,27.099770,10.720090,,1.000000,9.000000,"Arsenik, Nitrit, Amonyum, Alüminyum, Demir, Klorür, İletkenlik, Oksitlenebilirlik, pH",0.000000,Good,Decision Tree,0.000000,1.000000,0.000000
2026-04-28,CUMHURİYET MAH,8.180000,0.030000,3.930000,1.000000,0.000000,23.450000,,29.000000,1.000000,0.000000,0.065000,0.600000,1.000000,37.000000,0.100000,7.600000,664.000000,89.367422,False,1.000000,1.000000,1.000000,0.607000,0.870000,0.959100,0.882750,0.940000,0.760000,0.884000,0.734400,0.880000,1.000000,,1.000000,1.000000,,,Good,45.000000,Alim Dağhan Cd. İle 6716 Sok. Kvs.,KARŞIYAKA,7.000000,35-BS-00-03-A1*A5-K1*K122-D1*D44-S1-I2,38.485320,27.096540,10.632578,,1.000000,9.000000,"Arsenik, Nitrit, Amonyum, Alüminyum, Demir, Klorür, İletkenlik, Oksitlenebilirlik, pH",0.000000,Good,Decision Tree,0.000000,1.000000,0.000000
2026-04-28,GÜZELTEPE,7.830000,0.030000,3.810000,1.000000,0.000000,23.220000,,29.000000,1.000000,0.000000,0.065000,0.600000,1.000000,37.000000,0.100000,7.700000,664.000000,89.299633,False,1.000000,1.000000,1.000000,0.619000,0.870000,0.960850,0.883900,0.940000,0.720000,0.884000,0.734400,0.880000,1.000000,,1.000000,1.000000,,,Good,46.000000,8172 Sok. No:90/1 Güzeltepe,ÇİĞLİ,4.000000,35-BS-00-24-A1*A5-K1*K122-D1*D44-S1-I4-IY1,38.502720,27.077990,10.700367,,1.000000,9.000000,"Arsenik, Nitrit, Amonyum, Alüminyum, Demir, Klorür, İletkenlik, Oksitlenebilirlik, pH",0.000000,Good,Decision Tree,0.000000,1.000000,0.000000
2026-04-28,EVKA-5,9.380000,0.030000,4.920000,1.000000,0.000000,81.530000,,45.000000,1.000000,0.000000,0.065000,0.800000,1.000000,37.000000,0.100000,7.700000,749.000000,88.827513,False,1.000000,1.000000,1.000000,0.508000,0.870000,0.953100,0.592350,0.940000,0.720000,0.820000,0.700400,0.840000,1.000000,,1.000000,1.000000,,,Good,47.000000,8809 Sok. No:141/A Evka-5,ÇİĞLİ,4.000000,35-BS-00-24-A1*A5-K1*K122-D1*D44-S1-I8-IY1,38.518190,27.056590,11.172487,,1.000000,9.000000,"Arsenik, Nitrit, Amonyum, Alüminyum, Demir, Klorür, İletkenlik, Oksitlenebilirlik, pH",0.000000,Good,Decision Tree,0.000000,1.000000,0.000000
2026-04-28,EGEKENT-2,10.320000,0.030000,5.330000,1.000000,0.000000,83.860000,,44.000000,1.000000,0.000000,0.065000,0.800000,1.000000,36.000000,0.100000,7.600000,752.000000,88.828516,False,1.000000,1.000000,1.000000,0.467000,0.870000,0.948400,0.580700,0.940000,0.760000,0.824000,0.699200,0.840000,1.000000,,1.000000,1.000000,,,Good,48.000000,8818 Sok. No:38 6 Nolu Sağlık Ocağı Egekent,ÇİĞLİ,4.000000,35-BS-00-24-A1*A5-K1*K122-D1*D44-S1-I6,38.555690,27.049780,11.171484,,1.000000,9.000000,"Arsenik, Nitrit, Amonyum, Alüminyum, Demir, Klorür, İletkenlik, Oksitlenebilirlik, pH",0.000000,Good,Decision Tree,0.000000,1.000000,0.000000
2026-04-28,ALAYBEY,7.910000,0.030000,5.910000,1.000000,0.000000,24.600000,,30.000000,1.000000,0.000000,0.065000,0.600000,1.000000,36.000000,0.100000,7.700000,667.000000,88.823285,False,1.000000,1.000000,1.000000,0.409000,0.870000,0.960450,0.877000,0.940000,0.720000,0.880000,0.733200,0.880000,1.000000,,1.000000,1.000000,,,Good,49.000000,1643/7 Sok. No:8 Adalet Mah.,BAYRAKLI,60.000000,35-BS-00-03-A1*A5-K1*K122-D1*D44-S1-13-IY1,38.466750,27.159340,11.176715,,1.000000,9.000000,"Arsenik, Nitrit, Amonyum, Alüminyum, Demir, Klorür, İletkenlik, Oksitlenebilirlik, pH",0.000000,Good,Decision Tree,0.000000,1.000000,0.000000
2026-04-28,CENGİZHAN,11.030000,0.030000,5.780000,1.000000,0.000000,132.200000,,30.000000,1.000000,0.000000,0.065000,0.600000,1.000000,38.000000,0.100000,7.700000,655.000000,88.790113,False,1.000000,1.000000,1.000000,0.422000,0.870000,0.944850,0.339000,0.940000,0.720000,0.880000,0.738000,0.880000,1.000000,,1.000000,1.000000,,,Good,50.000000,1620/19 İle 1620/39 Sok. Kavsağı Cengizhan,BAYRAKLI,60.000000,35-BS-00-29-A1*A5-K1*K122-D1*D44-S1-I4,38.473400,27.158880,11.209887,,1.000000,9.000000,"Arsenik, Nitrit, Amonyum, Alüminyum, Demir, Klorür, İletkenlik, Oksitlenebilirlik, pH",0.000000,Good,Decision Tree,0.000000,1.000000,0.000000
2026-04-28,ÇAY MAH,10.010000,0.030000,7.150000,1.000000,0.000000,185.400000,,30.000000,1.000000,0.000000,0.065000,0.600000,1.000000,38.000000,0.100000,7.700000,655.000000,88.450619,False,1.000000,1.000000,1.000000,0.285000,0.870000,0.949950,0.073000,0.940000,0.720000,0.880000,0.738000,0.880000,1.000000,,1.000000,1.000000,,,Good,51.000000,Hakan Uysal Cad. No:273/1 Çay Mahallesi,BAYRAKLI,60.000000,35-BS-00-29-A1*A5-K1*K122-D1*D44-S1-I5,38.470860,27.180440,11.549381,,1.000000,9.000000,"Arsenik, Nitrit, Amonyum, Alüminyum, Demir, Klorür, İletkenlik, Oksitlenebilirlik, pH",0.000000,Good,Decision Tree,0.000000,1.000000,0.000000
2026-04-28,İZYUVA,7.670000,0.030000,1.530000,1.000000,0.000000,53.220000,,37.000000,1.000000,0.000000,0.065000,0.400000,1.000000,29.000000,0.000000,7.500000,554.000000,90.167678,False,1.000000,1.000000,1.000000,0.847000,0.870000,0.961650,0.733900,0.940000,0.800000,0.852000,0.778400,0.920000,1.000000,,1.000000,1.000000,,,Good,52.000000,113/19 Sok. No:10 İzyuva,BORNOVA,2.000000,35-BS-00-01-A1*A5-K1*K122-D1*D44-S1-I7,38.464570,27.249790,9.832322,,1.000000,9.000000,"Arsenik, Nitrit, Amonyum, Alüminyum, Demir, Klorür, İletkenlik, Oksitlenebilirlik, pH",0.000000,Good,Decision Tree,0.000000,1.000000,0.000000
2026-04-28,NALDÖKEN,8.580000,0.030000,2.080000,1.000000,0.000000,68.030000,,38.000000,1.000000,0.000000,0.065000,0.400000,1.000000,28.000000,0.000000,7.600000,529.000000,89.938802,False,1.000000,1.000000,1.000000,0.792000,0.870000,0.957100,0.659850,0.940000,0.760000,0.848000,0.788400,0.920000,1.000000,,1.000000,1.000000,,,Good,53.000000,Ankara Cad. İle Atatürk Cad. Kav.,BORNOVA,2.000000,35-BS-00-01-A1*A5-K1*K122-D1*D44-S1-I6,38.452100,27.266070,10.061198,,1.000000,9.000000,"Arsenik, Nitrit, Amonyum, Alüminyum, Demir, Klorür, İletkenlik, Oksitlenebilirlik, pH",0.000000,Good,Decision Tree,0.000000,1.000000,0.000000
2026-04-28,YEŞİLÇAM,12.610000,0.030000,1.330000,1.000000,0.000000,111.100000,,49.000000,1.000000,0.000000,0.065000,0.400000,1.000000,15.000000,0.000000,7.600000,350.000000,90.078522,False,1.000000,1.000000,1.000000,0.867000,0.870000,0.936950,0.444500,0.940000,0.760000,0.804000,0.860000,0.920000,1.000000,,1.000000,1.000000,,,Good,54.000000,Mrk. Bornova Jandarma Komando Ambarlar Yanı,BORNOVA,2.000000,35-BS-00-01-A1*A5-K1*K122-D1*D44-S1-IY1,38.445680,27.289280,9.921478,,1.000000,9.000000,"Arsenik, Nitrit, Amonyum, Alüminyum, Demir, Klorür, İletkenlik, Oksitlenebilirlik, pH",0.000000,Good,Decision Tree,0.000000,1.000000,0.000000
2026-04-28,MEVLANA,7.790000,0.030000,4.340000,1.000000,0.000000,59.840000,,38.000000,1.000000,0.000000,0.065000,0.400000,1.000000,27.000000,0.000000,7.600000,538.000000,89.432498,False,1.000000,1.000000,1.000000,0.566000,0.870000,0.961050,0.700800,0.940000,0.760000,0.848000,0.784800,0.920000,1.000000,,1.000000,1.000000,,,Good,55.000000,1754 Sok. No:25 Asm Mevlana,BORNOVA,2.000000,35-BS-00-01-A1*A5-K1*K122-D1*D44-S1-I4,38.448220,27.230660,10.567502,,1.000000,9.000000,"Arsenik, Nitrit, Amonyum, Alüminyum, Demir, Klorür, İletkenlik, Oksitlenebilirlik, pH",0.000000,Good,Decision Tree,0.000000,1.000000,0.000000
2026-04-28,YEŞİLOVA,8.250000,0.030000,4.320000,1.000000,0.000000,69.300000,,38.000000,1.000000,0.000000,0.065000,0.400000,1.000000,28.000000,0.000000,7.600000,520.000000,89.431477,False,1.000000,1.000000,1.000000,0.568000,0.870000,0.958750,0.653500,0.940000,0.760000,0.848000,0.792000,0.920000,1.000000,,1.000000,1.000000,,,Good,56.000000,A.İpekçi Cd. İle 4040 Sok. Kvs. Yesilova,BORNOVA,2.000000,35-BS-00-01-A1*A5-K1*K122-D1*D44-S1-I3,38.440370,27.201350,10.568523,,1.000000,9.000000,"Arsenik, Nitrit, Amonyum, Alüminyum, Demir, Klorür, İletkenlik, Oksitlenebilirlik, pH",0.000000,Good,Decision Tree,0.000000,1.000000,0.000000
2026-04-28,MERSİNLİ,7.650000,0.030000,4.340000,1.000000,0.000000,59.200000,,38.000000,1.000000,0.000000,0.065000,0.400000,1.000000,28.000000,0.000000,7.600000,538.000000,89.432939,False,1.000000,1.000000,1.000000,0.566000,0.870000,0.961750,0.704000,0.940000,0.760000,0.848000,0.784800,0.920000,1.000000,,1.000000,1.000000,,,Good,57.000000,Fatih cd. İle Beyazıt Cd. Tuğlacı Önü Mersinli,BORNOVA,2.000000,35-BS-00-01-A1*A5-K1*K122-D1*D44-S1-I14,38.440000,27.180530,10.567061,,1.000000,9.000000,"Arsenik, Nitrit, Amonyum, Alüminyum, Demir, Klorür, İletkenlik, Oksitlenebilirlik, pH",0.000000,Good,Decision Tree,0.000000,1.000000,0.000000
2026-04-28,ÇANKAYA,6.680000,0.030000,4.780000,1.000000,0.000000,66.650000,,34.000000,1.000000,0.000000,0.065000,0.400000,1.000000,24.000000,0.000000,7.700000,446.000000,89.236232,False,1.000000,1.000000,1.000000,0.522000,0.870000,0.966600,0.666750,0.940000,0.720000,0.864000,0.821600,0.920000,1.000000,,1.000000,1.000000,,,Good,59.000000,Hürriyet Bulvarı No:14/E,KONAK,8.000000,35-BS-00-04-A1*A5-K1*K122-D1*D44-S1-IY-1,38.424780,27.142050,10.763768,,1.000000,9.000000,"Arsenik, Nitrit, Amonyum, Alüminyum, Demir, Klorür, İletkenlik, Oksitlenebilirlik, pH",0.000000,Good,Decision Tree,0.000000,1.000000,0.000000
2026-04-28,TOROS,5.750000,0.030000,4.200000,1.000000,0.000000,51.450000,,38.000000,1.000000,0.000000,0.065000,0.600000,1.000000,30.000000,0.000000,7.500000,552.000000,89.384283,False,1.000000,1.000000,1.000000,0.580000,0.870000,0.971250,0.742750,0.940000,0.800000,0.848000,0.779200,0.880000,1.000000,,1.000000,1.000000,,,Good,60.000000,Dicle Cad. No:88 Aile Sağlığı Merkezi,KONAK,8.000000,35-BS-00-04-A1*A5-K1*K122-D1*D44-S1-I3,38.407410,27.183640,10.615717,,1.000000,9.000000,"Arsenik, Nitrit, Amonyum, Alüminyum, Demir, Klorür, İletkenlik, Oksitlenebilirlik, pH",0.000000,Good,Decision Tree,0.000000,1.000000,0.000000
2026-04-28,LEVENT,11.650000,0.030000,3.930000,1.000000,0.000000,48.940000,,38.000000,1.000000,0.000000,0.065000,0.600000,1.000000,30.000000,0.000000,7.500000,551.000000,89.443459,False,1.000000,1.000000,1.000000,0.607000,0.870000,0.941750,0.755300,0.940000,0.800000,0.848000,0.779600,0.880000,1.000000,,1.000000,1.000000,,,Good,61.000000,3513 İle 3514 Sok. Kvs Levent,KONAK,8.000000,35-BS-00-04-A1*A5-K1*K122-D1*D44-S1-I8,38.411300,27.163150,10.556541,,1.000000,9.000000,"Arsenik, Nitrit, Amonyum, Alüminyum, Demir, Klorür, İletkenlik, Oksitlenebilirlik, pH",0.000000,Good,Decision Tree,0.000000,1.000000,0.000000
2026-04-28,UFUK MAH,4.780000,0.030000,4.100000,1.000000,0.000000,52.390000,,37.000000,1.000000,0.000000,0.065000,0.600000,1.000000,28.000000,0.000000,7.600000,555.000000,89.312009,False,1.000000,1.000000,1.000000,0.590000,0.870000,0.976100,0.738050,0.940000,0.760000,0.852000,0.778000,0.880000,1.000000,,1.000000,1.000000,,,Good,62.000000,914 Sok. No.7/A Ufuk Mah.,BUCA,3.000000,35-BS-00-02-A1*A5-K1*K122-D1*D44-S1-I5,38.403620,27.165620,10.687991,,1.000000,9.000000,"Arsenik, Nitrit, Amonyum, Alüminyum, Demir, Klorür, İletkenlik, Oksitlenebilirlik, pH",0.000000,Good,Decision Tree,0.000000,1.000000,0.000000
2026-04-28,EVKA-1,11.310000,0.030000,1.090000,1.000000,0.000000,134.600000,,35.000000,1.000000,0.000000,0.065000,0.400000,1.000000,20.000000,0.000000,7.700000,352.000000,90.030060,False,1.000000,1.000000,1.000000,0.891000,0.870000,0.943450,0.327000,0.940000,0.720000,0.860000,0.859200,0.920000,1.000000,,1.000000,1.000000,,,Good,63.000000,Türkmenistan Cad. İle 1206 Sok.. Kvs. Evka-1,BUCA,3.000000,35-BS-00-02-A1*A5-K1*K122-D1*D44-S1-I9,38.400630,27.194670,9.969940,,1.000000,9.000000,"Arsenik, Nitrit, Amonyum, Alüminyum, Demir, Klorür, İletkenlik, Oksitlenebilirlik, pH",0.000000,Good,Decision Tree,0.000000,1.000000,0.000000
2026-04-28,ADATEPE,11.450000,0.030000,2.320000,1.000000,0.000000,144.400000,,36.000000,1.000000,0.000000,0.065000,0.400000,1.000000,21.000000,0.000000,7.700000,351.000000,89.745777,False,1.000000,1.000000,1.000000,0.768000,0.870000,0.942750,0.278000,0.940000,0.720000,0.856000,0.859600,0.920000,1.000000,,1.000000,1.000000,,,Good,64.000000,3 İle 3/8 Sok. Kvs. Adatepe,BUCA,3.000000,35-BS-00-02-A1*A5-K1*K122-D1*D44-S1-I4,38.381540,27.184940,10.254223,,1.000000,9.000000,"Arsenik, Nitrit, Amonyum, Alüminyum, Demir, Klorür, İletkenlik, Oksitlenebilirlik, pH",0.000000,Good,Decision Tree,0.000000,1.000000,0.000000
2026-04-28,KURUÇEŞME,12.600000,0.030000,1.080000,1.000000,0.000000,167.300000,,36.000000,1.000000,0.000000,0.065000,0.400000,1.000000,21.000000,0.000000,7.700000,351.000000,90.012738,False,1.000000,1.000000,1.000000,0.892000,0.870000,0.937000,0.163500,0.940000,0.720000,0.856000,0.859600,0.920000,1.000000,,1.000000,1.000000,,,Good,65.000000,Dogus Cad. İle A.Yesevi Cd. Kvs. Kuruçeşme,BUCA,3.000000,35-BS-00-02-A1*A5-K1*K122-D1*D44-S1-I2,38.372330,27.194500,9.987262,,1.000000,9.000000,"Arsenik, Nitrit, Amonyum, Alüminyum, Demir, Klorür, İletkenlik, Oksitlenebilirlik, pH",0.000000,Good,Decision Tree,0.000000,1.000000,0.000000
2026-04-28,KOZAĞAÇ,11.500000,0.030000,1.050000,1.000000,0.000000,129.100000,,35.000000,1.000000,0.000000,0.065000,0.400000,1.000000,20.000000,0.000000,7.700000,351.000000,90.042118,False,1.000000,1.000000,1.000000,0.895000,0.870000,0.942500,0.354500,0.940000,0.720000,0.860000,0.859600,0.920000,1.000000,,1.000000,1.000000,,,Good,66.000000,I.Sivri Cd. İle 254 Sok.. Kvs. Kozağaç,BUCA,3.000000,35-BS-00-02-A1*A5-K1*K122-D1*D44-S1-I8,38.377130,27.169560,9.957882,,1.000000,9.000000,"Arsenik, Nitrit, Amonyum, Alüminyum, Demir, Klorür, İletkenlik, Oksitlenebilirlik, pH",0.000000,Good,Decision Tree,0.000000,1.000000,0.000000
2026-04-28,ÇAMLIKULE,11.030000,0.030000,1.040000,1.000000,0.000000,142.200000,,35.000000,1.000000,0.000000,0.065000,0.400000,1.000000,21.000000,0.000000,7.700000,350.000000,90.037240,False,1.000000,1.000000,1.000000,0.896000,0.870000,0.944850,0.289000,0.940000,0.720000,0.860000,0.860000,0.920000,1.000000,,1.000000,1.000000,,,Good,67.000000,220 Sok. No:163/B Çamlıkule,BUCA,3.000000,35-BS-00-02-A1*A5-K1*K122-D1*D44-S1-I3,38.372280,27.171530,9.962760,,1.000000,9.000000,"Arsenik, Nitrit, Amonyum, Alüminyum, Demir, Klorür, İletkenlik, Oksitlenebilirlik, pH",0.000000,Good,Decision Tree,0.000000,1.000000,0.000000
2026-04-28,AKINCILAR,11.700000,0.030000,1.140000,1.000000,0.000000,140.100000,,35.000000,1.000000,0.000000,0.065000,0.400000,1.000000,22.000000,0.000000,7.600000,348.000000,90.110698,False,1.000000,1.000000,1.000000,0.886000,0.870000,0.941500,0.299500,0.940000,0.760000,0.860000,0.860800,0.920000,1.000000,,1.000000,1.000000,,,Good,68.000000,A.Hatboyu Cd. İle 545 Sok.. Kvs. Akıncılar,BUCA,3.000000,35-BS-00-02-A1*A5-K1*K122-D1*D44-S1-I7,38.387460,27.147600,9.889302,,1.000000,9.000000,"Arsenik, Nitrit, Amonyum, Alüminyum, Demir, Klorür, İletkenlik, Oksitlenebilirlik, pH",0.000000,Good,Decision Tree,0.000000,1.000000,0.000000
2026-04-28,UĞUR MUMCU MAH,2.490000,0.030000,1.240000,1.000000,0.000000,51.590000,,35.000000,1.000000,0.000000,0.065000,0.400000,1.000000,22.000000,0.000000,8.000000,404.000000,89.762073,False,1.000000,1.000000,1.000000,0.876000,0.870000,0.987550,0.742050,0.940000,0.600000,0.860000,0.838400,0.920000,1.000000,,1.000000,1.000000,,,Good,69.000000,5777 İle 5780 Sok. Kvs. U. Mumcu,KARABAĞLAR,59.000000,35-BS-00-30-A1*A5-K1*K122-D1*D44-S1-I1,38.381830,27.130670,10.237927,,1.000000,9.000000,"Arsenik, Nitrit, Amonyum, Alüminyum, Demir, Klorür, İletkenlik, Oksitlenebilirlik, pH",0.000000,Good,Decision Tree,0.000000,1.000000,0.000000
2026-04-28,ÇAMLIK MAH,4.000000,0.030000,1.200000,1.000000,0.000000,55.660000,,35.000000,1.000000,0.000000,0.065000,0.400000,1.000000,21.000000,0.000000,8.000000,402.000000,89.767974,False,1.000000,1.000000,1.000000,0.880000,0.870000,0.980000,0.721700,0.940000,0.600000,0.860000,0.839200,0.920000,1.000000,,1.000000,1.000000,,,Good,70.000000,4969 Sok. No:2/A Çamlık,KARABAĞLAR,59.000000,35-BS-00-30-A1*A5-K1*K122-D1*D44-S1-I2,38.366230,27.120330,10.232026,,1.000000,9.000000,"Arsenik, Nitrit, Amonyum, Alüminyum, Demir, Klorür, İletkenlik, Oksitlenebilirlik, pH",0.000000,Good,Decision Tree,0.000000,1.000000,0.000000
2026-04-28,AKTEPE,2.730000,0.030000,1.240000,1.000000,0.000000,53.390000,,36.000000,1.000000,0.000000,0.065000,0.400000,1.000000,22.000000,0.000000,8.000000,406.000000,89.760549,False,1.000000,1.000000,1.000000,0.876000,0.870000,0.986350,0.733050,0.940000,0.600000,0.856000,0.837600,0.920000,1.000000,,1.000000,1.000000,,,Good,71.000000,Altan Aydin İle 4165 Sok.. Kvs Aktepe,GAZİEMİR,5.000000,35-BS-00-25-A1*A5-K1*K122-D1*D44-S1-I5,38.352350,27.125160,10.239451,,1.000000,9.000000,"Arsenik, Nitrit, Amonyum, Alüminyum, Demir, Klorür, İletkenlik, Oksitlenebilirlik, pH",0.000000,Good,Decision Tree,0.000000,1.000000,0.000000
2026-04-28,9 EYLÜL MAH,3.240000,0.030000,1.260000,1.000000,0.000000,53.890000,,35.000000,1.000000,0.000000,0.065000,0.400000,1.000000,23.000000,0.000000,8.100000,407.000000,89.660543,False,1.000000,1.000000,1.000000,0.874000,0.870000,0.983800,0.730550,0.940000,0.560000,0.860000,0.837200,0.920000,1.000000,,1.000000,1.000000,,,Good,72.000000,Kahramanlar Cd. No:2 H. Bayram Camii,GAZİEMİR,5.000000,35-BS-00-25-A1*A5-K1*K122-D1*D44-S1-I2,38.327138,27.137154,10.339457,,1.000000,9.000000,"Arsenik, Nitrit, Amonyum, Alüminyum, Demir, Klorür, İletkenlik, Oksitlenebilirlik, pH",0.000000,Good,Decision Tree,0.000000,1.000000,0.000000
2026-04-28,BEYAZEVLER,5.890000,0.030000,2.610000,1.000000,0.000000,49.910000,,35.000000,1.000000,0.000000,0.065000,0.400000,1.000000,22.000000,0.000000,8.000000,406.000000,89.451114,False,1.000000,1.000000,1.000000,0.739000,0.870000,0.970550,0.750450,0.940000,0.600000,0.860000,0.837600,0.920000,1.000000,,1.000000,1.000000,,,Good,73.000000,514 Sok.. No:3/A Beyazevler,GAZİEMİR,5.000000,35-BS-00-25-A1*A5-K1*K122-D1*D44-S1-I3,38.341790,27.140280,10.548886,,1.000000,9.000000,"Arsenik, Nitrit, Amonyum, Alüminyum, Demir, Klorür, İletkenlik, Oksitlenebilirlik, pH",0.000000,Good,Decision Tree,0.000000,1.000000,0.000000
2026-04-28,UZUNDERE,5.130000,0.030000,1.200000,1.000000,0.000000,52.640000,,34.000000,1.000000,0.000000,0.065000,0.400000,1.000000,22.000000,0.000000,8.000000,405.000000,89.769394,False,1.000000,1.000000,1.000000,0.880000,0.870000,0.974350,0.736800,0.940000,0.600000,0.864000,0.838000,0.920000,1.000000,,1.000000,1.000000,,,Good,74.000000,Eski Izmir Cad. 3959 Kvs Uzundere,KARABAĞLAR,59.000000,35-BS-00-30-A1*A5-K1*K122-D1*D44-S1-I4,38.360060,27.104090,10.230606,,1.000000,9.000000,"Arsenik, Nitrit, Amonyum, Alüminyum, Demir, Klorür, İletkenlik, Oksitlenebilirlik, pH",0.000000,Good,Decision Tree,0.000000,1.000000,0.000000
2026-04-28,CENNETÇEŞME,5.220000,0.030000,1.240000,1.000000,0.000000,52.660000,,34.000000,1.000000,0.000000,0.065000,0.400000,1.000000,22.000000,0.000000,8.000000,405.000000,89.760282,False,1.000000,1.000000,1.000000,0.876000,0.870000,0.973900,0.736700,0.940000,0.600000,0.864000,0.838000,0.920000,1.000000,,1.000000,1.000000,,,Good,75.000000,3948/6 Sok. No:2 C.Çeşme,KARABAĞLAR,59.000000,35-BS-00-30-A1*A5-K1*K122-D1*D44-S1-I9,38.361680,27.093850,10.239718,,1.000000,9.000000,"Arsenik, Nitrit, Amonyum, Alüminyum, Demir, Klorür, İletkenlik, Oksitlenebilirlik, pH",0.000000,Good,Decision Tree,0.000000,1.000000,0.000000
2026-04-28,GÜZELBAHÇE,56.430000,0.030000,2.550000,1.000000,0.000000,44.810000,,23.000000,1.000000,0.000000,0.065000,0.400000,1.000000,23.000000,0.000000,8.200000,424.000000,89.252729,False,1.000000,1.000000,1.000000,0.745000,0.870000,0.717850,0.775950,0.940000,0.520000,0.908000,0.830400,0.920000,1.000000,,1.000000,1.000000,,,Good,76.000000,Mithatpaşa Caddesi No:479,GÜZELBAHÇE,6.000000,35-BS-00-28-A1*A5-K1*K122-D1*D44-S1-IY-1,38.377140,26.883660,10.747271,,1.000000,9.000000,"Arsenik, Nitrit, Amonyum, Alüminyum, Demir, Klorür, İletkenlik, Oksitlenebilirlik, pH",0.000000,Good,Decision Tree,0.000000,1.000000,0.000000
2026-04-28,İNCİRALTI,48.890000,0.030000,2.480000,1.000000,0.000000,42.000000,,23.000000,1.000000,0.000000,0.065000,0.400000,1.000000,23.000000,0.000000,8.100000,424.000000,89.369690,False,1.000000,1.000000,1.000000,0.752000,0.870000,0.755550,0.790000,0.940000,0.560000,0.908000,0.830400,0.920000,1.000000,,1.000000,1.000000,,,Good,78.000000,Başak Cd. No:16 Bahçe Cafe İnciralti,BALÇOVA,1.000000,35-BS-00-26-A1*A5-K1*K122-D1*D44-S1-I1,38.409090,27.035910,10.630310,,1.000000,9.000000,"Arsenik, Nitrit, Amonyum, Alüminyum, Demir, Klorür, İletkenlik, Oksitlenebilirlik, pH",0.000000,Good,Decision Tree,0.000000,1.000000,0.000000
2026-04-28,ESENDERE,5.440000,0.030000,1.220000,1.000000,0.000000,54.860000,,35.000000,1.000000,0.000000,0.065000,0.400000,1.000000,22.000000,0.000000,8.100000,406.000000,89.667804,False,1.000000,1.000000,1.000000,0.878000,0.870000,0.972800,0.725700,0.940000,0.560000,0.860000,0.837600,0.920000,1.000000,,1.000000,1.000000,,,Good,79.000000,52/74 İle 52/18 Sok. Kvs Esendere,KARABAĞLAR,59.000000,35-BS-00-30-A1*A5-K1*K122-D1*D44-S1-I5,38.391050,27.089590,10.332196,,1.000000,9.000000,"Arsenik, Nitrit, Amonyum, Alüminyum, Demir, Klorür, İletkenlik, Oksitlenebilirlik, pH",0.000000,Good,Decision Tree,0.000000,1.000000,0.000000
2026-04-28,KADİFEKALE,14.220000,0.030000,1.140000,1.000000,0.000000,145.100000,,35.000000,1.000000,0.000000,0.065000,0.400000,1.000000,21.000000,0.000000,7.700000,349.000000,90.011173,False,1.000000,1.000000,1.000000,0.886000,0.870000,0.928900,0.274500,0.940000,0.720000,0.860000,0.860400,0.920000,1.000000,,1.000000,1.000000,,,Good,80.000000,R.Erkutlu Şehitlik Önü No:290/A Kadifekale,KONAK,8.000000,35-BS-00-04-A1*A5-K1*K122-D1*D44-S1-I6,38.412820,27.140320,9.988827,,1.000000,9.000000,"Arsenik, Nitrit, Amonyum, Alüminyum, Demir, Klorür, İletkenlik, Oksitlenebilirlik, pH",0.000000,Good,Decision Tree,0.000000,1.000000,0.000000
2026-05-06,YENİŞEHİR,5.110000,0.030000,2.230000,1.000000,0.000000,66.880000,,27.000000,1.000000,0.000000,0.065000,0.600000,1.000000,31.000000,0.000000,7.300000,589.000000,90.016036,False,1.000000,1.000000,1.000000,0.777000,0.870000,0.974450,0.665600,0.940000,0.880000,0.892000,0.764400,0.880000,1.000000,,1.000000,1.000000,,,Good,2.000000,Gaziler Cad. No:185 İtfaiye Önü,KONAK,8.000000,35-BS-00-04-A1*A5-K1*K122-D1*D44-S1-I10,38.422640,27.153840,9.983964,,1.000000,9.000000,"Arsenik, Nitrit, Amonyum, Alüminyum, Demir, Klorür, İletkenlik, Oksitlenebilirlik, pH",0.000000,Good,Decision Tree,0.000000,1.000000,0.000000
2026-05-06,KONAK,5.210000,0.030000,2.210000,1.000000,0.000000,70.030000,,27.000000,1.000000,0.000000,0.065000,0.600000,1.000000,31.000000,0.000000,7.300000,589.000000,90.018723,False,1.000000,1.000000,1.000000,0.779000,0.870000,0.973950,0.649850,0.940000,0.880000,0.892000,0.764400,0.880000,1.000000,,1.000000,1.000000,,,Good,3.000000,854 Sok No:51/A,KONAK,8.000000,35-BS-00-04-A1*A5-K1*K122-D1*D44-S1-I5,38.420610,27.130760,9.981277,,1.000000,9.000000,"Arsenik, Nitrit, Amonyum, Alüminyum, Demir, Klorür, İletkenlik, Oksitlenebilirlik, pH",0.000000,Good,Decision Tree,0.000000,1.000000,0.000000
2026-05-06,GÜZELBAHÇE,45.560000,0.030000,2.190000,1.000000,0.000000,71.170000,,24.000000,1.000000,0.000000,0.065000,0.400000,1.000000,27.000000,0.000000,8.000000,433.000000,89.515563,False,1.000000,1.000000,1.000000,0.781000,0.870000,0.772200,0.644150,0.940000,0.600000,0.904000,0.826800,0.920000,1.000000,,1.000000,1.000000,,,Good,4.000000,Kazım Dirik Cad. No.46,GÜZELBAHÇE,6.000000,35-BS-00-28-A1*A5-K1*K122-D1*D44-S1-I1,38.363366,26.866501,10.484437,,1.000000,9.000000,"Arsenik, Nitrit, Amonyum, Alüminyum, Demir, Klorür, İletkenlik, Oksitlenebilirlik, pH",0.000000,Good,Decision Tree,0.000000,1.000000,0.000000
2026-05-06,NARLIDERE,47.970000,0.030000,2.130000,1.000000,0.000000,70.140000,,24.000000,1.000000,0.000000,0.065000,0.400000,1.000000,27.000000,0.000000,8.000000,433.000000,89.528358,False,1.000000,1.000000,1.000000,0.787000,0.870000,0.760150,0.649300,0.940000,0.600000,0.904000,0.826800,0.920000,1.000000,,1.000000,1.000000,,,Good,5.000000,İzsu Narlıdere Teknik Amirlik,NARLIDERE,9.000000,35-BS-00-27-A1*A5-K1*K122-D1*D44-S1-I2,38.394150,27.009890,10.471642,,1.000000,9.000000,"Arsenik, Nitrit, Amonyum, Alüminyum, Demir, Klorür, İletkenlik, Oksitlenebilirlik, pH",0.000000,Good,Decision Tree,0.000000,1.000000,0.000000
2026-05-06,BALÇOVA,45.140000,0.030000,2.120000,1.000000,0.000000,69.630000,,24.000000,1.000000,0.000000,0.065000,0.400000,1.000000,27.000000,0.000000,8.000000,433.000000,89.532510,False,1.000000,1.000000,1.000000,0.788000,0.870000,0.774300,0.651850,0.940000,0.600000,0.904000,0.826800,0.920000,1.000000,,1.000000,1.000000,,,Good,6.000000,M.Pasa Cad. İle Hüseyin Ögütcen Kavşağı,BALÇOVA,1.000000,35-BS-00-26-A1*A5-K1*K122-D1*D44-S1-I2,38.394150,27.038360,10.467490,,1.000000,9.000000,"Arsenik, Nitrit, Amonyum, Alüminyum, Demir, Klorür, İletkenlik, Oksitlenebilirlik, pH",0.000000,Good,Decision Tree,0.000000,1.000000,0.000000
2026-05-06,ÜÇKUYULAR,47.400000,0.030000,2.070000,1.000000,0.000000,75.430000,,24.000000,1.000000,0.000000,0.065000,0.400000,1.000000,27.000000,0.000000,8.000000,432.000000,89.539268,False,1.000000,1.000000,1.000000,0.793000,0.870000,0.763000,0.622850,0.940000,0.600000,0.904000,0.827200,0.920000,1.000000,,1.000000,1.000000,,,Good,7.000000,65/17 Sok. No:45 Yumurtacı Ahmet Camii,KARABAĞLAR,59.000000,35-BS-00-30-A1*A5-K1*K122-D1*D44-S1-I6,38.393940,27.069370,10.460732,,1.000000,9.000000,"Arsenik, Nitrit, Amonyum, Alüminyum, Demir, Klorür, İletkenlik, Oksitlenebilirlik, pH",0.000000,Good,Decision Tree,0.000000,1.000000,0.000000
2026-05-06,GÜZELYALI,4.100000,0.030000,0.940000,1.000000,0.000000,67.580000,,24.000000,1.000000,0.000000,0.065000,0.400000,1.000000,28.000000,0.000000,8.000000,433.000000,89.823873,False,1.000000,1.000000,1.000000,0.906000,0.870000,0.979500,0.662100,0.940000,0.600000,0.904000,0.826800,0.920000,1.000000,,1.000000,1.000000,,,Good,8.000000,34.Sok. No:5 TSM Güzelyalı,KONAK,8.000000,35-BS-00-04-A1*A5-K1*K122-D1*D44-S1-I11,38.398080,27.079620,10.176127,,1.000000,9.000000,"Arsenik, Nitrit, Amonyum, Alüminyum, Demir, Klorür, İletkenlik, Oksitlenebilirlik, pH",0.000000,Good,Decision Tree,0.000000,1.000000,0.000000
2026-05-06,HATAY,4.450000,0.030000,1.850000,1.000000,0.000000,70.170000,,37.000000,1.000000,0.000000,0.065000,0.400000,1.000000,20.000000,0.000000,7.800000,409.000000,89.802228,False,1.000000,1.000000,1.000000,0.815000,0.870000,0.977750,0.649150,0.940000,0.680000,0.852000,0.836400,0.920000,1.000000,,1.000000,1.000000,,,Good,9.000000,İnönü Cad. İle 100 Sok. Kavşağı,KONAK,8.000000,35-BS-00-04-A1*A5-K1*K122-D1*D44-S1-I13,38.401640,27.099450,10.197772,,1.000000,9.000000,"Arsenik, Nitrit, Amonyum, Alüminyum, Demir, Klorür, İletkenlik, Oksitlenebilirlik, pH",0.000000,Good,Decision Tree,0.000000,1.000000,0.000000
2026-05-06,YEŞİLYURT,4.430000,0.030000,0.910000,1.000000,0.000000,70.450000,,37.000000,1.000000,0.000000,0.065000,0.400000,1.000000,21.000000,0.000000,7.800000,409.000000,90.014767,False,1.000000,1.000000,1.000000,0.909000,0.870000,0.977850,0.647750,0.940000,0.680000,0.852000,0.836400,0.920000,1.000000,,1.000000,1.000000,,,Good,11.000000,Ulu Önder Cad. İle Gökdere Cad.Kavşağı,KARABAĞLAR,59.000000,35-BS-00-30-A1*A5-K1*K122-D1*D44-S1-I7,38.404270,27.113010,9.985233,,1.000000,9.000000,"Arsenik, Nitrit, Amonyum, Alüminyum, Demir, Klorür, İletkenlik, Oksitlenebilirlik, pH",0.000000,Good,Decision Tree,0.000000,1.000000,0.000000
2026-05-06,KARABAĞLAR,4.660000,0.030000,0.910000,1.000000,0.000000,70.380000,,37.000000,1.000000,0.000000,0.065000,0.400000,1.000000,20.000000,0.000000,7.800000,409.000000,90.014677,False,1.000000,1.000000,1.000000,0.909000,0.870000,0.976700,0.648100,0.940000,0.680000,0.852000,0.836400,0.920000,1.000000,,1.000000,1.000000,,,Good,13.000000,4058 Sok. İle 4056 Sok. Kavşağı,KARABAĞLAR,59.000000,35-BS-00-30-A1*A5-K1*K122-D1*D44-S1-I8,38.374260,27.134100,9.985323,,1.000000,9.000000,"Arsenik, Nitrit, Amonyum, Alüminyum, Demir, Klorür, İletkenlik, Oksitlenebilirlik, pH",0.000000,Good,Decision Tree,0.000000,1.000000,0.000000
2026-05-06,ESKİ İZMİR,5.750000,0.030000,0.940000,1.000000,0.000000,73.990000,,37.000000,1.000000,0.000000,0.065000,0.400000,1.000000,20.000000,0.000000,7.800000,409.000000,90.005230,False,1.000000,1.000000,1.000000,0.906000,0.870000,0.971250,0.630050,0.940000,0.680000,0.852000,0.836400,0.920000,1.000000,,1.000000,1.000000,,,Good,14.000000,Eski Izmir Cad. No:562/A Kahve,KARABAĞLAR,59.000000,35-BS-00-30-A1*A5-K1*K122-D1*D44-S1-I3,38.376220,27.107190,9.994770,,1.000000,9.000000,"Arsenik, Nitrit, Amonyum, Alüminyum, Demir, Klorür, İletkenlik, Oksitlenebilirlik, pH",0.000000,Good,Decision Tree,0.000000,1.000000,0.000000
2026-05-06,GAZİEMİR,9.860000,0.030000,0.740000,1.000000,0.000000,121.900000,,37.000000,1.000000,0.000000,0.065000,0.400000,1.000000,21.000000,0.000000,7.800000,409.000000,90.021057,False,1.000000,1.000000,1.000000,0.926000,0.870000,0.950700,0.390500,0.940000,0.680000,0.852000,0.836400,0.920000,1.000000,,1.000000,1.000000,,,Good,15.000000,Abdullah Arda Meydanı No:29 Arkadaşlar Kahvesi,GAZİEMİR,5.000000,35-BS-00-25-A1*A5-K1*K122-D1*D44-S1-I4-Y1,38.321780,27.126430,9.978943,,1.000000,9.000000,"Arsenik, Nitrit, Amonyum, Alüminyum, Demir, Klorür, İletkenlik, Oksitlenebilirlik, pH",0.000000,Good,Decision Tree,0.000000,1.000000,0.000000
2026-05-06,GEDİZ,10.320000,0.030000,0.770000,1.000000,0.000000,141.800000,,52.000000,1.000000,0.000000,0.065000,0.400000,1.000000,15.000000,0.000000,7.500000,351.000000,90.283337,False,1.000000,1.000000,1.000000,0.923000,0.870000,0.948400,0.291000,0.940000,0.800000,0.792000,0.859600,0.920000,1.000000,,1.000000,1.000000,,,Good,16.000000,682/4 Sok. No:2 Gediz,BUCA,3.000000,35-BS-00-02-A1*A5-K1*K122-D1*D44-S1-I10,38.361880,27.144380,9.716663,,1.000000,9.000000,"Arsenik, Nitrit, Amonyum, Alüminyum, Demir, Klorür, İletkenlik, Oksitlenebilirlik, pH",0.000000,Good,Decision Tree,0.000000,1.000000,0.000000
2026-05-06,ŞİRİNYER,9.920000,0.030000,0.710000,1.000000,0.000000,119.100000,,52.000000,1.000000,0.000000,0.065000,0.400000,1.000000,15.000000,0.000000,7.500000,351.000000,90.309979,False,1.000000,1.000000,1.000000,0.929000,0.870000,0.950400,0.404500,0.940000,0.800000,0.792000,0.859600,0.920000,1.000000,,1.000000,1.000000,,,Good,17.000000,Koşuyolu Cad. Efeler Mah. No:41 Avni Naili Limboz Camii,BUCA,3.000000,35-BS-00-02-A1*A5-K1*K122-D1*D44-S1-I6,38.391680,27.150310,9.690021,,1.000000,9.000000,"Arsenik, Nitrit, Amonyum, Alüminyum, Demir, Klorür, İletkenlik, Oksitlenebilirlik, pH",0.000000,Good,Decision Tree,0.000000,1.000000,0.000000
2026-05-06,BUCA,11.250000,0.030000,0.790000,1.000000,0.000000,170.500000,,52.000000,1.000000,0.000000,0.065000,0.400000,1.000000,15.000000,0.000000,7.500000,350.000000,90.262055,False,1.000000,1.000000,1.000000,0.921000,0.870000,0.943750,0.147500,0.940000,0.800000,0.792000,0.860000,0.920000,1.000000,,1.000000,1.000000,,,Good,18.000000,Başarı Cad.İle 170. Sok.Kavşağı,BUCA,3.000000,35-BS-00-02-A1*A5-K1*K122-D1*D44-S1-I1,38.389300,27.176440,9.737945,,1.000000,9.000000,"Arsenik, Nitrit, Amonyum, Alüminyum, Demir, Klorür, İletkenlik, Oksitlenebilirlik, pH",0.000000,Good,Decision Tree,0.000000,1.000000,0.000000
2026-05-06,GÜLÇEŞME,7.040000,0.030000,3.710000,1.000000,0.000000,59.580000,,52.000000,1.000000,0.000000,0.065000,0.400000,1.000000,15.000000,0.000000,7.500000,350.000000,89.666495,False,1.000000,1.000000,1.000000,0.629000,0.870000,0.964800,0.702100,0.940000,0.800000,0.792000,0.860000,0.920000,1.000000,,1.000000,1.000000,,,Good,19.000000,3586 Sok. No:1 Gürçeşme,KONAK,8.000000,35-BS-00-04-A1*A5-K1*K122-D1*D44-S1-I15,38.404510,27.151350,10.333505,,1.000000,9.000000,"Arsenik, Nitrit, Amonyum, Alüminyum, Demir, Klorür, İletkenlik, Oksitlenebilirlik, pH",0.000000,Good,Decision Tree,0.000000,1.000000,0.000000
2026-05-06,GÜLTEPE,4.470000,0.030000,3.370000,1.000000,0.000000,50.530000,,51.000000,1.000000,0.000000,0.065000,0.400000,1.000000,15.000000,0.000000,7.500000,349.000000,89.750362,False,1.000000,1.000000,1.000000,0.663000,0.870000,0.977650,0.747350,0.940000,0.800000,0.796000,0.860400,0.920000,1.000000,,1.000000,1.000000,,,Good,20.000000,Selimiye Cad. No:30/B Gültepe,KONAK,8.000000,35-BS-00-04-A1*A5-K1*K122-D1*D44-S1-I16,38.416220,27.172680,10.249638,,1.000000,9.000000,"Arsenik, Nitrit, Amonyum, Alüminyum, Demir, Klorür, İletkenlik, Oksitlenebilirlik, pH",0.000000,Good,Decision Tree,0.000000,1.000000,0.000000
2026-05-06,ALTINDAĞ,18.850000,0.030000,0.720000,1.000000,0.000000,87.410000,,25.000000,1.000000,0.000000,0.065000,0.600000,1.000000,36.000000,0.000000,7.400000,617.000000,90.243661,False,1.000000,1.000000,1.000000,0.928000,0.870000,0.905750,0.562950,0.940000,0.840000,0.900000,0.753200,0.880000,1.000000,,1.000000,1.000000,,,Good,21.000000,Kemalpaşa Cad. No: 46,BORNOVA,2.000000,35-BS-00-01-A1*A5-K1*K122-D1*D44-S1-I9,38.425580,27.202560,9.756339,,1.000000,9.000000,"Arsenik, Nitrit, Amonyum, Alüminyum, Demir, Klorür, İletkenlik, Oksitlenebilirlik, pH",0.000000,Good,Decision Tree,0.000000,1.000000,0.000000
2026-05-06,ÇAMDİBİ,9.910000,0.030000,4.440000,1.000000,0.000000,141.200000,,25.000000,1.000000,0.000000,0.065000,0.600000,1.000000,35.000000,0.000000,7.400000,618.000000,89.376595,False,1.000000,1.000000,1.000000,0.556000,0.870000,0.950450,0.294000,0.940000,0.840000,0.900000,0.752800,0.880000,1.000000,,1.000000,1.000000,,,Good,22.000000,5227 Sok. No:35/C Çamdibi,BORNOVA,2.000000,35-BS-00-01-A1*A5-K1*K122-D1*D44-S1-I12,38.435530,27.191010,10.623405,,1.000000,9.000000,"Arsenik, Nitrit, Amonyum, Alüminyum, Demir, Klorür, İletkenlik, Oksitlenebilirlik, pH",0.000000,Good,Decision Tree,0.000000,1.000000,0.000000
2026-05-06,IŞIKKENT,11.310000,0.030000,0.580000,1.000000,0.000000,68.520000,,25.000000,1.000000,0.000000,0.065000,0.600000,1.000000,35.000000,0.000000,7.400000,619.000000,90.290281,False,1.000000,1.000000,1.000000,0.942000,0.870000,0.943450,0.657400,0.940000,0.840000,0.900000,0.752400,0.880000,1.000000,,1.000000,1.000000,,,Good,23.000000,Cumhuriyet Meydanı No:16  Işıkkent,BORNOVA,2.000000,35-BS-00-01-A1*A5-K1*K122-D1*D44-S1-I8,38.424540,27.230760,9.709719,,1.000000,9.000000,"Arsenik, Nitrit, Amonyum, Alüminyum, Demir, Klorür, İletkenlik, Oksitlenebilirlik, pH",0.000000,Good,Decision Tree,0.000000,1.000000,0.000000
2026-05-06,PINARBAŞI,9.230000,0.030000,0.670000,1.000000,0.000000,91.990000,,25.000000,1.000000,0.000000,0.065000,0.600000,1.000000,36.000000,0.000000,7.400000,619.000000,90.257818,False,1.000000,1.000000,1.000000,0.933000,0.870000,0.953850,0.540050,0.940000,0.840000,0.900000,0.752400,0.880000,1.000000,,1.000000,1.000000,,,Good,24.000000,Çanakkale Cad.İle 7057 Sok KavsağıPınarbaşı,BORNOVA,2.000000,35-BS-00-01-A1*A5-K1*K122-D1*D44-S1-I10,38.429880,27.266470,9.742182,,1.000000,9.000000,"Arsenik, Nitrit, Amonyum, Alüminyum, Demir, Klorür, İletkenlik, Oksitlenebilirlik, pH",0.000000,Good,Decision Tree,0.000000,1.000000,0.000000
2026-05-06,EVKA-3,8.470000,0.030000,2.810000,1.000000,0.000000,75.200000,,25.000000,1.000000,0.000000,0.065000,0.600000,1.000000,34.000000,0.000000,7.400000,620.000000,89.783541,False,1.000000,1.000000,1.000000,0.719000,0.870000,0.957650,0.624000,0.940000,0.840000,0.900000,0.752000,0.880000,1.000000,,1.000000,1.000000,,,Good,25.000000,Şehitler Cad. No:22 H.Mustafa Gökdemir Camii Evka-3,BORNOVA,2.000000,35-BS-00-01-A1*A5-K1*K122-D1*D44-S1-I2,38.473220,27.250940,10.216459,,1.000000,9.000000,"Arsenik, Nitrit, Amonyum, Alüminyum, Demir, Klorür, İletkenlik, Oksitlenebilirlik, pH",0.000000,Good,Decision Tree,0.000000,1.000000,0.000000
2026-05-06,BORNOVA,11.110000,0.030000,2.760000,1.000000,0.000000,100.500000,,25.000000,1.000000,0.000000,0.065000,0.600000,1.000000,34.000000,0.000000,7.400000,620.000000,89.779050,False,1.000000,1.000000,1.000000,0.724000,0.870000,0.944450,0.497500,0.940000,0.840000,0.900000,0.752000,0.880000,1.000000,,1.000000,1.000000,,,Good,26.000000,Ege Üni.Kampüsü İtfaiye Çeşmesi/İzsu Teknik Amirlik,BORNOVA,2.000000,35-BS-00-01-A1*A5-K1*K122-D1*D44-S1-I11,38.460950,27.228200,10.220950,,1.000000,9.000000,"Arsenik, Nitrit, Amonyum, Alüminyum, Demir, Klorür, İletkenlik, Oksitlenebilirlik, pH",0.000000,Good,Decision Tree,0.000000,1.000000,0.000000
2026-05-06,ATATÜRK MAH,9.210000,0.030000,5.980000,1.000000,0.000000,82.490000,,25.000000,1.000000,0.000000,0.065000,0.600000,1.000000,34.000000,0.000000,7.400000,620.000000,89.061750,False,1.000000,1.000000,1.000000,0.402000,0.870000,0.953950,0.587550,0.940000,0.840000,0.900000,0.752000,0.880000,1.000000,,1.000000,1.000000,,,Good,27.000000,Hürriyet Cad. Polis Mer. No:86 Atatürk,BORNOVA,2.000000,35-BS-00-01-A1*A5-K1*K122-D1*D44-S1-I13,38.475820,27.208680,10.938250,,1.000000,9.000000,"Arsenik, Nitrit, Amonyum, Alüminyum, Demir, Klorür, İletkenlik, Oksitlenebilirlik, pH",0.000000,Good,Decision Tree,0.000000,1.000000,0.000000
2026-05-06,OSMANGAZİ,10.340000,0.030000,3.230000,1.000000,0.000000,69.820000,,25.000000,1.000000,0.000000,0.065000,0.600000,1.000000,34.000000,0.000000,7.400000,620.000000,89.690497,False,1.000000,1.000000,1.000000,0.677000,0.870000,0.948300,0.650900,0.940000,0.840000,0.900000,0.752000,0.880000,1.000000,,1.000000,1.000000,,,Good,28.000000,Yavuz Cad. 241/C  Osmangazi,BAYRAKLI,60.000000,35-BS-00-29-A1*A5-K1*K122-D1*D44-S1-I6,38.475430,27.187450,10.309503,,1.000000,9.000000,"Arsenik, Nitrit, Amonyum, Alüminyum, Demir, Klorür, İletkenlik, Oksitlenebilirlik, pH",0.000000,Good,Decision Tree,0.000000,1.000000,0.000000
2026-05-06,ÖZKANLAR,7.670000,0.030000,3.210000,1.000000,0.000000,76.940000,,25.000000,1.000000,0.000000,0.065000,0.600000,1.000000,34.000000,0.000000,7.400000,620.000000,89.692505,False,1.000000,1.000000,1.000000,0.679000,0.870000,0.961650,0.615300,0.940000,0.840000,0.900000,0.752000,0.880000,1.000000,,1.000000,1.000000,,,Good,29.000000,273/4 No:6 Aile Sağlığı Merkezi Özkanlar,BAYRAKLI,60.000000,35-BS-00-29-A1*A5-K1*K122-D1*D44-S1-I10,38.458040,27.191060,10.307495,,1.000000,9.000000,"Arsenik, Nitrit, Amonyum, Alüminyum, Demir, Klorür, İletkenlik, Oksitlenebilirlik, pH",0.000000,Good,Decision Tree,0.000000,1.000000,0.000000
2026-05-06,MANAVKUYU,6.580000,0.030000,6.490000,1.000000,0.000000,126.070000,,25.000000,1.000000,0.000000,0.065000,0.600000,1.000000,35.000000,0.000000,7.400000,616.000000,88.923208,False,1.000000,1.000000,1.000000,0.351000,0.870000,0.967100,0.369650,0.940000,0.840000,0.900000,0.753600,0.880000,1.000000,,1.000000,1.000000,,,Good,30.000000,Sakarya Cad.No:112 Manavkuyu,BAYRAKLI,60.000000,35-BS-00-29-A1*A5-K1*K122-D1*D44-S1-I8,38.457390,27.186910,11.076792,,1.000000,9.000000,"Arsenik, Nitrit, Amonyum, Alüminyum, Demir, Klorür, İletkenlik, Oksitlenebilirlik, pH",0.000000,Good,Decision Tree,0.000000,1.000000,0.000000
2026-05-06,EGEKENT,5.060000,0.030000,5.600000,1.000000,0.000000,31.790000,,37.000000,1.000000,0.000000,0.065000,0.600000,1.000000,35.000000,0.100000,7.400000,702.000000,89.174114,False,1.000000,1.000000,1.000000,0.440000,0.870000,0.974700,0.841050,0.940000,0.840000,0.852000,0.719200,0.880000,1.000000,,1.000000,1.000000,,,Good,32.000000,8819 Sok. No:13 Egekent,ÇİĞLİ,4.000000,35-BS-00-24-A1*A5-K1*K122-D1*D44-S1-I7,38.504140,27.058100,10.825886,,1.000000,9.000000,"Arsenik, Nitrit, Amonyum, Alüminyum, Demir, Klorür, İletkenlik, Oksitlenebilirlik, pH",0.000000,Good,Decision Tree,0.000000,1.000000,0.000000
2026-05-06,BALATÇIK,5.290000,0.030000,5.670000,1.000000,0.000000,30.630000,,37.000000,1.000000,0.000000,0.065000,0.600000,1.000000,35.000000,0.100000,7.400000,702.000000,89.158802,False,1.000000,1.000000,1.000000,0.433000,0.870000,0.973550,0.846850,0.940000,0.840000,0.852000,0.719200,0.880000,1.000000,,1.000000,1.000000,,,Good,33.000000,8790/5 Sok. 9 Eylül Camii Balatçık,ÇİĞLİ,4.000000,35-BS-00-24-A1*A5-K1*K122-D1*D44-S1-I2-Y1,38.511900,27.045600,10.841198,,1.000000,9.000000,"Arsenik, Nitrit, Amonyum, Alüminyum, Demir, Klorür, İletkenlik, Oksitlenebilirlik, pH",0.000000,Good,Decision Tree,0.000000,1.000000,0.000000
2026-05-06,ÇİĞLİ,6.630000,0.030000,5.500000,1.000000,0.000000,31.450000,,37.000000,1.000000,0.000000,0.065000,0.600000,1.000000,35.000000,0.100000,7.400000,702.000000,89.196045,False,1.000000,1.000000,1.000000,0.450000,0.870000,0.966850,0.842750,0.940000,0.840000,0.852000,0.719200,0.880000,1.000000,,1.000000,1.000000,,,Good,34.000000,8022/1 Sok. No:8/1-B Ataşehir,ÇİĞLİ,4.000000,35-BS-00-24-A1*A5-K1*K122-D1*D44-S1-I3-IY1,38.492860,27.060890,10.803955,,1.000000,9.000000,"Arsenik, Nitrit, Amonyum, Alüminyum, Demir, Klorür, İletkenlik, Oksitlenebilirlik, pH",0.000000,Good,Decision Tree,0.000000,1.000000,0.000000
2026-05-06,ŞEMİKLER,7.980000,0.030000,6.970000,1.000000,0.000000,145.160000,,25.000000,1.000000,0.000000,0.065000,0.600000,1.000000,34.000000,0.000000,7.400000,619.000000,88.803001,False,1.000000,1.000000,1.000000,0.303000,0.870000,0.960100,0.274200,0.940000,0.840000,0.900000,0.752400,0.880000,1.000000,,1.000000,1.000000,,,Good,36.000000,6276 Sok.İle 6279 Sok Kavşağı,KARŞIYAKA,7.000000,35-BS-00-03-A1*A5-K1*K122-D1*D44-S1-I4,38.477100,27.093760,11.196999,,1.000000,9.000000,"Arsenik, Nitrit, Amonyum, Alüminyum, Demir, Klorür, İletkenlik, Oksitlenebilirlik, pH",0.000000,Good,Decision Tree,0.000000,1.000000,0.000000
2026-05-06,KARŞIYAKA,14.540000,0.030000,7.240000,1.000000,0.000000,155.400000,,25.000000,1.000000,0.000000,0.065000,0.600000,1.000000,34.000000,0.000000,7.400000,618.000000,88.732411,False,1.000000,1.000000,1.000000,0.276000,0.870000,0.927300,0.223000,0.940000,0.840000,0.900000,0.752800,0.880000,1.000000,,1.000000,1.000000,,,Good,37.000000,Atatürk Cad. İle Zübeyde Hanim Cad.Kavşağı,KARŞIYAKA,7.000000,35-BS-00-03-A1*A5-K1*K122-D1*D44-S1-I5,38.461670,27.116100,11.267589,,1.000000,9.000000,"Arsenik, Nitrit, Amonyum, Alüminyum, Demir, Klorür, İletkenlik, Oksitlenebilirlik, pH",0.000000,Good,Decision Tree,0.000000,1.000000,0.000000
2026-05-06,EVKA-2,6.680000,0.030000,6.630000,1.000000,0.000000,123.200000,,25.000000,1.000000,0.000000,0.065000,0.600000,1.000000,34.000000,0.000000,7.500000,617.000000,88.797826,False,1.000000,1.000000,1.000000,0.337000,0.870000,0.966600,0.384000,0.940000,0.800000,0.900000,0.753200,0.880000,1.000000,,1.000000,1.000000,,,Good,38.000000,6800 Sok. No:9 Sağlık Ocağı Evka 2,ÇİĞLİ,4.000000,35-BS-00-24-A1*A5-K1*K122-D1*D44-S1-I5,38.499050,27.087510,11.202174,,1.000000,9.000000,"Arsenik, Nitrit, Amonyum, Alüminyum, Demir, Klorür, İletkenlik, Oksitlenebilirlik, pH",0.000000,Good,Decision Tree,0.000000,1.000000,0.000000
2026-05-06,ÖRNEKKÖY,8.480000,0.030000,3.140000,1.000000,0.000000,71.600000,,25.000000,1.000000,0.000000,0.065000,0.600000,1.000000,34.000000,0.000000,7.500000,616.000000,89.615652,False,1.000000,1.000000,1.000000,0.686000,0.870000,0.957600,0.642000,0.940000,0.800000,0.900000,0.753600,0.880000,1.000000,,1.000000,1.000000,,,Good,39.000000,Başpehlivan Kara Ali Cad. No:25/A,KARŞIYAKA,7.000000,35-BS-00-03-A1*A5-K1*K122-D1*D44-S1-I6,38.482130,27.111060,10.384348,,1.000000,9.000000,"Arsenik, Nitrit, Amonyum, Alüminyum, Demir, Klorür, İletkenlik, Oksitlenebilirlik, pH",0.000000,Good,Decision Tree,0.000000,1.000000,0.000000
2026-05-06,GÜMÜŞPALA,8.700000,0.030000,6.170000,1.000000,0.000000,99.780000,,25.000000,1.000000,0.000000,0.065000,0.600000,1.000000,34.000000,0.000000,7.400000,614.000000,89.009290,False,1.000000,1.000000,1.000000,0.383000,0.870000,0.956500,0.501100,0.940000,0.840000,0.900000,0.754400,0.880000,1.000000,,1.000000,1.000000,,,Good,40.000000,7019 Sok. No:20/3 Merkez Cami Gümüşpala,BAYRAKLI,60.000000,35-BS-00-29-A1*A5-K1*K122-D1*D44-S1-I7,38.479310,27.109960,10.990710,,1.000000,9.000000,"Arsenik, Nitrit, Amonyum, Alüminyum, Demir, Klorür, İletkenlik, Oksitlenebilirlik, pH",0.000000,Good,Decision Tree,0.000000,1.000000,0.000000
2026-05-13,DOĞANÇAY,3.100000,0.030000,5.280000,1.000000,0.000000,31.770000,,27.000000,1.000000,0.000000,0.065000,0.600000,1.000000,35.000000,0.100000,7.500000,693.000000,89.156023,False,1.000000,1.000000,1.000000,0.472000,0.870000,0.984500,0.841150,0.940000,0.800000,0.892000,0.722800,0.880000,1.000000,,1.000000,1.000000,,,Good,41.000000,7191 Sok. No:1/A Doğançay,BAYRAKLI,60.000000,35-BS-00-29-A1*A5-K1*K122-D1*D44-S1-I1,38.495500,27.155140,10.843977,,1.000000,9.000000,"Arsenik, Nitrit, Amonyum, Alüminyum, Demir, Klorür, İletkenlik, Oksitlenebilirlik, pH",0.000000,Good,Decision Tree,0.000000,1.000000,0.000000
2026-05-13,YAMANLAR,2.290000,0.030000,5.360000,1.000000,0.000000,30.690000,,27.000000,1.000000,0.000000,0.065000,0.600000,1.000000,35.000000,0.100000,7.500000,696.000000,89.138980,False,1.000000,1.000000,1.000000,0.464000,0.870000,0.988550,0.846550,0.940000,0.800000,0.892000,0.721600,0.880000,1.000000,,1.000000,1.000000,,,Good,42.000000,7348 Sok. No:2 Polis Merkezi Yamanlar,BAYRAKLI,60.000000,35-BS-00-29-A1*A5-K1*K122-D1*D44-S1-I2,38.481110,27.132940,10.861020,,1.000000,9.000000,"Arsenik, Nitrit, Amonyum, Alüminyum, Demir, Klorür, İletkenlik, Oksitlenebilirlik, pH",0.000000,Good,Decision Tree,0.000000,1.000000,0.000000
2026-05-13,POSTACI MAH,1.790000,0.030000,5.360000,1.000000,0.000000,30.010000,,27.000000,1.000000,0.000000,0.065000,0.600000,1.000000,35.000000,0.100000,7.500000,695.000000,89.139651,False,1.000000,1.000000,1.000000,0.464000,0.870000,0.991050,0.849950,0.940000,0.800000,0.892000,0.722000,0.880000,1.000000,,1.000000,1.000000,,,Good,43.000000,7659/2 Sok. No:1/B Postacılar Mah.,BAYRAKLI,60.000000,35-BS-00-29-A1*A5*-K1*K122-D1*D44-S1-I3-IY1,38.482170,27.119910,10.860349,,1.000000,9.000000,"Arsenik, Nitrit, Amonyum, Alüminyum, Demir, Klorür, İletkenlik, Oksitlenebilirlik, pH",0.000000,Good,Decision Tree,0.000000,1.000000,0.000000
2026-05-13,YAMAÇ MAH,1.800000,0.030000,5.320000,1.000000,0.000000,30.280000,,27.000000,1.000000,0.000000,0.065000,0.600000,1.000000,35.000000,0.100000,7.500000,693.000000,89.148551,False,1.000000,1.000000,1.000000,0.468000,0.870000,0.991000,0.848600,0.940000,0.800000,0.892000,0.722800,0.880000,1.000000,,1.000000,1.000000,,,Good,44.000000,6730 Sok. No:6/A Yamaç Mah.,KARŞIYAKA,7.000000,35-BS-00-03-A1*A5-K1*K122-D1*D44-S1-I1,38.483710,27.099770,10.851449,,1.000000,9.000000,"Arsenik, Nitrit, Amonyum, Alüminyum, Demir, Klorür, İletkenlik, Oksitlenebilirlik, pH",0.000000,Good,Decision Tree,0.000000,1.000000,0.000000
2026-05-13,CUMHURİYET MAH,3.390000,0.030000,5.320000,1.000000,0.000000,31.280000,,27.000000,1.000000,0.000000,0.065000,0.600000,1.000000,35.000000,0.100000,7.500000,698.000000,89.147067,False,1.000000,1.000000,1.000000,0.468000,0.870000,0.983050,0.843600,0.940000,0.800000,0.892000,0.720800,0.880000,1.000000,,1.000000,1.000000,,,Good,45.000000,Alim Dağhan Cd. İle 6716 Sok. Kvs.,KARŞIYAKA,7.000000,35-BS-00-03-A1*A5-K1*K122-D1*D44-S1-I2,38.485320,27.096540,10.852933,,1.000000,9.000000,"Arsenik, Nitrit, Amonyum, Alüminyum, Demir, Klorür, İletkenlik, Oksitlenebilirlik, pH",0.000000,Good,Decision Tree,0.000000,1.000000,0.000000
2026-05-13,GÜZELTEPE,2.540000,0.030000,5.430000,1.000000,0.000000,31.480000,,27.000000,1.000000,0.000000,0.065000,0.600000,1.000000,35.000000,0.100000,7.500000,699.000000,89.122543,False,1.000000,1.000000,1.000000,0.457000,0.870000,0.987300,0.842600,0.940000,0.800000,0.892000,0.720400,0.880000,1.000000,,1.000000,1.000000,,,Good,46.000000,8172 Sok. No:90/1 Güzeltepe,ÇİĞLİ,4.000000,35-BS-00-24-A1*A5-K1*K122-D1*D44-S1-I4-IY1,38.502720,27.077990,10.877457,,1.000000,9.000000,"Arsenik, Nitrit, Amonyum, Alüminyum, Demir, Klorür, İletkenlik, Oksitlenebilirlik, pH",0.000000,Good,Decision Tree,0.000000,1.000000,0.000000
2026-05-13,EVKA-5,2.150000,0.030000,6.270000,1.000000,0.000000,37.250000,,43.000000,1.000000,0.000000,0.065000,0.800000,1.000000,39.000000,0.200000,7.400000,803.000000,88.837530,False,1.000000,1.000000,1.000000,0.373000,0.870000,0.989250,0.813750,0.940000,0.840000,0.828000,0.678800,0.840000,1.000000,,1.000000,1.000000,,,Good,47.000000,8809 Sok. No:141/A Evka-5,ÇİĞLİ,4.000000,35-BS-00-24-A1*A5-K1*K122-D1*D44-S1-I8-IY1,38.518190,27.056590,11.162470,,1.000000,9.000000,"Arsenik, Nitrit, Amonyum, Alüminyum, Demir, Klorür, İletkenlik, Oksitlenebilirlik, pH",0.000000,Good,Decision Tree,0.000000,1.000000,0.000000
2026-05-13,EGEKENT-2,2.540000,0.030000,6.470000,1.000000,0.000000,39.650000,,43.000000,1.000000,0.000000,0.065000,0.800000,1.000000,39.000000,0.200000,7.400000,801.000000,88.790706,False,1.000000,1.000000,1.000000,0.353000,0.870000,0.987300,0.801750,0.940000,0.840000,0.828000,0.679600,0.840000,1.000000,,1.000000,1.000000,,,Good,48.000000,8818 Sok. No:38 6 Nolu Sağlık Ocağı Egekent,ÇİĞLİ,4.000000,35-BS-00-24-A1*A5-K1*K122-D1*D44-S1-I6,38.555690,27.049780,11.209294,,1.000000,9.000000,"Arsenik, Nitrit, Amonyum, Alüminyum, Demir, Klorür, İletkenlik, Oksitlenebilirlik, pH",0.000000,Good,Decision Tree,0.000000,1.000000,0.000000
2026-05-13,ALAYBEY,4.350000,0.030000,5.410000,1.000000,0.000000,34.260000,,27.000000,1.000000,0.000000,0.065000,0.600000,1.000000,35.000000,0.100000,7.500000,698.000000,89.124475,False,1.000000,1.000000,1.000000,0.459000,0.870000,0.978250,0.828700,0.940000,0.800000,0.892000,0.720800,0.880000,1.000000,,1.000000,1.000000,,,Good,49.000000,1643/7 Sok. No:8 Adalet Mah.,BAYRAKLI,60.000000,35-BS-00-03-A1*A5-K1*K122-D1*D44-S1-13-IY1,38.466750,27.159340,10.875525,,1.000000,9.000000,"Arsenik, Nitrit, Amonyum, Alüminyum, Demir, Klorür, İletkenlik, Oksitlenebilirlik, pH",0.000000,Good,Decision Tree,0.000000,1.000000,0.000000
2026-05-13,CENGİZHAN,2.580000,0.030000,5.420000,1.000000,0.000000,30.430000,,27.000000,1.000000,0.000000,0.065000,0.600000,1.000000,35.000000,0.100000,7.500000,693.000000,89.125398,False,1.000000,1.000000,1.000000,0.458000,0.870000,0.987100,0.847850,0.940000,0.800000,0.892000,0.722800,0.880000,1.000000,,1.000000,1.000000,,,Good,50.000000,1620/19 İle 1620/39 Sok. Kavsağı Cengizhan,BAYRAKLI,60.000000,35-BS-00-29-A1*A5-K1*K122-D1*D44-S1-I4,38.473400,27.158880,10.874602,,1.000000,9.000000,"Arsenik, Nitrit, Amonyum, Alüminyum, Demir, Klorür, İletkenlik, Oksitlenebilirlik, pH",0.000000,Good,Decision Tree,0.000000,1.000000,0.000000
2026-05-13,ÇAY MAH,2.010000,0.030000,5.460000,1.000000,0.000000,30.690000,,27.000000,1.000000,0.000000,0.065000,0.600000,1.000000,35.000000,0.100000,7.500000,698.000000,89.116505,False,1.000000,1.000000,1.000000,0.454000,0.870000,0.989950,0.846550,0.940000,0.800000,0.892000,0.720800,0.880000,1.000000,,1.000000,1.000000,,,Good,51.000000,Hakan Uysal Cad. No:273/1 Çay Mahallesi,BAYRAKLI,60.000000,35-BS-00-29-A1*A5-K1*K122-D1*D44-S1-I5,38.470860,27.180440,10.883495,,1.000000,9.000000,"Arsenik, Nitrit, Amonyum, Alüminyum, Demir, Klorür, İletkenlik, Oksitlenebilirlik, pH",0.000000,Good,Decision Tree,0.000000,1.000000,0.000000
2026-05-13,İZYUVA,2.730000,0.030000,5.120000,1.000000,0.000000,23.610000,,31.000000,1.000000,0.000000,0.065000,0.600000,1.000000,36.000000,0.100000,7.300000,708.000000,89.386083,False,1.000000,1.000000,1.000000,0.488000,0.870000,0.986350,0.881950,0.940000,0.880000,0.876000,0.716800,0.880000,1.000000,,1.000000,1.000000,,,Good,52.000000,113/19 Sok. No:10 İzyuva,BORNOVA,2.000000,35-BS-00-01-A1*A5-K1*K122-D1*D44-S1-I7,38.464570,27.249790,10.613917,,1.000000,9.000000,"Arsenik, Nitrit, Amonyum, Alüminyum, Demir, Klorür, İletkenlik, Oksitlenebilirlik, pH",0.000000,Good,Decision Tree,0.000000,1.000000,0.000000
2026-05-13,NALDÖKEN,2.950000,0.030000,5.030000,1.000000,0.000000,23.810000,,31.000000,1.000000,0.000000,0.065000,0.600000,1.000000,36.000000,0.100000,7.300000,702.000000,89.406231,False,1.000000,1.000000,1.000000,0.497000,0.870000,0.985250,0.880950,0.940000,0.880000,0.876000,0.719200,0.880000,1.000000,,1.000000,1.000000,,,Good,53.000000,Ankara Cad. İle Atatürk Cad. Kav.,BORNOVA,2.000000,35-BS-00-01-A1*A5-K1*K122-D1*D44-S1-I6,38.452100,27.266070,10.593769,,1.000000,9.000000,"Arsenik, Nitrit, Amonyum, Alüminyum, Demir, Klorür, İletkenlik, Oksitlenebilirlik, pH",0.000000,Good,Decision Tree,0.000000,1.000000,0.000000
2026-05-13,YEŞİLÇAM,11.770000,0.030000,0.940000,1.000000,0.000000,95.850000,,46.000000,1.000000,0.000000,0.065000,0.400000,1.000000,13.000000,0.000000,7.500000,380.000000,90.272111,False,1.000000,1.000000,1.000000,0.906000,0.870000,0.941150,0.520750,0.940000,0.800000,0.816000,0.848000,0.920000,1.000000,,1.000000,1.000000,,,Good,54.000000,Mrk. Bornova Jandarma Komando Ambarlar Yanı,BORNOVA,2.000000,35-BS-00-01-A1*A5-K1*K122-D1*D44-S1-IY1,38.445680,27.289280,9.727889,,1.000000,9.000000,"Arsenik, Nitrit, Amonyum, Alüminyum, Demir, Klorür, İletkenlik, Oksitlenebilirlik, pH",0.000000,Good,Decision Tree,0.000000,1.000000,0.000000
2026-05-13,MEVLANA,3.090000,0.030000,5.120000,1.000000,0.000000,24.350000,,27.000000,1.000000,0.000000,0.065000,0.600000,1.000000,35.000000,0.100000,7.500000,694.000000,89.196424,False,1.000000,1.000000,1.000000,0.488000,0.870000,0.984550,0.878250,0.940000,0.800000,0.892000,0.722400,0.880000,1.000000,,1.000000,1.000000,,,Good,55.000000,1754 Sok. No:25 Asm Mevlana,BORNOVA,2.000000,35-BS-00-01-A1*A5-K1*K122-D1*D44-S1-I4,38.448220,27.230660,10.803576,,1.000000,9.000000,"Arsenik, Nitrit, Amonyum, Alüminyum, Demir, Klorür, İletkenlik, Oksitlenebilirlik, pH",0.000000,Good,Decision Tree,0.000000,1.000000,0.000000
2026-05-13,YEŞİLOVA,3.470000,0.030000,5.100000,1.000000,0.000000,23.530000,,31.000000,1.000000,0.000000,0.065000,0.600000,1.000000,36.000000,0.100000,7.300000,704.000000,89.390250,False,1.000000,1.000000,1.000000,0.490000,0.870000,0.982650,0.882350,0.940000,0.880000,0.876000,0.718400,0.880000,1.000000,,1.000000,1.000000,,,Good,56.000000,A.İpekçi Cd. İle 4040 Sok. Kvs. Yesilova,BORNOVA,2.000000,35-BS-00-01-A1*A5-K1*K122-D1*D44-S1-I3,38.440370,27.201350,10.609750,,1.000000,9.000000,"Arsenik, Nitrit, Amonyum, Alüminyum, Demir, Klorür, İletkenlik, Oksitlenebilirlik, pH",0.000000,Good,Decision Tree,0.000000,1.000000,0.000000
2026-05-13,MERSİNLİ,3.440000,0.030000,5.130000,1.000000,0.000000,24.210000,,31.000000,1.000000,0.000000,0.065000,0.600000,1.000000,36.000000,0.100000,7.300000,707.000000,89.383083,False,1.000000,1.000000,1.000000,0.487000,0.870000,0.982800,0.878950,0.940000,0.880000,0.876000,0.717200,0.880000,1.000000,,1.000000,1.000000,,,Good,57.000000,Fatih cd. İle Beyazıt Cd. Tuğlacı Önü Mersinli,BORNOVA,2.000000,35-BS-00-01-A1*A5-K1*K122-D1*D44-S1-I14,38.440000,27.180530,10.616917,,1.000000,9.000000,"Arsenik, Nitrit, Amonyum, Alüminyum, Demir, Klorür, İletkenlik, Oksitlenebilirlik, pH",0.000000,Good,Decision Tree,0.000000,1.000000,0.000000
2026-05-13,ÇANKAYA,5.390000,0.030000,5.540000,1.000000,0.000000,27.370000,,27.000000,1.000000,0.000000,0.065000,0.600000,1.000000,35.000000,0.100000,7.400000,689.000000,89.193671,False,1.000000,1.000000,1.000000,0.446000,0.870000,0.973050,0.863150,0.940000,0.840000,0.892000,0.724400,0.880000,1.000000,,1.000000,1.000000,,,Good,59.000000,Hürriyet Bulvarı No:14/E,KONAK,8.000000,35-BS-00-04-A1*A5-K1*K122-D1*D44-S1-IY-1,38.424780,27.142050,10.806329,,1.000000,9.000000,"Arsenik, Nitrit, Amonyum, Alüminyum, Demir, Klorür, İletkenlik, Oksitlenebilirlik, pH",0.000000,Good,Decision Tree,0.000000,1.000000,0.000000
2026-05-13,TOROS,2.810000,0.030000,5.530000,1.000000,0.000000,47.940000,,30.000000,1.000000,0.000000,0.065000,0.600000,1.000000,28.000000,0.000000,7.400000,599.000000,89.184997,False,1.000000,1.000000,1.000000,0.447000,0.870000,0.985950,0.760300,0.940000,0.840000,0.880000,0.760400,0.880000,1.000000,,1.000000,1.000000,,,Good,60.000000,Dicle Cad. No:88 Aile Sağlığı Merkezi,KONAK,8.000000,35-BS-00-04-A1*A5-K1*K122-D1*D44-S1-I3,38.407410,27.183640,10.815003,,1.000000,9.000000,"Arsenik, Nitrit, Amonyum, Alüminyum, Demir, Klorür, İletkenlik, Oksitlenebilirlik, pH",0.000000,Good,Decision Tree,0.000000,1.000000,0.000000
2026-05-13,LEVENT,3.080000,0.030000,5.460000,1.000000,0.000000,45.700000,,23.000000,1.000000,0.000000,0.065000,0.600000,1.000000,28.000000,0.000000,7.300000,604.000000,89.299734,False,1.000000,1.000000,1.000000,0.454000,0.870000,0.984600,0.771500,0.940000,0.880000,0.908000,0.758400,0.880000,1.000000,,1.000000,1.000000,,,Good,61.000000,3513 İle 3514 Sok. Kvs Levent,KONAK,8.000000,35-BS-00-04-A1*A5-K1*K122-D1*D44-S1-I8,38.411300,27.163150,10.700266,,1.000000,9.000000,"Arsenik, Nitrit, Amonyum, Alüminyum, Demir, Klorür, İletkenlik, Oksitlenebilirlik, pH",0.000000,Good,Decision Tree,0.000000,1.000000,0.000000
2026-05-13,UFUK MAH,4.330000,0.030000,5.430000,1.000000,0.000000,46.240000,,23.000000,1.000000,0.000000,0.065000,0.600000,1.000000,28.000000,0.000000,7.300000,607.000000,89.305498,False,1.000000,1.000000,1.000000,0.457000,0.870000,0.978350,0.768800,0.940000,0.880000,0.908000,0.757200,0.880000,1.000000,,1.000000,1.000000,,,Good,62.000000,914 Sok. No.7/A Ufuk Mah.,BUCA,3.000000,35-BS-00-02-A1*A5-K1*K122-D1*D44-S1-I5,38.403620,27.165620,10.694502,,1.000000,9.000000,"Arsenik, Nitrit, Amonyum, Alüminyum, Demir, Klorür, İletkenlik, Oksitlenebilirlik, pH",0.000000,Good,Decision Tree,0.000000,1.000000,0.000000
2026-05-13,EVKA-1,11.980000,0.030000,0.330000,1.000000,0.000000,157.760000,,46.000000,1.000000,0.000000,0.065000,0.400000,1.000000,13.000000,0.000000,7.500000,385.000000,90.374974,False,1.000000,1.000000,1.000000,0.967000,0.870000,0.940100,0.211200,0.940000,0.800000,0.816000,0.846000,0.920000,1.000000,,1.000000,1.000000,,,Good,63.000000,Türkmenistan Cad. İle 1206 Sok.. Kvs. Evka-1,BUCA,3.000000,35-BS-00-02-A1*A5-K1*K122-D1*D44-S1-I9,38.400630,27.194670,9.625026,,1.000000,9.000000,"Arsenik, Nitrit, Amonyum, Alüminyum, Demir, Klorür, İletkenlik, Oksitlenebilirlik, pH",0.000000,Good,Decision Tree,0.000000,1.000000,0.000000
2026-05-13,ADATEPE,10.570000,0.030000,0.310000,1.000000,0.000000,127.400000,,46.000000,1.000000,0.000000,0.065000,0.400000,1.000000,13.000000,0.000000,7.500000,383.000000,90.397477,False,1.000000,1.000000,1.000000,0.969000,0.870000,0.947150,0.363000,0.940000,0.800000,0.816000,0.846800,0.920000,1.000000,,1.000000,1.000000,,,Good,64.000000,3 İle 3/8 Sok. Kvs. Adatepe,BUCA,3.000000,35-BS-00-02-A1*A5-K1*K122-D1*D44-S1-I4,38.381540,27.184940,9.602523,,1.000000,9.000000,"Arsenik, Nitrit, Amonyum, Alüminyum, Demir, Klorür, İletkenlik, Oksitlenebilirlik, pH",0.000000,Good,Decision Tree,0.000000,1.000000,0.000000
2026-05-13,KURUÇEŞME,12.500000,0.030000,0.330000,1.000000,0.000000,131.090000,,48.000000,1.000000,0.000000,0.065000,0.400000,1.000000,17.000000,0.000000,7.400000,378.000000,90.484335,False,1.000000,1.000000,1.000000,0.967000,0.870000,0.937500,0.344550,0.940000,0.840000,0.808000,0.848800,0.920000,1.000000,,1.000000,1.000000,,,Good,65.000000,Dogus Cad. İle A.Yesevi Cd. Kvs. Kuruçeşme,BUCA,3.000000,35-BS-00-02-A1*A5-K1*K122-D1*D44-S1-I2,38.372330,27.194500,9.515665,,1.000000,9.000000,"Arsenik, Nitrit, Amonyum, Alüminyum, Demir, Klorür, İletkenlik, Oksitlenebilirlik, pH",0.000000,Good,Decision Tree,0.000000,1.000000,0.000000
2026-05-13,KOZAĞAÇ,17.450000,0.030000,0.310000,1.000000,0.000000,167.250000,,46.000000,1.000000,0.000000,0.065000,0.400000,1.000000,13.000000,0.000000,7.500000,389.000000,90.371022,False,1.000000,1.000000,1.000000,0.969000,0.870000,0.912750,0.163750,0.940000,0.800000,0.816000,0.844400,0.920000,1.000000,,1.000000,1.000000,,,Good,66.000000,I.Sivri Cd. İle 254 Sok.. Kvs. Kozağaç,BUCA,3.000000,35-BS-00-02-A1*A5-K1*K122-D1*D44-S1-I8,38.377130,27.169560,9.628978,,1.000000,9.000000,"Arsenik, Nitrit, Amonyum, Alüminyum, Demir, Klorür, İletkenlik, Oksitlenebilirlik, pH",0.000000,Good,Decision Tree,0.000000,1.000000,0.000000
2026-05-13,ÇAMLIKULE,11.240000,0.030000,0.310000,1.000000,0.000000,124.580000,,46.000000,1.000000,0.000000,0.065000,0.400000,1.000000,13.000000,0.000000,7.500000,380.000000,90.398704,False,1.000000,1.000000,1.000000,0.969000,0.870000,0.943800,0.377100,0.940000,0.800000,0.816000,0.848000,0.920000,1.000000,,1.000000,1.000000,,,Good,67.000000,220 Sok. No:163/B Çamlıkule,BUCA,3.000000,35-BS-00-02-A1*A5-K1*K122-D1*D44-S1-I3,38.372280,27.171530,9.601296,,1.000000,9.000000,"Arsenik, Nitrit, Amonyum, Alüminyum, Demir, Klorür, İletkenlik, Oksitlenebilirlik, pH",0.000000,Good,Decision Tree,0.000000,1.000000,0.000000
2026-05-13,AKINCILAR,11.370000,0.030000,0.320000,1.000000,0.000000,115.960000,,48.000000,1.000000,0.000000,0.065000,0.400000,1.000000,17.000000,0.000000,7.400000,375.000000,90.495806,False,1.000000,1.000000,1.000000,0.968000,0.870000,0.943150,0.420200,0.940000,0.840000,0.808000,0.850000,0.920000,1.000000,,1.000000,1.000000,,,Good,68.000000,A.Hatboyu Cd. İle 545 Sok.. Kvs. Akıncılar,BUCA,3.000000,35-BS-00-02-A1*A5-K1*K122-D1*D44-S1-I7,38.387460,27.147600,9.504194,,1.000000,9.000000,"Arsenik, Nitrit, Amonyum, Alüminyum, Demir, Klorür, İletkenlik, Oksitlenebilirlik, pH",0.000000,Good,Decision Tree,0.000000,1.000000,0.000000
2026-05-13,UĞUR MUMCU MAH,4.010000,0.030000,0.460000,1.000000,0.000000,16.640000,,33.000000,1.000000,0.000000,0.065000,0.400000,1.000000,22.000000,0.000000,7.900000,437.000000,90.053339,False,1.000000,1.000000,1.000000,0.954000,0.870000,0.979950,0.916800,0.940000,0.640000,0.868000,0.825200,0.920000,1.000000,,1.000000,1.000000,,,Good,69.000000,5777 İle 5780 Sok. Kvs. U. Mumcu,KARABAĞLAR,59.000000,35-BS-00-30-A1*A5-K1*K122-D1*D44-S1-I1,38.381830,27.130670,9.946661,,1.000000,9.000000,"Arsenik, Nitrit, Amonyum, Alüminyum, Demir, Klorür, İletkenlik, Oksitlenebilirlik, pH",0.000000,Good,Decision Tree,0.000000,1.000000,0.000000
2026-05-13,ÇAMLIK MAH,4.390000,0.030000,0.460000,1.000000,0.000000,18.130000,,33.000000,1.000000,0.000000,0.065000,0.400000,1.000000,22.000000,0.000000,7.900000,434.000000,90.052292,False,1.000000,1.000000,1.000000,0.954000,0.870000,0.978050,0.909350,0.940000,0.640000,0.868000,0.826400,0.920000,1.000000,,1.000000,1.000000,,,Good,70.000000,4969 Sok. No:2/A Çamlık,KARABAĞLAR,59.000000,35-BS-00-30-A1*A5-K1*K122-D1*D44-S1-I2,38.366230,27.120330,9.947708,,1.000000,9.000000,"Arsenik, Nitrit, Amonyum, Alüminyum, Demir, Klorür, İletkenlik, Oksitlenebilirlik, pH",0.000000,Good,Decision Tree,0.000000,1.000000,0.000000
2026-05-13,AKTEPE,4.780000,0.030000,0.470000,1.000000,0.000000,19.930000,,33.000000,1.000000,0.000000,0.065000,0.400000,1.000000,22.000000,0.000000,7.900000,434.000000,90.048791,False,1.000000,1.000000,1.000000,0.953000,0.870000,0.976100,0.900350,0.940000,0.640000,0.868000,0.826400,0.920000,1.000000,,1.000000,1.000000,,,Good,71.000000,Altan Aydin İle 4165 Sok.. Kvs Aktepe,GAZİEMİR,5.000000,35-BS-00-25-A1*A5-K1*K122-D1*D44-S1-I5,38.352350,27.125160,9.951209,,1.000000,9.000000,"Arsenik, Nitrit, Amonyum, Alüminyum, Demir, Klorür, İletkenlik, Oksitlenebilirlik, pH",0.000000,Good,Decision Tree,0.000000,1.000000,0.000000
2026-05-13,9 EYLÜL MAH,4.690000,0.030000,0.510000,1.000000,0.000000,18.380000,,33.000000,1.000000,0.000000,0.065000,0.400000,1.000000,22.000000,0.000000,7.900000,433.000000,90.040672,False,1.000000,1.000000,1.000000,0.949000,0.870000,0.976550,0.908100,0.940000,0.640000,0.868000,0.826800,0.920000,1.000000,,1.000000,1.000000,,,Good,72.000000,Kahramanlar Cd. No:2 H. Bayram Camii,GAZİEMİR,5.000000,35-BS-00-25-A1*A5-K1*K122-D1*D44-S1-I2,38.327138,27.137154,9.959328,,1.000000,9.000000,"Arsenik, Nitrit, Amonyum, Alüminyum, Demir, Klorür, İletkenlik, Oksitlenebilirlik, pH",0.000000,Good,Decision Tree,0.000000,1.000000,0.000000
2026-05-13,BEYAZEVLER,4.070000,0.030000,0.490000,1.000000,0.000000,17.150000,,33.000000,1.000000,0.000000,0.065000,0.400000,1.000000,22.000000,0.000000,7.900000,432.000000,90.046247,False,1.000000,1.000000,1.000000,0.951000,0.870000,0.979650,0.914250,0.940000,0.640000,0.868000,0.827200,0.920000,1.000000,,1.000000,1.000000,,,Good,73.000000,514 Sok.. No:3/A Beyazevler,GAZİEMİR,5.000000,35-BS-00-25-A1*A5-K1*K122-D1*D44-S1-I3,38.341790,27.140280,9.953753,,1.000000,9.000000,"Arsenik, Nitrit, Amonyum, Alüminyum, Demir, Klorür, İletkenlik, Oksitlenebilirlik, pH",0.000000,Good,Decision Tree,0.000000,1.000000,0.000000
2026-05-13,UZUNDERE,4.100000,0.030000,0.480000,1.000000,0.000000,15.670000,,33.000000,1.000000,0.000000,0.065000,0.400000,1.000000,22.000000,0.000000,7.900000,440.000000,90.049301,False,1.000000,1.000000,1.000000,0.952000,0.870000,0.979500,0.921650,0.940000,0.640000,0.868000,0.824000,0.920000,1.000000,,1.000000,1.000000,,,Good,74.000000,Eski Izmir Cad. 3959 Kvs Uzundere,KARABAĞLAR,59.000000,35-BS-00-30-A1*A5-K1*K122-D1*D44-S1-I4,38.360060,27.104090,9.950699,,1.000000,9.000000,"Arsenik, Nitrit, Amonyum, Alüminyum, Demir, Klorür, İletkenlik, Oksitlenebilirlik, pH",0.000000,Good,Decision Tree,0.000000,1.000000,0.000000
2026-05-13,CENNETÇEŞME,4.690000,0.030000,0.470000,1.000000,0.000000,18.730000,,33.000000,1.000000,0.000000,0.065000,0.400000,1.000000,22.000000,0.000000,7.900000,443.000000,90.049488,False,1.000000,1.000000,1.000000,0.953000,0.870000,0.976550,0.906350,0.940000,0.640000,0.868000,0.822800,0.920000,1.000000,,1.000000,1.000000,,,Good,75.000000,3948/6 Sok. No:2 C.Çeşme,KARABAĞLAR,59.000000,35-BS-00-30-A1*A5-K1*K122-D1*D44-S1-I9,38.361680,27.093850,9.950512,,1.000000,9.000000,"Arsenik, Nitrit, Amonyum, Alüminyum, Demir, Klorür, İletkenlik, Oksitlenebilirlik, pH",0.000000,Good,Decision Tree,0.000000,1.000000,0.000000
2026-05-13,GÜZELBAHÇE,67.050000,0.030000,1.570000,1.000000,0.000000,31.600000,,25.000000,1.000000,0.000000,0.065000,0.400000,1.000000,26.000000,0.000000,8.100000,479.000000,89.570276,False,1.000000,1.000000,1.000000,0.843000,0.870000,0.664750,0.842000,0.940000,0.560000,0.900000,0.808400,0.920000,1.000000,,1.000000,1.000000,,,Good,76.000000,Mithatpaşa Caddesi No:479,GÜZELBAHÇE,6.000000,35-BS-00-28-A1*A5-K1*K122-D1*D44-S1-IY-1,38.377140,26.883660,10.429724,,1.000000,9.000000,"Arsenik, Nitrit, Amonyum, Alüminyum, Demir, Klorür, İletkenlik, Oksitlenebilirlik, pH",0.000000,Good,Decision Tree,0.000000,1.000000,0.000000
2026-05-13,İNCİRALTI,66.840000,0.030000,1.660000,1.000000,0.000000,30.000000,,25.000000,1.000000,0.000000,0.065000,0.400000,1.000000,27.000000,0.000000,8.100000,470.000000,89.550969,False,1.000000,1.000000,1.000000,0.834000,0.870000,0.665800,0.850000,0.940000,0.560000,0.900000,0.812000,0.920000,1.000000,,1.000000,1.000000,,,Good,78.000000,Başak Cd. No:16 Bahçe Cafe İnciralti,BALÇOVA,1.000000,35-BS-00-26-A1*A5-K1*K122-D1*D44-S1-I1,38.409090,27.035910,10.449031,,1.000000,9.000000,"Arsenik, Nitrit, Amonyum, Alüminyum, Demir, Klorür, İletkenlik, Oksitlenebilirlik, pH",0.000000,Good,Decision Tree,0.000000,1.000000,0.000000
2026-05-13,ESENDERE,70.890000,0.030000,1.950000,1.000000,0.000000,34.380000,,25.000000,1.000000,0.000000,0.065000,0.400000,1.000000,26.000000,0.000000,8.100000,470.000000,89.480584,False,1.000000,1.000000,1.000000,0.805000,0.870000,0.645550,0.828100,0.940000,0.560000,0.900000,0.812000,0.920000,1.000000,,1.000000,1.000000,,,Good,79.000000,52/74 İle 52/18 Sok. Kvs Esendere,KARABAĞLAR,59.000000,35-BS-00-30-A1*A5-K1*K122-D1*D44-S1-I5,38.391050,27.089590,10.519416,,1.000000,9.000000,"Arsenik, Nitrit, Amonyum, Alüminyum, Demir, Klorür, İletkenlik, Oksitlenebilirlik, pH",0.000000,Good,Decision Tree,0.000000,1.000000,0.000000
2026-05-13,KADİFEKALE,11.580000,0.030000,0.410000,1.000000,0.000000,116.630000,,48.000000,1.000000,0.000000,0.065000,0.400000,1.000000,16.000000,0.000000,7.400000,376.000000,90.474941,False,1.000000,1.000000,1.000000,0.959000,0.870000,0.942100,0.416850,0.940000,0.840000,0.808000,0.849600,0.920000,1.000000,,1.000000,1.000000,,,Good,80.000000,R.Erkutlu Şehitlik Önü No:290/A Kadifekale,KONAK,8.000000,35-BS-00-04-A1*A5-K1*K122-D1*D44-S1-I6,38.412820,27.140320,9.525059,,1.000000,9.000000,"Arsenik, Nitrit, Amonyum, Alüminyum, Demir, Klorür, İletkenlik, Oksitlenebilirlik, pH",0.000000,Good,Decision Tree,0.000000,1.000000,0.000000
2026-05-20,YENİŞEHİR,12.840000,0.030000,6.040000,1.000000,0.000000,26.030000,,30.000000,1.000000,0.000000,0.065000,0.600000,1.000000,35.000000,0.100000,7.300000,693.000000,89.171251,False,1.000000,1.000000,1.000000,0.396000,0.870000,0.935800,0.869850,0.940000,0.880000,0.880000,0.722800,0.880000,1.000000,,1.000000,1.000000,,,Good,2.000000,Gaziler Cad. No:185 İtfaiye Önü,KONAK,8.000000,35-BS-00-04-A1*A5-K1*K122-D1*D44-S1-I10,38.422640,27.153840,10.828749,,1.000000,9.000000,"Arsenik, Nitrit, Amonyum, Alüminyum, Demir, Klorür, İletkenlik, Oksitlenebilirlik, pH",0.000000,Good,Decision Tree,0.000000,1.000000,0.000000
2026-05-20,KONAK,13.240000,0.030000,5.910000,1.000000,0.000000,24.690000,,27.000000,1.000000,0.000000,0.065000,0.600000,1.000000,29.000000,0.000000,7.600000,606.000000,88.916794,False,1.000000,1.000000,1.000000,0.409000,0.870000,0.933800,0.876550,0.940000,0.760000,0.892000,0.757600,0.880000,1.000000,,1.000000,1.000000,,,Good,3.000000,854 Sok No:51/A,KONAK,8.000000,35-BS-00-04-A1*A5-K1*K122-D1*D44-S1-I5,38.420610,27.130760,11.083206,,1.000000,9.000000,"Arsenik, Nitrit, Amonyum, Alüminyum, Demir, Klorür, İletkenlik, Oksitlenebilirlik, pH",0.000000,Good,Decision Tree,0.000000,1.000000,0.000000
2026-05-20,GÜZELBAHÇE,53.830000,0.030000,1.870000,1.000000,0.000000,27.470000,,25.000000,1.000000,0.000000,0.065000,0.400000,1.000000,27.000000,0.000000,8.000000,483.000000,89.607465,False,1.000000,1.000000,1.000000,0.813000,0.870000,0.730850,0.862650,0.940000,0.600000,0.900000,0.806800,0.920000,1.000000,,1.000000,1.000000,,,Good,4.000000,Kazım Dirik Cad. No.46,GÜZELBAHÇE,6.000000,35-BS-00-28-A1*A5-K1*K122-D1*D44-S1-I1,38.363366,26.866501,10.392535,,1.000000,9.000000,"Arsenik, Nitrit, Amonyum, Alüminyum, Demir, Klorür, İletkenlik, Oksitlenebilirlik, pH",0.000000,Good,Decision Tree,0.000000,1.000000,0.000000
2026-05-20,NARLIDERE,48.240000,0.030000,1.810000,1.000000,0.000000,29.950000,,25.000000,1.000000,0.000000,0.065000,0.400000,1.000000,27.000000,0.000000,8.000000,480.000000,89.622811,False,1.000000,1.000000,1.000000,0.819000,0.870000,0.758800,0.850250,0.940000,0.600000,0.900000,0.808000,0.920000,1.000000,,1.000000,1.000000,,,Good,5.000000,İzsu Narlıdere Teknik Amirlik,NARLIDERE,9.000000,35-BS-00-27-A1*A5-K1*K122-D1*D44-S1-I2,38.394150,27.009890,10.377189,,1.000000,9.000000,"Arsenik, Nitrit, Amonyum, Alüminyum, Demir, Klorür, İletkenlik, Oksitlenebilirlik, pH",0.000000,Good,Decision Tree,0.000000,1.000000,0.000000
2026-05-20,BALÇOVA,53.360000,0.030000,1.860000,1.000000,0.000000,28.940000,,25.000000,1.000000,0.000000,0.065000,0.400000,1.000000,27.000000,0.000000,8.000000,480.000000,89.609173,False,1.000000,1.000000,1.000000,0.814000,0.870000,0.733200,0.855300,0.940000,0.600000,0.900000,0.808000,0.920000,1.000000,,1.000000,1.000000,,,Good,6.000000,M.Pasa Cad. İle Hüseyin Ögütcen Kavşağı,BALÇOVA,1.000000,35-BS-00-26-A1*A5-K1*K122-D1*D44-S1-I2,38.394150,27.038360,10.390827,,1.000000,9.000000,"Arsenik, Nitrit, Amonyum, Alüminyum, Demir, Klorür, İletkenlik, Oksitlenebilirlik, pH",0.000000,Good,Decision Tree,0.000000,1.000000,0.000000
2026-05-20,ÜÇKUYULAR,57.010000,0.030000,1.850000,1.000000,0.000000,27.990000,,25.000000,1.000000,0.000000,0.065000,0.400000,1.000000,27.000000,0.000000,8.000000,483.000000,89.609897,False,1.000000,1.000000,1.000000,0.815000,0.870000,0.714950,0.860050,0.940000,0.600000,0.900000,0.806800,0.920000,1.000000,,1.000000,1.000000,,,Good,7.000000,65/17 Sok. No:45 Yumurtacı Ahmet Camii,KARABAĞLAR,59.000000,35-BS-00-30-A1*A5-K1*K122-D1*D44-S1-I6,38.393940,27.069370,10.390103,,1.000000,9.000000,"Arsenik, Nitrit, Amonyum, Alüminyum, Demir, Klorür, İletkenlik, Oksitlenebilirlik, pH",0.000000,Good,Decision Tree,0.000000,1.000000,0.000000
2026-05-20,GÜZELYALI,50.930000,0.030000,1.910000,1.000000,0.000000,28.020000,,25.000000,1.000000,0.000000,0.065000,0.400000,1.000000,27.000000,0.000000,8.000000,479.000000,89.599758,False,1.000000,1.000000,1.000000,0.809000,0.870000,0.745350,0.859900,0.940000,0.600000,0.900000,0.808400,0.920000,1.000000,,1.000000,1.000000,,,Good,8.000000,34.Sok. No:5 TSM Güzelyalı,KONAK,8.000000,35-BS-00-04-A1*A5-K1*K122-D1*D44-S1-I11,38.398080,27.079620,10.400242,,1.000000,9.000000,"Arsenik, Nitrit, Amonyum, Alüminyum, Demir, Klorür, İletkenlik, Oksitlenebilirlik, pH",0.000000,Good,Decision Tree,0.000000,1.000000,0.000000
2026-05-20,HATAY,4.780000,0.030000,0.540000,1.000000,0.000000,32.270000,,31.000000,1.000000,0.000000,0.065000,0.400000,1.000000,30.000000,0.000000,8.000000,440.000000,89.931407,False,1.000000,1.000000,1.000000,0.946000,0.870000,0.976100,0.838650,0.940000,0.600000,0.876000,0.824000,0.920000,1.000000,,1.000000,1.000000,,,Good,9.000000,İnönü Cad. İle 100 Sok. Kavşağı,KONAK,8.000000,35-BS-00-04-A1*A5-K1*K122-D1*D44-S1-I13,38.401640,27.099450,10.068593,,1.000000,9.000000,"Arsenik, Nitrit, Amonyum, Alüminyum, Demir, Klorür, İletkenlik, Oksitlenebilirlik, pH",0.000000,Good,Decision Tree,0.000000,1.000000,0.000000
2026-05-20,YEŞİLYURT,4.500000,0.030000,0.540000,1.000000,0.000000,31.690000,,31.000000,1.000000,0.000000,0.065000,0.400000,1.000000,30.000000,0.000000,8.000000,441.000000,89.931889,False,1.000000,1.000000,1.000000,0.946000,0.870000,0.977500,0.841550,0.940000,0.600000,0.876000,0.823600,0.920000,1.000000,,1.000000,1.000000,,,Good,11.000000,Ulu Önder Cad. İle Gökdere Cad.Kavşağı,KARABAĞLAR,59.000000,35-BS-00-30-A1*A5-K1*K122-D1*D44-S1-I7,38.404270,27.113010,10.068111,,1.000000,9.000000,"Arsenik, Nitrit, Amonyum, Alüminyum, Demir, Klorür, İletkenlik, Oksitlenebilirlik, pH",0.000000,Good,Decision Tree,0.000000,1.000000,0.000000
2026-05-20,KARABAĞLAR,5.050000,0.030000,0.560000,1.000000,0.000000,32.810000,,31.000000,1.000000,0.000000,0.065000,0.400000,1.000000,30.000000,0.000000,8.000000,443.000000,89.926412,False,1.000000,1.000000,1.000000,0.944000,0.870000,0.974750,0.835950,0.940000,0.600000,0.876000,0.822800,0.920000,1.000000,,1.000000,1.000000,,,Good,13.000000,4058 Sok. İle 4056 Sok. Kavşağı,KARABAĞLAR,59.000000,35-BS-00-30-A1*A5-K1*K122-D1*D44-S1-I8,38.374260,27.134100,10.073588,,1.000000,9.000000,"Arsenik, Nitrit, Amonyum, Alüminyum, Demir, Klorür, İletkenlik, Oksitlenebilirlik, pH",0.000000,Good,Decision Tree,0.000000,1.000000,0.000000
2026-05-20,ESKİ İZMİR,4.400000,0.030000,0.480000,1.000000,0.000000,31.930000,,31.000000,1.000000,0.000000,0.065000,0.400000,1.000000,30.000000,0.000000,8.000000,440.000000,89.945390,False,1.000000,1.000000,1.000000,0.952000,0.870000,0.978000,0.840350,0.940000,0.600000,0.876000,0.824000,0.920000,1.000000,,1.000000,1.000000,,,Good,14.000000,Eski Izmir Cad. No:562/A Kahve,KARABAĞLAR,59.000000,35-BS-00-30-A1*A5-K1*K122-D1*D44-S1-I3,38.376220,27.107190,10.054610,,1.000000,9.000000,"Arsenik, Nitrit, Amonyum, Alüminyum, Demir, Klorür, İletkenlik, Oksitlenebilirlik, pH",0.000000,Good,Decision Tree,0.000000,1.000000,0.000000
2026-05-20,GAZİEMİR,4.780000,0.030000,0.550000,1.000000,0.000000,33.460000,,31.000000,1.000000,0.000000,0.065000,0.400000,1.000000,30.000000,0.000000,8.000000,438.000000,89.928478,False,1.000000,1.000000,1.000000,0.945000,0.870000,0.976100,0.832700,0.940000,0.600000,0.876000,0.824800,0.920000,1.000000,,1.000000,1.000000,,,Good,15.000000,Abdullah Arda Meydanı No:29 Arkadaşlar Kahvesi,GAZİEMİR,5.000000,35-BS-00-25-A1*A5-K1*K122-D1*D44-S1-I4-Y1,38.321780,27.126430,10.071522,,1.000000,9.000000,"Arsenik, Nitrit, Amonyum, Alüminyum, Demir, Klorür, İletkenlik, Oksitlenebilirlik, pH",0.000000,Good,Decision Tree,0.000000,1.000000,0.000000
2026-05-20,GEDİZ,1.640000,0.030000,6.990000,1.000000,0.000000,88.950000,,28.000000,1.000000,0.000000,0.065000,0.600000,1.000000,29.000000,0.000000,7.600000,589.000000,88.642344,False,1.000000,1.000000,1.000000,0.301000,0.870000,0.991800,0.555250,0.940000,0.760000,0.888000,0.764400,0.880000,1.000000,,1.000000,1.000000,,,Good,16.000000,682/4 Sok. No:2 Gediz,BUCA,3.000000,35-BS-00-02-A1*A5-K1*K122-D1*D44-S1-I10,38.361880,27.144380,11.357656,,1.000000,9.000000,"Arsenik, Nitrit, Amonyum, Alüminyum, Demir, Klorür, İletkenlik, Oksitlenebilirlik, pH",0.000000,Good,Decision Tree,0.000000,1.000000,0.000000
2026-05-20,ŞİRİNYER,1.670000,0.030000,6.660000,1.000000,0.000000,79.150000,,28.000000,1.000000,0.000000,0.065000,0.600000,1.000000,29.000000,0.000000,7.600000,594.000000,88.722518,False,1.000000,1.000000,1.000000,0.334000,0.870000,0.991650,0.604250,0.940000,0.760000,0.888000,0.762400,0.880000,1.000000,,1.000000,1.000000,,,Good,17.000000,Koşuyolu Cad. Efeler Mah. No:41 Avni Naili Limboz Camii,BUCA,3.000000,35-BS-00-02-A1*A5-K1*K122-D1*D44-S1-I6,38.391680,27.150310,11.277482,,1.000000,9.000000,"Arsenik, Nitrit, Amonyum, Alüminyum, Demir, Klorür, İletkenlik, Oksitlenebilirlik, pH",0.000000,Good,Decision Tree,0.000000,1.000000,0.000000
2026-05-20,BUCA,1.560000,0.030000,6.590000,1.000000,0.000000,76.210000,,28.000000,1.000000,0.000000,0.065000,0.600000,1.000000,29.000000,0.000000,7.600000,591.000000,88.740093,False,1.000000,1.000000,1.000000,0.341000,0.870000,0.992200,0.618950,0.940000,0.760000,0.888000,0.763600,0.880000,1.000000,,1.000000,1.000000,,,Good,18.000000,Başarı Cad.İle 170. Sok.Kavşağı,BUCA,3.000000,35-BS-00-02-A1*A5-K1*K122-D1*D44-S1-I1,38.389300,27.176440,11.259907,,1.000000,9.000000,"Arsenik, Nitrit, Amonyum, Alüminyum, Demir, Klorür, İletkenlik, Oksitlenebilirlik, pH",0.000000,Good,Decision Tree,0.000000,1.000000,0.000000
2026-05-20,GÜLÇEŞME,1.380000,0.030000,6.880000,1.000000,0.000000,84.700000,,28.000000,1.000000,0.000000,0.065000,0.600000,1.000000,29.000000,0.000000,7.600000,594.000000,88.669766,False,1.000000,1.000000,1.000000,0.312000,0.870000,0.993100,0.576500,0.940000,0.760000,0.888000,0.762400,0.880000,1.000000,,1.000000,1.000000,,,Good,19.000000,3586 Sok. No:1 Gürçeşme,KONAK,8.000000,35-BS-00-04-A1*A5-K1*K122-D1*D44-S1-I15,38.404510,27.151350,11.330234,,1.000000,9.000000,"Arsenik, Nitrit, Amonyum, Alüminyum, Demir, Klorür, İletkenlik, Oksitlenebilirlik, pH",0.000000,Good,Decision Tree,0.000000,1.000000,0.000000
2026-05-20,GÜLTEPE,1.590000,0.030000,7.340000,1.000000,0.000000,90.230000,,28.000000,1.000000,0.000000,0.065000,0.600000,1.000000,29.000000,0.000000,7.600000,595.000000,88.562435,False,1.000000,1.000000,1.000000,0.266000,0.870000,0.992050,0.548850,0.940000,0.760000,0.888000,0.762000,0.880000,1.000000,,1.000000,1.000000,,,Good,20.000000,Selimiye Cad. No:30/B Gültepe,KONAK,8.000000,35-BS-00-04-A1*A5-K1*K122-D1*D44-S1-I16,38.416220,27.172680,11.437565,,1.000000,9.000000,"Arsenik, Nitrit, Amonyum, Alüminyum, Demir, Klorür, İletkenlik, Oksitlenebilirlik, pH",0.000000,Good,Decision Tree,0.000000,1.000000,0.000000
2026-05-20,ALTINDAĞ,14.680000,0.030000,0.980000,1.000000,0.000000,134.490000,,48.000000,1.000000,0.000000,0.065000,0.400000,1.000000,20.000000,0.000000,7.600000,365.000000,90.143620,False,1.000000,1.000000,1.000000,0.902000,0.870000,0.926600,0.327550,0.940000,0.760000,0.808000,0.854000,0.920000,1.000000,,1.000000,1.000000,,,Good,21.000000,Kemalpaşa Cad. No: 46,BORNOVA,2.000000,35-BS-00-01-A1*A5-K1*K122-D1*D44-S1-I9,38.425580,27.202560,9.856380,,1.000000,9.000000,"Arsenik, Nitrit, Amonyum, Alüminyum, Demir, Klorür, İletkenlik, Oksitlenebilirlik, pH",0.000000,Good,Decision Tree,0.000000,1.000000,0.000000
2026-05-20,ÇAMDİBİ,12.600000,0.030000,0.940000,1.000000,0.000000,132.530000,,48.000000,1.000000,0.000000,0.065000,0.400000,1.000000,20.000000,0.000000,7.600000,364.000000,90.154959,False,1.000000,1.000000,1.000000,0.906000,0.870000,0.937000,0.337350,0.940000,0.760000,0.808000,0.854400,0.920000,1.000000,,1.000000,1.000000,,,Good,22.000000,5227 Sok. No:35/C Çamdibi,BORNOVA,2.000000,35-BS-00-01-A1*A5-K1*K122-D1*D44-S1-I12,38.435530,27.191010,9.845041,,1.000000,9.000000,"Arsenik, Nitrit, Amonyum, Alüminyum, Demir, Klorür, İletkenlik, Oksitlenebilirlik, pH",0.000000,Good,Decision Tree,0.000000,1.000000,0.000000
2026-05-20,IŞIKKENT,12.090000,0.030000,0.950000,1.000000,0.000000,131.180000,,48.000000,1.000000,0.000000,0.065000,0.400000,1.000000,20.000000,0.000000,7.600000,365.000000,90.153745,False,1.000000,1.000000,1.000000,0.905000,0.870000,0.939550,0.344100,0.940000,0.760000,0.808000,0.854000,0.920000,1.000000,,1.000000,1.000000,,,Good,23.000000,Cumhuriyet Meydanı No:16  Işıkkent,BORNOVA,2.000000,35-BS-00-01-A1*A5-K1*K122-D1*D44-S1-I8,38.424540,27.230760,9.846255,,1.000000,9.000000,"Arsenik, Nitrit, Amonyum, Alüminyum, Demir, Klorür, İletkenlik, Oksitlenebilirlik, pH",0.000000,Good,Decision Tree,0.000000,1.000000,0.000000
2026-05-20,PINARBAŞI,13.010000,0.030000,1.040000,1.000000,0.000000,141.200000,,48.000000,1.000000,0.000000,0.065000,0.400000,1.000000,20.000000,0.000000,7.600000,367.000000,90.127186,False,1.000000,1.000000,1.000000,0.896000,0.870000,0.934950,0.294000,0.940000,0.760000,0.808000,0.853200,0.920000,1.000000,,1.000000,1.000000,,,Good,24.000000,Çanakkale Cad.İle 7057 Sok KavsağıPınarbaşı,BORNOVA,2.000000,35-BS-00-01-A1*A5-K1*K122-D1*D44-S1-I10,38.429880,27.266470,9.872814,,1.000000,9.000000,"Arsenik, Nitrit, Amonyum, Alüminyum, Demir, Klorür, İletkenlik, Oksitlenebilirlik, pH",0.000000,Good,Decision Tree,0.000000,1.000000,0.000000
2026-05-20,EVKA-3,13.200000,0.030000,0.990000,1.000000,0.000000,136.070000,,48.000000,1.000000,0.000000,0.065000,0.400000,1.000000,20.000000,0.000000,7.600000,369.000000,90.141286,False,1.000000,1.000000,1.000000,0.901000,0.870000,0.934000,0.319650,0.940000,0.760000,0.808000,0.852400,0.920000,1.000000,,1.000000,1.000000,,,Good,25.000000,Şehitler Cad. No:22 H.Mustafa Gökdemir Camii Evka-3,BORNOVA,2.000000,35-BS-00-01-A1*A5-K1*K122-D1*D44-S1-I2,38.473220,27.250940,9.858714,,1.000000,9.000000,"Arsenik, Nitrit, Amonyum, Alüminyum, Demir, Klorür, İletkenlik, Oksitlenebilirlik, pH",0.000000,Good,Decision Tree,0.000000,1.000000,0.000000
2026-05-20,BORNOVA,13.210000,0.030000,0.920000,1.000000,0.000000,133.330000,,48.000000,1.000000,0.000000,0.065000,0.400000,1.000000,20.000000,0.000000,7.600000,365.000000,90.158683,False,1.000000,1.000000,1.000000,0.908000,0.870000,0.933950,0.333350,0.940000,0.760000,0.808000,0.854000,0.920000,1.000000,,1.000000,1.000000,,,Good,26.000000,Ege Üni.Kampüsü İtfaiye Çeşmesi/İzsu Teknik Amirlik,BORNOVA,2.000000,35-BS-00-01-A1*A5-K1*K122-D1*D44-S1-I11,38.460950,27.228200,9.841317,,1.000000,9.000000,"Arsenik, Nitrit, Amonyum, Alüminyum, Demir, Klorür, İletkenlik, Oksitlenebilirlik, pH",0.000000,Good,Decision Tree,0.000000,1.000000,0.000000
2026-05-20,ATATÜRK MAH,13.640000,0.030000,1.050000,1.000000,0.000000,140.560000,,48.000000,1.000000,0.000000,0.065000,0.400000,1.000000,20.000000,0.000000,7.600000,366.000000,90.124933,False,1.000000,1.000000,1.000000,0.895000,0.870000,0.931800,0.297200,0.940000,0.760000,0.808000,0.853600,0.920000,1.000000,,1.000000,1.000000,,,Good,27.000000,Hürriyet Cad. Polis Mer. No:86 Atatürk,BORNOVA,2.000000,35-BS-00-01-A1*A5-K1*K122-D1*D44-S1-I13,38.475820,27.208680,9.875067,,1.000000,9.000000,"Arsenik, Nitrit, Amonyum, Alüminyum, Demir, Klorür, İletkenlik, Oksitlenebilirlik, pH",0.000000,Good,Decision Tree,0.000000,1.000000,0.000000
2026-05-20,OSMANGAZİ,13.170000,0.030000,0.940000,1.000000,0.000000,132.390000,,48.000000,1.000000,0.000000,0.065000,0.400000,1.000000,20.000000,0.000000,7.600000,366.000000,90.154709,False,1.000000,1.000000,1.000000,0.906000,0.870000,0.934150,0.338050,0.940000,0.760000,0.808000,0.853600,0.920000,1.000000,,1.000000,1.000000,,,Good,28.000000,Yavuz Cad. 241/C  Osmangazi,BAYRAKLI,60.000000,35-BS-00-29-A1*A5-K1*K122-D1*D44-S1-I6,38.475430,27.187450,9.845291,,1.000000,9.000000,"Arsenik, Nitrit, Amonyum, Alüminyum, Demir, Klorür, İletkenlik, Oksitlenebilirlik, pH",0.000000,Good,Decision Tree,0.000000,1.000000,0.000000
2026-05-20,ÖZKANLAR,12.780000,0.030000,0.960000,1.000000,0.000000,134.390000,,48.000000,1.000000,0.000000,0.065000,0.400000,1.000000,20.000000,0.000000,7.600000,367.000000,90.149269,False,1.000000,1.000000,1.000000,0.904000,0.870000,0.936100,0.328050,0.940000,0.760000,0.808000,0.853200,0.920000,1.000000,,1.000000,1.000000,,,Good,29.000000,273/4 No:6 Aile Sağlığı Merkezi Özkanlar,BAYRAKLI,60.000000,35-BS-00-29-A1*A5-K1*K122-D1*D44-S1-I10,38.458040,27.191060,9.850731,,1.000000,9.000000,"Arsenik, Nitrit, Amonyum, Alüminyum, Demir, Klorür, İletkenlik, Oksitlenebilirlik, pH",0.000000,Good,Decision Tree,0.000000,1.000000,0.000000
2026-05-20,MANAVKUYU,12.530000,0.030000,0.960000,1.000000,0.000000,133.670000,,48.000000,1.000000,0.000000,0.065000,0.400000,1.000000,20.000000,0.000000,7.600000,366.000000,90.149821,False,1.000000,1.000000,1.000000,0.904000,0.870000,0.937350,0.331650,0.940000,0.760000,0.808000,0.853600,0.920000,1.000000,,1.000000,1.000000,,,Good,30.000000,Sakarya Cad.No:112 Manavkuyu,BAYRAKLI,60.000000,35-BS-00-29-A1*A5-K1*K122-D1*D44-S1-I8,38.457390,27.186910,9.850179,,1.000000,9.000000,"Arsenik, Nitrit, Amonyum, Alüminyum, Demir, Klorür, İletkenlik, Oksitlenebilirlik, pH",0.000000,Good,Decision Tree,0.000000,1.000000,0.000000
2026-05-20,EGEKENT,0.613000,0.030000,6.940000,1.000000,0.000000,44.710000,,49.000000,1.000000,0.000000,0.065000,0.600000,1.000000,38.000000,0.200000,7.400000,848.000000,88.861258,False,1.000000,1.000000,1.000000,0.306000,0.870000,0.996935,0.776450,0.940000,0.840000,0.804000,0.660800,0.880000,1.000000,,1.000000,1.000000,,,Good,32.000000,8819 Sok. No:13 Egekent,ÇİĞLİ,4.000000,35-BS-00-24-A1*A5-K1*K122-D1*D44-S1-I7,38.504140,27.058100,11.138742,,1.000000,9.000000,"Arsenik, Nitrit, Amonyum, Alüminyum, Demir, Klorür, İletkenlik, Oksitlenebilirlik, pH",0.000000,Good,Decision Tree,0.000000,1.000000,0.000000
2026-05-20,BALATÇIK,0.613000,0.030000,7.020000,1.000000,0.000000,45.250000,,49.000000,1.000000,0.000000,0.065000,0.600000,1.000000,38.000000,0.200000,7.400000,853.000000,88.842834,False,1.000000,1.000000,1.000000,0.298000,0.870000,0.996935,0.773750,0.940000,0.840000,0.804000,0.658800,0.880000,1.000000,,1.000000,1.000000,,,Good,33.000000,8790/5 Sok. 9 Eylül Camii Balatçık,ÇİĞLİ,4.000000,35-BS-00-24-A1*A5-K1*K122-D1*D44-S1-I2-Y1,38.511900,27.045600,11.157166,,1.000000,9.000000,"Arsenik, Nitrit, Amonyum, Alüminyum, Demir, Klorür, İletkenlik, Oksitlenebilirlik, pH",0.000000,Good,Decision Tree,0.000000,1.000000,0.000000
2026-05-20,ÇİĞLİ,1.260000,0.030000,6.920000,1.000000,0.000000,45.650000,,49.000000,1.000000,0.000000,0.065000,0.600000,1.000000,38.000000,0.200000,7.400000,859.000000,88.864846,False,1.000000,1.000000,1.000000,0.308000,0.870000,0.993700,0.771750,0.940000,0.840000,0.804000,0.656400,0.880000,1.000000,,1.000000,1.000000,,,Good,34.000000,8022/1 Sok. No:8/1-B Ataşehir,ÇİĞLİ,4.000000,35-BS-00-24-A1*A5-K1*K122-D1*D44-S1-I3-IY1,38.492860,27.060890,11.135154,,1.000000,9.000000,"Arsenik, Nitrit, Amonyum, Alüminyum, Demir, Klorür, İletkenlik, Oksitlenebilirlik, pH",0.000000,Good,Decision Tree,0.000000,1.000000,0.000000
2026-05-20,BOSTANLI,0.613000,0.030000,5.090000,1.000000,0.000000,21.690000,,24.000000,1.000000,0.000000,0.065000,0.600000,1.000000,34.000000,0.100000,7.400000,685.000000,89.302504,False,1.000000,1.000000,1.000000,0.491000,0.870000,0.996935,0.891550,0.940000,0.840000,0.904000,0.726000,0.880000,1.000000,,1.000000,1.000000,,,Good,35.000000,1799 Sok No:14 Bostanlı,KARŞIYAKA,7.000000,35-BS-00-03-A1*A5-K1*K122-D1*D44-S1-I7,38.457730,27.098860,10.697496,,1.000000,9.000000,"Arsenik, Nitrit, Amonyum, Alüminyum, Demir, Klorür, İletkenlik, Oksitlenebilirlik, pH",0.000000,Good,Decision Tree,0.000000,1.000000,0.000000
2026-05-20,ŞEMİKLER,0.613000,0.030000,5.060000,1.000000,0.000000,22.200000,,24.000000,1.000000,0.000000,0.065000,0.600000,1.000000,34.000000,0.100000,7.400000,680.000000,89.309022,False,1.000000,1.000000,1.000000,0.494000,0.870000,0.996935,0.889000,0.940000,0.840000,0.904000,0.728000,0.880000,1.000000,,1.000000,1.000000,,,Good,36.000000,6276 Sok.İle 6279 Sok Kavşağı,KARŞIYAKA,7.000000,35-BS-00-03-A1*A5-K1*K122-D1*D44-S1-I4,38.477100,27.093760,10.690978,,1.000000,9.000000,"Arsenik, Nitrit, Amonyum, Alüminyum, Demir, Klorür, İletkenlik, Oksitlenebilirlik, pH",0.000000,Good,Decision Tree,0.000000,1.000000,0.000000
2026-05-20,KARŞIYAKA,0.613000,0.030000,5.220000,1.000000,0.000000,21.400000,,24.000000,1.000000,0.000000,0.065000,0.600000,1.000000,34.000000,0.100000,7.400000,674.000000,89.273294,False,1.000000,1.000000,1.000000,0.478000,0.870000,0.996935,0.893000,0.940000,0.840000,0.904000,0.730400,0.880000,1.000000,,1.000000,1.000000,,,Good,37.000000,Atatürk Cad. İle Zübeyde Hanim Cad.Kavşağı,KARŞIYAKA,7.000000,35-BS-00-03-A1*A5-K1*K122-D1*D44-S1-I5,38.461670,27.116100,10.726706,,1.000000,9.000000,"Arsenik, Nitrit, Amonyum, Alüminyum, Demir, Klorür, İletkenlik, Oksitlenebilirlik, pH",0.000000,Good,Decision Tree,0.000000,1.000000,0.000000
2026-05-20,EVKA-2,0.613000,0.030000,5.130000,1.000000,0.000000,21.350000,,24.000000,1.000000,0.000000,0.065000,0.600000,1.000000,34.000000,0.100000,7.400000,680.000000,89.293664,False,1.000000,1.000000,1.000000,0.487000,0.870000,0.996935,0.893250,0.940000,0.840000,0.904000,0.728000,0.880000,1.000000,,1.000000,1.000000,,,Good,38.000000,6800 Sok. No:9 Sağlık Ocağı Evka 2,ÇİĞLİ,4.000000,35-BS-00-24-A1*A5-K1*K122-D1*D44-S1-I5,38.499050,27.087510,10.706336,,1.000000,9.000000,"Arsenik, Nitrit, Amonyum, Alüminyum, Demir, Klorür, İletkenlik, Oksitlenebilirlik, pH",0.000000,Good,Decision Tree,0.000000,1.000000,0.000000
2026-05-20,ÖRNEKKÖY,0.613000,0.030000,4.960000,1.000000,0.000000,20.450000,,24.000000,1.000000,0.000000,0.065000,0.600000,1.000000,34.000000,0.100000,7.400000,675.000000,89.332656,False,1.000000,1.000000,1.000000,0.504000,0.870000,0.996935,0.897750,0.940000,0.840000,0.904000,0.730000,0.880000,1.000000,,1.000000,1.000000,,,Good,39.000000,Başpehlivan Kara Ali Cad. No:25/A,KARŞIYAKA,7.000000,35-BS-00-03-A1*A5-K1*K122-D1*D44-S1-I6,38.482130,27.111060,10.667344,,1.000000,9.000000,"Arsenik, Nitrit, Amonyum, Alüminyum, Demir, Klorür, İletkenlik, Oksitlenebilirlik, pH",0.000000,Good,Decision Tree,0.000000,1.000000,0.000000
2026-05-20,GÜMÜŞPALA,0.613000,0.030000,5.070000,1.000000,0.000000,21.310000,,24.000000,1.000000,0.000000,0.065000,0.600000,1.000000,34.000000,0.100000,7.400000,670.000000,89.307299,False,1.000000,1.000000,1.000000,0.493000,0.870000,0.996935,0.893450,0.940000,0.840000,0.904000,0.732000,0.880000,1.000000,,1.000000,1.000000,,,Good,40.000000,7019 Sok. No:20/3 Merkez Cami Gümüşpala,BAYRAKLI,60.000000,35-BS-00-29-A1*A5-K1*K122-D1*D44-S1-I7,38.479310,27.109960,10.692701,,1.000000,9.000000,"Arsenik, Nitrit, Amonyum, Alüminyum, Demir, Klorür, İletkenlik, Oksitlenebilirlik, pH",0.000000,Good,Decision Tree,0.000000,1.000000,0.000000
2026-06-04,DOĞANÇAY,2.410000,0.030000,5.310000,1.000000,0.000000,21.710000,,30.000000,1.000000,0.000000,0.065000,0.600000,1.000000,35.000000,0.100000,7.600000,720.000000,89.058864,False,1.000000,1.000000,1.000000,0.469000,0.870000,0.987950,0.891450,0.940000,0.760000,0.880000,0.712000,0.880000,1.000000,,1.000000,1.000000,,,Good,41.000000,7191 Sok. No:1/A Doğançay,BAYRAKLI,60.000000,35-BS-00-29-A1*A5-K1*K122-D1*D44-S1-I1,38.495500,27.155140,10.941136,,1.000000,9.000000,"Arsenik, Nitrit, Amonyum, Alüminyum, Demir, Klorür, İletkenlik, Oksitlenebilirlik, pH",0.000000,Good,Decision Tree,0.000000,1.000000,0.000000
2026-06-04,YAMANLAR,2.340000,0.030000,5.240000,1.000000,0.000000,21.000000,,30.000000,1.000000,0.000000,0.065000,0.600000,1.000000,35.000000,0.100000,7.600000,725.000000,89.075125,False,1.000000,1.000000,1.000000,0.476000,0.870000,0.988300,0.895000,0.940000,0.760000,0.880000,0.710000,0.880000,1.000000,,1.000000,1.000000,,,Good,42.000000,7348 Sok. No:2 Polis Merkezi Yamanlar,BAYRAKLI,60.000000,35-BS-00-29-A1*A5-K1*K122-D1*D44-S1-I2,38.481110,27.132940,10.924875,,1.000000,9.000000,"Arsenik, Nitrit, Amonyum, Alüminyum, Demir, Klorür, İletkenlik, Oksitlenebilirlik, pH",0.000000,Good,Decision Tree,0.000000,1.000000,0.000000
2026-06-04,POSTACI MAH,2.080000,0.030000,5.250000,1.000000,0.000000,20.340000,,31.000000,1.000000,0.000000,0.065000,0.600000,1.000000,36.000000,0.100000,7.600000,727.000000,89.073014,False,1.000000,1.000000,1.000000,0.475000,0.870000,0.989600,0.898300,0.940000,0.760000,0.876000,0.709200,0.880000,1.000000,,1.000000,1.000000,,,Good,43.000000,7659/2 Sok. No:1/B Postacılar Mah.,BAYRAKLI,60.000000,35-BS-00-29-A1*A5*-K1*K122-D1*D44-S1-I3-IY1,38.482170,27.119910,10.926986,,1.000000,9.000000,"Arsenik, Nitrit, Amonyum, Alüminyum, Demir, Klorür, İletkenlik, Oksitlenebilirlik, pH",0.000000,Good,Decision Tree,0.000000,1.000000,0.000000
2026-06-04,YAMAÇ MAH,2.050000,0.030000,5.190000,1.000000,0.000000,20.320000,,31.000000,1.000000,0.000000,0.065000,0.600000,1.000000,36.000000,0.100000,7.600000,728.000000,89.086614,False,1.000000,1.000000,1.000000,0.481000,0.870000,0.989750,0.898400,0.940000,0.760000,0.876000,0.708800,0.880000,1.000000,,1.000000,1.000000,,,Good,44.000000,6730 Sok. No:6/A Yamaç Mah.,KARŞIYAKA,7.000000,35-BS-00-03-A1*A5-K1*K122-D1*D44-S1-I1,38.483710,27.099770,10.913386,,1.000000,9.000000,"Arsenik, Nitrit, Amonyum, Alüminyum, Demir, Klorür, İletkenlik, Oksitlenebilirlik, pH",0.000000,Good,Decision Tree,0.000000,1.000000,0.000000
2026-06-04,CUMHURİYET MAH,2.130000,0.030000,5.200000,1.000000,0.000000,22.210000,,32.000000,1.000000,0.000000,0.065000,0.600000,1.000000,36.000000,0.100000,7.600000,729.000000,89.082872,False,1.000000,1.000000,1.000000,0.480000,0.870000,0.989350,0.888950,0.940000,0.760000,0.872000,0.708400,0.880000,1.000000,,1.000000,1.000000,,,Good,45.000000,Alim Dağhan Cd. İle 6716 Sok. Kvs.,KARŞIYAKA,7.000000,35-BS-00-03-A1*A5-K1*K122-D1*D44-S1-I2,38.485320,27.096540,10.917128,,1.000000,9.000000,"Arsenik, Nitrit, Amonyum, Alüminyum, Demir, Klorür, İletkenlik, Oksitlenebilirlik, pH",0.000000,Good,Decision Tree,0.000000,1.000000,0.000000
2026-06-04,GÜZELTEPE,2.420000,0.030000,5.280000,1.000000,0.000000,22.390000,,32.000000,1.000000,0.000000,0.065000,0.600000,1.000000,37.000000,0.100000,7.600000,732.000000,89.064494,False,1.000000,1.000000,1.000000,0.472000,0.870000,0.987900,0.888050,0.940000,0.760000,0.872000,0.707200,0.880000,1.000000,,1.000000,1.000000,,,Good,46.000000,8172 Sok. No:90/1 Güzeltepe,ÇİĞLİ,4.000000,35-BS-00-24-A1*A5-K1*K122-D1*D44-S1-I4-IY1,38.502720,27.077990,10.935506,,1.000000,9.000000,"Arsenik, Nitrit, Amonyum, Alüminyum, Demir, Klorür, İletkenlik, Oksitlenebilirlik, pH",0.000000,Good,Decision Tree,0.000000,1.000000,0.000000
2026-06-04,EVKA-5,2.880000,0.030000,5.980000,1.000000,0.000000,37.570000,,43.000000,1.000000,0.000000,0.065000,0.800000,1.000000,35.000000,0.200000,7.400000,823.000000,88.902479,False,1.000000,1.000000,1.000000,0.402000,0.870000,0.985600,0.812150,0.940000,0.840000,0.828000,0.670800,0.840000,1.000000,,1.000000,1.000000,,,Good,47.000000,8809 Sok. No:141/A Evka-5,ÇİĞLİ,4.000000,35-BS-00-24-A1*A5-K1*K122-D1*D44-S1-I8-IY1,38.518190,27.056590,11.097521,,1.000000,9.000000,"Arsenik, Nitrit, Amonyum, Alüminyum, Demir, Klorür, İletkenlik, Oksitlenebilirlik, pH",0.000000,Good,Decision Tree,0.000000,1.000000,0.000000
2026-06-04,EGEKENT-2,3.680000,0.030000,5.980000,1.000000,0.000000,38.170000,,43.000000,1.000000,0.000000,0.065000,0.600000,1.000000,35.000000,0.200000,7.400000,813.000000,89.082733,False,1.000000,1.000000,1.000000,0.402000,0.870000,0.981600,0.809150,0.940000,0.840000,0.828000,0.674800,0.880000,1.000000,,1.000000,1.000000,,,Good,48.000000,8818 Sok. No:38 6 Nolu Sağlık Ocağı Egekent,ÇİĞLİ,4.000000,35-BS-00-24-A1*A5-K1*K122-D1*D44-S1-I6,38.555690,27.049780,10.917267,,1.000000,9.000000,"Arsenik, Nitrit, Amonyum, Alüminyum, Demir, Klorür, İletkenlik, Oksitlenebilirlik, pH",0.000000,Good,Decision Tree,0.000000,1.000000,0.000000
2026-06-04,ALAYBEY,3.030000,0.030000,5.320000,1.000000,0.000000,23.420000,,32.000000,1.000000,0.000000,0.065000,0.600000,1.000000,37.000000,0.100000,7.600000,731.000000,89.054520,False,1.000000,1.000000,1.000000,0.468000,0.870000,0.984850,0.882900,0.940000,0.760000,0.872000,0.707600,0.880000,1.000000,,1.000000,1.000000,,,Good,49.000000,1643/7 Sok. No:8 Adalet Mah.,BAYRAKLI,60.000000,35-BS-00-03-A1*A5-K1*K122-D1*D44-S1-13-IY1,38.466750,27.159340,10.945480,,1.000000,9.000000,"Arsenik, Nitrit, Amonyum, Alüminyum, Demir, Klorür, İletkenlik, Oksitlenebilirlik, pH",0.000000,Good,Decision Tree,0.000000,1.000000,0.000000
2026-06-04,CENGİZHAN,2.760000,0.030000,5.360000,1.000000,0.000000,35.420000,,31.000000,1.000000,0.000000,0.065000,0.600000,1.000000,36.000000,0.100000,7.600000,729.000000,89.039203,False,1.000000,1.000000,1.000000,0.464000,0.870000,0.986200,0.822900,0.940000,0.760000,0.876000,0.708400,0.880000,1.000000,,1.000000,1.000000,,,Good,50.000000,1620/19 İle 1620/39 Sok. Kavsağı Cengizhan,BAYRAKLI,60.000000,35-BS-00-29-A1*A5-K1*K122-D1*D44-S1-I4,38.473400,27.158880,10.960797,,1.000000,9.000000,"Arsenik, Nitrit, Amonyum, Alüminyum, Demir, Klorür, İletkenlik, Oksitlenebilirlik, pH",0.000000,Good,Decision Tree,0.000000,1.000000,0.000000
2026-06-04,ÇAY MAH,1.640000,0.030000,5.250000,1.000000,0.000000,21.050000,,33.000000,1.000000,0.000000,0.065000,0.600000,1.000000,37.000000,0.100000,7.600000,733.000000,89.072115,False,1.000000,1.000000,1.000000,0.475000,0.870000,0.991800,0.894750,0.940000,0.760000,0.868000,0.706800,0.880000,1.000000,,1.000000,1.000000,,,Good,51.000000,Hakan Uysal Cad. No:273/1 Çay Mahallesi,BAYRAKLI,60.000000,35-BS-00-29-A1*A5-K1*K122-D1*D44-S1-I5,38.470860,27.180440,10.927885,,1.000000,9.000000,"Arsenik, Nitrit, Amonyum, Alüminyum, Demir, Klorür, İletkenlik, Oksitlenebilirlik, pH",0.000000,Good,Decision Tree,0.000000,1.000000,0.000000
2026-06-04,İZYUVA,9.040000,0.030000,0.480000,1.000000,0.000000,148.230000,,48.000000,1.000000,0.000000,0.065000,0.400000,1.000000,17.000000,0.000000,7.400000,394.000000,90.442600,False,1.000000,1.000000,1.000000,0.952000,0.870000,0.954800,0.258850,0.940000,0.840000,0.808000,0.842400,0.920000,1.000000,,1.000000,1.000000,,,Good,52.000000,113/19 Sok. No:10 İzyuva,BORNOVA,2.000000,35-BS-00-01-A1*A5-K1*K122-D1*D44-S1-I7,38.464570,27.249790,9.557400,,1.000000,9.000000,"Arsenik, Nitrit, Amonyum, Alüminyum, Demir, Klorür, İletkenlik, Oksitlenebilirlik, pH",0.000000,Good,Decision Tree,0.000000,1.000000,0.000000
2026-06-04,NALDÖKEN,10.050000,0.030000,0.480000,1.000000,0.000000,150.980000,,48.000000,1.000000,0.000000,0.065000,0.400000,1.000000,17.000000,0.000000,7.400000,392.000000,90.440480,False,1.000000,1.000000,1.000000,0.952000,0.870000,0.949750,0.245100,0.940000,0.840000,0.808000,0.843200,0.920000,1.000000,,1.000000,1.000000,,,Good,53.000000,Ankara Cad. İle Atatürk Cad. Kav.,BORNOVA,2.000000,35-BS-00-01-A1*A5-K1*K122-D1*D44-S1-I6,38.452100,27.266070,9.559520,,1.000000,9.000000,"Arsenik, Nitrit, Amonyum, Alüminyum, Demir, Klorür, İletkenlik, Oksitlenebilirlik, pH",0.000000,Good,Decision Tree,0.000000,1.000000,0.000000
2026-06-04,YEŞİLÇAM,9.930000,0.030000,0.860000,1.000000,0.000000,127.960000,,50.000000,1.000000,0.000000,0.065000,0.400000,1.000000,16.000000,0.000000,7.500000,413.000000,90.271522,False,1.000000,1.000000,1.000000,0.914000,0.870000,0.950350,0.360200,0.940000,0.800000,0.800000,0.834800,0.920000,1.000000,,1.000000,1.000000,,,Good,54.000000,Mrk. Bornova Jandarma Komando Ambarlar Yanı,BORNOVA,2.000000,35-BS-00-01-A1*A5-K1*K122-D1*D44-S1-IY1,38.445680,27.289280,9.728478,,1.000000,9.000000,"Arsenik, Nitrit, Amonyum, Alüminyum, Demir, Klorür, İletkenlik, Oksitlenebilirlik, pH",0.000000,Good,Decision Tree,0.000000,1.000000,0.000000
2026-06-04,MEVLANA,9.310000,0.030000,0.450000,1.000000,0.000000,151.440000,,48.000000,1.000000,0.000000,0.065000,0.400000,1.000000,17.000000,0.000000,7.400000,390.000000,90.447434,False,1.000000,1.000000,1.000000,0.955000,0.870000,0.953450,0.242800,0.940000,0.840000,0.808000,0.844000,0.920000,1.000000,,1.000000,1.000000,,,Good,55.000000,1754 Sok. No:25 Asm Mevlana,BORNOVA,2.000000,35-BS-00-01-A1*A5-K1*K122-D1*D44-S1-I4,38.448220,27.230660,9.552566,,1.000000,9.000000,"Arsenik, Nitrit, Amonyum, Alüminyum, Demir, Klorür, İletkenlik, Oksitlenebilirlik, pH",0.000000,Good,Decision Tree,0.000000,1.000000,0.000000
2026-06-04,YEŞİLOVA,9.150000,0.030000,0.490000,1.000000,0.000000,151.060000,,49.000000,1.000000,0.000000,0.065000,0.400000,1.000000,17.000000,0.000000,7.400000,393.000000,90.438316,False,1.000000,1.000000,1.000000,0.951000,0.870000,0.954250,0.244700,0.940000,0.840000,0.804000,0.842800,0.920000,1.000000,,1.000000,1.000000,,,Good,56.000000,A.İpekçi Cd. İle 4040 Sok. Kvs. Yesilova,BORNOVA,2.000000,35-BS-00-01-A1*A5-K1*K122-D1*D44-S1-I3,38.440370,27.201350,9.561684,,1.000000,9.000000,"Arsenik, Nitrit, Amonyum, Alüminyum, Demir, Klorür, İletkenlik, Oksitlenebilirlik, pH",0.000000,Good,Decision Tree,0.000000,1.000000,0.000000
2026-06-04,MERSİNLİ,9.040000,0.030000,0.480000,1.000000,0.000000,151.540000,,49.000000,1.000000,0.000000,0.065000,0.400000,1.000000,17.000000,0.000000,7.400000,391.000000,90.440376,False,1.000000,1.000000,1.000000,0.952000,0.870000,0.954800,0.242300,0.940000,0.840000,0.804000,0.843600,0.920000,1.000000,,1.000000,1.000000,,,Good,57.000000,Fatih cd. İle Beyazıt Cd. Tuğlacı Önü Mersinli,BORNOVA,2.000000,35-BS-00-01-A1*A5-K1*K122-D1*D44-S1-I14,38.440000,27.180530,9.559624,,1.000000,9.000000,"Arsenik, Nitrit, Amonyum, Alüminyum, Demir, Klorür, İletkenlik, Oksitlenebilirlik, pH",0.000000,Good,Decision Tree,0.000000,1.000000,0.000000
2026-06-04,ÇANKAYA,3.580000,0.030000,4.910000,1.000000,0.000000,21.640000,,27.000000,1.000000,0.000000,0.065000,0.600000,1.000000,31.000000,0.100000,7.500000,670.000000,89.245281,False,1.000000,1.000000,1.000000,0.509000,0.870000,0.982100,0.891800,0.940000,0.800000,0.892000,0.732000,0.880000,1.000000,,1.000000,1.000000,,,Good,59.000000,Hürriyet Bulvarı No:14/E,KONAK,8.000000,35-BS-00-04-A1*A5-K1*K122-D1*D44-S1-IY-1,38.424780,27.142050,10.754719,,1.000000,9.000000,"Arsenik, Nitrit, Amonyum, Alüminyum, Demir, Klorür, İletkenlik, Oksitlenebilirlik, pH",0.000000,Good,Decision Tree,0.000000,1.000000,0.000000
2026-06-04,TOROS,3.480000,0.030000,4.830000,1.000000,0.000000,46.990000,,28.000000,1.000000,0.000000,0.065000,0.600000,1.000000,33.000000,0.000000,7.400000,613.000000,89.344212,False,1.000000,1.000000,1.000000,0.517000,0.870000,0.982600,0.765050,0.940000,0.840000,0.888000,0.754800,0.880000,1.000000,,1.000000,1.000000,,,Good,60.000000,Dicle Cad. No:88 Aile Sağlığı Merkezi,KONAK,8.000000,35-BS-00-04-A1*A5-K1*K122-D1*D44-S1-I3,38.407410,27.183640,10.655788,,1.000000,9.000000,"Arsenik, Nitrit, Amonyum, Alüminyum, Demir, Klorür, İletkenlik, Oksitlenebilirlik, pH",0.000000,Good,Decision Tree,0.000000,1.000000,0.000000
2026-06-04,LEVENT,3.180000,0.030000,4.760000,1.000000,0.000000,46.650000,,28.000000,1.000000,0.000000,0.065000,0.600000,1.000000,33.000000,0.000000,7.400000,613.000000,89.360412,False,1.000000,1.000000,1.000000,0.524000,0.870000,0.984100,0.766750,0.940000,0.840000,0.888000,0.754800,0.880000,1.000000,,1.000000,1.000000,,,Good,61.000000,3513 İle 3514 Sok. Kvs Levent,KONAK,8.000000,35-BS-00-04-A1*A5-K1*K122-D1*D44-S1-I8,38.411300,27.163150,10.639588,,1.000000,9.000000,"Arsenik, Nitrit, Amonyum, Alüminyum, Demir, Klorür, İletkenlik, Oksitlenebilirlik, pH",0.000000,Good,Decision Tree,0.000000,1.000000,0.000000
2026-06-04,UFUK MAH,4.140000,0.030000,5.090000,1.000000,0.000000,52.980000,,28.000000,1.000000,0.000000,0.065000,0.600000,1.000000,33.000000,0.000000,7.400000,612.000000,89.281626,False,1.000000,1.000000,1.000000,0.491000,0.870000,0.979300,0.735100,0.940000,0.840000,0.888000,0.755200,0.880000,1.000000,,1.000000,1.000000,,,Good,62.000000,914 Sok. No.7/A Ufuk Mah.,BUCA,3.000000,35-BS-00-02-A1*A5-K1*K122-D1*D44-S1-I5,38.403620,27.165620,10.718374,,1.000000,9.000000,"Arsenik, Nitrit, Amonyum, Alüminyum, Demir, Klorür, İletkenlik, Oksitlenebilirlik, pH",0.000000,Good,Decision Tree,0.000000,1.000000,0.000000
2026-06-04,EVKA-1,3.440000,0.030000,4.700000,1.000000,0.000000,39.180000,,28.000000,1.000000,0.000000,0.065000,0.600000,1.000000,33.000000,0.000000,7.400000,611.000000,89.378074,False,1.000000,1.000000,1.000000,0.530000,0.870000,0.982800,0.804100,0.940000,0.840000,0.888000,0.755600,0.880000,1.000000,,1.000000,1.000000,,,Good,63.000000,Türkmenistan Cad. İle 1206 Sok.. Kvs. Evka-1,BUCA,3.000000,35-BS-00-02-A1*A5-K1*K122-D1*D44-S1-I9,38.400630,27.194670,10.621926,,1.000000,9.000000,"Arsenik, Nitrit, Amonyum, Alüminyum, Demir, Klorür, İletkenlik, Oksitlenebilirlik, pH",0.000000,Good,Decision Tree,0.000000,1.000000,0.000000
2026-06-04,ADATEPE,3.380000,0.030000,4.450000,1.000000,0.000000,33.930000,,28.000000,1.000000,0.000000,0.065000,0.600000,1.000000,33.000000,0.000000,7.400000,613.000000,89.437635,False,1.000000,1.000000,1.000000,0.555000,0.870000,0.983100,0.830350,0.940000,0.840000,0.888000,0.754800,0.880000,1.000000,,1.000000,1.000000,,,Good,64.000000,3 İle 3/8 Sok. Kvs. Adatepe,BUCA,3.000000,35-BS-00-02-A1*A5-K1*K122-D1*D44-S1-I4,38.381540,27.184940,10.562365,,1.000000,9.000000,"Arsenik, Nitrit, Amonyum, Alüminyum, Demir, Klorür, İletkenlik, Oksitlenebilirlik, pH",0.000000,Good,Decision Tree,0.000000,1.000000,0.000000
2026-06-04,KURUÇEŞME,3.260000,0.030000,4.460000,1.000000,0.000000,32.090000,,28.000000,1.000000,0.000000,0.065000,0.600000,1.000000,33.000000,0.000000,7.400000,614.000000,89.436478,False,1.000000,1.000000,1.000000,0.554000,0.870000,0.983700,0.839550,0.940000,0.840000,0.888000,0.754400,0.880000,1.000000,,1.000000,1.000000,,,Good,65.000000,Dogus Cad. İle A.Yesevi Cd. Kvs. Kuruçeşme,BUCA,3.000000,35-BS-00-02-A1*A5-K1*K122-D1*D44-S1-I2,38.372330,27.194500,10.563522,,1.000000,9.000000,"Arsenik, Nitrit, Amonyum, Alüminyum, Demir, Klorür, İletkenlik, Oksitlenebilirlik, pH",0.000000,Good,Decision Tree,0.000000,1.000000,0.000000
2026-06-04,KOZAĞAÇ,4.670000,0.030000,4.330000,1.000000,0.000000,31.850000,,28.000000,1.000000,0.000000,0.065000,0.600000,1.000000,33.000000,0.000000,7.400000,611.000000,89.465241,False,1.000000,1.000000,1.000000,0.567000,0.870000,0.976650,0.840750,0.940000,0.840000,0.888000,0.755600,0.880000,1.000000,,1.000000,1.000000,,,Good,66.000000,I.Sivri Cd. İle 254 Sok.. Kvs. Kozağaç,BUCA,3.000000,35-BS-00-02-A1*A5-K1*K122-D1*D44-S1-I8,38.377130,27.169560,10.534759,,1.000000,9.000000,"Arsenik, Nitrit, Amonyum, Alüminyum, Demir, Klorür, İletkenlik, Oksitlenebilirlik, pH",0.000000,Good,Decision Tree,0.000000,1.000000,0.000000
2026-06-04,ÇAMLIKULE,5.190000,0.030000,4.530000,1.000000,0.000000,53.140000,,28.000000,1.000000,0.000000,0.065000,0.600000,1.000000,33.000000,0.000000,7.400000,613.000000,89.407644,False,1.000000,1.000000,1.000000,0.547000,0.870000,0.974050,0.734300,0.940000,0.840000,0.888000,0.754800,0.880000,1.000000,,1.000000,1.000000,,,Good,67.000000,220 Sok. No:163/B Çamlıkule,BUCA,3.000000,35-BS-00-02-A1*A5-K1*K122-D1*D44-S1-I3,38.372280,27.171530,10.592356,,1.000000,9.000000,"Arsenik, Nitrit, Amonyum, Alüminyum, Demir, Klorür, İletkenlik, Oksitlenebilirlik, pH",0.000000,Good,Decision Tree,0.000000,1.000000,0.000000
2026-06-04,AKINCILAR,12.130000,0.030000,0.690000,1.000000,0.000000,170.600000,,47.000000,1.000000,0.000000,0.065000,0.400000,1.000000,18.000000,0.000000,7.500000,474.000000,90.285488,False,1.000000,1.000000,1.000000,0.931000,0.870000,0.939350,0.147000,0.940000,0.800000,0.812000,0.810400,0.920000,1.000000,,1.000000,1.000000,,,Good,68.000000,A.Hatboyu Cd. İle 545 Sok.. Kvs. Akıncılar,BUCA,3.000000,35-BS-00-02-A1*A5-K1*K122-D1*D44-S1-I7,38.387460,27.147600,9.714512,,1.000000,9.000000,"Arsenik, Nitrit, Amonyum, Alüminyum, Demir, Klorür, İletkenlik, Oksitlenebilirlik, pH",0.000000,Good,Decision Tree,0.000000,1.000000,0.000000
2026-06-04,UĞUR MUMCU MAH,5.420000,0.030000,2.030000,1.000000,0.000000,25.840000,,47.000000,1.000000,0.000000,0.065000,0.400000,1.000000,18.000000,0.000000,7.500000,474.000000,90.067977,False,1.000000,1.000000,1.000000,0.797000,0.870000,0.972900,0.870800,0.940000,0.800000,0.812000,0.810400,0.920000,1.000000,,1.000000,1.000000,,,Good,69.000000,5777 İle 5780 Sok. Kvs. U. Mumcu,KARABAĞLAR,59.000000,35-BS-00-30-A1*A5-K1*K122-D1*D44-S1-I1,38.381830,27.130670,9.932023,,1.000000,9.000000,"Arsenik, Nitrit, Amonyum, Alüminyum, Demir, Klorür, İletkenlik, Oksitlenebilirlik, pH",0.000000,Good,Decision Tree,0.000000,1.000000,0.000000
2026-06-04,ÇAMLIK MAH,5.360000,0.030000,0.580000,1.000000,0.000000,24.850000,,47.000000,1.000000,0.000000,0.065000,0.400000,1.000000,18.000000,0.000000,7.500000,473.000000,90.396654,False,1.000000,1.000000,1.000000,0.942000,0.870000,0.973200,0.875750,0.940000,0.800000,0.812000,0.810800,0.920000,1.000000,,1.000000,1.000000,,,Good,70.000000,4969 Sok. No:2/A Çamlık,KARABAĞLAR,59.000000,35-BS-00-30-A1*A5-K1*K122-D1*D44-S1-I2,38.366230,27.120330,9.603346,,1.000000,9.000000,"Arsenik, Nitrit, Amonyum, Alüminyum, Demir, Klorür, İletkenlik, Oksitlenebilirlik, pH",0.000000,Good,Decision Tree,0.000000,1.000000,0.000000
2026-06-04,AKTEPE,4.830000,0.030000,0.560000,1.000000,0.000000,26.400000,,47.000000,1.000000,0.000000,0.065000,0.400000,1.000000,18.000000,0.000000,7.500000,472.000000,90.400606,False,1.000000,1.000000,1.000000,0.944000,0.870000,0.975850,0.868000,0.940000,0.800000,0.812000,0.811200,0.920000,1.000000,,1.000000,1.000000,,,Good,71.000000,Altan Aydin İle 4165 Sok.. Kvs Aktepe,GAZİEMİR,5.000000,35-BS-00-25-A1*A5-K1*K122-D1*D44-S1-I5,38.352350,27.125160,9.599394,,1.000000,9.000000,"Arsenik, Nitrit, Amonyum, Alüminyum, Demir, Klorür, İletkenlik, Oksitlenebilirlik, pH",0.000000,Good,Decision Tree,0.000000,1.000000,0.000000
2026-06-04,9 EYLÜL MAH,6.170000,0.030000,0.550000,1.000000,0.000000,30.640000,,47.000000,1.000000,0.000000,0.065000,0.400000,1.000000,18.000000,0.000000,7.500000,474.000000,90.399705,False,1.000000,1.000000,1.000000,0.945000,0.870000,0.969150,0.846800,0.940000,0.800000,0.812000,0.810400,0.920000,1.000000,,1.000000,1.000000,,,Good,72.000000,Kahramanlar Cd. No:2 H. Bayram Camii,GAZİEMİR,5.000000,35-BS-00-25-A1*A5-K1*K122-D1*D44-S1-I2,38.327138,27.137154,9.600295,,1.000000,9.000000,"Arsenik, Nitrit, Amonyum, Alüminyum, Demir, Klorür, İletkenlik, Oksitlenebilirlik, pH",0.000000,Good,Decision Tree,0.000000,1.000000,0.000000
2026-06-04,BEYAZEVLER,5.210000,0.030000,0.540000,1.000000,0.000000,25.350000,,47.000000,1.000000,0.000000,0.065000,0.400000,1.000000,18.000000,0.000000,7.500000,465.000000,90.405535,False,1.000000,1.000000,1.000000,0.946000,0.870000,0.973950,0.873250,0.940000,0.800000,0.812000,0.814000,0.920000,1.000000,,1.000000,1.000000,,,Good,73.000000,514 Sok.. No:3/A Beyazevler,GAZİEMİR,5.000000,35-BS-00-25-A1*A5-K1*K122-D1*D44-S1-I3,38.341790,27.140280,9.594465,,1.000000,9.000000,"Arsenik, Nitrit, Amonyum, Alüminyum, Demir, Klorür, İletkenlik, Oksitlenebilirlik, pH",0.000000,Good,Decision Tree,0.000000,1.000000,0.000000
2026-06-04,UZUNDERE,9.040000,0.030000,0.360000,1.000000,0.000000,101.220000,,48.000000,1.000000,0.000000,0.065000,0.400000,1.000000,17.000000,0.000000,7.600000,403.000000,90.305774,False,1.000000,1.000000,1.000000,0.964000,0.870000,0.954800,0.493900,0.940000,0.760000,0.808000,0.838800,0.920000,1.000000,,1.000000,1.000000,,,Good,74.000000,Eski Izmir Cad. 3959 Kvs Uzundere,KARABAĞLAR,59.000000,35-BS-00-30-A1*A5-K1*K122-D1*D44-S1-I4,38.360060,27.104090,9.694226,,1.000000,9.000000,"Arsenik, Nitrit, Amonyum, Alüminyum, Demir, Klorür, İletkenlik, Oksitlenebilirlik, pH",0.000000,Good,Decision Tree,0.000000,1.000000,0.000000
2026-06-04,CENNETÇEŞME,8.080000,0.030000,0.360000,1.000000,0.000000,94.460000,,48.000000,1.000000,0.000000,0.065000,0.400000,1.000000,17.000000,0.000000,7.600000,404.000000,90.310137,False,1.000000,1.000000,1.000000,0.964000,0.870000,0.959600,0.527700,0.940000,0.760000,0.808000,0.838400,0.920000,1.000000,,1.000000,1.000000,,,Good,75.000000,3948/6 Sok. No:2 C.Çeşme,KARABAĞLAR,59.000000,35-BS-00-30-A1*A5-K1*K122-D1*D44-S1-I9,38.361680,27.093850,9.689863,,1.000000,9.000000,"Arsenik, Nitrit, Amonyum, Alüminyum, Demir, Klorür, İletkenlik, Oksitlenebilirlik, pH",0.000000,Good,Decision Tree,0.000000,1.000000,0.000000
2026-06-04,GÜZELBAHÇE,24.700000,0.030000,1.830000,1.000000,0.000000,17.050000,,28.000000,1.000000,0.000000,0.065000,0.400000,1.000000,24.000000,0.000000,8.000000,490.000000,89.637776,False,1.000000,1.000000,1.000000,0.817000,0.870000,0.876500,0.914750,0.940000,0.600000,0.888000,0.804000,0.920000,1.000000,,1.000000,1.000000,,,Good,76.000000,Mithatpaşa Caddesi No:479,GÜZELBAHÇE,6.000000,35-BS-00-28-A1*A5-K1*K122-D1*D44-S1-IY-1,38.377140,26.883660,10.362224,,1.000000,9.000000,"Arsenik, Nitrit, Amonyum, Alüminyum, Demir, Klorür, İletkenlik, Oksitlenebilirlik, pH",0.000000,Good,Decision Tree,0.000000,1.000000,0.000000
2026-06-04,İNCİRALTI,22.380000,0.030000,1.750000,1.000000,0.000000,17.010000,,28.000000,1.000000,0.000000,0.065000,0.400000,1.000000,24.000000,0.000000,8.000000,490.000000,89.657211,False,1.000000,1.000000,1.000000,0.825000,0.870000,0.888100,0.914950,0.940000,0.600000,0.888000,0.804000,0.920000,1.000000,,1.000000,1.000000,,,Good,78.000000,Başak Cd. No:16 Bahçe Cafe İnciralti,BALÇOVA,1.000000,35-BS-00-26-A1*A5-K1*K122-D1*D44-S1-I1,38.409090,27.035910,10.342789,,1.000000,9.000000,"Arsenik, Nitrit, Amonyum, Alüminyum, Demir, Klorür, İletkenlik, Oksitlenebilirlik, pH",0.000000,Good,Decision Tree,0.000000,1.000000,0.000000
2026-06-04,ESENDERE,9.450000,0.030000,0.380000,1.000000,0.000000,107.380000,,48.000000,1.000000,0.000000,0.065000,0.400000,1.000000,17.000000,0.000000,7.600000,401.000000,90.297540,False,1.000000,1.000000,1.000000,0.962000,0.870000,0.952750,0.463100,0.940000,0.760000,0.808000,0.839600,0.920000,1.000000,,1.000000,1.000000,,,Good,79.000000,52/74 İle 52/18 Sok. Kvs Esendere,KARABAĞLAR,59.000000,35-BS-00-30-A1*A5-K1*K122-D1*D44-S1-I5,38.391050,27.089590,9.702460,,1.000000,9.000000,"Arsenik, Nitrit, Amonyum, Alüminyum, Demir, Klorür, İletkenlik, Oksitlenebilirlik, pH",0.000000,Good,Decision Tree,0.000000,1.000000,0.000000
2026-06-04,KADİFEKALE,5.900000,0.030000,2.560000,1.000000,0.000000,65.880000,,47.000000,1.000000,0.000000,0.065000,0.400000,1.000000,17.000000,0.000000,7.500000,396.000000,89.925420,False,1.000000,1.000000,1.000000,0.744000,0.870000,0.970500,0.670600,0.940000,0.800000,0.812000,0.841600,0.920000,1.000000,,1.000000,1.000000,,,Good,80.000000,R.Erkutlu Şehitlik Önü No:290/A Kadifekale,KONAK,8.000000,35-BS-00-04-A1*A5-K1*K122-D1*D44-S1-I6,38.412820,27.140320,10.074580,,1.000000,9.000000,"Arsenik, Nitrit, Amonyum, Alüminyum, Demir, Klorür, İletkenlik, Oksitlenebilirlik, pH",0.000000,Good,Decision Tree,0.000000,1.000000,0.000000
2026-06-10,YENİŞEHİR,2.930000,0.030000,4.910000,1.000000,0.000000,53.720000,,31.000000,1.000000,0.000000,0.065000,0.600000,1.000000,32.000000,0.100000,7.300000,716.000000,89.416424,False,1.000000,1.000000,1.000000,0.509000,0.870000,0.985350,0.731400,0.940000,0.880000,0.876000,0.713600,0.880000,1.000000,,1.000000,1.000000,,,Good,2.000000,Gaziler Cad. No:185 İtfaiye Önü,KONAK,8.000000,35-BS-00-04-A1*A5-K1*K122-D1*D44-S1-I10,38.422640,27.153840,10.583576,,1.000000,9.000000,"Arsenik, Nitrit, Amonyum, Alüminyum, Demir, Klorür, İletkenlik, Oksitlenebilirlik, pH",0.000000,Good,Decision Tree,0.000000,1.000000,0.000000
2026-06-10,KONAK,2.770000,0.030000,5.220000,1.000000,0.000000,55.490000,,33.000000,1.000000,0.000000,0.065000,0.600000,1.000000,32.000000,0.100000,7.300000,699.000000,89.344710,False,1.000000,1.000000,1.000000,0.478000,0.870000,0.986150,0.722550,0.940000,0.880000,0.868000,0.720400,0.880000,1.000000,,1.000000,1.000000,,,Good,3.000000,854 Sok No:51/A,KONAK,8.000000,35-BS-00-04-A1*A5-K1*K122-D1*D44-S1-I5,38.420610,27.130760,10.655290,,1.000000,9.000000,"Arsenik, Nitrit, Amonyum, Alüminyum, Demir, Klorür, İletkenlik, Oksitlenebilirlik, pH",0.000000,Good,Decision Tree,0.000000,1.000000,0.000000
2026-06-10,GÜZELBAHÇE,27.990000,0.030000,1.960000,1.000000,0.000000,22.170000,,27.000000,1.000000,0.000000,0.065000,0.600000,1.000000,24.000000,0.000000,7.600000,552.000000,89.803805,False,1.000000,1.000000,1.000000,0.804000,0.870000,0.860050,0.889150,0.940000,0.760000,0.892000,0.779200,0.880000,1.000000,,1.000000,1.000000,,,Good,4.000000,Kazım Dirik Cad. No.46,GÜZELBAHÇE,6.000000,35-BS-00-28-A1*A5-K1*K122-D1*D44-S1-I1,38.363366,26.866501,10.196195,,1.000000,9.000000,"Arsenik, Nitrit, Amonyum, Alüminyum, Demir, Klorür, İletkenlik, Oksitlenebilirlik, pH",0.000000,Good,Decision Tree,0.000000,1.000000,0.000000
2026-06-10,NARLIDERE,29.050000,0.030000,1.820000,1.000000,0.000000,21.830000,,27.000000,1.000000,0.000000,0.065000,0.600000,1.000000,24.000000,0.000000,7.600000,542.000000,89.835110,False,1.000000,1.000000,1.000000,0.818000,0.870000,0.854750,0.890850,0.940000,0.760000,0.892000,0.783200,0.880000,1.000000,,1.000000,1.000000,,,Good,5.000000,İzsu Narlıdere Teknik Amirlik,NARLIDERE,9.000000,35-BS-00-27-A1*A5-K1*K122-D1*D44-S1-I2,38.394150,27.009890,10.164890,,1.000000,9.000000,"Arsenik, Nitrit, Amonyum, Alüminyum, Demir, Klorür, İletkenlik, Oksitlenebilirlik, pH",0.000000,Good,Decision Tree,0.000000,1.000000,0.000000
2026-06-10,BALÇOVA,28.720000,0.030000,2.040000,1.000000,0.000000,29.080000,,26.000000,1.000000,0.000000,0.065000,0.600000,1.000000,26.000000,0.000000,7.600000,535.000000,89.781806,False,1.000000,1.000000,1.000000,0.796000,0.870000,0.856400,0.854600,0.940000,0.760000,0.896000,0.786000,0.880000,1.000000,,1.000000,1.000000,,,Good,6.000000,M.Pasa Cad. İle Hüseyin Ögütcen Kavşağı,BALÇOVA,1.000000,35-BS-00-26-A1*A5-K1*K122-D1*D44-S1-I2,38.394150,27.038360,10.218194,,1.000000,9.000000,"Arsenik, Nitrit, Amonyum, Alüminyum, Demir, Klorür, İletkenlik, Oksitlenebilirlik, pH",0.000000,Good,Decision Tree,0.000000,1.000000,0.000000
2026-06-10,ÜÇKUYULAR,26.170000,0.030000,2.020000,1.000000,0.000000,22.420000,,26.000000,1.000000,0.000000,0.065000,0.600000,1.000000,26.000000,0.000000,7.600000,538.000000,89.791530,False,1.000000,1.000000,1.000000,0.798000,0.870000,0.869150,0.887900,0.940000,0.760000,0.896000,0.784800,0.880000,1.000000,,1.000000,1.000000,,,Good,7.000000,65/17 Sok. No:45 Yumurtacı Ahmet Camii,KARABAĞLAR,59.000000,35-BS-00-30-A1*A5-K1*K122-D1*D44-S1-I6,38.393940,27.069370,10.208470,,1.000000,9.000000,"Arsenik, Nitrit, Amonyum, Alüminyum, Demir, Klorür, İletkenlik, Oksitlenebilirlik, pH",0.000000,Good,Decision Tree,0.000000,1.000000,0.000000
2026-06-10,GÜZELYALI,27.700000,0.030000,2.060000,1.000000,0.000000,25.460000,,26.000000,1.000000,0.000000,0.065000,0.600000,1.000000,26.000000,0.000000,7.600000,532.000000,89.779916,False,1.000000,1.000000,1.000000,0.794000,0.870000,0.861500,0.872700,0.940000,0.760000,0.896000,0.787200,0.880000,1.000000,,1.000000,1.000000,,,Good,8.000000,34.Sok. No:5 TSM Güzelyalı,KONAK,8.000000,35-BS-00-04-A1*A5-K1*K122-D1*D44-S1-I11,38.398080,27.079620,10.220084,,1.000000,9.000000,"Arsenik, Nitrit, Amonyum, Alüminyum, Demir, Klorür, İletkenlik, Oksitlenebilirlik, pH",0.000000,Good,Decision Tree,0.000000,1.000000,0.000000
2026-06-10,HATAY,4.990000,0.030000,0.570000,1.000000,0.000000,18.590000,,36.000000,1.000000,0.000000,0.065000,0.400000,1.000000,20.000000,0.000000,7.400000,466.000000,90.501942,False,1.000000,1.000000,1.000000,0.943000,0.870000,0.975050,0.907050,0.940000,0.840000,0.856000,0.813600,0.920000,1.000000,,1.000000,1.000000,,,Good,9.000000,İnönü Cad. İle 100 Sok. Kavşağı,KONAK,8.000000,35-BS-00-04-A1*A5-K1*K122-D1*D44-S1-I13,38.401640,27.099450,9.498058,,1.000000,9.000000,"Arsenik, Nitrit, Amonyum, Alüminyum, Demir, Klorür, İletkenlik, Oksitlenebilirlik, pH",0.000000,Good,Decision Tree,0.000000,1.000000,0.000000
2026-06-10,YEŞİLYURT,4.320000,0.030000,0.520000,1.000000,0.000000,17.080000,,36.000000,1.000000,0.000000,0.065000,0.400000,1.000000,20.000000,0.000000,7.400000,465.000000,90.514492,False,1.000000,1.000000,1.000000,0.948000,0.870000,0.978400,0.914600,0.940000,0.840000,0.856000,0.814000,0.920000,1.000000,,1.000000,1.000000,,,Good,11.000000,Ulu Önder Cad. İle Gökdere Cad.Kavşağı,KARABAĞLAR,59.000000,35-BS-00-30-A1*A5-K1*K122-D1*D44-S1-I7,38.404270,27.113010,9.485508,,1.000000,9.000000,"Arsenik, Nitrit, Amonyum, Alüminyum, Demir, Klorür, İletkenlik, Oksitlenebilirlik, pH",0.000000,Good,Decision Tree,0.000000,1.000000,0.000000
2026-06-10,KARABAĞLAR,4.590000,0.030000,0.510000,1.000000,0.000000,17.380000,,36.000000,1.000000,0.000000,0.065000,0.400000,1.000000,20.000000,0.000000,7.400000,469.000000,90.516418,False,1.000000,1.000000,1.000000,0.949000,0.870000,0.977050,0.913100,0.940000,0.840000,0.856000,0.812400,0.920000,1.000000,,1.000000,1.000000,,,Good,13.000000,4058 Sok. İle 4056 Sok. Kavşağı,KARABAĞLAR,59.000000,35-BS-00-30-A1*A5-K1*K122-D1*D44-S1-I8,38.374260,27.134100,9.483582,,1.000000,9.000000,"Arsenik, Nitrit, Amonyum, Alüminyum, Demir, Klorür, İletkenlik, Oksitlenebilirlik, pH",0.000000,Good,Decision Tree,0.000000,1.000000,0.000000
2026-06-10,ESKİ İZMİR,4.930000,0.030000,0.550000,1.000000,0.000000,18.830000,,36.000000,1.000000,0.000000,0.065000,0.400000,1.000000,20.000000,0.000000,7.400000,465.000000,90.506369,False,1.000000,1.000000,1.000000,0.945000,0.870000,0.975350,0.905850,0.940000,0.840000,0.856000,0.814000,0.920000,1.000000,,1.000000,1.000000,,,Good,14.000000,Eski Izmir Cad. No:562/A Kahve,KARABAĞLAR,59.000000,35-BS-00-30-A1*A5-K1*K122-D1*D44-S1-I3,38.376220,27.107190,9.493631,,1.000000,9.000000,"Arsenik, Nitrit, Amonyum, Alüminyum, Demir, Klorür, İletkenlik, Oksitlenebilirlik, pH",0.000000,Good,Decision Tree,0.000000,1.000000,0.000000
2026-06-10,GAZİEMİR,4.750000,0.030000,0.570000,1.000000,0.000000,19.900000,,36.000000,1.000000,0.000000,0.065000,0.400000,1.000000,20.000000,0.000000,7.400000,457.000000,90.501369,False,1.000000,1.000000,1.000000,0.943000,0.870000,0.976250,0.900500,0.940000,0.840000,0.856000,0.817200,0.920000,1.000000,,1.000000,1.000000,,,Good,15.000000,Abdullah Arda Meydanı No:29 Arkadaşlar Kahvesi,GAZİEMİR,5.000000,35-BS-00-25-A1*A5-K1*K122-D1*D44-S1-I4-Y1,38.321780,27.126430,9.498631,,1.000000,9.000000,"Arsenik, Nitrit, Amonyum, Alüminyum, Demir, Klorür, İletkenlik, Oksitlenebilirlik, pH",0.000000,Good,Decision Tree,0.000000,1.000000,0.000000
2026-06-10,GEDİZ,9.900000,0.030000,0.370000,1.000000,0.000000,193.184000,,45.000000,1.000000,0.000000,0.065000,0.400000,1.000000,16.000000,0.000000,7.400000,371.000000,90.442743,False,1.000000,1.000000,1.000000,0.963000,0.870000,0.950500,0.034080,0.940000,0.840000,0.820000,0.851600,0.920000,1.000000,,1.000000,1.000000,,,Good,16.000000,682/4 Sok. No:2 Gediz,BUCA,3.000000,35-BS-00-02-A1*A5-K1*K122-D1*D44-S1-I10,38.361880,27.144380,9.557257,,1.000000,9.000000,"Arsenik, Nitrit, Amonyum, Alüminyum, Demir, Klorür, İletkenlik, Oksitlenebilirlik, pH",0.000000,Good,Decision Tree,0.000000,1.000000,0.000000
2026-06-10,ŞİRİNYER,9.330000,0.030000,0.330000,1.000000,0.000000,173.374000,,45.000000,1.000000,0.000000,0.065000,0.400000,1.000000,16.000000,0.000000,7.400000,375.000000,90.463307,False,1.000000,1.000000,1.000000,0.967000,0.870000,0.953350,0.133130,0.940000,0.840000,0.820000,0.850000,0.920000,1.000000,,1.000000,1.000000,,,Good,17.000000,Koşuyolu Cad. Efeler Mah. No:41 Avni Naili Limboz Camii,BUCA,3.000000,35-BS-00-02-A1*A5-K1*K122-D1*D44-S1-I6,38.391680,27.150310,9.536693,,1.000000,9.000000,"Arsenik, Nitrit, Amonyum, Alüminyum, Demir, Klorür, İletkenlik, Oksitlenebilirlik, pH",0.000000,Good,Decision Tree,0.000000,1.000000,0.000000
2026-06-10,BUCA,10.350000,0.030000,0.380000,1.000000,0.000000,193.392000,,45.000000,1.000000,0.000000,0.065000,0.400000,1.000000,16.000000,0.000000,7.400000,370.000000,90.440112,False,1.000000,1.000000,1.000000,0.962000,0.870000,0.948250,0.033040,0.940000,0.840000,0.820000,0.852000,0.920000,1.000000,,1.000000,1.000000,,,Good,18.000000,Başarı Cad.İle 170. Sok.Kavşağı,BUCA,3.000000,35-BS-00-02-A1*A5-K1*K122-D1*D44-S1-I1,38.389300,27.176440,9.559888,,1.000000,9.000000,"Arsenik, Nitrit, Amonyum, Alüminyum, Demir, Klorür, İletkenlik, Oksitlenebilirlik, pH",0.000000,Good,Decision Tree,0.000000,1.000000,0.000000
2026-06-10,GÜLÇEŞME,9.250000,0.030000,0.400000,1.000000,0.000000,182.410000,,45.000000,1.000000,0.000000,0.065000,0.400000,1.000000,16.000000,0.000000,7.400000,374.000000,90.442406,False,1.000000,1.000000,1.000000,0.960000,0.870000,0.953750,0.087950,0.940000,0.840000,0.820000,0.850400,0.920000,1.000000,,1.000000,1.000000,,,Good,19.000000,3586 Sok. No:1 Gürçeşme,KONAK,8.000000,35-BS-00-04-A1*A5-K1*K122-D1*D44-S1-I15,38.404510,27.151350,9.557594,,1.000000,9.000000,"Arsenik, Nitrit, Amonyum, Alüminyum, Demir, Klorür, İletkenlik, Oksitlenebilirlik, pH",0.000000,Good,Decision Tree,0.000000,1.000000,0.000000
2026-06-10,GÜLTEPE,1.990000,0.030000,4.680000,1.000000,0.000000,52.950000,,33.000000,1.000000,0.000000,0.065000,0.600000,1.000000,31.000000,0.100000,7.300000,689.000000,89.468806,False,1.000000,1.000000,1.000000,0.532000,0.870000,0.990050,0.735250,0.940000,0.880000,0.868000,0.724400,0.880000,1.000000,,1.000000,1.000000,,,Good,20.000000,Selimiye Cad. No:30/B Gültepe,KONAK,8.000000,35-BS-00-04-A1*A5-K1*K122-D1*D44-S1-I16,38.416220,27.172680,10.531194,,1.000000,9.000000,"Arsenik, Nitrit, Amonyum, Alüminyum, Demir, Klorür, İletkenlik, Oksitlenebilirlik, pH",0.000000,Good,Decision Tree,0.000000,1.000000,0.000000
2026-06-10,ALTINDAĞ,8.920000,0.030000,0.360000,1.000000,0.000000,137.440000,,45.000000,1.000000,0.000000,0.065000,0.400000,1.000000,16.000000,0.000000,7.400000,367.000000,90.477106,False,1.000000,1.000000,1.000000,0.964000,0.870000,0.955400,0.312800,0.940000,0.840000,0.820000,0.853200,0.920000,1.000000,,1.000000,1.000000,,,Good,21.000000,Kemalpaşa Cad. No: 46,BORNOVA,2.000000,35-BS-00-01-A1*A5-K1*K122-D1*D44-S1-I9,38.425580,27.202560,9.522894,,1.000000,9.000000,"Arsenik, Nitrit, Amonyum, Alüminyum, Demir, Klorür, İletkenlik, Oksitlenebilirlik, pH",0.000000,Good,Decision Tree,0.000000,1.000000,0.000000
2026-06-10,ÇAMDİBİ,9.010000,0.030000,0.360000,1.000000,0.000000,134.191000,,45.000000,1.000000,0.000000,0.065000,0.400000,1.000000,16.000000,0.000000,7.400000,368.000000,90.478890,False,1.000000,1.000000,1.000000,0.964000,0.870000,0.954950,0.329045,0.940000,0.840000,0.820000,0.852800,0.920000,1.000000,,1.000000,1.000000,,,Good,22.000000,5227 Sok. No:35/C Çamdibi,BORNOVA,2.000000,35-BS-00-01-A1*A5-K1*K122-D1*D44-S1-I12,38.435530,27.191010,9.521110,,1.000000,9.000000,"Arsenik, Nitrit, Amonyum, Alüminyum, Demir, Klorür, İletkenlik, Oksitlenebilirlik, pH",0.000000,Good,Decision Tree,0.000000,1.000000,0.000000
2026-06-10,IŞIKKENT,9.650000,0.030000,0.390000,1.000000,0.000000,138.600000,,45.000000,1.000000,0.000000,0.065000,0.400000,1.000000,16.000000,0.000000,7.400000,366.000000,90.469253,False,1.000000,1.000000,1.000000,0.961000,0.870000,0.951750,0.307000,0.940000,0.840000,0.820000,0.853600,0.920000,1.000000,,1.000000,1.000000,,,Good,23.000000,Cumhuriyet Meydanı No:16  Işıkkent,BORNOVA,2.000000,35-BS-00-01-A1*A5-K1*K122-D1*D44-S1-I8,38.424540,27.230760,9.530747,,1.000000,9.000000,"Arsenik, Nitrit, Amonyum, Alüminyum, Demir, Klorür, İletkenlik, Oksitlenebilirlik, pH",0.000000,Good,Decision Tree,0.000000,1.000000,0.000000
2026-06-10,PINARBAŞI,8.680000,0.030000,0.620000,1.000000,0.000000,136.780000,,45.000000,1.000000,0.000000,0.065000,0.400000,1.000000,16.000000,0.000000,7.400000,364.000000,90.418798,False,1.000000,1.000000,1.000000,0.938000,0.870000,0.956600,0.316100,0.940000,0.840000,0.820000,0.854400,0.920000,1.000000,,1.000000,1.000000,,,Good,24.000000,Çanakkale Cad.İle 7057 Sok KavsağıPınarbaşı,BORNOVA,2.000000,35-BS-00-01-A1*A5-K1*K122-D1*D44-S1-I10,38.429880,27.266470,9.581202,,1.000000,9.000000,"Arsenik, Nitrit, Amonyum, Alüminyum, Demir, Klorür, İletkenlik, Oksitlenebilirlik, pH",0.000000,Good,Decision Tree,0.000000,1.000000,0.000000
2026-06-10,EVKA-3,8.500000,0.030000,1.500000,1.000000,0.000000,136.660000,,45.000000,1.000000,0.000000,0.065000,0.400000,1.000000,16.000000,0.000000,7.400000,360.000000,90.219872,False,1.000000,1.000000,1.000000,0.850000,0.870000,0.957500,0.316700,0.940000,0.840000,0.820000,0.856000,0.920000,1.000000,,1.000000,1.000000,,,Good,25.000000,Şehitler Cad. No:22 H.Mustafa Gökdemir Camii Evka-3,BORNOVA,2.000000,35-BS-00-01-A1*A5-K1*K122-D1*D44-S1-I2,38.473220,27.250940,9.780128,,1.000000,9.000000,"Arsenik, Nitrit, Amonyum, Alüminyum, Demir, Klorür, İletkenlik, Oksitlenebilirlik, pH",0.000000,Good,Decision Tree,0.000000,1.000000,0.000000
2026-06-10,BORNOVA,9.010000,0.030000,1.400000,1.000000,0.000000,134.730000,,45.000000,1.000000,0.000000,0.065000,0.400000,1.000000,16.000000,0.000000,7.400000,365.000000,90.243283,False,1.000000,1.000000,1.000000,0.860000,0.870000,0.954950,0.326350,0.940000,0.840000,0.820000,0.854000,0.920000,1.000000,,1.000000,1.000000,,,Good,26.000000,Ege Üni.Kampüsü İtfaiye Çeşmesi/İzsu Teknik Amirlik,BORNOVA,2.000000,35-BS-00-01-A1*A5-K1*K122-D1*D44-S1-I11,38.460950,27.228200,9.756717,,1.000000,9.000000,"Arsenik, Nitrit, Amonyum, Alüminyum, Demir, Klorür, İletkenlik, Oksitlenebilirlik, pH",0.000000,Good,Decision Tree,0.000000,1.000000,0.000000
2026-06-10,ATATÜRK MAH,1.700000,0.030000,5.090000,1.000000,0.000000,20.470000,,31.000000,1.000000,0.000000,0.065000,0.600000,1.000000,34.000000,0.100000,7.300000,726.000000,89.395165,False,1.000000,1.000000,1.000000,0.491000,0.870000,0.991500,0.897650,0.940000,0.880000,0.876000,0.709600,0.880000,1.000000,,1.000000,1.000000,,,Good,27.000000,Hürriyet Cad. Polis Mer. No:86 Atatürk,BORNOVA,2.000000,35-BS-00-01-A1*A5-K1*K122-D1*D44-S1-I13,38.475820,27.208680,10.604835,,1.000000,9.000000,"Arsenik, Nitrit, Amonyum, Alüminyum, Demir, Klorür, İletkenlik, Oksitlenebilirlik, pH",0.000000,Good,Decision Tree,0.000000,1.000000,0.000000
2026-06-10,OSMANGAZİ,2.040000,0.030000,4.980000,1.000000,0.000000,19.780000,,34.000000,1.000000,0.000000,0.065000,0.600000,1.000000,32.000000,0.100000,7.300000,760.000000,89.419043,False,1.000000,1.000000,1.000000,0.502000,0.870000,0.989800,0.901100,0.940000,0.880000,0.864000,0.696000,0.880000,1.000000,,1.000000,1.000000,,,Good,28.000000,Yavuz Cad. 241/C  Osmangazi,BAYRAKLI,60.000000,35-BS-00-29-A1*A5-K1*K122-D1*D44-S1-I6,38.475430,27.187450,10.580957,,1.000000,9.000000,"Arsenik, Nitrit, Amonyum, Alüminyum, Demir, Klorür, İletkenlik, Oksitlenebilirlik, pH",0.000000,Good,Decision Tree,0.000000,1.000000,0.000000
2026-06-10,ÖZKANLAR,2.400000,0.030000,5.010000,1.000000,0.000000,20.230000,,33.000000,1.000000,0.000000,0.065000,0.600000,1.000000,34.000000,0.100000,7.300000,757.000000,89.412169,False,1.000000,1.000000,1.000000,0.499000,0.870000,0.988000,0.898850,0.940000,0.880000,0.868000,0.697200,0.880000,1.000000,,1.000000,1.000000,,,Good,29.000000,273/4 No:6 Aile Sağlığı Merkezi Özkanlar,BAYRAKLI,60.000000,35-BS-00-29-A1*A5-K1*K122-D1*D44-S1-I10,38.458040,27.191060,10.587831,,1.000000,9.000000,"Arsenik, Nitrit, Amonyum, Alüminyum, Demir, Klorür, İletkenlik, Oksitlenebilirlik, pH",0.000000,Good,Decision Tree,0.000000,1.000000,0.000000
2026-06-10,MANAVKUYU,3.880000,0.030000,4.980000,1.000000,0.000000,20.260000,,32.000000,1.000000,0.000000,0.065000,0.600000,1.000000,34.000000,0.100000,7.400000,744.000000,89.323244,False,1.000000,1.000000,1.000000,0.502000,0.870000,0.980600,0.898700,0.940000,0.840000,0.872000,0.702400,0.880000,1.000000,,1.000000,1.000000,,,Good,30.000000,Sakarya Cad.No:112 Manavkuyu,BAYRAKLI,60.000000,35-BS-00-29-A1*A5-K1*K122-D1*D44-S1-I8,38.457390,27.186910,10.676756,,1.000000,9.000000,"Arsenik, Nitrit, Amonyum, Alüminyum, Demir, Klorür, İletkenlik, Oksitlenebilirlik, pH",0.000000,Good,Decision Tree,0.000000,1.000000,0.000000
2026-06-10,EGEKENT,4.730000,0.030000,5.980000,1.000000,0.000000,34.530000,,45.000000,1.000000,0.000000,0.065000,0.800000,1.000000,32.000000,0.200000,7.300000,848.000000,88.997606,False,1.000000,1.000000,1.000000,0.402000,0.870000,0.976350,0.827350,0.940000,0.880000,0.820000,0.660800,0.840000,1.000000,,1.000000,1.000000,,,Good,32.000000,8819 Sok. No:13 Egekent,ÇİĞLİ,4.000000,35-BS-00-24-A1*A5-K1*K122-D1*D44-S1-I7,38.504140,27.058100,11.002394,,1.000000,9.000000,"Arsenik, Nitrit, Amonyum, Alüminyum, Demir, Klorür, İletkenlik, Oksitlenebilirlik, pH",0.000000,Good,Decision Tree,0.000000,1.000000,0.000000
2026-06-10,BALATÇIK,2.830000,0.030000,5.760000,1.000000,0.000000,31.400000,,45.000000,1.000000,0.000000,0.065000,0.800000,1.000000,32.000000,0.200000,7.300000,852.000000,89.050214,False,1.000000,1.000000,1.000000,0.424000,0.870000,0.985850,0.843000,0.940000,0.880000,0.820000,0.659200,0.840000,1.000000,,1.000000,1.000000,,,Good,33.000000,8790/5 Sok. 9 Eylül Camii Balatçık,ÇİĞLİ,4.000000,35-BS-00-24-A1*A5-K1*K122-D1*D44-S1-I2-Y1,38.511900,27.045600,10.949786,,1.000000,9.000000,"Arsenik, Nitrit, Amonyum, Alüminyum, Demir, Klorür, İletkenlik, Oksitlenebilirlik, pH",0.000000,Good,Decision Tree,0.000000,1.000000,0.000000
2026-06-10,ÇİĞLİ,2.380000,0.030000,4.960000,1.000000,0.000000,20.590000,,31.000000,1.000000,0.000000,0.065000,0.600000,1.000000,34.000000,0.100000,7.300000,723.000000,89.424137,False,1.000000,1.000000,1.000000,0.504000,0.870000,0.988100,0.897050,0.940000,0.880000,0.876000,0.710800,0.880000,1.000000,,1.000000,1.000000,,,Good,34.000000,8022/1 Sok. No:8/1-B Ataşehir,ÇİĞLİ,4.000000,35-BS-00-24-A1*A5-K1*K122-D1*D44-S1-I3-IY1,38.492860,27.060890,10.575863,,1.000000,9.000000,"Arsenik, Nitrit, Amonyum, Alüminyum, Demir, Klorür, İletkenlik, Oksitlenebilirlik, pH",0.000000,Good,Decision Tree,0.000000,1.000000,0.000000
2026-06-10,BOSTANLI,2.210000,0.030000,5.100000,1.000000,0.000000,25.330000,,33.000000,1.000000,0.000000,0.065000,0.600000,1.000000,36.000000,0.100000,7.400000,751.000000,89.293782,False,1.000000,1.000000,1.000000,0.490000,0.870000,0.988950,0.873350,0.940000,0.840000,0.868000,0.699600,0.880000,1.000000,,1.000000,1.000000,,,Good,35.000000,1799 Sok No:14 Bostanlı,KARŞIYAKA,7.000000,35-BS-00-03-A1*A5-K1*K122-D1*D44-S1-I7,38.457730,27.098860,10.706218,,1.000000,9.000000,"Arsenik, Nitrit, Amonyum, Alüminyum, Demir, Klorür, İletkenlik, Oksitlenebilirlik, pH",0.000000,Good,Decision Tree,0.000000,1.000000,0.000000
2026-06-10,ŞEMİKLER,1.810000,0.030000,5.050000,1.000000,0.000000,20.220000,,31.000000,1.000000,0.000000,0.065000,0.600000,1.000000,36.000000,0.100000,7.200000,750.000000,89.499476,False,1.000000,1.000000,1.000000,0.495000,0.870000,0.990950,0.898900,0.940000,0.920000,0.876000,0.700000,0.880000,1.000000,,1.000000,1.000000,,,Good,36.000000,6276 Sok.İle 6279 Sok Kavşağı,KARŞIYAKA,7.000000,35-BS-00-03-A1*A5-K1*K122-D1*D44-S1-I4,38.477100,27.093760,10.500524,,1.000000,9.000000,"Arsenik, Nitrit, Amonyum, Alüminyum, Demir, Klorür, İletkenlik, Oksitlenebilirlik, pH",0.000000,Good,Decision Tree,0.000000,1.000000,0.000000
2026-06-10,KARŞIYAKA,2.190000,0.030000,5.020000,1.000000,0.000000,20.410000,,33.000000,1.000000,0.000000,0.065000,0.600000,1.000000,36.000000,0.100000,7.200000,755.000000,89.505199,False,1.000000,1.000000,1.000000,0.498000,0.870000,0.989050,0.897950,0.940000,0.920000,0.868000,0.698000,0.880000,1.000000,,1.000000,1.000000,,,Good,37.000000,Atatürk Cad. İle Zübeyde Hanim Cad.Kavşağı,KARŞIYAKA,7.000000,35-BS-00-03-A1*A5-K1*K122-D1*D44-S1-I5,38.461670,27.116100,10.494801,,1.000000,9.000000,"Arsenik, Nitrit, Amonyum, Alüminyum, Demir, Klorür, İletkenlik, Oksitlenebilirlik, pH",0.000000,Good,Decision Tree,0.000000,1.000000,0.000000
2026-06-10,EVKA-2,1.840000,0.030000,5.060000,1.000000,0.000000,20.450000,,33.000000,1.000000,0.000000,0.065000,0.600000,1.000000,36.000000,0.100000,7.200000,745.000000,89.496360,False,1.000000,1.000000,1.000000,0.494000,0.870000,0.990800,0.897750,0.940000,0.920000,0.868000,0.702000,0.880000,1.000000,,1.000000,1.000000,,,Good,38.000000,6800 Sok. No:9 Sağlık Ocağı Evka 2,ÇİĞLİ,4.000000,35-BS-00-24-A1*A5-K1*K122-D1*D44-S1-I5,38.499050,27.087510,10.503640,,1.000000,9.000000,"Arsenik, Nitrit, Amonyum, Alüminyum, Demir, Klorür, İletkenlik, Oksitlenebilirlik, pH",0.000000,Good,Decision Tree,0.000000,1.000000,0.000000
2026-06-10,ÖRNEKKÖY,4.870000,0.030000,5.230000,1.000000,0.000000,24.030000,,33.000000,1.000000,0.000000,0.065000,0.600000,1.000000,36.000000,0.100000,7.200000,760.000000,89.454102,False,1.000000,1.000000,1.000000,0.477000,0.870000,0.975650,0.879850,0.940000,0.920000,0.868000,0.696000,0.880000,1.000000,,1.000000,1.000000,,,Good,39.000000,Başpehlivan Kara Ali Cad. No:25/A,KARŞIYAKA,7.000000,35-BS-00-03-A1*A5-K1*K122-D1*D44-S1-I6,38.482130,27.111060,10.545898,,1.000000,9.000000,"Arsenik, Nitrit, Amonyum, Alüminyum, Demir, Klorür, İletkenlik, Oksitlenebilirlik, pH",0.000000,Good,Decision Tree,0.000000,1.000000,0.000000
2026-06-10,GÜMÜŞPALA,6.240000,0.030000,5.180000,1.000000,0.000000,24.900000,,33.000000,1.000000,0.000000,0.065000,0.600000,1.000000,36.000000,0.100000,7.200000,760.000000,89.464148,False,1.000000,1.000000,1.000000,0.482000,0.870000,0.968800,0.875500,0.940000,0.920000,0.868000,0.696000,0.880000,1.000000,,1.000000,1.000000,,,Good,40.000000,7019 Sok. No:20/3 Merkez Cami Gümüşpala,BAYRAKLI,60.000000,35-BS-00-29-A1*A5-K1*K122-D1*D44-S1-I7,38.479310,27.109960,10.535852,,1.000000,9.000000,"Arsenik, Nitrit, Amonyum, Alüminyum, Demir, Klorür, İletkenlik, Oksitlenebilirlik, pH",0.000000,Good,Decision Tree,0.000000,1.000000,0.000000
2026-06-17,DOĞANÇAY,6.220000,0.030000,5.150000,1.000000,0.000000,46.590000,,38.000000,1.000000,0.000000,0.065000,0.600000,1.000000,31.000000,0.100000,7.300000,648.000000,89.362006,False,1.000000,1.000000,1.000000,0.485000,0.870000,0.968900,0.767050,0.940000,0.880000,0.848000,0.740800,0.880000,1.000000,,1.000000,1.000000,,,Good,41.000000,7191 Sok. No:1/A Doğançay,BAYRAKLI,60.000000,35-BS-00-29-A1*A5-K1*K122-D1*D44-S1-I1,38.495500,27.155140,10.637994,,1.000000,9.000000,"Arsenik, Nitrit, Amonyum, Alüminyum, Demir, Klorür, İletkenlik, Oksitlenebilirlik, pH",0.000000,Good,Decision Tree,0.000000,1.000000,0.000000
2026-06-17,YAMANLAR,6.700000,0.030000,5.130000,1.000000,0.000000,51.000000,,38.000000,1.000000,0.000000,0.065000,0.600000,1.000000,31.000000,0.100000,7.300000,650.000000,89.363758,False,1.000000,1.000000,1.000000,0.487000,0.870000,0.966500,0.745000,0.940000,0.880000,0.848000,0.740000,0.880000,1.000000,,1.000000,1.000000,,,Good,42.000000,7348 Sok. No:2 Polis Merkezi Yamanlar,BAYRAKLI,60.000000,35-BS-00-29-A1*A5-K1*K122-D1*D44-S1-I2,38.481110,27.132940,10.636242,,1.000000,9.000000,"Arsenik, Nitrit, Amonyum, Alüminyum, Demir, Klorür, İletkenlik, Oksitlenebilirlik, pH",0.000000,Good,Decision Tree,0.000000,1.000000,0.000000
2026-06-17,POSTACI MAH,8.830000,0.030000,5.070000,1.000000,0.000000,49.380000,,38.000000,1.000000,0.000000,0.065000,0.600000,1.000000,31.000000,0.100000,7.300000,655.000000,89.377027,False,1.000000,1.000000,1.000000,0.493000,0.870000,0.955850,0.753100,0.940000,0.880000,0.848000,0.738000,0.880000,1.000000,,1.000000,1.000000,,,Good,43.000000,7659/2 Sok. No:1/B Postacılar Mah.,BAYRAKLI,60.000000,35-BS-00-29-A1*A5*-K1*K122-D1*D44-S1-I3-IY1,38.482170,27.119910,10.622973,,1.000000,9.000000,"Arsenik, Nitrit, Amonyum, Alüminyum, Demir, Klorür, İletkenlik, Oksitlenebilirlik, pH",0.000000,Good,Decision Tree,0.000000,1.000000,0.000000
2026-06-17,YAMAÇ MAH,6.900000,0.030000,4.450000,1.000000,0.000000,48.400000,,38.000000,1.000000,0.000000,0.065000,0.600000,1.000000,31.000000,0.100000,7.300000,656.000000,89.518952,False,1.000000,1.000000,1.000000,0.555000,0.870000,0.965500,0.758000,0.940000,0.880000,0.848000,0.737600,0.880000,1.000000,,1.000000,1.000000,,,Good,44.000000,6730 Sok. No:6/A Yamaç Mah.,KARŞIYAKA,7.000000,35-BS-00-03-A1*A5-K1*K122-D1*D44-S1-I1,38.483710,27.099770,10.481048,,1.000000,9.000000,"Arsenik, Nitrit, Amonyum, Alüminyum, Demir, Klorür, İletkenlik, Oksitlenebilirlik, pH",0.000000,Good,Decision Tree,0.000000,1.000000,0.000000
2026-06-17,CUMHURİYET MAH,6.110000,0.030000,5.190000,1.000000,0.000000,48.350000,,38.000000,1.000000,0.000000,0.065000,0.600000,1.000000,31.000000,0.100000,7.300000,657.000000,89.351989,False,1.000000,1.000000,1.000000,0.481000,0.870000,0.969450,0.758250,0.940000,0.880000,0.848000,0.737200,0.880000,1.000000,,1.000000,1.000000,,,Good,45.000000,Alim Dağhan Cd. İle 6716 Sok. Kvs.,KARŞIYAKA,7.000000,35-BS-00-03-A1*A5-K1*K122-D1*D44-S1-I2,38.485320,27.096540,10.648011,,1.000000,9.000000,"Arsenik, Nitrit, Amonyum, Alüminyum, Demir, Klorür, İletkenlik, Oksitlenebilirlik, pH",0.000000,Good,Decision Tree,0.000000,1.000000,0.000000
2026-06-17,GÜZELTEPE,7.440000,0.030000,5.150000,1.000000,0.000000,48.250000,,38.000000,1.000000,0.000000,0.065000,0.600000,1.000000,31.000000,0.100000,7.300000,657.000000,89.360344,False,1.000000,1.000000,1.000000,0.485000,0.870000,0.962800,0.758750,0.940000,0.880000,0.848000,0.737200,0.880000,1.000000,,1.000000,1.000000,,,Good,46.000000,8172 Sok. No:90/1 Güzeltepe,ÇİĞLİ,4.000000,35-BS-00-24-A1*A5-K1*K122-D1*D44-S1-I4-IY1,38.502720,27.077990,10.639656,,1.000000,9.000000,"Arsenik, Nitrit, Amonyum, Alüminyum, Demir, Klorür, İletkenlik, Oksitlenebilirlik, pH",0.000000,Good,Decision Tree,0.000000,1.000000,0.000000
2026-06-17,EVKA-5,8.320000,0.030000,5.870000,1.000000,0.000000,71.880000,,44.000000,1.000000,0.000000,0.065000,0.600000,1.000000,32.000000,0.200000,7.500000,747.000000,88.990538,False,1.000000,1.000000,1.000000,0.413000,0.870000,0.958400,0.640600,0.940000,0.800000,0.824000,0.701200,0.880000,1.000000,,1.000000,1.000000,,,Good,47.000000,8809 Sok. No:141/A Evka-5,ÇİĞLİ,4.000000,35-BS-00-24-A1*A5-K1*K122-D1*D44-S1-I8-IY1,38.518190,27.056590,11.009462,,1.000000,9.000000,"Arsenik, Nitrit, Amonyum, Alüminyum, Demir, Klorür, İletkenlik, Oksitlenebilirlik, pH",0.000000,Good,Decision Tree,0.000000,1.000000,0.000000
2026-06-17,EGEKENT-2,9.050000,0.030000,5.980000,1.000000,0.000000,72.150000,,46.000000,1.000000,0.000000,0.065000,0.600000,1.000000,33.000000,0.200000,7.500000,752.000000,88.964341,False,1.000000,1.000000,1.000000,0.402000,0.870000,0.954750,0.639250,0.940000,0.800000,0.816000,0.699200,0.880000,1.000000,,1.000000,1.000000,,,Good,48.000000,8818 Sok. No:38 6 Nolu Sağlık Ocağı Egekent,ÇİĞLİ,4.000000,35-BS-00-24-A1*A5-K1*K122-D1*D44-S1-I6,38.555690,27.049780,11.035659,,1.000000,9.000000,"Arsenik, Nitrit, Amonyum, Alüminyum, Demir, Klorür, İletkenlik, Oksitlenebilirlik, pH",0.000000,Good,Decision Tree,0.000000,1.000000,0.000000
2026-06-17,ALAYBEY,6.140000,0.030000,5.160000,1.000000,0.000000,47.210000,,38.000000,1.000000,0.000000,0.065000,0.600000,1.000000,30.000000,0.100000,7.300000,656.000000,89.359409,False,1.000000,1.000000,1.000000,0.484000,0.870000,0.969300,0.763950,0.940000,0.880000,0.848000,0.737600,0.880000,1.000000,,1.000000,1.000000,,,Good,49.000000,1643/7 Sok. No:8 Adalet Mah.,BAYRAKLI,60.000000,35-BS-00-03-A1*A5-K1*K122-D1*D44-S1-13-IY1,38.466750,27.159340,10.640591,,1.000000,9.000000,"Arsenik, Nitrit, Amonyum, Alüminyum, Demir, Klorür, İletkenlik, Oksitlenebilirlik, pH",0.000000,Good,Decision Tree,0.000000,1.000000,0.000000
2026-06-17,CENGİZHAN,7.420000,0.030000,4.940000,1.000000,0.000000,45.330000,,38.000000,1.000000,0.000000,0.065000,0.600000,1.000000,29.000000,0.100000,7.300000,658.000000,89.409519,False,1.000000,1.000000,1.000000,0.506000,0.870000,0.962900,0.773350,0.940000,0.880000,0.848000,0.736800,0.880000,1.000000,,1.000000,1.000000,,,Good,50.000000,1620/19 İle 1620/39 Sok. Kavsağı Cengizhan,BAYRAKLI,60.000000,35-BS-00-29-A1*A5-K1*K122-D1*D44-S1-I4,38.473400,27.158880,10.590481,,1.000000,9.000000,"Arsenik, Nitrit, Amonyum, Alüminyum, Demir, Klorür, İletkenlik, Oksitlenebilirlik, pH",0.000000,Good,Decision Tree,0.000000,1.000000,0.000000
2026-06-17,ÇAY MAH,6.550000,0.030000,5.590000,1.000000,0.000000,49.100000,,38.000000,1.000000,0.000000,0.065000,0.600000,1.000000,29.000000,0.100000,7.300000,657.000000,89.260812,False,1.000000,1.000000,1.000000,0.441000,0.870000,0.967250,0.754500,0.940000,0.880000,0.848000,0.737200,0.880000,1.000000,,1.000000,1.000000,,,Good,51.000000,Hakan Uysal Cad. No:273/1 Çay Mahallesi,BAYRAKLI,60.000000,35-BS-00-29-A1*A5-K1*K122-D1*D44-S1-I5,38.470860,27.180440,10.739188,,1.000000,9.000000,"Arsenik, Nitrit, Amonyum, Alüminyum, Demir, Klorür, İletkenlik, Oksitlenebilirlik, pH",0.000000,Good,Decision Tree,0.000000,1.000000,0.000000
2026-06-17,İZYUVA,10.480000,0.030000,0.480000,1.000000,0.000000,171.820000,,46.000000,1.000000,0.000000,0.065000,0.400000,1.000000,14.000000,0.000000,7.400000,392.000000,90.429173,False,1.000000,1.000000,1.000000,0.952000,0.870000,0.947600,0.140900,0.940000,0.840000,0.816000,0.843200,0.920000,1.000000,,1.000000,1.000000,,,Good,52.000000,113/19 Sok. No:10 İzyuva,BORNOVA,2.000000,35-BS-00-01-A1*A5-K1*K122-D1*D44-S1-I7,38.464570,27.249790,9.570827,,1.000000,9.000000,"Arsenik, Nitrit, Amonyum, Alüminyum, Demir, Klorür, İletkenlik, Oksitlenebilirlik, pH",0.000000,Good,Decision Tree,0.000000,1.000000,0.000000
2026-06-17,NALDÖKEN,6.680000,0.030000,1.030000,1.000000,0.000000,134.060000,,46.000000,1.000000,0.000000,0.065000,0.400000,1.000000,14.000000,0.000000,7.400000,390.000000,90.328245,False,1.000000,1.000000,1.000000,0.897000,0.870000,0.966600,0.329700,0.940000,0.840000,0.816000,0.844000,0.920000,1.000000,,1.000000,1.000000,,,Good,53.000000,Ankara Cad. İle Atatürk Cad. Kav.,BORNOVA,2.000000,35-BS-00-01-A1*A5-K1*K122-D1*D44-S1-I6,38.452100,27.266070,9.671755,,1.000000,9.000000,"Arsenik, Nitrit, Amonyum, Alüminyum, Demir, Klorür, İletkenlik, Oksitlenebilirlik, pH",0.000000,Good,Decision Tree,0.000000,1.000000,0.000000
2026-06-17,YEŞİLÇAM,12.000000,0.030000,0.460000,1.000000,0.000000,168.040000,,46.000000,1.000000,0.000000,0.065000,0.400000,1.000000,15.000000,0.000000,7.400000,390.000000,90.434984,False,1.000000,1.000000,1.000000,0.954000,0.870000,0.940000,0.159800,0.940000,0.840000,0.816000,0.844000,0.920000,1.000000,,1.000000,1.000000,,,Good,54.000000,Mrk. Bornova Jandarma Komando Ambarlar Yanı,BORNOVA,2.000000,35-BS-00-01-A1*A5-K1*K122-D1*D44-S1-IY1,38.445680,27.289280,9.565016,,1.000000,9.000000,"Arsenik, Nitrit, Amonyum, Alüminyum, Demir, Klorür, İletkenlik, Oksitlenebilirlik, pH",0.000000,Good,Decision Tree,0.000000,1.000000,0.000000
2026-06-17,MEVLANA,8.780000,0.030000,0.470000,1.000000,0.000000,163.850000,,46.000000,1.000000,0.000000,0.065000,0.400000,1.000000,15.000000,0.000000,7.400000,389.000000,90.436916,False,1.000000,1.000000,1.000000,0.953000,0.870000,0.956100,0.180750,0.940000,0.840000,0.816000,0.844400,0.920000,1.000000,,1.000000,1.000000,,,Good,55.000000,1754 Sok. No:25 Asm Mevlana,BORNOVA,2.000000,35-BS-00-01-A1*A5-K1*K122-D1*D44-S1-I4,38.448220,27.230660,9.563084,,1.000000,9.000000,"Arsenik, Nitrit, Amonyum, Alüminyum, Demir, Klorür, İletkenlik, Oksitlenebilirlik, pH",0.000000,Good,Decision Tree,0.000000,1.000000,0.000000
2026-06-17,YEŞİLOVA,9.750000,0.030000,0.450000,1.000000,0.000000,164.180000,,47.000000,1.000000,0.000000,0.065000,0.400000,1.000000,15.000000,0.000000,7.400000,391.000000,90.440337,False,1.000000,1.000000,1.000000,0.955000,0.870000,0.951250,0.179100,0.940000,0.840000,0.812000,0.843600,0.920000,1.000000,,1.000000,1.000000,,,Good,56.000000,A.İpekçi Cd. İle 4040 Sok. Kvs. Yesilova,BORNOVA,2.000000,35-BS-00-01-A1*A5-K1*K122-D1*D44-S1-I3,38.440370,27.201350,9.559663,,1.000000,9.000000,"Arsenik, Nitrit, Amonyum, Alüminyum, Demir, Klorür, İletkenlik, Oksitlenebilirlik, pH",0.000000,Good,Decision Tree,0.000000,1.000000,0.000000
2026-06-17,MERSİNLİ,9.140000,0.030000,0.470000,1.000000,0.000000,168.050000,,47.000000,1.000000,0.000000,0.065000,0.400000,1.000000,14.000000,0.000000,7.400000,392.000000,90.433964,False,1.000000,1.000000,1.000000,0.953000,0.870000,0.954300,0.159750,0.940000,0.840000,0.812000,0.843200,0.920000,1.000000,,1.000000,1.000000,,,Good,57.000000,Fatih cd. İle Beyazıt Cd. Tuğlacı Önü Mersinli,BORNOVA,2.000000,35-BS-00-01-A1*A5-K1*K122-D1*D44-S1-I14,38.440000,27.180530,9.566036,,1.000000,9.000000,"Arsenik, Nitrit, Amonyum, Alüminyum, Demir, Klorür, İletkenlik, Oksitlenebilirlik, pH",0.000000,Good,Decision Tree,0.000000,1.000000,0.000000
2026-06-17,ÇANKAYA,11.460000,0.030000,6.860000,1.000000,0.000000,129.570000,,32.000000,1.000000,0.000000,0.065000,0.600000,1.000000,29.000000,0.100000,7.400000,627.000000,88.832177,False,1.000000,1.000000,1.000000,0.314000,0.870000,0.942700,0.352150,0.940000,0.840000,0.872000,0.749200,0.880000,1.000000,,1.000000,1.000000,,,Good,59.000000,Hürriyet Bulvarı No:14/E,KONAK,8.000000,35-BS-00-04-A1*A5-K1*K122-D1*D44-S1-IY-1,38.424780,27.142050,11.167823,,1.000000,9.000000,"Arsenik, Nitrit, Amonyum, Alüminyum, Demir, Klorür, İletkenlik, Oksitlenebilirlik, pH",0.000000,Good,Decision Tree,0.000000,1.000000,0.000000
2026-06-17,TOROS,3.950000,0.030000,5.840000,1.000000,0.000000,77.820000,,26.000000,1.000000,0.000000,0.065000,0.600000,1.000000,29.000000,0.000000,7.300000,608.000000,89.193993,False,1.000000,1.000000,1.000000,0.416000,0.870000,0.980250,0.610900,0.940000,0.880000,0.896000,0.756800,0.880000,1.000000,,1.000000,1.000000,,,Good,60.000000,Dicle Cad. No:88 Aile Sağlığı Merkezi,KONAK,8.000000,35-BS-00-04-A1*A5-K1*K122-D1*D44-S1-I3,38.407410,27.183640,10.806007,,1.000000,9.000000,"Arsenik, Nitrit, Amonyum, Alüminyum, Demir, Klorür, İletkenlik, Oksitlenebilirlik, pH",0.000000,Good,Decision Tree,0.000000,1.000000,0.000000
2026-06-17,LEVENT,3.820000,0.030000,5.350000,1.000000,0.000000,64.230000,,25.000000,1.000000,0.000000,0.065000,0.600000,1.000000,30.000000,0.000000,7.300000,609.000000,89.312980,False,1.000000,1.000000,1.000000,0.465000,0.870000,0.980900,0.678850,0.940000,0.880000,0.900000,0.756400,0.880000,1.000000,,1.000000,1.000000,,,Good,61.000000,3513 İle 3514 Sok. Kvs Levent,KONAK,8.000000,35-BS-00-04-A1*A5-K1*K122-D1*D44-S1-I8,38.411300,27.163150,10.687020,,1.000000,9.000000,"Arsenik, Nitrit, Amonyum, Alüminyum, Demir, Klorür, İletkenlik, Oksitlenebilirlik, pH",0.000000,Good,Decision Tree,0.000000,1.000000,0.000000
2026-06-17,UFUK MAH,7.840000,0.030000,6.110000,1.000000,0.000000,87.640000,,25.000000,1.000000,0.000000,0.065000,0.600000,1.000000,30.000000,0.000000,7.300000,611.000000,89.125498,False,1.000000,1.000000,1.000000,0.389000,0.870000,0.960800,0.561800,0.940000,0.880000,0.900000,0.755600,0.880000,1.000000,,1.000000,1.000000,,,Good,62.000000,914 Sok. No.7/A Ufuk Mah.,BUCA,3.000000,35-BS-00-02-A1*A5-K1*K122-D1*D44-S1-I5,38.403620,27.165620,10.874502,,1.000000,9.000000,"Arsenik, Nitrit, Amonyum, Alüminyum, Demir, Klorür, İletkenlik, Oksitlenebilirlik, pH",0.000000,Good,Decision Tree,0.000000,1.000000,0.000000
2026-06-17,EVKA-1,8.700000,0.030000,0.330000,1.000000,0.000000,149.390000,,45.000000,1.000000,0.000000,0.065000,0.400000,1.000000,15.000000,0.000000,7.400000,396.000000,90.477154,False,1.000000,1.000000,1.000000,0.967000,0.870000,0.956500,0.253050,0.940000,0.840000,0.820000,0.841600,0.920000,1.000000,,1.000000,1.000000,,,Good,63.000000,Türkmenistan Cad. İle 1206 Sok.. Kvs. Evka-1,BUCA,3.000000,35-BS-00-02-A1*A5-K1*K122-D1*D44-S1-I9,38.400630,27.194670,9.522846,,1.000000,9.000000,"Arsenik, Nitrit, Amonyum, Alüminyum, Demir, Klorür, İletkenlik, Oksitlenebilirlik, pH",0.000000,Good,Decision Tree,0.000000,1.000000,0.000000
2026-06-17,ADATEPE,10.740000,0.030000,0.360000,1.000000,0.000000,122.570000,,45.000000,1.000000,0.000000,0.065000,0.400000,1.000000,15.000000,0.000000,7.400000,395.000000,90.484387,False,1.000000,1.000000,1.000000,0.964000,0.870000,0.946300,0.387150,0.940000,0.840000,0.820000,0.842000,0.920000,1.000000,,1.000000,1.000000,,,Good,64.000000,3 İle 3/8 Sok. Kvs. Adatepe,BUCA,3.000000,35-BS-00-02-A1*A5-K1*K122-D1*D44-S1-I4,38.381540,27.184940,9.515613,,1.000000,9.000000,"Arsenik, Nitrit, Amonyum, Alüminyum, Demir, Klorür, İletkenlik, Oksitlenebilirlik, pH",0.000000,Good,Decision Tree,0.000000,1.000000,0.000000
2026-06-17,KURUÇEŞME,9.500000,0.030000,0.330000,1.000000,0.000000,106.150000,,45.000000,1.000000,0.000000,0.065000,0.400000,1.000000,15.000000,0.000000,7.400000,395.000000,90.501164,False,1.000000,1.000000,1.000000,0.967000,0.870000,0.952500,0.469250,0.940000,0.840000,0.820000,0.842000,0.920000,1.000000,,1.000000,1.000000,,,Good,65.000000,Dogus Cad. İle A.Yesevi Cd. Kvs. Kuruçeşme,BUCA,3.000000,35-BS-00-02-A1*A5-K1*K122-D1*D44-S1-I2,38.372330,27.194500,9.498836,,1.000000,9.000000,"Arsenik, Nitrit, Amonyum, Alüminyum, Demir, Klorür, İletkenlik, Oksitlenebilirlik, pH",0.000000,Good,Decision Tree,0.000000,1.000000,0.000000
2026-06-17,KOZAĞAÇ,8.120000,0.030000,0.360000,1.000000,0.000000,136.190000,,45.000000,1.000000,0.000000,0.065000,0.400000,1.000000,15.000000,0.000000,7.400000,394.000000,90.478168,False,1.000000,1.000000,1.000000,0.964000,0.870000,0.959400,0.319050,0.940000,0.840000,0.820000,0.842400,0.920000,1.000000,,1.000000,1.000000,,,Good,66.000000,I.Sivri Cd. İle 254 Sok.. Kvs. Kozağaç,BUCA,3.000000,35-BS-00-02-A1*A5-K1*K122-D1*D44-S1-I8,38.377130,27.169560,9.521832,,1.000000,9.000000,"Arsenik, Nitrit, Amonyum, Alüminyum, Demir, Klorür, İletkenlik, Oksitlenebilirlik, pH",0.000000,Good,Decision Tree,0.000000,1.000000,0.000000
2026-06-17,ÇAMLIKULE,8.520000,0.030000,0.360000,1.000000,0.000000,127.800000,,45.000000,1.000000,0.000000,0.065000,0.400000,1.000000,15.000000,0.000000,7.400000,395.000000,90.482684,False,1.000000,1.000000,1.000000,0.964000,0.870000,0.957400,0.361000,0.940000,0.840000,0.820000,0.842000,0.920000,1.000000,,1.000000,1.000000,,,Good,67.000000,220 Sok. No:163/B Çamlıkule,BUCA,3.000000,35-BS-00-02-A1*A5-K1*K122-D1*D44-S1-I3,38.372280,27.171530,9.517316,,1.000000,9.000000,"Arsenik, Nitrit, Amonyum, Alüminyum, Demir, Klorür, İletkenlik, Oksitlenebilirlik, pH",0.000000,Good,Decision Tree,0.000000,1.000000,0.000000
2026-06-17,AKINCILAR,8.500000,0.030000,0.330000,1.000000,0.000000,123.010000,,45.000000,1.000000,0.000000,0.065000,0.400000,1.000000,15.000000,0.000000,7.400000,393.000000,90.492200,False,1.000000,1.000000,1.000000,0.967000,0.870000,0.957500,0.384950,0.940000,0.840000,0.820000,0.842800,0.920000,1.000000,,1.000000,1.000000,,,Good,68.000000,A.Hatboyu Cd. İle 545 Sok.. Kvs. Akıncılar,BUCA,3.000000,35-BS-00-02-A1*A5-K1*K122-D1*D44-S1-I7,38.387460,27.147600,9.507800,,1.000000,9.000000,"Arsenik, Nitrit, Amonyum, Alüminyum, Demir, Klorür, İletkenlik, Oksitlenebilirlik, pH",0.000000,Good,Decision Tree,0.000000,1.000000,0.000000
2026-06-17,UĞUR MUMCU MAH,6.240000,0.030000,0.720000,1.000000,0.000000,13.610000,,35.000000,1.000000,0.000000,0.065000,0.400000,1.000000,21.000000,0.000000,7.700000,475.000000,90.184638,False,1.000000,1.000000,1.000000,0.928000,0.870000,0.968800,0.931950,0.940000,0.720000,0.860000,0.810000,0.920000,1.000000,,1.000000,1.000000,,,Good,69.000000,5777 İle 5780 Sok. Kvs. U. Mumcu,KARABAĞLAR,59.000000,35-BS-00-30-A1*A5-K1*K122-D1*D44-S1-I1,38.381830,27.130670,9.815362,,1.000000,9.000000,"Arsenik, Nitrit, Amonyum, Alüminyum, Demir, Klorür, İletkenlik, Oksitlenebilirlik, pH",0.000000,Good,Decision Tree,0.000000,1.000000,0.000000
2026-06-17,ÇAMLIK MAH,5.020000,0.030000,0.700000,1.000000,0.000000,10.480000,,35.000000,1.000000,0.000000,0.065000,0.400000,1.000000,21.000000,0.000000,7.700000,475.000000,90.191624,False,1.000000,1.000000,1.000000,0.930000,0.870000,0.974900,0.947600,0.940000,0.720000,0.860000,0.810000,0.920000,1.000000,,1.000000,1.000000,,,Good,70.000000,4969 Sok. No:2/A Çamlık,KARABAĞLAR,59.000000,35-BS-00-30-A1*A5-K1*K122-D1*D44-S1-I2,38.366230,27.120330,9.808376,,1.000000,9.000000,"Arsenik, Nitrit, Amonyum, Alüminyum, Demir, Klorür, İletkenlik, Oksitlenebilirlik, pH",0.000000,Good,Decision Tree,0.000000,1.000000,0.000000
2026-06-17,AKTEPE,4.650000,0.030000,0.740000,1.000000,0.000000,12.250000,,36.000000,1.000000,0.000000,0.065000,0.400000,1.000000,21.000000,0.000000,7.700000,474.000000,90.181423,False,1.000000,1.000000,1.000000,0.926000,0.870000,0.976750,0.938750,0.940000,0.720000,0.856000,0.810400,0.920000,1.000000,,1.000000,1.000000,,,Good,71.000000,Altan Aydin İle 4165 Sok.. Kvs Aktepe,GAZİEMİR,5.000000,35-BS-00-25-A1*A5-K1*K122-D1*D44-S1-I5,38.352350,27.125160,9.818577,,1.000000,9.000000,"Arsenik, Nitrit, Amonyum, Alüminyum, Demir, Klorür, İletkenlik, Oksitlenebilirlik, pH",0.000000,Good,Decision Tree,0.000000,1.000000,0.000000
2026-06-17,9 EYLÜL MAH,4.220000,0.030000,0.670000,1.000000,0.000000,11.200000,,36.000000,1.000000,0.000000,0.065000,0.400000,1.000000,22.000000,0.000000,7.700000,475.000000,90.198095,False,1.000000,1.000000,1.000000,0.933000,0.870000,0.978900,0.944000,0.940000,0.720000,0.856000,0.810000,0.920000,1.000000,,1.000000,1.000000,,,Good,72.000000,Kahramanlar Cd. No:2 H. Bayram Camii,GAZİEMİR,5.000000,35-BS-00-25-A1*A5-K1*K122-D1*D44-S1-I2,38.327138,27.137154,9.801905,,1.000000,9.000000,"Arsenik, Nitrit, Amonyum, Alüminyum, Demir, Klorür, İletkenlik, Oksitlenebilirlik, pH",0.000000,Good,Decision Tree,0.000000,1.000000,0.000000
2026-06-17,BEYAZEVLER,5.060000,0.030000,0.680000,1.000000,0.000000,11.810000,,35.000000,1.000000,0.000000,0.065000,0.400000,1.000000,21.000000,0.000000,7.700000,475.000000,90.195374,False,1.000000,1.000000,1.000000,0.932000,0.870000,0.974700,0.940950,0.940000,0.720000,0.860000,0.810000,0.920000,1.000000,,1.000000,1.000000,,,Good,73.000000,514 Sok.. No:3/A Beyazevler,GAZİEMİR,5.000000,35-BS-00-25-A1*A5-K1*K122-D1*D44-S1-I3,38.341790,27.140280,9.804626,,1.000000,9.000000,"Arsenik, Nitrit, Amonyum, Alüminyum, Demir, Klorür, İletkenlik, Oksitlenebilirlik, pH",0.000000,Good,Decision Tree,0.000000,1.000000,0.000000
2026-06-17,UZUNDERE,4.840000,0.030000,0.720000,1.000000,0.000000,29.960000,,36.000000,1.000000,0.000000,0.065000,0.400000,1.000000,21.000000,0.000000,7.700000,475.000000,90.175820,False,1.000000,1.000000,1.000000,0.928000,0.870000,0.975800,0.850200,0.940000,0.720000,0.856000,0.810000,0.920000,1.000000,,1.000000,1.000000,,,Good,74.000000,Eski Izmir Cad. 3959 Kvs Uzundere,KARABAĞLAR,59.000000,35-BS-00-30-A1*A5-K1*K122-D1*D44-S1-I4,38.360060,27.104090,9.824180,,1.000000,9.000000,"Arsenik, Nitrit, Amonyum, Alüminyum, Demir, Klorür, İletkenlik, Oksitlenebilirlik, pH",0.000000,Good,Decision Tree,0.000000,1.000000,0.000000
2026-06-17,CENNETÇEŞME,4.790000,0.030000,0.730000,1.000000,0.000000,11.320000,,35.000000,1.000000,0.000000,0.065000,0.400000,1.000000,22.000000,0.000000,7.700000,476.000000,90.184487,False,1.000000,1.000000,1.000000,0.927000,0.870000,0.976050,0.943400,0.940000,0.720000,0.860000,0.809600,0.920000,1.000000,,1.000000,1.000000,,,Good,75.000000,3948/6 Sok. No:2 C.Çeşme,KARABAĞLAR,59.000000,35-BS-00-30-A1*A5-K1*K122-D1*D44-S1-I9,38.361680,27.093850,9.815513,,1.000000,9.000000,"Arsenik, Nitrit, Amonyum, Alüminyum, Demir, Klorür, İletkenlik, Oksitlenebilirlik, pH",0.000000,Good,Decision Tree,0.000000,1.000000,0.000000
2026-06-17,GÜZELBAHÇE,25.790000,0.030000,1.740000,1.000000,0.000000,22.380000,,30.000000,1.000000,0.000000,0.065000,0.400000,1.000000,24.000000,0.000000,7.900000,495.000000,89.749034,False,1.000000,1.000000,1.000000,0.826000,0.870000,0.871050,0.888100,0.940000,0.640000,0.880000,0.802000,0.920000,1.000000,,1.000000,1.000000,,,Good,76.000000,Mithatpaşa Caddesi No:479,GÜZELBAHÇE,6.000000,35-BS-00-28-A1*A5-K1*K122-D1*D44-S1-IY-1,38.377140,26.883660,10.250966,,1.000000,9.000000,"Arsenik, Nitrit, Amonyum, Alüminyum, Demir, Klorür, İletkenlik, Oksitlenebilirlik, pH",0.000000,Good,Decision Tree,0.000000,1.000000,0.000000
2026-06-17,İNCİRALTI,22.890000,0.030000,1.770000,1.000000,0.000000,22.060000,,30.000000,1.000000,0.000000,0.065000,0.400000,1.000000,24.000000,0.000000,7.900000,496.000000,89.744064,False,1.000000,1.000000,1.000000,0.823000,0.870000,0.885550,0.889700,0.940000,0.640000,0.880000,0.801600,0.920000,1.000000,,1.000000,1.000000,,,Good,78.000000,Başak Cd. No:16 Bahçe Cafe İnciralti,BALÇOVA,1.000000,35-BS-00-26-A1*A5-K1*K122-D1*D44-S1-I1,38.409090,27.035910,10.255936,,1.000000,9.000000,"Arsenik, Nitrit, Amonyum, Alüminyum, Demir, Klorür, İletkenlik, Oksitlenebilirlik, pH",0.000000,Good,Decision Tree,0.000000,1.000000,0.000000
2026-06-17,ESENDERE,4.340000,0.030000,0.770000,1.000000,0.000000,11.640000,,35.000000,1.000000,0.000000,0.065000,0.400000,1.000000,21.000000,0.000000,7.700000,476.000000,90.175510,False,1.000000,1.000000,1.000000,0.923000,0.870000,0.978300,0.941800,0.940000,0.720000,0.860000,0.809600,0.920000,1.000000,,1.000000,1.000000,,,Good,79.000000,52/74 İle 52/18 Sok. Kvs Esendere,KARABAĞLAR,59.000000,35-BS-00-30-A1*A5-K1*K122-D1*D44-S1-I5,38.391050,27.089590,9.824490,,1.000000,9.000000,"Arsenik, Nitrit, Amonyum, Alüminyum, Demir, Klorür, İletkenlik, Oksitlenebilirlik, pH",0.000000,Good,Decision Tree,0.000000,1.000000,0.000000
2026-06-17,KADİFEKALE,5.330000,0.030000,1.370000,1.000000,0.000000,19.960000,,46.000000,1.000000,0.000000,0.065000,0.400000,1.000000,15.000000,0.000000,7.400000,392.000000,90.316613,False,1.000000,1.000000,1.000000,0.863000,0.870000,0.973350,0.900200,0.940000,0.840000,0.816000,0.843200,0.920000,1.000000,,1.000000,1.000000,,,Good,80.000000,R.Erkutlu Şehitlik Önü No:290/A Kadifekale,KONAK,8.000000,35-BS-00-04-A1*A5-K1*K122-D1*D44-S1-I6,38.412820,27.140320,9.683387,,1.000000,9.000000,"Arsenik, Nitrit, Amonyum, Alüminyum, Demir, Klorür, İletkenlik, Oksitlenebilirlik, pH",0.000000,Good,Decision Tree,0.000000,1.000000,0.000000
2026-06-24,YENİŞEHİR,4.220000,0.030000,4.370000,1.000000,0.000000,60.480000,,35.000000,1.000000,0.000000,0.065000,0.600000,1.000000,28.000000,0.100000,7.300000,625.000000,89.532934,False,1.000000,1.000000,1.000000,0.563000,0.870000,0.978900,0.697600,0.940000,0.880000,0.860000,0.750000,0.880000,1.000000,,1.000000,1.000000,,,Good,2.000000,Gaziler Cad. No:185 İtfaiye Önü,KONAK,8.000000,35-BS-00-04-A1*A5-K1*K122-D1*D44-S1-I10,38.422640,27.153840,10.467066,,1.000000,9.000000,"Arsenik, Nitrit, Amonyum, Alüminyum, Demir, Klorür, İletkenlik, Oksitlenebilirlik, pH",0.000000,Good,Decision Tree,0.000000,1.000000,0.000000
2026-06-24,KONAK,4.970000,0.030000,4.510000,1.000000,0.000000,62.330000,,30.000000,1.000000,0.000000,0.065000,0.600000,1.000000,29.000000,0.000000,7.300000,609.000000,89.501654,False,1.000000,1.000000,1.000000,0.549000,0.870000,0.975150,0.688350,0.940000,0.880000,0.880000,0.756400,0.880000,1.000000,,1.000000,1.000000,,,Good,3.000000,854 Sok No:51/A,KONAK,8.000000,35-BS-00-04-A1*A5-K1*K122-D1*D44-S1-I5,38.420610,27.130760,10.498346,,1.000000,9.000000,"Arsenik, Nitrit, Amonyum, Alüminyum, Demir, Klorür, İletkenlik, Oksitlenebilirlik, pH",0.000000,Good,Decision Tree,0.000000,1.000000,0.000000
2026-06-24,GÜZELBAHÇE,18.540000,0.030000,2.070000,1.000000,0.000000,18.400000,,25.000000,1.000000,0.000000,0.065000,0.400000,1.000000,24.000000,0.000000,7.900000,524.000000,89.682425,False,1.000000,1.000000,1.000000,0.793000,0.870000,0.907300,0.908000,0.940000,0.640000,0.900000,0.790400,0.920000,1.000000,,1.000000,1.000000,,,Good,4.000000,Kazım Dirik Cad. No.46,GÜZELBAHÇE,6.000000,35-BS-00-28-A1*A5-K1*K122-D1*D44-S1-I1,38.363366,26.866501,10.317575,,1.000000,9.000000,"Arsenik, Nitrit, Amonyum, Alüminyum, Demir, Klorür, İletkenlik, Oksitlenebilirlik, pH",0.000000,Good,Decision Tree,0.000000,1.000000,0.000000
2026-06-24,NARLIDERE,19.300000,0.030000,2.110000,1.000000,0.000000,23.600000,,25.000000,1.000000,0.000000,0.065000,0.400000,1.000000,24.000000,0.000000,7.900000,530.000000,89.669981,False,1.000000,1.000000,1.000000,0.789000,0.870000,0.903500,0.882000,0.940000,0.640000,0.900000,0.788000,0.920000,1.000000,,1.000000,1.000000,,,Good,5.000000,İzsu Narlıdere Teknik Amirlik,NARLIDERE,9.000000,35-BS-00-27-A1*A5-K1*K122-D1*D44-S1-I2,38.394150,27.009890,10.330019,,1.000000,9.000000,"Arsenik, Nitrit, Amonyum, Alüminyum, Demir, Klorür, İletkenlik, Oksitlenebilirlik, pH",0.000000,Good,Decision Tree,0.000000,1.000000,0.000000
2026-06-24,BALÇOVA,23.440000,0.030000,2.450000,1.000000,0.000000,38.020000,,25.000000,1.000000,0.000000,0.065000,0.400000,1.000000,24.000000,0.000000,7.900000,536.000000,89.582532,False,1.000000,1.000000,1.000000,0.755000,0.870000,0.882800,0.809900,0.940000,0.640000,0.900000,0.785600,0.920000,1.000000,,1.000000,1.000000,,,Good,6.000000,M.Pasa Cad. İle Hüseyin Ögütcen Kavşağı,BALÇOVA,1.000000,35-BS-00-26-A1*A5-K1*K122-D1*D44-S1-I2,38.394150,27.038360,10.417468,,1.000000,9.000000,"Arsenik, Nitrit, Amonyum, Alüminyum, Demir, Klorür, İletkenlik, Oksitlenebilirlik, pH",0.000000,Good,Decision Tree,0.000000,1.000000,0.000000
2026-06-24,ÜÇKUYULAR,23.890000,0.030000,2.330000,1.000000,0.000000,36.250000,,25.000000,1.000000,0.000000,0.065000,0.400000,1.000000,24.000000,0.000000,7.900000,528.000000,89.610459,False,1.000000,1.000000,1.000000,0.767000,0.870000,0.880550,0.818750,0.940000,0.640000,0.900000,0.788800,0.920000,1.000000,,1.000000,1.000000,,,Good,7.000000,65/17 Sok. No:45 Yumurtacı Ahmet Camii,KARABAĞLAR,59.000000,35-BS-00-30-A1*A5-K1*K122-D1*D44-S1-I6,38.393940,27.069370,10.389541,,1.000000,9.000000,"Arsenik, Nitrit, Amonyum, Alüminyum, Demir, Klorür, İletkenlik, Oksitlenebilirlik, pH",0.000000,Good,Decision Tree,0.000000,1.000000,0.000000
2026-06-24,GÜZELYALI,18.350000,0.030000,2.110000,1.000000,0.000000,20.820000,,25.000000,1.000000,0.000000,0.065000,0.400000,1.000000,24.000000,0.000000,7.900000,515.000000,89.672145,False,1.000000,1.000000,1.000000,0.789000,0.870000,0.908250,0.895900,0.940000,0.640000,0.900000,0.794000,0.920000,1.000000,,1.000000,1.000000,,,Good,8.000000,34.Sok. No:5 TSM Güzelyalı,KONAK,8.000000,35-BS-00-04-A1*A5-K1*K122-D1*D44-S1-I11,38.398080,27.079620,10.327855,,1.000000,9.000000,"Arsenik, Nitrit, Amonyum, Alüminyum, Demir, Klorür, İletkenlik, Oksitlenebilirlik, pH",0.000000,Good,Decision Tree,0.000000,1.000000,0.000000
2026-06-24,HATAY,4.080000,0.030000,1.400000,1.000000,0.000000,13.540000,,34.000000,1.000000,0.000000,0.065000,0.400000,1.000000,20.000000,0.000000,7.700000,476.000000,90.032400,False,1.000000,1.000000,1.000000,0.860000,0.870000,0.979600,0.932300,0.940000,0.720000,0.864000,0.809600,0.920000,1.000000,,1.000000,1.000000,,,Good,9.000000,İnönü Cad. İle 100 Sok. Kavşağı,KONAK,8.000000,35-BS-00-04-A1*A5-K1*K122-D1*D44-S1-I13,38.401640,27.099450,9.967600,,1.000000,9.000000,"Arsenik, Nitrit, Amonyum, Alüminyum, Demir, Klorür, İletkenlik, Oksitlenebilirlik, pH",0.000000,Good,Decision Tree,0.000000,1.000000,0.000000
2026-06-24,YEŞİLYURT,5.300000,0.030000,1.410000,1.000000,0.000000,14.650000,,34.000000,1.000000,0.000000,0.065000,0.400000,1.000000,20.000000,0.000000,7.700000,472.000000,90.028834,False,1.000000,1.000000,1.000000,0.859000,0.870000,0.973500,0.926750,0.940000,0.720000,0.864000,0.811200,0.920000,1.000000,,1.000000,1.000000,,,Good,11.000000,Ulu Önder Cad. İle Gökdere Cad.Kavşağı,KARABAĞLAR,59.000000,35-BS-00-30-A1*A5-K1*K122-D1*D44-S1-I7,38.404270,27.113010,9.971166,,1.000000,9.000000,"Arsenik, Nitrit, Amonyum, Alüminyum, Demir, Klorür, İletkenlik, Oksitlenebilirlik, pH",0.000000,Good,Decision Tree,0.000000,1.000000,0.000000
2026-06-24,KARABAĞLAR,4.000000,0.030000,1.440000,1.000000,0.000000,13.220000,,34.000000,1.000000,0.000000,0.065000,0.400000,1.000000,20.000000,0.000000,7.700000,470.000000,90.023598,False,1.000000,1.000000,1.000000,0.856000,0.870000,0.980000,0.933900,0.940000,0.720000,0.864000,0.812000,0.920000,1.000000,,1.000000,1.000000,,,Good,13.000000,4058 Sok. İle 4056 Sok. Kavşağı,KARABAĞLAR,59.000000,35-BS-00-30-A1*A5-K1*K122-D1*D44-S1-I8,38.374260,27.134100,9.976402,,1.000000,9.000000,"Arsenik, Nitrit, Amonyum, Alüminyum, Demir, Klorür, İletkenlik, Oksitlenebilirlik, pH",0.000000,Good,Decision Tree,0.000000,1.000000,0.000000
2026-06-24,ESKİ İZMİR,4.560000,0.030000,1.430000,1.000000,0.000000,12.950000,,34.000000,1.000000,0.000000,0.065000,0.400000,1.000000,20.000000,0.000000,7.700000,472.000000,90.025689,False,1.000000,1.000000,1.000000,0.857000,0.870000,0.977200,0.935250,0.940000,0.720000,0.864000,0.811200,0.920000,1.000000,,1.000000,1.000000,,,Good,14.000000,Eski Izmir Cad. No:562/A Kahve,KARABAĞLAR,59.000000,35-BS-00-30-A1*A5-K1*K122-D1*D44-S1-I3,38.376220,27.107190,9.974311,,1.000000,9.000000,"Arsenik, Nitrit, Amonyum, Alüminyum, Demir, Klorür, İletkenlik, Oksitlenebilirlik, pH",0.000000,Good,Decision Tree,0.000000,1.000000,0.000000
2026-06-24,GAZİEMİR,4.100000,0.030000,1.370000,1.000000,0.000000,14.000000,,34.000000,1.000000,0.000000,0.065000,0.400000,1.000000,20.000000,0.000000,7.700000,471.000000,90.038934,False,1.000000,1.000000,1.000000,0.863000,0.870000,0.979500,0.930000,0.940000,0.720000,0.864000,0.811600,0.920000,1.000000,,1.000000,1.000000,,,Good,15.000000,Abdullah Arda Meydanı No:29 Arkadaşlar Kahvesi,GAZİEMİR,5.000000,35-BS-00-25-A1*A5-K1*K122-D1*D44-S1-I4-Y1,38.321780,27.126430,9.961066,,1.000000,9.000000,"Arsenik, Nitrit, Amonyum, Alüminyum, Demir, Klorür, İletkenlik, Oksitlenebilirlik, pH",0.000000,Good,Decision Tree,0.000000,1.000000,0.000000
2026-06-24,GEDİZ,9.960000,0.030000,0.590000,1.000000,0.000000,184.720000,,45.000000,1.000000,0.000000,0.065000,0.400000,1.000000,14.000000,0.000000,7.400000,379.000000,90.397690,False,1.000000,1.000000,1.000000,0.941000,0.870000,0.950200,0.076400,0.940000,0.840000,0.820000,0.848400,0.920000,1.000000,,1.000000,1.000000,,,Good,16.000000,682/4 Sok. No:2 Gediz,BUCA,3.000000,35-BS-00-02-A1*A5-K1*K122-D1*D44-S1-I10,38.361880,27.144380,9.602310,,1.000000,9.000000,"Arsenik, Nitrit, Amonyum, Alüminyum, Demir, Klorür, İletkenlik, Oksitlenebilirlik, pH",0.000000,Good,Decision Tree,0.000000,1.000000,0.000000
2026-06-24,ŞİRİNYER,8.930000,0.030000,0.610000,1.000000,0.000000,181.240000,,45.000000,1.000000,0.000000,0.065000,0.400000,1.000000,14.000000,0.000000,7.400000,382.000000,90.395705,False,1.000000,1.000000,1.000000,0.939000,0.870000,0.955350,0.093800,0.940000,0.840000,0.820000,0.847200,0.920000,1.000000,,1.000000,1.000000,,,Good,17.000000,Koşuyolu Cad. Efeler Mah. No:41 Avni Naili Limboz Camii,BUCA,3.000000,35-BS-00-02-A1*A5-K1*K122-D1*D44-S1-I6,38.391680,27.150310,9.604295,,1.000000,9.000000,"Arsenik, Nitrit, Amonyum, Alüminyum, Demir, Klorür, İletkenlik, Oksitlenebilirlik, pH",0.000000,Good,Decision Tree,0.000000,1.000000,0.000000
2026-06-24,BUCA,9.280000,0.030000,0.540000,1.000000,0.000000,170.960000,,45.000000,1.000000,0.000000,0.065000,0.400000,1.000000,14.000000,0.000000,7.400000,385.000000,90.417150,False,1.000000,1.000000,1.000000,0.946000,0.870000,0.953600,0.145200,0.940000,0.840000,0.820000,0.846000,0.920000,1.000000,,1.000000,1.000000,,,Good,18.000000,Başarı Cad.İle 170. Sok.Kavşağı,BUCA,3.000000,35-BS-00-02-A1*A5-K1*K122-D1*D44-S1-I1,38.389300,27.176440,9.582850,,1.000000,9.000000,"Arsenik, Nitrit, Amonyum, Alüminyum, Demir, Klorür, İletkenlik, Oksitlenebilirlik, pH",0.000000,Good,Decision Tree,0.000000,1.000000,0.000000
2026-06-24,GÜLÇEŞME,9.130000,0.030000,0.570000,1.000000,0.000000,175.680000,,45.000000,1.000000,0.000000,0.065000,0.400000,1.000000,14.000000,0.000000,7.400000,378.000000,90.407802,False,1.000000,1.000000,1.000000,0.943000,0.870000,0.954350,0.121600,0.940000,0.840000,0.820000,0.848800,0.920000,1.000000,,1.000000,1.000000,,,Good,19.000000,3586 Sok. No:1 Gürçeşme,KONAK,8.000000,35-BS-00-04-A1*A5-K1*K122-D1*D44-S1-I15,38.404510,27.151350,9.592198,,1.000000,9.000000,"Arsenik, Nitrit, Amonyum, Alüminyum, Demir, Klorür, İletkenlik, Oksitlenebilirlik, pH",0.000000,Good,Decision Tree,0.000000,1.000000,0.000000
2026-06-24,GÜLTEPE,6.940000,0.030000,5.490000,1.000000,0.000000,85.030000,,30.000000,1.000000,0.000000,0.065000,0.600000,1.000000,29.000000,0.000000,7.300000,600.000000,89.265996,False,1.000000,1.000000,1.000000,0.451000,0.870000,0.965300,0.574850,0.940000,0.880000,0.880000,0.760000,0.880000,1.000000,,1.000000,1.000000,,,Good,20.000000,Selimiye Cad. No:30/B Gültepe,KONAK,8.000000,35-BS-00-04-A1*A5-K1*K122-D1*D44-S1-I16,38.416220,27.172680,10.734004,,1.000000,9.000000,"Arsenik, Nitrit, Amonyum, Alüminyum, Demir, Klorür, İletkenlik, Oksitlenebilirlik, pH",0.000000,Good,Decision Tree,0.000000,1.000000,0.000000
2026-06-24,ALTINDAĞ,10.180000,0.030000,0.650000,1.000000,0.000000,198.040000,,45.000000,1.000000,0.000000,0.065000,0.400000,1.000000,14.000000,0.000000,7.400000,362.000000,90.376517,False,1.000000,1.000000,1.000000,0.935000,0.870000,0.949100,0.009800,0.940000,0.840000,0.820000,0.855200,0.920000,1.000000,,1.000000,1.000000,,,Good,21.000000,Kemalpaşa Cad. No: 46,BORNOVA,2.000000,35-BS-00-01-A1*A5-K1*K122-D1*D44-S1-I9,38.425580,27.202560,9.623483,,1.000000,9.000000,"Arsenik, Nitrit, Amonyum, Alüminyum, Demir, Klorür, İletkenlik, Oksitlenebilirlik, pH",0.000000,Good,Decision Tree,0.000000,1.000000,0.000000
2026-06-24,ÇAMDİBİ,9.500000,0.030000,0.610000,1.000000,0.000000,199.580000,,44.000000,1.000000,0.000000,0.065000,0.400000,1.000000,15.000000,0.000000,7.500000,356.000000,90.290197,False,1.000000,1.000000,1.000000,0.939000,0.870000,0.952500,0.002100,0.940000,0.800000,0.824000,0.857600,0.920000,1.000000,,1.000000,1.000000,,,Good,22.000000,5227 Sok. No:35/C Çamdibi,BORNOVA,2.000000,35-BS-00-01-A1*A5-K1*K122-D1*D44-S1-I12,38.435530,27.191010,9.709803,,1.000000,9.000000,"Arsenik, Nitrit, Amonyum, Alüminyum, Demir, Klorür, İletkenlik, Oksitlenebilirlik, pH",0.000000,Good,Decision Tree,0.000000,1.000000,0.000000
2026-06-24,IŞIKKENT,9.520000,0.030000,0.650000,1.000000,0.000000,195.790000,,44.000000,1.000000,0.000000,0.065000,0.400000,1.000000,15.000000,0.000000,7.500000,354.000000,90.283286,False,1.000000,1.000000,1.000000,0.935000,0.870000,0.952400,0.021050,0.940000,0.800000,0.824000,0.858400,0.920000,1.000000,,1.000000,1.000000,,,Good,23.000000,Cumhuriyet Meydanı No:16  Işıkkent,BORNOVA,2.000000,35-BS-00-01-A1*A5-K1*K122-D1*D44-S1-I8,38.424540,27.230760,9.716714,,1.000000,9.000000,"Arsenik, Nitrit, Amonyum, Alüminyum, Demir, Klorür, İletkenlik, Oksitlenebilirlik, pH",0.000000,Good,Decision Tree,0.000000,1.000000,0.000000
2026-06-24,PINARBAŞI,11.160000,0.030000,0.610000,1.000000,0.000000,181.600000,,44.000000,1.000000,0.000000,0.065000,0.400000,1.000000,15.000000,0.000000,7.500000,357.000000,90.299425,False,1.000000,1.000000,1.000000,0.939000,0.870000,0.944200,0.092000,0.940000,0.800000,0.824000,0.857200,0.920000,1.000000,,1.000000,1.000000,,,Good,24.000000,Çanakkale Cad.İle 7057 Sok KavsağıPınarbaşı,BORNOVA,2.000000,35-BS-00-01-A1*A5-K1*K122-D1*D44-S1-I10,38.429880,27.266470,9.700575,,1.000000,9.000000,"Arsenik, Nitrit, Amonyum, Alüminyum, Demir, Klorür, İletkenlik, Oksitlenebilirlik, pH",0.000000,Good,Decision Tree,0.000000,1.000000,0.000000
2026-06-24,EVKA-3,10.480000,0.030000,0.620000,1.000000,0.000000,198.460000,,45.000000,1.000000,0.000000,0.065000,0.400000,1.000000,15.000000,0.000000,7.400000,363.000000,90.382894,False,1.000000,1.000000,1.000000,0.938000,0.870000,0.947600,0.007700,0.940000,0.840000,0.820000,0.854800,0.920000,1.000000,,1.000000,1.000000,,,Good,25.000000,Şehitler Cad. No:22 H.Mustafa Gökdemir Camii Evka-3,BORNOVA,2.000000,35-BS-00-01-A1*A5-K1*K122-D1*D44-S1-I2,38.473220,27.250940,9.617106,,1.000000,9.000000,"Arsenik, Nitrit, Amonyum, Alüminyum, Demir, Klorür, İletkenlik, Oksitlenebilirlik, pH",0.000000,Good,Decision Tree,0.000000,1.000000,0.000000
2026-06-24,BORNOVA,8.350000,0.030000,0.580000,1.000000,0.000000,175.310000,,45.000000,1.000000,0.000000,0.065000,0.400000,1.000000,14.000000,0.000000,7.400000,368.000000,90.406226,False,1.000000,1.000000,1.000000,0.942000,0.870000,0.958250,0.123450,0.940000,0.840000,0.820000,0.852800,0.920000,1.000000,,1.000000,1.000000,,,Good,26.000000,Ege Üni.Kampüsü İtfaiye Çeşmesi/İzsu Teknik Amirlik,BORNOVA,2.000000,35-BS-00-01-A1*A5-K1*K122-D1*D44-S1-I11,38.460950,27.228200,9.593774,,1.000000,9.000000,"Arsenik, Nitrit, Amonyum, Alüminyum, Demir, Klorür, İletkenlik, Oksitlenebilirlik, pH",0.000000,Good,Decision Tree,0.000000,1.000000,0.000000
2026-06-24,ATATÜRK MAH,7.160000,0.030000,4.510000,1.000000,0.000000,60.980000,,32.000000,1.000000,0.000000,0.065000,0.400000,1.000000,27.000000,0.000000,7.400000,571.000000,89.586334,False,1.000000,1.000000,1.000000,0.549000,0.870000,0.964200,0.695100,0.940000,0.840000,0.872000,0.771600,0.920000,1.000000,,1.000000,1.000000,,,Good,27.000000,Hürriyet Cad. Polis Mer. No:86 Atatürk,BORNOVA,2.000000,35-BS-00-01-A1*A5-K1*K122-D1*D44-S1-I13,38.475820,27.208680,10.413666,,1.000000,9.000000,"Arsenik, Nitrit, Amonyum, Alüminyum, Demir, Klorür, İletkenlik, Oksitlenebilirlik, pH",0.000000,Good,Decision Tree,0.000000,1.000000,0.000000
2026-06-24,OSMANGAZİ,7.700000,0.030000,4.630000,1.000000,0.000000,61.760000,,32.000000,1.000000,0.000000,0.065000,0.400000,1.000000,27.000000,0.000000,7.400000,574.000000,89.558425,False,1.000000,1.000000,1.000000,0.537000,0.870000,0.961500,0.691200,0.940000,0.840000,0.872000,0.770400,0.920000,1.000000,,1.000000,1.000000,,,Good,28.000000,Yavuz Cad. 241/C  Osmangazi,BAYRAKLI,60.000000,35-BS-00-29-A1*A5-K1*K122-D1*D44-S1-I6,38.475430,27.187450,10.441575,,1.000000,9.000000,"Arsenik, Nitrit, Amonyum, Alüminyum, Demir, Klorür, İletkenlik, Oksitlenebilirlik, pH",0.000000,Good,Decision Tree,0.000000,1.000000,0.000000
2026-06-24,ÖZKANLAR,7.650000,0.030000,4.640000,1.000000,0.000000,60.340000,,32.000000,1.000000,0.000000,0.065000,0.400000,1.000000,27.000000,0.000000,7.400000,579.000000,89.556976,False,1.000000,1.000000,1.000000,0.536000,0.870000,0.961750,0.698300,0.940000,0.840000,0.872000,0.768400,0.920000,1.000000,,1.000000,1.000000,,,Good,29.000000,273/4 No:6 Aile Sağlığı Merkezi Özkanlar,BAYRAKLI,60.000000,35-BS-00-29-A1*A5-K1*K122-D1*D44-S1-I10,38.458040,27.191060,10.443024,,1.000000,9.000000,"Arsenik, Nitrit, Amonyum, Alüminyum, Demir, Klorür, İletkenlik, Oksitlenebilirlik, pH",0.000000,Good,Decision Tree,0.000000,1.000000,0.000000
2026-06-24,MANAVKUYU,7.150000,0.030000,4.860000,1.000000,0.000000,62.790000,,32.000000,1.000000,0.000000,0.065000,0.400000,1.000000,27.000000,0.000000,7.400000,571.000000,89.506124,False,1.000000,1.000000,1.000000,0.514000,0.870000,0.964250,0.686050,0.940000,0.840000,0.872000,0.771600,0.920000,1.000000,,1.000000,1.000000,,,Good,30.000000,Sakarya Cad.No:112 Manavkuyu,BAYRAKLI,60.000000,35-BS-00-29-A1*A5-K1*K122-D1*D44-S1-I8,38.457390,27.186910,10.493876,,1.000000,9.000000,"Arsenik, Nitrit, Amonyum, Alüminyum, Demir, Klorür, İletkenlik, Oksitlenebilirlik, pH",0.000000,Good,Decision Tree,0.000000,1.000000,0.000000
2026-06-24,EGEKENT,11.430000,0.030000,5.350000,1.000000,0.000000,142.850000,,44.000000,1.000000,0.000000,0.065000,0.600000,1.000000,31.000000,0.100000,7.500000,719.000000,89.066391,False,1.000000,1.000000,1.000000,0.465000,0.870000,0.942850,0.285750,0.940000,0.800000,0.824000,0.712400,0.880000,1.000000,,1.000000,1.000000,,,Good,32.000000,8819 Sok. No:13 Egekent,ÇİĞLİ,4.000000,35-BS-00-24-A1*A5-K1*K122-D1*D44-S1-I7,38.504140,27.058100,10.933609,,1.000000,9.000000,"Arsenik, Nitrit, Amonyum, Alüminyum, Demir, Klorür, İletkenlik, Oksitlenebilirlik, pH",0.000000,Good,Decision Tree,0.000000,1.000000,0.000000
2026-06-24,BALATÇIK,5.780000,0.030000,5.610000,1.000000,0.000000,59.660000,,44.000000,1.000000,0.000000,0.065000,0.600000,1.000000,31.000000,0.100000,7.500000,711.000000,89.057845,False,1.000000,1.000000,1.000000,0.439000,0.870000,0.971100,0.701700,0.940000,0.800000,0.824000,0.715600,0.880000,1.000000,,1.000000,1.000000,,,Good,33.000000,8790/5 Sok. 9 Eylül Camii Balatçık,ÇİĞLİ,4.000000,35-BS-00-24-A1*A5-K1*K122-D1*D44-S1-I2-Y1,38.511900,27.045600,10.942155,,1.000000,9.000000,"Arsenik, Nitrit, Amonyum, Alüminyum, Demir, Klorür, İletkenlik, Oksitlenebilirlik, pH",0.000000,Good,Decision Tree,0.000000,1.000000,0.000000
2026-06-24,ÇİĞLİ,6.590000,0.030000,4.720000,1.000000,0.000000,58.990000,,32.000000,1.000000,0.000000,0.065000,0.400000,1.000000,27.000000,0.000000,7.400000,588.000000,89.540205,False,1.000000,1.000000,1.000000,0.528000,0.870000,0.967050,0.705050,0.940000,0.840000,0.872000,0.764800,0.920000,1.000000,,1.000000,1.000000,,,Good,34.000000,8022/1 Sok. No:8/1-B Ataşehir,ÇİĞLİ,4.000000,35-BS-00-24-A1*A5-K1*K122-D1*D44-S1-I3-IY1,38.492860,27.060890,10.459795,,1.000000,9.000000,"Arsenik, Nitrit, Amonyum, Alüminyum, Demir, Klorür, İletkenlik, Oksitlenebilirlik, pH",0.000000,Good,Decision Tree,0.000000,1.000000,0.000000
2026-06-24,BOSTANLI,8.320000,0.030000,4.780000,1.000000,0.000000,61.810000,,32.000000,1.000000,0.000000,0.065000,0.400000,1.000000,27.000000,0.000000,7.400000,584.000000,89.524071,False,1.000000,1.000000,1.000000,0.522000,0.870000,0.958400,0.690950,0.940000,0.840000,0.872000,0.766400,0.920000,1.000000,,1.000000,1.000000,,,Good,35.000000,1799 Sok No:14 Bostanlı,KARŞIYAKA,7.000000,35-BS-00-03-A1*A5-K1*K122-D1*D44-S1-I7,38.457730,27.098860,10.475929,,1.000000,9.000000,"Arsenik, Nitrit, Amonyum, Alüminyum, Demir, Klorür, İletkenlik, Oksitlenebilirlik, pH",0.000000,Good,Decision Tree,0.000000,1.000000,0.000000
2026-06-24,ŞEMİKLER,7.080000,0.030000,4.660000,1.000000,0.000000,60.780000,,30.000000,1.000000,0.000000,0.065000,0.400000,1.000000,29.000000,0.000000,7.300000,599.000000,89.648444,False,1.000000,1.000000,1.000000,0.534000,0.870000,0.964600,0.696100,0.940000,0.880000,0.880000,0.760400,0.920000,1.000000,,1.000000,1.000000,,,Good,36.000000,6276 Sok.İle 6279 Sok Kavşağı,KARŞIYAKA,7.000000,35-BS-00-03-A1*A5-K1*K122-D1*D44-S1-I4,38.477100,27.093760,10.351556,,1.000000,9.000000,"Arsenik, Nitrit, Amonyum, Alüminyum, Demir, Klorür, İletkenlik, Oksitlenebilirlik, pH",0.000000,Good,Decision Tree,0.000000,1.000000,0.000000
2026-06-24,KARŞIYAKA,6.620000,0.030000,4.710000,1.000000,0.000000,58.930000,,30.000000,1.000000,0.000000,0.065000,0.600000,1.000000,29.000000,0.000000,7.300000,600.000000,89.457424,False,1.000000,1.000000,1.000000,0.529000,0.870000,0.966900,0.705350,0.940000,0.880000,0.880000,0.760000,0.880000,1.000000,,1.000000,1.000000,,,Good,37.000000,Atatürk Cad. İle Zübeyde Hanim Cad.Kavşağı,KARŞIYAKA,7.000000,35-BS-00-03-A1*A5-K1*K122-D1*D44-S1-I5,38.461670,27.116100,10.542576,,1.000000,9.000000,"Arsenik, Nitrit, Amonyum, Alüminyum, Demir, Klorür, İletkenlik, Oksitlenebilirlik, pH",0.000000,Good,Decision Tree,0.000000,1.000000,0.000000
2026-06-24,EVKA-2,7.340000,0.030000,4.620000,1.000000,0.000000,60.270000,,32.000000,1.000000,0.000000,0.065000,0.400000,1.000000,29.000000,0.000000,7.400000,589.000000,89.561680,False,1.000000,1.000000,1.000000,0.538000,0.870000,0.963300,0.698650,0.940000,0.840000,0.872000,0.764400,0.920000,1.000000,,1.000000,1.000000,,,Good,38.000000,6800 Sok. No:9 Sağlık Ocağı Evka 2,ÇİĞLİ,4.000000,35-BS-00-24-A1*A5-K1*K122-D1*D44-S1-I5,38.499050,27.087510,10.438320,,1.000000,9.000000,"Arsenik, Nitrit, Amonyum, Alüminyum, Demir, Klorür, İletkenlik, Oksitlenebilirlik, pH",0.000000,Good,Decision Tree,0.000000,1.000000,0.000000
2026-06-24,ÖRNEKKÖY,7.550000,0.030000,4.750000,1.000000,0.000000,60.440000,,30.000000,1.000000,0.000000,0.065000,0.400000,1.000000,29.000000,0.000000,7.300000,592.000000,89.628032,False,1.000000,1.000000,1.000000,0.525000,0.870000,0.962250,0.697800,0.940000,0.880000,0.880000,0.763200,0.920000,1.000000,,1.000000,1.000000,,,Good,39.000000,Başpehlivan Kara Ali Cad. No:25/A,KARŞIYAKA,7.000000,35-BS-00-03-A1*A5-K1*K122-D1*D44-S1-I6,38.482130,27.111060,10.371968,,1.000000,9.000000,"Arsenik, Nitrit, Amonyum, Alüminyum, Demir, Klorür, İletkenlik, Oksitlenebilirlik, pH",0.000000,Good,Decision Tree,0.000000,1.000000,0.000000
2026-06-24,GÜMÜŞPALA,6.710000,0.030000,4.890000,1.000000,0.000000,61.380000,,30.000000,1.000000,0.000000,0.065000,0.600000,1.000000,29.000000,0.000000,7.300000,607.000000,89.415235,False,1.000000,1.000000,1.000000,0.511000,0.870000,0.966450,0.693100,0.940000,0.880000,0.880000,0.757200,0.880000,1.000000,,1.000000,1.000000,,,Good,40.000000,7019 Sok. No:20/3 Merkez Cami Gümüşpala,BAYRAKLI,60.000000,35-BS-00-29-A1*A5-K1*K122-D1*D44-S1-I7,38.479310,27.109960,10.584765,,1.000000,9.000000,"Arsenik, Nitrit, Amonyum, Alüminyum, Demir, Klorür, İletkenlik, Oksitlenebilirlik, pH",0.000000,Good,Decision Tree,0.000000,1.000000,0.000000
2026-07-01,DOĞANÇAY,8.070000,0.030000,4.460000,1.000000,0.000000,45.930000,,32.000000,1.000000,0.000000,0.065000,0.400000,1.000000,32.000000,0.000000,7.600000,590.000000,89.415040,False,1.000000,1.000000,1.000000,0.554000,0.870000,0.959650,0.770350,0.940000,0.760000,0.872000,0.764000,0.920000,1.000000,,1.000000,1.000000,,,Good,41.000000,7191 Sok. No:1/A Doğançay,BAYRAKLI,60.000000,35-BS-00-29-A1*A5-K1*K122-D1*D44-S1-I1,38.495500,27.155140,10.584960,,1.000000,9.000000,"Arsenik, Nitrit, Amonyum, Alüminyum, Demir, Klorür, İletkenlik, Oksitlenebilirlik, pH",0.000000,Good,Decision Tree,0.000000,1.000000,0.000000
2026-07-01,YAMANLAR,5.460000,0.030000,4.590000,1.000000,0.000000,46.790000,,32.000000,1.000000,0.000000,0.065000,0.400000,1.000000,32.000000,0.000000,7.600000,583.000000,89.386642,False,1.000000,1.000000,1.000000,0.541000,0.870000,0.972700,0.766050,0.940000,0.760000,0.872000,0.766800,0.920000,1.000000,,1.000000,1.000000,,,Good,42.000000,7348 Sok. No:2 Polis Merkezi Yamanlar,BAYRAKLI,60.000000,35-BS-00-29-A1*A5-K1*K122-D1*D44-S1-I2,38.481110,27.132940,10.613358,,1.000000,9.000000,"Arsenik, Nitrit, Amonyum, Alüminyum, Demir, Klorür, İletkenlik, Oksitlenebilirlik, pH",0.000000,Good,Decision Tree,0.000000,1.000000,0.000000
2026-07-01,POSTACI MAH,4.110000,0.030000,4.700000,1.000000,0.000000,45.590000,,33.000000,1.000000,0.000000,0.065000,0.600000,1.000000,32.000000,0.000000,7.600000,598.000000,89.181770,False,1.000000,1.000000,1.000000,0.530000,0.870000,0.979450,0.772050,0.940000,0.760000,0.868000,0.760800,0.880000,1.000000,,1.000000,1.000000,,,Good,43.000000,7659/2 Sok. No:1/B Postacılar Mah.,BAYRAKLI,60.000000,35-BS-00-29-A1*A5*-K1*K122-D1*D44-S1-I3-IY1,38.482170,27.119910,10.818230,,1.000000,9.000000,"Arsenik, Nitrit, Amonyum, Alüminyum, Demir, Klorür, İletkenlik, Oksitlenebilirlik, pH",0.000000,Good,Decision Tree,0.000000,1.000000,0.000000
2026-07-01,YAMAÇ MAH,6.170000,0.030000,4.560000,1.000000,0.000000,45.760000,,32.000000,1.000000,0.000000,0.065000,0.400000,1.000000,32.000000,0.000000,7.600000,590.000000,89.393585,False,1.000000,1.000000,1.000000,0.544000,0.870000,0.969150,0.771200,0.940000,0.760000,0.872000,0.764000,0.920000,1.000000,,1.000000,1.000000,,,Good,44.000000,6730 Sok. No:6/A Yamaç Mah.,KARŞIYAKA,7.000000,35-BS-00-03-A1*A5-K1*K122-D1*D44-S1-I1,38.483710,27.099770,10.606415,,1.000000,9.000000,"Arsenik, Nitrit, Amonyum, Alüminyum, Demir, Klorür, İletkenlik, Oksitlenebilirlik, pH",0.000000,Good,Decision Tree,0.000000,1.000000,0.000000
2026-07-01,CUMHURİYET MAH,4.790000,0.030000,4.550000,1.000000,0.000000,44.200000,,32.000000,1.000000,0.000000,0.065000,0.400000,1.000000,32.000000,0.000000,7.600000,594.000000,89.397496,False,1.000000,1.000000,1.000000,0.545000,0.870000,0.976050,0.779000,0.940000,0.760000,0.872000,0.762400,0.920000,1.000000,,1.000000,1.000000,,,Good,45.000000,Alim Dağhan Cd. İle 6716 Sok. Kvs.,KARŞIYAKA,7.000000,35-BS-00-03-A1*A5-K1*K122-D1*D44-S1-I2,38.485320,27.096540,10.602504,,1.000000,9.000000,"Arsenik, Nitrit, Amonyum, Alüminyum, Demir, Klorür, İletkenlik, Oksitlenebilirlik, pH",0.000000,Good,Decision Tree,0.000000,1.000000,0.000000
2026-07-01,GÜZELTEPE,4.610000,0.030000,4.500000,1.000000,0.000000,46.370000,,32.000000,1.000000,0.000000,0.065000,0.400000,1.000000,32.000000,0.000000,7.600000,594.000000,89.407684,False,1.000000,1.000000,1.000000,0.550000,0.870000,0.976950,0.768150,0.940000,0.760000,0.872000,0.762400,0.920000,1.000000,,1.000000,1.000000,,,Good,46.000000,8172 Sok. No:90/1 Güzeltepe,ÇİĞLİ,4.000000,35-BS-00-24-A1*A5-K1*K122-D1*D44-S1-I4-IY1,38.502720,27.077990,10.592316,,1.000000,9.000000,"Arsenik, Nitrit, Amonyum, Alüminyum, Demir, Klorür, İletkenlik, Oksitlenebilirlik, pH",0.000000,Good,Decision Tree,0.000000,1.000000,0.000000
2026-07-01,EVKA-5,5.480000,0.030000,5.380000,1.000000,0.000000,61.840000,,37.000000,1.000000,0.000000,0.065000,0.600000,1.000000,29.000000,0.100000,7.500000,684.000000,89.111454,False,1.000000,1.000000,1.000000,0.462000,0.870000,0.972600,0.690800,0.940000,0.800000,0.852000,0.726400,0.880000,1.000000,,1.000000,1.000000,,,Good,47.000000,8809 Sok. No:141/A Evka-5,ÇİĞLİ,4.000000,35-BS-00-24-A1*A5-K1*K122-D1*D44-S1-I8-IY1,38.518190,27.056590,10.888546,,1.000000,9.000000,"Arsenik, Nitrit, Amonyum, Alüminyum, Demir, Klorür, İletkenlik, Oksitlenebilirlik, pH",0.000000,Good,Decision Tree,0.000000,1.000000,0.000000
2026-07-01,EGEKENT-2,5.710000,0.030000,5.260000,1.000000,0.000000,56.600000,,38.000000,1.000000,0.000000,0.065000,0.600000,1.000000,37.000000,0.100000,7.500000,678.000000,89.141099,False,1.000000,1.000000,1.000000,0.474000,0.870000,0.971450,0.717000,0.940000,0.800000,0.848000,0.728800,0.880000,1.000000,,1.000000,1.000000,,,Good,48.000000,8818 Sok. No:38 6 Nolu Sağlık Ocağı Egekent,ÇİĞLİ,4.000000,35-BS-00-24-A1*A5-K1*K122-D1*D44-S1-I6,38.555690,27.049780,10.858901,,1.000000,9.000000,"Arsenik, Nitrit, Amonyum, Alüminyum, Demir, Klorür, İletkenlik, Oksitlenebilirlik, pH",0.000000,Good,Decision Tree,0.000000,1.000000,0.000000
2026-07-01,ALAYBEY,4.410000,0.030000,4.640000,1.000000,0.000000,47.640000,,32.000000,1.000000,0.000000,0.065000,0.400000,1.000000,32.000000,0.000000,7.600000,595.000000,89.375398,False,1.000000,1.000000,1.000000,0.536000,0.870000,0.977950,0.761800,0.940000,0.760000,0.872000,0.762000,0.920000,1.000000,,1.000000,1.000000,,,Good,49.000000,1643/7 Sok. No:8 Adalet Mah.,BAYRAKLI,60.000000,35-BS-00-03-A1*A5-K1*K122-D1*D44-S1-13-IY1,38.466750,27.159340,10.624602,,1.000000,9.000000,"Arsenik, Nitrit, Amonyum, Alüminyum, Demir, Klorür, İletkenlik, Oksitlenebilirlik, pH",0.000000,Good,Decision Tree,0.000000,1.000000,0.000000
2026-07-01,CENGİZHAN,4.480000,0.030000,4.570000,1.000000,0.000000,46.420000,,32.000000,1.000000,0.000000,0.065000,0.400000,1.000000,32.000000,0.000000,7.600000,594.000000,89.391891,False,1.000000,1.000000,1.000000,0.543000,0.870000,0.977600,0.767900,0.940000,0.760000,0.872000,0.762400,0.920000,1.000000,,1.000000,1.000000,,,Good,50.000000,1620/19 İle 1620/39 Sok. Kavsağı Cengizhan,BAYRAKLI,60.000000,35-BS-00-29-A1*A5-K1*K122-D1*D44-S1-I4,38.473400,27.158880,10.608109,,1.000000,9.000000,"Arsenik, Nitrit, Amonyum, Alüminyum, Demir, Klorür, İletkenlik, Oksitlenebilirlik, pH",0.000000,Good,Decision Tree,0.000000,1.000000,0.000000
2026-07-01,ÇAY MAH,4.280000,0.030000,4.640000,1.000000,0.000000,46.350000,,32.000000,1.000000,0.000000,0.065000,0.400000,1.000000,32.000000,0.000000,7.600000,597.000000,89.376194,False,1.000000,1.000000,1.000000,0.536000,0.870000,0.978600,0.768250,0.940000,0.760000,0.872000,0.761200,0.920000,1.000000,,1.000000,1.000000,,,Good,51.000000,Hakan Uysal Cad. No:273/1 Çay Mahallesi,BAYRAKLI,60.000000,35-BS-00-29-A1*A5-K1*K122-D1*D44-S1-I5,38.470860,27.180440,10.623806,,1.000000,9.000000,"Arsenik, Nitrit, Amonyum, Alüminyum, Demir, Klorür, İletkenlik, Oksitlenebilirlik, pH",0.000000,Good,Decision Tree,0.000000,1.000000,0.000000
2026-07-01,İZYUVA,6.220000,0.030000,1.660000,1.000000,0.000000,85.520000,,37.000000,1.000000,0.000000,0.065000,0.400000,1.000000,24.000000,0.000000,7.600000,497.000000,90.025752,False,1.000000,1.000000,1.000000,0.834000,0.870000,0.968900,0.572400,0.940000,0.760000,0.852000,0.801200,0.920000,1.000000,,1.000000,1.000000,,,Good,52.000000,113/19 Sok. No:10 İzyuva,BORNOVA,2.000000,35-BS-00-01-A1*A5-K1*K122-D1*D44-S1-I7,38.464570,27.249790,9.974248,,1.000000,9.000000,"Arsenik, Nitrit, Amonyum, Alüminyum, Demir, Klorür, İletkenlik, Oksitlenebilirlik, pH",0.000000,Good,Decision Tree,0.000000,1.000000,0.000000
2026-07-01,NALDÖKEN,6.670000,0.030000,1.660000,1.000000,0.000000,92.940000,,37.000000,1.000000,0.000000,0.065000,0.400000,1.000000,25.000000,0.000000,7.600000,498.000000,90.021296,False,1.000000,1.000000,1.000000,0.834000,0.870000,0.966650,0.535300,0.940000,0.760000,0.852000,0.800800,0.920000,1.000000,,1.000000,1.000000,,,Good,53.000000,Ankara Cad. İle Atatürk Cad. Kav.,BORNOVA,2.000000,35-BS-00-01-A1*A5-K1*K122-D1*D44-S1-I6,38.452100,27.266070,9.978704,,1.000000,9.000000,"Arsenik, Nitrit, Amonyum, Alüminyum, Demir, Klorür, İletkenlik, Oksitlenebilirlik, pH",0.000000,Good,Decision Tree,0.000000,1.000000,0.000000
2026-07-01,YEŞİLÇAM,6.780000,0.030000,0.710000,1.000000,0.000000,108.180000,,48.000000,1.000000,0.000000,0.065000,0.400000,1.000000,17.000000,0.000000,7.500000,390.000000,90.319239,False,1.000000,1.000000,1.000000,0.929000,0.870000,0.966100,0.459100,0.940000,0.800000,0.808000,0.844000,0.920000,1.000000,,1.000000,1.000000,,,Good,54.000000,Mrk. Bornova Jandarma Komando Ambarlar Yanı,BORNOVA,2.000000,35-BS-00-01-A1*A5-K1*K122-D1*D44-S1-IY1,38.445680,27.289280,9.680761,,1.000000,9.000000,"Arsenik, Nitrit, Amonyum, Alüminyum, Demir, Klorür, İletkenlik, Oksitlenebilirlik, pH",0.000000,Good,Decision Tree,0.000000,1.000000,0.000000
2026-07-01,MEVLANA,7.580000,0.030000,1.690000,1.000000,0.000000,77.210000,,37.000000,1.000000,0.000000,0.065000,0.400000,1.000000,25.000000,0.000000,7.600000,498.000000,90.022892,False,1.000000,1.000000,1.000000,0.831000,0.870000,0.962100,0.613950,0.940000,0.760000,0.852000,0.800800,0.920000,1.000000,,1.000000,1.000000,,,Good,55.000000,1754 Sok. No:25 Asm Mevlana,BORNOVA,2.000000,35-BS-00-01-A1*A5-K1*K122-D1*D44-S1-I4,38.448220,27.230660,9.977108,,1.000000,9.000000,"Arsenik, Nitrit, Amonyum, Alüminyum, Demir, Klorür, İletkenlik, Oksitlenebilirlik, pH",0.000000,Good,Decision Tree,0.000000,1.000000,0.000000
2026-07-01,YEŞİLOVA,6.020000,0.030000,1.540000,1.000000,0.000000,73.870000,,37.000000,1.000000,0.000000,0.065000,0.400000,1.000000,25.000000,0.000000,7.600000,499.000000,90.059599,False,1.000000,1.000000,1.000000,0.846000,0.870000,0.969900,0.630650,0.940000,0.760000,0.852000,0.800400,0.920000,1.000000,,1.000000,1.000000,,,Good,56.000000,A.İpekçi Cd. İle 4040 Sok. Kvs. Yesilova,BORNOVA,2.000000,35-BS-00-01-A1*A5-K1*K122-D1*D44-S1-I3,38.440370,27.201350,9.940401,,1.000000,9.000000,"Arsenik, Nitrit, Amonyum, Alüminyum, Demir, Klorür, İletkenlik, Oksitlenebilirlik, pH",0.000000,Good,Decision Tree,0.000000,1.000000,0.000000
2026-07-01,MERSİNLİ,5.890000,0.030000,1.590000,1.000000,0.000000,75.440000,,37.000000,1.000000,0.000000,0.065000,0.400000,1.000000,24.000000,0.000000,7.600000,500.000000,90.047468,False,1.000000,1.000000,1.000000,0.841000,0.870000,0.970550,0.622800,0.940000,0.760000,0.852000,0.800000,0.920000,1.000000,,1.000000,1.000000,,,Good,57.000000,Fatih cd. İle Beyazıt Cd. Tuğlacı Önü Mersinli,BORNOVA,2.000000,35-BS-00-01-A1*A5-K1*K122-D1*D44-S1-I14,38.440000,27.180530,9.952532,,1.000000,9.000000,"Arsenik, Nitrit, Amonyum, Alüminyum, Demir, Klorür, İletkenlik, Oksitlenebilirlik, pH",0.000000,Good,Decision Tree,0.000000,1.000000,0.000000
2026-07-01,ÇANKAYA,6.250000,0.030000,3.790000,1.000000,0.000000,55.620000,,35.000000,1.000000,0.000000,0.065000,0.400000,1.000000,24.000000,0.000000,7.600000,505.000000,89.561406,False,1.000000,1.000000,1.000000,0.621000,0.870000,0.968750,0.721900,0.940000,0.760000,0.860000,0.798000,0.920000,1.000000,,1.000000,1.000000,,,Good,59.000000,Hürriyet Bulvarı No:14/E,KONAK,8.000000,35-BS-00-04-A1*A5-K1*K122-D1*D44-S1-IY-1,38.424780,27.142050,10.438594,,1.000000,9.000000,"Arsenik, Nitrit, Amonyum, Alüminyum, Demir, Klorür, İletkenlik, Oksitlenebilirlik, pH",0.000000,Good,Decision Tree,0.000000,1.000000,0.000000
2026-07-01,TOROS,4.690000,0.030000,6.280000,1.000000,0.000000,45.530000,,33.000000,1.000000,0.000000,0.065000,0.600000,1.000000,32.000000,0.000000,7.600000,590.000000,88.824011,False,1.000000,1.000000,1.000000,0.372000,0.870000,0.976550,0.772350,0.940000,0.760000,0.868000,0.764000,0.880000,1.000000,,1.000000,1.000000,,,Good,60.000000,Dicle Cad. No:88 Aile Sağlığı Merkezi,KONAK,8.000000,35-BS-00-04-A1*A5-K1*K122-D1*D44-S1-I3,38.407410,27.183640,11.175989,,1.000000,9.000000,"Arsenik, Nitrit, Amonyum, Alüminyum, Demir, Klorür, İletkenlik, Oksitlenebilirlik, pH",0.000000,Good,Decision Tree,0.000000,1.000000,0.000000
2026-07-01,LEVENT,5.710000,0.030000,6.940000,1.000000,0.000000,53.890000,,33.000000,1.000000,0.000000,0.065000,0.600000,1.000000,33.000000,0.000000,7.600000,593.000000,88.669362,False,1.000000,1.000000,1.000000,0.306000,0.870000,0.971450,0.730550,0.940000,0.760000,0.868000,0.762800,0.880000,1.000000,,1.000000,1.000000,,,Good,61.000000,3513 İle 3514 Sok. Kvs Levent,KONAK,8.000000,35-BS-00-04-A1*A5-K1*K122-D1*D44-S1-I8,38.411300,27.163150,11.330638,,1.000000,9.000000,"Arsenik, Nitrit, Amonyum, Alüminyum, Demir, Klorür, İletkenlik, Oksitlenebilirlik, pH",0.000000,Good,Decision Tree,0.000000,1.000000,0.000000
2026-07-01,UFUK MAH,4.690000,0.030000,6.680000,1.000000,0.000000,49.320000,,33.000000,1.000000,0.000000,0.065000,0.600000,1.000000,32.000000,0.000000,7.600000,595.000000,88.731345,False,1.000000,1.000000,1.000000,0.332000,0.870000,0.976550,0.753400,0.940000,0.760000,0.868000,0.762000,0.880000,1.000000,,1.000000,1.000000,,,Good,62.000000,914 Sok. No.7/A Ufuk Mah.,BUCA,3.000000,35-BS-00-02-A1*A5-K1*K122-D1*D44-S1-I5,38.403620,27.165620,11.268655,,1.000000,9.000000,"Arsenik, Nitrit, Amonyum, Alüminyum, Demir, Klorür, İletkenlik, Oksitlenebilirlik, pH",0.000000,Good,Decision Tree,0.000000,1.000000,0.000000
2026-07-01,EVKA-1,6.500000,0.030000,0.480000,1.000000,0.000000,157.520000,,48.000000,1.000000,0.000000,0.065000,0.400000,1.000000,17.000000,0.000000,7.500000,388.000000,90.343535,False,1.000000,1.000000,1.000000,0.952000,0.870000,0.967500,0.212400,0.940000,0.800000,0.808000,0.844800,0.920000,1.000000,,1.000000,1.000000,,,Good,63.000000,Türkmenistan Cad. İle 1206 Sok.. Kvs. Evka-1,BUCA,3.000000,35-BS-00-02-A1*A5-K1*K122-D1*D44-S1-I9,38.400630,27.194670,9.656465,,1.000000,9.000000,"Arsenik, Nitrit, Amonyum, Alüminyum, Demir, Klorür, İletkenlik, Oksitlenebilirlik, pH",0.000000,Good,Decision Tree,0.000000,1.000000,0.000000
2026-07-01,ADATEPE,7.160000,0.030000,0.350000,1.000000,0.000000,162.910000,,48.000000,1.000000,0.000000,0.065000,0.400000,1.000000,17.000000,0.000000,7.500000,388.000000,90.369527,False,1.000000,1.000000,1.000000,0.965000,0.870000,0.964200,0.185450,0.940000,0.800000,0.808000,0.844800,0.920000,1.000000,,1.000000,1.000000,,,Good,64.000000,3 İle 3/8 Sok. Kvs. Adatepe,BUCA,3.000000,35-BS-00-02-A1*A5-K1*K122-D1*D44-S1-I4,38.381540,27.184940,9.630473,,1.000000,9.000000,"Arsenik, Nitrit, Amonyum, Alüminyum, Demir, Klorür, İletkenlik, Oksitlenebilirlik, pH",0.000000,Good,Decision Tree,0.000000,1.000000,0.000000
2026-07-01,KURUÇEŞME,7.680000,0.030000,0.320000,1.000000,0.000000,137.700000,,48.000000,1.000000,0.000000,0.065000,0.400000,1.000000,17.000000,0.000000,7.500000,387.000000,90.390285,False,1.000000,1.000000,1.000000,0.968000,0.870000,0.961600,0.311500,0.940000,0.800000,0.808000,0.845200,0.920000,1.000000,,1.000000,1.000000,,,Good,65.000000,Dogus Cad. İle A.Yesevi Cd. Kvs. Kuruçeşme,BUCA,3.000000,35-BS-00-02-A1*A5-K1*K122-D1*D44-S1-I2,38.372330,27.194500,9.609715,,1.000000,9.000000,"Arsenik, Nitrit, Amonyum, Alüminyum, Demir, Klorür, İletkenlik, Oksitlenebilirlik, pH",0.000000,Good,Decision Tree,0.000000,1.000000,0.000000
2026-07-01,KOZAĞAÇ,8.880000,0.030000,0.370000,1.000000,0.000000,172.230000,,44.000000,1.000000,0.000000,0.065000,0.400000,1.000000,16.000000,0.000000,7.400000,387.000000,90.455477,False,1.000000,1.000000,1.000000,0.963000,0.870000,0.955600,0.138850,0.940000,0.840000,0.824000,0.845200,0.920000,1.000000,,1.000000,1.000000,,,Good,66.000000,I.Sivri Cd. İle 254 Sok.. Kvs. Kozağaç,BUCA,3.000000,35-BS-00-02-A1*A5-K1*K122-D1*D44-S1-I8,38.377130,27.169560,9.544523,,1.000000,9.000000,"Arsenik, Nitrit, Amonyum, Alüminyum, Demir, Klorür, İletkenlik, Oksitlenebilirlik, pH",0.000000,Good,Decision Tree,0.000000,1.000000,0.000000
2026-07-01,ÇAMLIKULE,7.060000,0.030000,0.430000,1.000000,0.000000,162.810000,,44.000000,1.000000,0.000000,0.065000,0.400000,1.000000,16.000000,0.000000,7.500000,387.000000,90.352991,False,1.000000,1.000000,1.000000,0.957000,0.870000,0.964700,0.185950,0.940000,0.800000,0.824000,0.845200,0.920000,1.000000,,1.000000,1.000000,,,Good,67.000000,220 Sok. No:163/B Çamlıkule,BUCA,3.000000,35-BS-00-02-A1*A5-K1*K122-D1*D44-S1-I3,38.372280,27.171530,9.647009,,1.000000,9.000000,"Arsenik, Nitrit, Amonyum, Alüminyum, Demir, Klorür, İletkenlik, Oksitlenebilirlik, pH",0.000000,Good,Decision Tree,0.000000,1.000000,0.000000
2026-07-01,AKINCILAR,4.840000,0.030000,0.460000,1.000000,0.000000,143.430000,,44.000000,1.000000,0.000000,0.065000,0.400000,1.000000,16.000000,0.000000,7.500000,388.000000,90.358418,False,1.000000,1.000000,1.000000,0.954000,0.870000,0.975800,0.282850,0.940000,0.800000,0.824000,0.844800,0.920000,1.000000,,1.000000,1.000000,,,Good,68.000000,A.Hatboyu Cd. İle 545 Sok.. Kvs. Akıncılar,BUCA,3.000000,35-BS-00-02-A1*A5-K1*K122-D1*D44-S1-I7,38.387460,27.147600,9.641582,,1.000000,9.000000,"Arsenik, Nitrit, Amonyum, Alüminyum, Demir, Klorür, İletkenlik, Oksitlenebilirlik, pH",0.000000,Good,Decision Tree,0.000000,1.000000,0.000000
2026-07-01,UĞUR MUMCU MAH,3.050000,0.030000,1.470000,1.000000,0.000000,12.190000,,33.000000,1.000000,0.000000,0.065000,0.400000,1.000000,23.000000,0.000000,7.700000,460.000000,90.018328,False,1.000000,1.000000,1.000000,0.853000,0.870000,0.984750,0.939050,0.940000,0.720000,0.868000,0.816000,0.920000,1.000000,,1.000000,1.000000,,,Good,69.000000,5777 İle 5780 Sok. Kvs. U. Mumcu,KARABAĞLAR,59.000000,35-BS-00-30-A1*A5-K1*K122-D1*D44-S1-I1,38.381830,27.130670,9.981672,,1.000000,9.000000,"Arsenik, Nitrit, Amonyum, Alüminyum, Demir, Klorür, İletkenlik, Oksitlenebilirlik, pH",0.000000,Good,Decision Tree,0.000000,1.000000,0.000000
2026-07-01,ÇAMLIK MAH,4.010000,0.030000,0.850000,1.000000,0.000000,9.090000,,33.000000,1.000000,0.000000,0.065000,0.400000,1.000000,23.000000,0.000000,7.700000,464.000000,90.159806,False,1.000000,1.000000,1.000000,0.915000,0.870000,0.979950,0.954550,0.940000,0.720000,0.868000,0.814400,0.920000,1.000000,,1.000000,1.000000,,,Good,70.000000,4969 Sok. No:2/A Çamlık,KARABAĞLAR,59.000000,35-BS-00-30-A1*A5-K1*K122-D1*D44-S1-I2,38.366230,27.120330,9.840194,,1.000000,9.000000,"Arsenik, Nitrit, Amonyum, Alüminyum, Demir, Klorür, İletkenlik, Oksitlenebilirlik, pH",0.000000,Good,Decision Tree,0.000000,1.000000,0.000000
2026-07-01,AKTEPE,2.410000,0.030000,0.850000,1.000000,0.000000,7.910000,,34.000000,1.000000,0.000000,0.065000,0.400000,1.000000,23.000000,0.000000,7.700000,465.000000,90.161013,False,1.000000,1.000000,1.000000,0.915000,0.870000,0.987950,0.960450,0.940000,0.720000,0.864000,0.814000,0.920000,1.000000,,1.000000,1.000000,,,Good,71.000000,Altan Aydin İle 4165 Sok.. Kvs Aktepe,GAZİEMİR,5.000000,35-BS-00-25-A1*A5-K1*K122-D1*D44-S1-I5,38.352350,27.125160,9.838987,,1.000000,9.000000,"Arsenik, Nitrit, Amonyum, Alüminyum, Demir, Klorür, İletkenlik, Oksitlenebilirlik, pH",0.000000,Good,Decision Tree,0.000000,1.000000,0.000000
2026-07-01,9 EYLÜL MAH,3.690000,0.030000,1.290000,1.000000,0.000000,10.000000,,34.000000,1.000000,0.000000,0.065000,0.400000,1.000000,23.000000,0.000000,7.700000,465.000000,90.059552,False,1.000000,1.000000,1.000000,0.871000,0.870000,0.981550,0.950000,0.940000,0.720000,0.864000,0.814000,0.920000,1.000000,,1.000000,1.000000,,,Good,72.000000,Kahramanlar Cd. No:2 H. Bayram Camii,GAZİEMİR,5.000000,35-BS-00-25-A1*A5-K1*K122-D1*D44-S1-I2,38.327138,27.137154,9.940448,,1.000000,9.000000,"Arsenik, Nitrit, Amonyum, Alüminyum, Demir, Klorür, İletkenlik, Oksitlenebilirlik, pH",0.000000,Good,Decision Tree,0.000000,1.000000,0.000000
2026-07-01,BEYAZEVLER,6.380000,0.030000,0.880000,1.000000,0.000000,15.480000,,34.000000,1.000000,0.000000,0.065000,0.400000,1.000000,23.000000,0.000000,7.700000,464.000000,90.147701,False,1.000000,1.000000,1.000000,0.912000,0.870000,0.968100,0.922600,0.940000,0.720000,0.864000,0.814400,0.920000,1.000000,,1.000000,1.000000,,,Good,73.000000,514 Sok.. No:3/A Beyazevler,GAZİEMİR,5.000000,35-BS-00-25-A1*A5-K1*K122-D1*D44-S1-I3,38.341790,27.140280,9.852299,,1.000000,9.000000,"Arsenik, Nitrit, Amonyum, Alüminyum, Demir, Klorür, İletkenlik, Oksitlenebilirlik, pH",0.000000,Good,Decision Tree,0.000000,1.000000,0.000000
2026-07-01,UZUNDERE,4.920000,0.030000,0.630000,1.000000,0.000000,52.240000,,41.000000,1.000000,0.000000,0.065000,0.400000,1.000000,21.000000,0.000000,7.500000,417.000000,90.372471,False,1.000000,1.000000,1.000000,0.937000,0.870000,0.975400,0.738800,0.940000,0.800000,0.836000,0.833200,0.920000,1.000000,,1.000000,1.000000,,,Good,74.000000,Eski Izmir Cad. 3959 Kvs Uzundere,KARABAĞLAR,59.000000,35-BS-00-30-A1*A5-K1*K122-D1*D44-S1-I4,38.360060,27.104090,9.627529,,1.000000,9.000000,"Arsenik, Nitrit, Amonyum, Alüminyum, Demir, Klorür, İletkenlik, Oksitlenebilirlik, pH",0.000000,Good,Decision Tree,0.000000,1.000000,0.000000
2026-07-01,CENNETÇEŞME,2.740000,0.030000,0.470000,1.000000,0.000000,50.780000,,41.000000,1.000000,0.000000,0.065000,0.400000,1.000000,21.000000,0.000000,7.500000,419.000000,90.410725,False,1.000000,1.000000,1.000000,0.953000,0.870000,0.986300,0.746100,0.940000,0.800000,0.836000,0.832400,0.920000,1.000000,,1.000000,1.000000,,,Good,75.000000,3948/6 Sok. No:2 C.Çeşme,KARABAĞLAR,59.000000,35-BS-00-30-A1*A5-K1*K122-D1*D44-S1-I9,38.361680,27.093850,9.589275,,1.000000,9.000000,"Arsenik, Nitrit, Amonyum, Alüminyum, Demir, Klorür, İletkenlik, Oksitlenebilirlik, pH",0.000000,Good,Decision Tree,0.000000,1.000000,0.000000
2026-07-01,GÜZELBAHÇE,22.140000,0.030000,2.380000,1.000000,0.000000,10.590000,,33.000000,1.000000,0.000000,0.065000,0.400000,1.000000,25.000000,0.000000,7.900000,483.000000,89.611917,False,1.000000,1.000000,1.000000,0.762000,0.870000,0.889300,0.947050,0.940000,0.640000,0.868000,0.806800,0.920000,1.000000,,1.000000,1.000000,,,Good,76.000000,Mithatpaşa Caddesi No:479,GÜZELBAHÇE,6.000000,35-BS-00-28-A1*A5-K1*K122-D1*D44-S1-IY-1,38.377140,26.883660,10.388083,,1.000000,9.000000,"Arsenik, Nitrit, Amonyum, Alüminyum, Demir, Klorür, İletkenlik, Oksitlenebilirlik, pH",0.000000,Good,Decision Tree,0.000000,1.000000,0.000000
2026-07-01,İNCİRALTI,22.590000,0.030000,1.910000,1.000000,0.000000,9.770000,,33.000000,1.000000,0.000000,0.065000,0.400000,1.000000,25.000000,0.000000,7.900000,482.000000,89.718473,False,1.000000,1.000000,1.000000,0.809000,0.870000,0.887050,0.951150,0.940000,0.640000,0.868000,0.807200,0.920000,1.000000,,1.000000,1.000000,,,Good,78.000000,Başak Cd. No:16 Bahçe Cafe İnciralti,BALÇOVA,1.000000,35-BS-00-26-A1*A5-K1*K122-D1*D44-S1-I1,38.409090,27.035910,10.281527,,1.000000,9.000000,"Arsenik, Nitrit, Amonyum, Alüminyum, Demir, Klorür, İletkenlik, Oksitlenebilirlik, pH",0.000000,Good,Decision Tree,0.000000,1.000000,0.000000
2026-07-01,ESENDERE,5.150000,0.030000,0.570000,1.000000,0.000000,51.260000,,41.000000,1.000000,0.000000,0.065000,0.400000,1.000000,22.000000,0.000000,7.500000,418.000000,90.386467,False,1.000000,1.000000,1.000000,0.943000,0.870000,0.974250,0.743700,0.940000,0.800000,0.836000,0.832800,0.920000,1.000000,,1.000000,1.000000,,,Good,79.000000,52/74 İle 52/18 Sok. Kvs Esendere,KARABAĞLAR,59.000000,35-BS-00-30-A1*A5-K1*K122-D1*D44-S1-I5,38.391050,27.089590,9.613533,,1.000000,9.000000,"Arsenik, Nitrit, Amonyum, Alüminyum, Demir, Klorür, İletkenlik, Oksitlenebilirlik, pH",0.000000,Good,Decision Tree,0.000000,1.000000,0.000000
2026-07-01,KADİFEKALE,6.830000,0.030000,0.440000,1.000000,0.000000,154.210000,,43.000000,1.000000,0.000000,0.065000,0.400000,1.000000,20.000000,0.000000,7.400000,389.000000,90.451346,False,1.000000,1.000000,1.000000,0.956000,0.870000,0.965850,0.228950,0.940000,0.840000,0.828000,0.844400,0.920000,1.000000,,1.000000,1.000000,,,Good,80.000000,R.Erkutlu Şehitlik Önü No:290/A Kadifekale,KONAK,8.000000,35-BS-00-04-A1*A5-K1*K122-D1*D44-S1-I6,38.412820,27.140320,9.548654,,1.000000,9.000000,"Arsenik, Nitrit, Amonyum, Alüminyum, Demir, Klorür, İletkenlik, Oksitlenebilirlik, pH",0.000000,Good,Decision Tree,0.000000,1.000000,0.000000
2026-07-08,YENİŞEHİR,2.700000,0.030000,4.280000,1.000000,0.000000,24.750000,,29.000000,1.000000,0.000000,0.065000,0.600000,1.000000,29.000000,0.100000,7.400000,626.000000,89.481268,False,1.000000,1.000000,1.000000,0.572000,0.870000,0.986500,0.876250,0.940000,0.840000,0.884000,0.749600,0.880000,1.000000,,1.000000,1.000000,,,Good,2.000000,Gaziler Cad. No:185 İtfaiye Önü,KONAK,8.000000,35-BS-00-04-A1*A5-K1*K122-D1*D44-S1-I10,38.422640,27.153840,10.518732,,1.000000,9.000000,"Arsenik, Nitrit, Amonyum, Alüminyum, Demir, Klorür, İletkenlik, Oksitlenebilirlik, pH",0.000000,Good,Decision Tree,0.000000,1.000000,0.000000
2026-07-08,KONAK,2.350000,0.030000,4.490000,1.000000,0.000000,23.290000,,29.000000,1.000000,0.000000,0.065000,0.600000,1.000000,29.000000,0.100000,7.400000,629.000000,89.434766,False,1.000000,1.000000,1.000000,0.551000,0.870000,0.988250,0.883550,0.940000,0.840000,0.884000,0.748400,0.880000,1.000000,,1.000000,1.000000,,,Good,3.000000,854 Sok No:51/A,KONAK,8.000000,35-BS-00-04-A1*A5-K1*K122-D1*D44-S1-I5,38.420610,27.130760,10.565234,,1.000000,9.000000,"Arsenik, Nitrit, Amonyum, Alüminyum, Demir, Klorür, İletkenlik, Oksitlenebilirlik, pH",0.000000,Good,Decision Tree,0.000000,1.000000,0.000000
2026-07-08,GÜZELBAHÇE,23.200000,0.030000,1.680000,1.000000,0.000000,17.040000,,30.000000,1.000000,0.000000,0.065000,0.400000,1.000000,23.000000,0.000000,7.800000,487.000000,89.862392,False,1.000000,1.000000,1.000000,0.832000,0.870000,0.884000,0.914800,0.940000,0.680000,0.880000,0.805200,0.920000,1.000000,,1.000000,1.000000,,,Good,4.000000,Kazım Dirik Cad. No.46,GÜZELBAHÇE,6.000000,35-BS-00-28-A1*A5-K1*K122-D1*D44-S1-I1,38.363366,26.866501,10.137608,,1.000000,9.000000,"Arsenik, Nitrit, Amonyum, Alüminyum, Demir, Klorür, İletkenlik, Oksitlenebilirlik, pH",0.000000,Good,Decision Tree,0.000000,1.000000,0.000000
2026-07-08,NARLIDERE,23.070000,0.030000,1.460000,1.000000,0.000000,14.400000,,30.000000,1.000000,0.000000,0.065000,0.400000,1.000000,23.000000,0.000000,7.800000,487.000000,89.913736,False,1.000000,1.000000,1.000000,0.854000,0.870000,0.884650,0.928000,0.940000,0.680000,0.880000,0.805200,0.920000,1.000000,,1.000000,1.000000,,,Good,5.000000,İzsu Narlıdere Teknik Amirlik,NARLIDERE,9.000000,35-BS-00-27-A1*A5-K1*K122-D1*D44-S1-I2,38.394150,27.009890,10.086264,,1.000000,9.000000,"Arsenik, Nitrit, Amonyum, Alüminyum, Demir, Klorür, İletkenlik, Oksitlenebilirlik, pH",0.000000,Good,Decision Tree,0.000000,1.000000,0.000000
2026-07-08,BALÇOVA,19.870000,0.030000,1.550000,1.000000,0.000000,14.950000,,30.000000,1.000000,0.000000,0.065000,0.400000,1.000000,23.000000,0.000000,7.800000,487.000000,89.894872,False,1.000000,1.000000,1.000000,0.845000,0.870000,0.900650,0.925250,0.940000,0.680000,0.880000,0.805200,0.920000,1.000000,,1.000000,1.000000,,,Good,6.000000,M.Pasa Cad. İle Hüseyin Ögütcen Kavşağı,BALÇOVA,1.000000,35-BS-00-26-A1*A5-K1*K122-D1*D44-S1-I2,38.394150,27.038360,10.105128,,1.000000,9.000000,"Arsenik, Nitrit, Amonyum, Alüminyum, Demir, Klorür, İletkenlik, Oksitlenebilirlik, pH",0.000000,Good,Decision Tree,0.000000,1.000000,0.000000
2026-07-08,ÜÇKUYULAR,22.100000,0.030000,1.470000,1.000000,0.000000,14.820000,,30.000000,1.000000,0.000000,0.065000,0.400000,1.000000,23.000000,0.000000,7.800000,487.000000,89.911785,False,1.000000,1.000000,1.000000,0.853000,0.870000,0.889500,0.925900,0.940000,0.680000,0.880000,0.805200,0.920000,1.000000,,1.000000,1.000000,,,Good,7.000000,65/17 Sok. No:45 Yumurtacı Ahmet Camii,KARABAĞLAR,59.000000,35-BS-00-30-A1*A5-K1*K122-D1*D44-S1-I6,38.393940,27.069370,10.088215,,1.000000,9.000000,"Arsenik, Nitrit, Amonyum, Alüminyum, Demir, Klorür, İletkenlik, Oksitlenebilirlik, pH",0.000000,Good,Decision Tree,0.000000,1.000000,0.000000
2026-07-08,GÜZELYALI,22.110000,0.030000,1.520000,1.000000,0.000000,15.150000,,30.000000,1.000000,0.000000,0.065000,0.400000,1.000000,23.000000,0.000000,7.800000,487.000000,89.900279,False,1.000000,1.000000,1.000000,0.848000,0.870000,0.889450,0.924250,0.940000,0.680000,0.880000,0.805200,0.920000,1.000000,,1.000000,1.000000,,,Good,8.000000,34.Sok. No:5 TSM Güzelyalı,KONAK,8.000000,35-BS-00-04-A1*A5-K1*K122-D1*D44-S1-I11,38.398080,27.079620,10.099721,,1.000000,9.000000,"Arsenik, Nitrit, Amonyum, Alüminyum, Demir, Klorür, İletkenlik, Oksitlenebilirlik, pH",0.000000,Good,Decision Tree,0.000000,1.000000,0.000000
2026-07-08,HATAY,3.400000,0.030000,0.570000,1.000000,0.000000,13.030000,,39.000000,1.000000,0.000000,0.065000,0.400000,1.000000,20.000000,0.000000,7.700000,470.000000,90.219082,False,1.000000,1.000000,1.000000,0.943000,0.870000,0.983000,0.934850,0.940000,0.720000,0.844000,0.812000,0.920000,1.000000,,1.000000,1.000000,,,Good,9.000000,İnönü Cad. İle 100 Sok. Kavşağı,KONAK,8.000000,35-BS-00-04-A1*A5-K1*K122-D1*D44-S1-I13,38.401640,27.099450,9.780918,,1.000000,9.000000,"Arsenik, Nitrit, Amonyum, Alüminyum, Demir, Klorür, İletkenlik, Oksitlenebilirlik, pH",0.000000,Good,Decision Tree,0.000000,1.000000,0.000000
2026-07-08,YEŞİLYURT,4.370000,0.030000,0.620000,1.000000,0.000000,12.260000,,39.000000,1.000000,0.000000,0.065000,0.400000,1.000000,20.000000,0.000000,7.700000,470.000000,90.207656,False,1.000000,1.000000,1.000000,0.938000,0.870000,0.978150,0.938700,0.940000,0.720000,0.844000,0.812000,0.920000,1.000000,,1.000000,1.000000,,,Good,11.000000,Ulu Önder Cad. İle Gökdere Cad.Kavşağı,KARABAĞLAR,59.000000,35-BS-00-30-A1*A5-K1*K122-D1*D44-S1-I7,38.404270,27.113010,9.792344,,1.000000,9.000000,"Arsenik, Nitrit, Amonyum, Alüminyum, Demir, Klorür, İletkenlik, Oksitlenebilirlik, pH",0.000000,Good,Decision Tree,0.000000,1.000000,0.000000
2026-07-08,KARABAĞLAR,3.400000,0.030000,0.640000,1.000000,0.000000,11.580000,,39.000000,1.000000,0.000000,0.065000,0.400000,1.000000,20.000000,0.000000,7.700000,470.000000,90.204064,False,1.000000,1.000000,1.000000,0.936000,0.870000,0.983000,0.942100,0.940000,0.720000,0.844000,0.812000,0.920000,1.000000,,1.000000,1.000000,,,Good,13.000000,4058 Sok. İle 4056 Sok. Kavşağı,KARABAĞLAR,59.000000,35-BS-00-30-A1*A5-K1*K122-D1*D44-S1-I8,38.374260,27.134100,9.795936,,1.000000,9.000000,"Arsenik, Nitrit, Amonyum, Alüminyum, Demir, Klorür, İletkenlik, Oksitlenebilirlik, pH",0.000000,Good,Decision Tree,0.000000,1.000000,0.000000
2026-07-08,ESKİ İZMİR,4.380000,0.030000,0.550000,1.000000,0.000000,14.670000,,39.000000,1.000000,0.000000,0.065000,0.400000,1.000000,20.000000,0.000000,7.700000,470.000000,90.222125,False,1.000000,1.000000,1.000000,0.945000,0.870000,0.978100,0.926650,0.940000,0.720000,0.844000,0.812000,0.920000,1.000000,,1.000000,1.000000,,,Good,14.000000,Eski Izmir Cad. No:562/A Kahve,KARABAĞLAR,59.000000,35-BS-00-30-A1*A5-K1*K122-D1*D44-S1-I3,38.376220,27.107190,9.777875,,1.000000,9.000000,"Arsenik, Nitrit, Amonyum, Alüminyum, Demir, Klorür, İletkenlik, Oksitlenebilirlik, pH",0.000000,Good,Decision Tree,0.000000,1.000000,0.000000
2026-07-08,GAZİEMİR,3.960000,0.030000,0.470000,1.000000,0.000000,12.610000,,39.000000,1.000000,0.000000,0.065000,0.400000,1.000000,20.000000,0.000000,7.700000,470.000000,90.241629,False,1.000000,1.000000,1.000000,0.953000,0.870000,0.980200,0.936950,0.940000,0.720000,0.844000,0.812000,0.920000,1.000000,,1.000000,1.000000,,,Good,15.000000,Abdullah Arda Meydanı No:29 Arkadaşlar Kahvesi,GAZİEMİR,5.000000,35-BS-00-25-A1*A5-K1*K122-D1*D44-S1-I4-Y1,38.321780,27.126430,9.758371,,1.000000,9.000000,"Arsenik, Nitrit, Amonyum, Alüminyum, Demir, Klorür, İletkenlik, Oksitlenebilirlik, pH",0.000000,Good,Decision Tree,0.000000,1.000000,0.000000
2026-07-08,GEDİZ,6.960000,0.030000,0.480000,1.000000,0.000000,186.320000,,42.000000,1.000000,0.000000,0.065000,0.400000,1.000000,14.000000,0.000000,7.400000,397.000000,90.424392,False,1.000000,1.000000,1.000000,0.952000,0.870000,0.965200,0.068400,0.940000,0.840000,0.832000,0.841200,0.920000,1.000000,,1.000000,1.000000,,,Good,16.000000,682/4 Sok. No:2 Gediz,BUCA,3.000000,35-BS-00-02-A1*A5-K1*K122-D1*D44-S1-I10,38.361880,27.144380,9.575608,,1.000000,9.000000,"Arsenik, Nitrit, Amonyum, Alüminyum, Demir, Klorür, İletkenlik, Oksitlenebilirlik, pH",0.000000,Good,Decision Tree,0.000000,1.000000,0.000000
2026-07-08,ŞİRİNYER,7.210000,0.030000,0.370000,1.000000,0.000000,187.110000,,42.000000,1.000000,0.000000,0.065000,0.400000,1.000000,14.000000,0.000000,7.400000,397.000000,90.448692,False,1.000000,1.000000,1.000000,0.963000,0.870000,0.963950,0.064450,0.940000,0.840000,0.832000,0.841200,0.920000,1.000000,,1.000000,1.000000,,,Good,17.000000,Koşuyolu Cad. Efeler Mah. No:41 Avni Naili Limboz Camii,BUCA,3.000000,35-BS-00-02-A1*A5-K1*K122-D1*D44-S1-I6,38.391680,27.150310,9.551308,,1.000000,9.000000,"Arsenik, Nitrit, Amonyum, Alüminyum, Demir, Klorür, İletkenlik, Oksitlenebilirlik, pH",0.000000,Good,Decision Tree,0.000000,1.000000,0.000000
2026-07-08,BUCA,7.240000,0.030000,0.380000,1.000000,0.000000,196.070000,,42.000000,1.000000,0.000000,0.065000,0.400000,1.000000,14.000000,0.000000,7.400000,397.000000,90.441345,False,1.000000,1.000000,1.000000,0.962000,0.870000,0.963800,0.019650,0.940000,0.840000,0.832000,0.841200,0.920000,1.000000,,1.000000,1.000000,,,Good,18.000000,Başarı Cad.İle 170. Sok.Kavşağı,BUCA,3.000000,35-BS-00-02-A1*A5-K1*K122-D1*D44-S1-I1,38.389300,27.176440,9.558655,,1.000000,9.000000,"Arsenik, Nitrit, Amonyum, Alüminyum, Demir, Klorür, İletkenlik, Oksitlenebilirlik, pH",0.000000,Good,Decision Tree,0.000000,1.000000,0.000000
2026-07-08,GÜLÇEŞME,6.290000,0.030000,0.380000,1.000000,0.000000,193.680000,,42.000000,1.000000,0.000000,0.065000,0.400000,1.000000,14.000000,0.000000,7.400000,398.000000,90.443230,False,1.000000,1.000000,1.000000,0.962000,0.870000,0.968550,0.031600,0.940000,0.840000,0.832000,0.840800,0.920000,1.000000,,1.000000,1.000000,,,Good,19.000000,3586 Sok. No:1 Gürçeşme,KONAK,8.000000,35-BS-00-04-A1*A5-K1*K122-D1*D44-S1-I15,38.404510,27.151350,9.556770,,1.000000,9.000000,"Arsenik, Nitrit, Amonyum, Alüminyum, Demir, Klorür, İletkenlik, Oksitlenebilirlik, pH",0.000000,Good,Decision Tree,0.000000,1.000000,0.000000
2026-07-08,GÜLTEPE,8.100000,0.030000,0.370000,1.000000,0.000000,192.960000,,42.000000,1.000000,0.000000,0.065000,0.400000,1.000000,14.000000,0.000000,7.400000,397.000000,90.444880,False,1.000000,1.000000,1.000000,0.963000,0.870000,0.959500,0.035200,0.940000,0.840000,0.832000,0.841200,0.920000,1.000000,,1.000000,1.000000,,,Good,20.000000,Selimiye Cad. No:30/B Gültepe,KONAK,8.000000,35-BS-00-04-A1*A5-K1*K122-D1*D44-S1-I16,38.416220,27.172680,9.555120,,1.000000,9.000000,"Arsenik, Nitrit, Amonyum, Alüminyum, Demir, Klorür, İletkenlik, Oksitlenebilirlik, pH",0.000000,Good,Decision Tree,0.000000,1.000000,0.000000
2026-07-08,ALTINDAĞ,5.890000,0.030000,2.370000,1.000000,0.000000,90.760000,,34.000000,1.000000,0.000000,0.065000,0.400000,1.000000,25.000000,0.000000,7.400000,519.000000,90.053871,False,1.000000,1.000000,1.000000,0.763000,0.870000,0.970550,0.546200,0.940000,0.840000,0.864000,0.792400,0.920000,1.000000,,1.000000,1.000000,,,Good,21.000000,Kemalpaşa Cad. No: 46,BORNOVA,2.000000,35-BS-00-01-A1*A5-K1*K122-D1*D44-S1-I9,38.425580,27.202560,9.946129,,1.000000,9.000000,"Arsenik, Nitrit, Amonyum, Alüminyum, Demir, Klorür, İletkenlik, Oksitlenebilirlik, pH",0.000000,Good,Decision Tree,0.000000,1.000000,0.000000
2026-07-08,ÇAMDİBİ,5.970000,0.030000,2.510000,1.000000,0.000000,84.790000,,34.000000,1.000000,0.000000,0.065000,0.400000,1.000000,25.000000,0.000000,7.400000,522.000000,90.025515,False,1.000000,1.000000,1.000000,0.749000,0.870000,0.970150,0.576050,0.940000,0.840000,0.864000,0.791200,0.920000,1.000000,,1.000000,1.000000,,,Good,22.000000,5227 Sok. No:35/C Çamdibi,BORNOVA,2.000000,35-BS-00-01-A1*A5-K1*K122-D1*D44-S1-I12,38.435530,27.191010,9.974485,,1.000000,9.000000,"Arsenik, Nitrit, Amonyum, Alüminyum, Demir, Klorür, İletkenlik, Oksitlenebilirlik, pH",0.000000,Good,Decision Tree,0.000000,1.000000,0.000000
2026-07-08,IŞIKKENT,5.410000,0.030000,2.700000,1.000000,0.000000,82.290000,,34.000000,1.000000,0.000000,0.065000,0.400000,1.000000,25.000000,0.000000,7.400000,533.000000,89.984217,False,1.000000,1.000000,1.000000,0.730000,0.870000,0.972950,0.588550,0.940000,0.840000,0.864000,0.786800,0.920000,1.000000,,1.000000,1.000000,,,Good,23.000000,Cumhuriyet Meydanı No:16  Işıkkent,BORNOVA,2.000000,35-BS-00-01-A1*A5-K1*K122-D1*D44-S1-I8,38.424540,27.230760,10.015783,,1.000000,9.000000,"Arsenik, Nitrit, Amonyum, Alüminyum, Demir, Klorür, İletkenlik, Oksitlenebilirlik, pH",0.000000,Good,Decision Tree,0.000000,1.000000,0.000000
2026-07-08,PINARBAŞI,4.980000,0.030000,2.330000,1.000000,0.000000,91.390000,,34.000000,1.000000,0.000000,0.065000,0.400000,1.000000,25.000000,0.000000,7.400000,513.000000,90.063102,False,1.000000,1.000000,1.000000,0.767000,0.870000,0.975100,0.543050,0.940000,0.840000,0.864000,0.794800,0.920000,1.000000,,1.000000,1.000000,,,Good,24.000000,Çanakkale Cad.İle 7057 Sok KavsağıPınarbaşı,BORNOVA,2.000000,35-BS-00-01-A1*A5-K1*K122-D1*D44-S1-I10,38.429880,27.266470,9.936898,,1.000000,9.000000,"Arsenik, Nitrit, Amonyum, Alüminyum, Demir, Klorür, İletkenlik, Oksitlenebilirlik, pH",0.000000,Good,Decision Tree,0.000000,1.000000,0.000000
2026-07-08,EVKA-3,5.770000,0.030000,2.890000,1.000000,0.000000,83.150000,,34.000000,1.000000,0.000000,0.065000,0.400000,1.000000,25.000000,0.000000,7.400000,529.000000,89.940551,False,1.000000,1.000000,1.000000,0.711000,0.870000,0.971150,0.584250,0.940000,0.840000,0.864000,0.788400,0.920000,1.000000,,1.000000,1.000000,,,Good,25.000000,Şehitler Cad. No:22 H.Mustafa Gökdemir Camii Evka-3,BORNOVA,2.000000,35-BS-00-01-A1*A5-K1*K122-D1*D44-S1-I2,38.473220,27.250940,10.059449,,1.000000,9.000000,"Arsenik, Nitrit, Amonyum, Alüminyum, Demir, Klorür, İletkenlik, Oksitlenebilirlik, pH",0.000000,Good,Decision Tree,0.000000,1.000000,0.000000
2026-07-08,BORNOVA,5.960000,0.030000,2.320000,1.000000,0.000000,90.320000,,34.000000,1.000000,0.000000,0.065000,0.400000,1.000000,25.000000,0.000000,7.400000,517.000000,90.065401,False,1.000000,1.000000,1.000000,0.768000,0.870000,0.970200,0.548400,0.940000,0.840000,0.864000,0.793200,0.920000,1.000000,,1.000000,1.000000,,,Good,26.000000,Ege Üni.Kampüsü İtfaiye Çeşmesi/İzsu Teknik Amirlik,BORNOVA,2.000000,35-BS-00-01-A1*A5-K1*K122-D1*D44-S1-I11,38.460950,27.228200,9.934599,,1.000000,9.000000,"Arsenik, Nitrit, Amonyum, Alüminyum, Demir, Klorür, İletkenlik, Oksitlenebilirlik, pH",0.000000,Good,Decision Tree,0.000000,1.000000,0.000000
2026-07-08,ATATÜRK MAH,7.630000,0.030000,1.570000,1.000000,0.000000,174.270000,,31.000000,1.000000,0.000000,0.065000,0.600000,1.000000,28.000000,0.100000,7.300000,630.000000,90.101601,False,1.000000,1.000000,1.000000,0.843000,0.870000,0.961850,0.128650,0.940000,0.880000,0.876000,0.748000,0.880000,1.000000,,1.000000,1.000000,,,Good,27.000000,Hürriyet Cad. Polis Mer. No:86 Atatürk,BORNOVA,2.000000,35-BS-00-01-A1*A5-K1*K122-D1*D44-S1-I13,38.475820,27.208680,9.898399,,1.000000,9.000000,"Arsenik, Nitrit, Amonyum, Alüminyum, Demir, Klorür, İletkenlik, Oksitlenebilirlik, pH",0.000000,Good,Decision Tree,0.000000,1.000000,0.000000
2026-07-08,OSMANGAZİ,6.130000,0.030000,4.260000,1.000000,0.000000,39.540000,,31.000000,1.000000,0.000000,0.065000,0.600000,1.000000,28.000000,0.100000,7.300000,630.000000,89.570017,False,1.000000,1.000000,1.000000,0.574000,0.870000,0.969350,0.802300,0.940000,0.880000,0.876000,0.748000,0.880000,1.000000,,1.000000,1.000000,,,Good,28.000000,Yavuz Cad. 241/C  Osmangazi,BAYRAKLI,60.000000,35-BS-00-29-A1*A5-K1*K122-D1*D44-S1-I6,38.475430,27.187450,10.429983,,1.000000,9.000000,"Arsenik, Nitrit, Amonyum, Alüminyum, Demir, Klorür, İletkenlik, Oksitlenebilirlik, pH",0.000000,Good,Decision Tree,0.000000,1.000000,0.000000
2026-07-08,ÖZKANLAR,11.960000,0.030000,6.030000,1.000000,0.000000,143.230000,,31.000000,1.000000,0.000000,0.065000,0.600000,1.000000,28.000000,0.100000,7.300000,631.000000,89.107580,False,1.000000,1.000000,1.000000,0.397000,0.870000,0.940200,0.283850,0.940000,0.880000,0.876000,0.747600,0.880000,1.000000,,1.000000,1.000000,,,Good,29.000000,273/4 No:6 Aile Sağlığı Merkezi Özkanlar,BAYRAKLI,60.000000,35-BS-00-29-A1*A5-K1*K122-D1*D44-S1-I10,38.458040,27.191060,10.892420,,1.000000,9.000000,"Arsenik, Nitrit, Amonyum, Alüminyum, Demir, Klorür, İletkenlik, Oksitlenebilirlik, pH",0.000000,Good,Decision Tree,0.000000,1.000000,0.000000
2026-07-08,MANAVKUYU,15.550000,0.030000,7.850000,1.000000,0.000000,194.190000,,31.000000,1.000000,0.000000,0.065000,0.600000,1.000000,28.000000,0.100000,7.300000,630.000000,88.664931,False,1.000000,1.000000,1.000000,0.215000,0.870000,0.922250,0.029050,0.940000,0.880000,0.876000,0.748000,0.880000,1.000000,,1.000000,1.000000,,,Good,30.000000,Sakarya Cad.No:112 Manavkuyu,BAYRAKLI,60.000000,35-BS-00-29-A1*A5-K1*K122-D1*D44-S1-I8,38.457390,27.186910,11.335069,,1.000000,9.000000,"Arsenik, Nitrit, Amonyum, Alüminyum, Demir, Klorür, İletkenlik, Oksitlenebilirlik, pH",0.000000,Good,Decision Tree,0.000000,1.000000,0.000000
2026-07-08,EGEKENT,6.350000,0.030000,5.990000,1.000000,0.000000,74.960000,,48.000000,1.000000,0.000000,0.065000,0.600000,1.000000,31.000000,0.100000,7.400000,768.000000,89.056502,False,1.000000,1.000000,1.000000,0.401000,0.870000,0.968250,0.625200,0.940000,0.840000,0.808000,0.692800,0.880000,1.000000,,1.000000,1.000000,,,Good,32.000000,8819 Sok. No:13 Egekent,ÇİĞLİ,4.000000,35-BS-00-24-A1*A5-K1*K122-D1*D44-S1-I7,38.504140,27.058100,10.943498,,1.000000,9.000000,"Arsenik, Nitrit, Amonyum, Alüminyum, Demir, Klorür, İletkenlik, Oksitlenebilirlik, pH",0.000000,Good,Decision Tree,0.000000,1.000000,0.000000
2026-07-08,BALATÇIK,7.150000,0.030000,5.720000,1.000000,0.000000,79.660000,,48.000000,1.000000,0.000000,0.065000,0.600000,1.000000,31.000000,0.100000,7.400000,772.000000,89.114467,False,1.000000,1.000000,1.000000,0.428000,0.870000,0.964250,0.601700,0.940000,0.840000,0.808000,0.691200,0.880000,1.000000,,1.000000,1.000000,,,Good,33.000000,8790/5 Sok. 9 Eylül Camii Balatçık,ÇİĞLİ,4.000000,35-BS-00-24-A1*A5-K1*K122-D1*D44-S1-I2-Y1,38.511900,27.045600,10.885533,,1.000000,9.000000,"Arsenik, Nitrit, Amonyum, Alüminyum, Demir, Klorür, İletkenlik, Oksitlenebilirlik, pH",0.000000,Good,Decision Tree,0.000000,1.000000,0.000000
2026-07-08,ÇİĞLİ,8.360000,0.030000,6.170000,1.000000,0.000000,84.510000,,48.000000,1.000000,0.000000,0.065000,0.600000,1.000000,31.000000,0.100000,7.400000,770.000000,89.009229,False,1.000000,1.000000,1.000000,0.383000,0.870000,0.958200,0.577450,0.940000,0.840000,0.808000,0.692000,0.880000,1.000000,,1.000000,1.000000,,,Good,34.000000,8022/1 Sok. No:8/1-B Ataşehir,ÇİĞLİ,4.000000,35-BS-00-24-A1*A5-K1*K122-D1*D44-S1-I3-IY1,38.492860,27.060890,10.990771,,1.000000,9.000000,"Arsenik, Nitrit, Amonyum, Alüminyum, Demir, Klorür, İletkenlik, Oksitlenebilirlik, pH",0.000000,Good,Decision Tree,0.000000,1.000000,0.000000
2026-07-08,BOSTANLI,5.000000,0.030000,4.540000,1.000000,0.000000,47.690000,,31.000000,1.000000,0.000000,0.065000,0.600000,1.000000,28.000000,0.100000,7.300000,632.000000,89.502685,False,1.000000,1.000000,1.000000,0.546000,0.870000,0.975000,0.761550,0.940000,0.880000,0.876000,0.747200,0.880000,1.000000,,1.000000,1.000000,,,Good,35.000000,1799 Sok No:14 Bostanlı,KARŞIYAKA,7.000000,35-BS-00-03-A1*A5-K1*K122-D1*D44-S1-I7,38.457730,27.098860,10.497315,,1.000000,9.000000,"Arsenik, Nitrit, Amonyum, Alüminyum, Demir, Klorür, İletkenlik, Oksitlenebilirlik, pH",0.000000,Good,Decision Tree,0.000000,1.000000,0.000000
2026-07-08,ŞEMİKLER,4.050000,0.030000,4.750000,1.000000,0.000000,46.570000,,31.000000,1.000000,0.000000,0.065000,0.600000,1.000000,28.000000,0.100000,7.300000,630.000000,89.456349,False,1.000000,1.000000,1.000000,0.525000,0.870000,0.979750,0.767150,0.940000,0.880000,0.876000,0.748000,0.880000,1.000000,,1.000000,1.000000,,,Good,36.000000,6276 Sok.İle 6279 Sok Kavşağı,KARŞIYAKA,7.000000,35-BS-00-03-A1*A5-K1*K122-D1*D44-S1-I4,38.477100,27.093760,10.543651,,1.000000,9.000000,"Arsenik, Nitrit, Amonyum, Alüminyum, Demir, Klorür, İletkenlik, Oksitlenebilirlik, pH",0.000000,Good,Decision Tree,0.000000,1.000000,0.000000
2026-07-08,KARŞIYAKA,5.000000,0.030000,4.700000,1.000000,0.000000,49.100000,,31.000000,1.000000,0.000000,0.065000,0.600000,1.000000,28.000000,0.100000,7.300000,629.000000,89.465697,False,1.000000,1.000000,1.000000,0.530000,0.870000,0.975000,0.754500,0.940000,0.880000,0.876000,0.748400,0.880000,1.000000,,1.000000,1.000000,,,Good,37.000000,Atatürk Cad. İle Zübeyde Hanim Cad.Kavşağı,KARŞIYAKA,7.000000,35-BS-00-03-A1*A5-K1*K122-D1*D44-S1-I5,38.461670,27.116100,10.534303,,1.000000,9.000000,"Arsenik, Nitrit, Amonyum, Alüminyum, Demir, Klorür, İletkenlik, Oksitlenebilirlik, pH",0.000000,Good,Decision Tree,0.000000,1.000000,0.000000
2026-07-08,EVKA-2,5.040000,0.030000,4.590000,1.000000,0.000000,47.250000,,31.000000,1.000000,0.000000,0.065000,0.600000,1.000000,28.000000,0.100000,7.300000,630.000000,89.491606,False,1.000000,1.000000,1.000000,0.541000,0.870000,0.974800,0.763750,0.940000,0.880000,0.876000,0.748000,0.880000,1.000000,,1.000000,1.000000,,,Good,38.000000,6800 Sok. No:9 Sağlık Ocağı Evka 2,ÇİĞLİ,4.000000,35-BS-00-24-A1*A5-K1*K122-D1*D44-S1-I5,38.499050,27.087510,10.508394,,1.000000,9.000000,"Arsenik, Nitrit, Amonyum, Alüminyum, Demir, Klorür, İletkenlik, Oksitlenebilirlik, pH",0.000000,Good,Decision Tree,0.000000,1.000000,0.000000
2026-07-08,ÖRNEKKÖY,7.520000,0.030000,4.570000,1.000000,0.000000,47.190000,,31.000000,1.000000,0.000000,0.065000,0.600000,1.000000,28.000000,0.100000,7.300000,629.000000,89.494766,False,1.000000,1.000000,1.000000,0.543000,0.870000,0.962400,0.764050,0.940000,0.880000,0.876000,0.748400,0.880000,1.000000,,1.000000,1.000000,,,Good,39.000000,Başpehlivan Kara Ali Cad. No:25/A,KARŞIYAKA,7.000000,35-BS-00-03-A1*A5-K1*K122-D1*D44-S1-I6,38.482130,27.111060,10.505234,,1.000000,9.000000,"Arsenik, Nitrit, Amonyum, Alüminyum, Demir, Klorür, İletkenlik, Oksitlenebilirlik, pH",0.000000,Good,Decision Tree,0.000000,1.000000,0.000000
2026-07-08,GÜMÜŞPALA,8.460000,0.030000,4.610000,1.000000,0.000000,49.890000,,31.000000,1.000000,0.000000,0.065000,0.600000,1.000000,28.000000,0.100000,7.300000,627.000000,89.483664,False,1.000000,1.000000,1.000000,0.539000,0.870000,0.957700,0.750550,0.940000,0.880000,0.876000,0.749200,0.880000,1.000000,,1.000000,1.000000,,,Good,40.000000,7019 Sok. No:20/3 Merkez Cami Gümüşpala,BAYRAKLI,60.000000,35-BS-00-29-A1*A5-K1*K122-D1*D44-S1-I7,38.479310,27.109960,10.516336,,1.000000,9.000000,"Arsenik, Nitrit, Amonyum, Alüminyum, Demir, Klorür, İletkenlik, Oksitlenebilirlik, pH",0.000000,Good,Decision Tree,0.000000,1.000000,0.000000
2026-07-22,DOĞANÇAY,5.270000,0.030000,5.320000,1.000000,0.000000,40.160000,,34.000000,1.000000,0.000000,0.065000,0.600000,1.000000,30.000000,0.000000,7.300000,614.000000,89.329287,False,1.000000,1.000000,1.000000,0.468000,0.870000,0.973650,0.799200,0.940000,0.880000,0.864000,0.754400,0.880000,1.000000,,1.000000,1.000000,,,Good,41.000000,7191 Sok. No:1/A Doğançay,BAYRAKLI,60.000000,35-BS-00-29-A1*A5-K1*K122-D1*D44-S1-I1,38.495500,27.155140,10.670713,,1.000000,9.000000,"Arsenik, Nitrit, Amonyum, Alüminyum, Demir, Klorür, İletkenlik, Oksitlenebilirlik, pH",0.000000,Good,Decision Tree,0.000000,1.000000,0.000000
2026-07-22,YAMANLAR,5.420000,0.030000,4.840000,1.000000,0.000000,40.150000,,34.000000,1.000000,0.000000,0.065000,0.600000,1.000000,30.000000,0.000000,7.300000,616.000000,89.437806,False,1.000000,1.000000,1.000000,0.516000,0.870000,0.972900,0.799250,0.940000,0.880000,0.864000,0.753600,0.880000,1.000000,,1.000000,1.000000,,,Good,42.000000,7348 Sok. No:2 Polis Merkezi Yamanlar,BAYRAKLI,60.000000,35-BS-00-29-A1*A5-K1*K122-D1*D44-S1-I2,38.481110,27.132940,10.562194,,1.000000,9.000000,"Arsenik, Nitrit, Amonyum, Alüminyum, Demir, Klorür, İletkenlik, Oksitlenebilirlik, pH",0.000000,Good,Decision Tree,0.000000,1.000000,0.000000
2026-07-22,POSTACI MAH,3.790000,0.030000,4.930000,1.000000,0.000000,38.250000,,34.000000,1.000000,0.000000,0.065000,0.600000,1.000000,30.000000,0.100000,7.400000,622.000000,89.324150,False,1.000000,1.000000,1.000000,0.507000,0.870000,0.981050,0.808750,0.940000,0.840000,0.864000,0.751200,0.880000,1.000000,,1.000000,1.000000,,,Good,43.000000,7659/2 Sok. No:1/B Postacılar Mah.,BAYRAKLI,60.000000,35-BS-00-29-A1*A5*-K1*K122-D1*D44-S1-I3-IY1,38.482170,27.119910,10.675850,,1.000000,9.000000,"Arsenik, Nitrit, Amonyum, Alüminyum, Demir, Klorür, İletkenlik, Oksitlenebilirlik, pH",0.000000,Good,Decision Tree,0.000000,1.000000,0.000000
2026-07-22,YAMAÇ MAH,2.850000,0.030000,4.850000,1.000000,0.000000,36.820000,,34.000000,1.000000,0.000000,0.065000,0.600000,1.000000,30.000000,0.000000,7.300000,614.000000,89.438888,False,1.000000,1.000000,1.000000,0.515000,0.870000,0.985750,0.815900,0.940000,0.880000,0.864000,0.754400,0.880000,1.000000,,1.000000,1.000000,,,Good,44.000000,6730 Sok. No:6/A Yamaç Mah.,KARŞIYAKA,7.000000,35-BS-00-03-A1*A5-K1*K122-D1*D44-S1-I1,38.483710,27.099770,10.561112,,1.000000,9.000000,"Arsenik, Nitrit, Amonyum, Alüminyum, Demir, Klorür, İletkenlik, Oksitlenebilirlik, pH",0.000000,Good,Decision Tree,0.000000,1.000000,0.000000
2026-07-22,GÜZELTEPE,4.190000,0.030000,5.450000,1.000000,0.000000,50.240000,,47.000000,1.000000,0.000000,0.065000,0.600000,1.000000,30.000000,0.100000,7.400000,742.000000,89.194344,False,1.000000,1.000000,1.000000,0.455000,0.870000,0.979050,0.748800,0.940000,0.840000,0.812000,0.703200,0.880000,1.000000,,1.000000,1.000000,,,Good,46.000000,8172 Sok. No:90/1 Güzeltepe,ÇİĞLİ,4.000000,35-BS-00-24-A1*A5-K1*K122-D1*D44-S1-I4-IY1,38.502720,27.077990,10.805656,,1.000000,9.000000,"Arsenik, Nitrit, Amonyum, Alüminyum, Demir, Klorür, İletkenlik, Oksitlenebilirlik, pH",0.000000,Good,Decision Tree,0.000000,1.000000,0.000000
2026-07-22,EVKA-5,6.950000,0.030000,5.410000,1.000000,0.000000,50.380000,,47.000000,1.000000,0.000000,0.065000,0.600000,1.000000,30.000000,0.100000,7.400000,747.000000,89.201736,False,1.000000,1.000000,1.000000,0.459000,0.870000,0.965250,0.748100,0.940000,0.840000,0.812000,0.701200,0.880000,1.000000,,1.000000,1.000000,,,Good,47.000000,8809 Sok. No:141/A Evka-5,ÇİĞLİ,4.000000,35-BS-00-24-A1*A5-K1*K122-D1*D44-S1-I8-IY1,38.518190,27.056590,10.798264,,1.000000,9.000000,"Arsenik, Nitrit, Amonyum, Alüminyum, Demir, Klorür, İletkenlik, Oksitlenebilirlik, pH",0.000000,Good,Decision Tree,0.000000,1.000000,0.000000
2026-07-22,EGEKENT-2,4.500000,0.030000,5.360000,1.000000,0.000000,52.300000,,47.000000,1.000000,0.000000,0.065000,0.600000,1.000000,30.000000,0.100000,7.400000,745.000000,89.213357,False,1.000000,1.000000,1.000000,0.464000,0.870000,0.977500,0.738500,0.940000,0.840000,0.812000,0.702000,0.880000,1.000000,,1.000000,1.000000,,,Good,48.000000,8818 Sok. No:38 6 Nolu Sağlık Ocağı Egekent,ÇİĞLİ,4.000000,35-BS-00-24-A1*A5-K1*K122-D1*D44-S1-I6,38.555690,27.049780,10.786643,,1.000000,9.000000,"Arsenik, Nitrit, Amonyum, Alüminyum, Demir, Klorür, İletkenlik, Oksitlenebilirlik, pH",0.000000,Good,Decision Tree,0.000000,1.000000,0.000000
2026-07-22,ÇAY MAH,4.860000,0.030000,4.930000,1.000000,0.000000,39.490000,,34.000000,1.000000,0.000000,0.065000,0.600000,1.000000,30.000000,0.100000,7.400000,621.000000,89.322847,False,1.000000,1.000000,1.000000,0.507000,0.870000,0.975700,0.802550,0.940000,0.840000,0.864000,0.751600,0.880000,1.000000,,1.000000,1.000000,,,Good,51.000000,Hakan Uysal Cad. No:273/1 Çay Mahallesi,BAYRAKLI,60.000000,35-BS-00-29-A1*A5-K1*K122-D1*D44-S1-I5,38.470860,27.180440,10.677153,,1.000000,9.000000,"Arsenik, Nitrit, Amonyum, Alüminyum, Demir, Klorür, İletkenlik, Oksitlenebilirlik, pH",0.000000,Good,Decision Tree,0.000000,1.000000,0.000000
2026-07-22,İZYUVA,5.820000,0.030000,1.240000,1.000000,0.000000,102.750000,,46.000000,1.000000,0.000000,0.065000,0.400000,1.000000,19.000000,0.000000,7.400000,457.000000,90.298684,False,1.000000,1.000000,1.000000,0.876000,0.870000,0.970900,0.486250,0.940000,0.840000,0.816000,0.817200,0.920000,1.000000,,1.000000,1.000000,,,Good,52.000000,113/19 Sok. No:10 İzyuva,BORNOVA,2.000000,35-BS-00-01-A1*A5-K1*K122-D1*D44-S1-I7,38.464570,27.249790,9.701316,,1.000000,9.000000,"Arsenik, Nitrit, Amonyum, Alüminyum, Demir, Klorür, İletkenlik, Oksitlenebilirlik, pH",0.000000,Good,Decision Tree,0.000000,1.000000,0.000000
2026-07-22,YEŞİLÇAM,6.510000,0.030000,1.190000,1.000000,0.000000,77.470000,,46.000000,1.000000,0.000000,0.065000,0.400000,1.000000,19.000000,0.000000,7.400000,475.000000,90.323842,False,1.000000,1.000000,1.000000,0.881000,0.870000,0.967450,0.612650,0.940000,0.840000,0.816000,0.810000,0.920000,1.000000,,1.000000,1.000000,,,Good,54.000000,Mrk. Bornova Jandarma Komando Ambarlar Yanı,BORNOVA,2.000000,35-BS-00-01-A1*A5-K1*K122-D1*D44-S1-IY1,38.445680,27.289280,9.676158,,1.000000,9.000000,"Arsenik, Nitrit, Amonyum, Alüminyum, Demir, Klorür, İletkenlik, Oksitlenebilirlik, pH",0.000000,Good,Decision Tree,0.000000,1.000000,0.000000
2026-07-22,MEVLANA,5.120000,0.030000,1.570000,1.000000,0.000000,139.020000,,46.000000,1.000000,0.000000,0.065000,0.400000,1.000000,19.000000,0.000000,7.400000,451.000000,90.203919,False,1.000000,1.000000,1.000000,0.843000,0.870000,0.974400,0.304900,0.940000,0.840000,0.816000,0.819600,0.920000,1.000000,,1.000000,1.000000,,,Good,55.000000,1754 Sok. No:25 Asm Mevlana,BORNOVA,2.000000,35-BS-00-01-A1*A5-K1*K122-D1*D44-S1-I4,38.448220,27.230660,9.796081,,1.000000,9.000000,"Arsenik, Nitrit, Amonyum, Alüminyum, Demir, Klorür, İletkenlik, Oksitlenebilirlik, pH",0.000000,Good,Decision Tree,0.000000,1.000000,0.000000
2026-07-22,MERSİNLİ,5.090000,0.030000,4.850000,1.000000,0.000000,60.710000,,34.000000,1.000000,0.000000,0.065000,0.600000,1.000000,30.000000,0.100000,7.400000,629.000000,89.328785,False,1.000000,1.000000,1.000000,0.515000,0.870000,0.974550,0.696450,0.940000,0.840000,0.864000,0.748400,0.880000,1.000000,,1.000000,1.000000,,,Good,57.000000,Fatih cd. İle Beyazıt Cd. Tuğlacı Önü Mersinli,BORNOVA,2.000000,35-BS-00-01-A1*A5-K1*K122-D1*D44-S1-I14,38.440000,27.180530,10.671215,,1.000000,9.000000,"Arsenik, Nitrit, Amonyum, Alüminyum, Demir, Klorür, İletkenlik, Oksitlenebilirlik, pH",0.000000,Good,Decision Tree,0.000000,1.000000,0.000000
2026-07-22,ÇANKAYA,4.690000,0.030000,4.800000,1.000000,0.000000,36.550000,,34.000000,1.000000,0.000000,0.065000,0.600000,1.000000,30.000000,0.100000,7.400000,625.000000,89.354005,False,1.000000,1.000000,1.000000,0.520000,0.870000,0.976550,0.817250,0.940000,0.840000,0.864000,0.750000,0.880000,1.000000,,1.000000,1.000000,,,Good,59.000000,Hürriyet Bulvarı No:14/E,KONAK,8.000000,35-BS-00-04-A1*A5-K1*K122-D1*D44-S1-IY-1,38.424780,27.142050,10.645995,,1.000000,9.000000,"Arsenik, Nitrit, Amonyum, Alüminyum, Demir, Klorür, İletkenlik, Oksitlenebilirlik, pH",0.000000,Good,Decision Tree,0.000000,1.000000,0.000000
2026-07-22,TOROS,8.840000,0.030000,5.900000,1.000000,0.000000,74.250000,,34.000000,1.000000,0.000000,0.065000,0.600000,1.000000,30.000000,0.100000,7.400000,626.000000,89.081441,False,1.000000,1.000000,1.000000,0.410000,0.870000,0.955800,0.628750,0.940000,0.840000,0.864000,0.749600,0.880000,1.000000,,1.000000,1.000000,,,Good,60.000000,Dicle Cad. No:88 Aile Sağlığı Merkezi,KONAK,8.000000,35-BS-00-04-A1*A5-K1*K122-D1*D44-S1-I3,38.407410,27.183640,10.918559,,1.000000,9.000000,"Arsenik, Nitrit, Amonyum, Alüminyum, Demir, Klorür, İletkenlik, Oksitlenebilirlik, pH",0.000000,Good,Decision Tree,0.000000,1.000000,0.000000
2026-07-22,UFUK MAH,4.850000,0.030000,5.790000,1.000000,0.000000,62.670000,,34.000000,1.000000,0.000000,0.065000,0.600000,1.000000,30.000000,0.100000,7.400000,626.000000,89.115137,False,1.000000,1.000000,1.000000,0.421000,0.870000,0.975750,0.686650,0.940000,0.840000,0.864000,0.749600,0.880000,1.000000,,1.000000,1.000000,,,Good,62.000000,914 Sok. No.7/A Ufuk Mah.,BUCA,3.000000,35-BS-00-02-A1*A5-K1*K122-D1*D44-S1-I5,38.403620,27.165620,10.884863,,1.000000,9.000000,"Arsenik, Nitrit, Amonyum, Alüminyum, Demir, Klorür, İletkenlik, Oksitlenebilirlik, pH",0.000000,Good,Decision Tree,0.000000,1.000000,0.000000
2026-07-22,ÇAMLIKULE,4.810000,0.030000,0.310000,1.000000,0.000000,131.510000,,46.000000,1.000000,0.000000,0.065000,0.400000,1.000000,13.000000,0.000000,7.300000,404.000000,90.588871,False,1.000000,1.000000,1.000000,0.969000,0.870000,0.975950,0.342450,0.940000,0.880000,0.816000,0.838400,0.920000,1.000000,,1.000000,1.000000,,,Good,67.000000,220 Sok. No:163/B Çamlıkule,BUCA,3.000000,35-BS-00-02-A1*A5-K1*K122-D1*D44-S1-I3,38.372280,27.171530,9.411129,,1.000000,9.000000,"Arsenik, Nitrit, Amonyum, Alüminyum, Demir, Klorür, İletkenlik, Oksitlenebilirlik, pH",0.000000,Good,Decision Tree,0.000000,1.000000,0.000000
2026-07-22,ÇAMLIK MAH,4.610000,0.030000,0.290000,1.000000,0.000000,103.890000,,46.000000,1.000000,0.000000,0.065000,0.400000,1.000000,13.000000,0.000000,7.300000,405.000000,90.609129,False,1.000000,1.000000,1.000000,0.971000,0.870000,0.976950,0.480550,0.940000,0.880000,0.816000,0.838000,0.920000,1.000000,,1.000000,1.000000,,,Good,70.000000,4969 Sok. No:2/A Çamlık,KARABAĞLAR,59.000000,35-BS-00-30-A1*A5-K1*K122-D1*D44-S1-I2,38.366230,27.120330,9.390871,,1.000000,9.000000,"Arsenik, Nitrit, Amonyum, Alüminyum, Demir, Klorür, İletkenlik, Oksitlenebilirlik, pH",0.000000,Good,Decision Tree,0.000000,1.000000,0.000000
2026-07-22,9 EYLÜL MAH,2.970000,0.030000,0.850000,1.000000,0.000000,17.550000,,36.000000,1.000000,0.000000,0.065000,0.400000,1.000000,16.000000,0.000000,7.600000,446.000000,90.249856,False,1.000000,1.000000,1.000000,0.915000,0.870000,0.985150,0.912250,0.940000,0.760000,0.856000,0.821600,0.920000,1.000000,,1.000000,1.000000,,,Good,72.000000,Kahramanlar Cd. No:2 H. Bayram Camii,GAZİEMİR,5.000000,35-BS-00-25-A1*A5-K1*K122-D1*D44-S1-I2,38.327138,27.137154,9.750144,,1.000000,9.000000,"Arsenik, Nitrit, Amonyum, Alüminyum, Demir, Klorür, İletkenlik, Oksitlenebilirlik, pH",0.000000,Good,Decision Tree,0.000000,1.000000,0.000000
2026-07-22,BEYAZEVLER,6.960000,0.030000,0.840000,1.000000,0.000000,22.400000,,36.000000,1.000000,0.000000,0.065000,0.400000,1.000000,16.000000,0.000000,7.600000,449.000000,90.247107,False,1.000000,1.000000,1.000000,0.916000,0.870000,0.965200,0.888000,0.940000,0.760000,0.856000,0.820400,0.920000,1.000000,,1.000000,1.000000,,,Good,73.000000,514 Sok.. No:3/A Beyazevler,GAZİEMİR,5.000000,35-BS-00-25-A1*A5-K1*K122-D1*D44-S1-I3,38.341790,27.140280,9.752893,,1.000000,9.000000,"Arsenik, Nitrit, Amonyum, Alüminyum, Demir, Klorür, İletkenlik, Oksitlenebilirlik, pH",0.000000,Good,Decision Tree,0.000000,1.000000,0.000000
2026-07-22,CENNETÇEŞME,3.930000,0.030000,0.840000,1.000000,0.000000,18.870000,,36.000000,1.000000,0.000000,0.065000,0.400000,1.000000,16.000000,0.000000,7.600000,446.000000,90.250829,False,1.000000,1.000000,1.000000,0.916000,0.870000,0.980350,0.905650,0.940000,0.760000,0.856000,0.821600,0.920000,1.000000,,1.000000,1.000000,,,Good,75.000000,3948/6 Sok. No:2 C.Çeşme,KARABAĞLAR,59.000000,35-BS-00-30-A1*A5-K1*K122-D1*D44-S1-I9,38.361680,27.093850,9.749171,,1.000000,9.000000,"Arsenik, Nitrit, Amonyum, Alüminyum, Demir, Klorür, İletkenlik, Oksitlenebilirlik, pH",0.000000,Good,Decision Tree,0.000000,1.000000,0.000000
2026-07-22,İNCİRALTI,28.600000,0.030000,1.610000,1.000000,0.000000,23.440000,,28.000000,1.000000,0.000000,0.065000,0.400000,1.000000,21.000000,0.000000,7.900000,517.000000,89.776903,False,1.000000,1.000000,1.000000,0.839000,0.870000,0.857000,0.882800,0.940000,0.640000,0.888000,0.793200,0.920000,1.000000,,1.000000,1.000000,,,Good,78.000000,Başak Cd. No:16 Bahçe Cafe İnciralti,BALÇOVA,1.000000,35-BS-00-26-A1*A5-K1*K122-D1*D44-S1-I1,38.409090,27.035910,10.223097,,1.000000,9.000000,"Arsenik, Nitrit, Amonyum, Alüminyum, Demir, Klorür, İletkenlik, Oksitlenebilirlik, pH",0.000000,Good,Decision Tree,0.000000,1.000000,0.000000
2026-07-22,KADİFEKALE,4.880000,0.030000,0.250000,1.000000,0.000000,93.050000,,38.000000,1.000000,0.000000,0.065000,0.400000,1.000000,13.000000,0.000000,7.300000,397.000000,90.627083,False,1.000000,1.000000,1.000000,0.975000,0.870000,0.975600,0.534750,0.940000,0.880000,0.848000,0.841200,0.920000,1.000000,,1.000000,1.000000,,,Good,80.000000,R.Erkutlu Şehitlik Önü No:290/A Kadifekale,KONAK,8.000000,35-BS-00-04-A1*A5-K1*K122-D1*D44-S1-I6,38.412820,27.140320,9.372917,,1.000000,9.000000,"Arsenik, Nitrit, Amonyum, Alüminyum, Demir, Klorür, İletkenlik, Oksitlenebilirlik, pH",0.000000,Good,Decision Tree,0.000000,1.000000,0.000000
2026-07-29,YENİŞEHİR,4.920000,0.030000,3.960000,1.000000,0.000000,55.080000,,30.000000,1.000000,0.000000,0.065000,0.600000,1.000000,26.000000,0.000000,7.300000,614.000000,89.630209,False,1.000000,1.000000,1.000000,0.604000,0.870000,0.975400,0.724600,0.940000,0.880000,0.880000,0.754400,0.880000,1.000000,,1.000000,1.000000,,,Good,2.000000,Gaziler Cad. No:185 İtfaiye Önü,KONAK,8.000000,35-BS-00-04-A1*A5-K1*K122-D1*D44-S1-I10,38.422640,27.153840,10.369791,,1.000000,9.000000,"Arsenik, Nitrit, Amonyum, Alüminyum, Demir, Klorür, İletkenlik, Oksitlenebilirlik, pH",0.000000,Good,Decision Tree,0.000000,1.000000,0.000000
2026-07-29,KONAK,3.190000,0.030000,4.040000,1.000000,0.000000,52.910000,,30.000000,1.000000,0.000000,0.065000,0.600000,1.000000,26.000000,0.000000,7.300000,611.000000,89.614325,False,1.000000,1.000000,1.000000,0.596000,0.870000,0.984050,0.735450,0.940000,0.880000,0.880000,0.755600,0.880000,1.000000,,1.000000,1.000000,,,Good,3.000000,854 Sok No:51/A,KONAK,8.000000,35-BS-00-04-A1*A5-K1*K122-D1*D44-S1-I5,38.420610,27.130760,10.385675,,1.000000,9.000000,"Arsenik, Nitrit, Amonyum, Alüminyum, Demir, Klorür, İletkenlik, Oksitlenebilirlik, pH",0.000000,Good,Decision Tree,0.000000,1.000000,0.000000
2026-07-29,GÜZELBAHÇE,23.470000,0.030000,1.620000,1.000000,0.000000,25.060000,,28.000000,1.000000,0.000000,0.065000,0.600000,1.000000,21.000000,0.000000,7.700000,514.000000,89.786163,False,1.000000,1.000000,1.000000,0.838000,0.870000,0.882650,0.874700,0.940000,0.720000,0.888000,0.794400,0.880000,1.000000,,1.000000,1.000000,,,Good,4.000000,Kazım Dirik Cad. No.46,GÜZELBAHÇE,6.000000,35-BS-00-28-A1*A5-K1*K122-D1*D44-S1-I1,38.363366,26.866501,10.213837,,1.000000,9.000000,"Arsenik, Nitrit, Amonyum, Alüminyum, Demir, Klorür, İletkenlik, Oksitlenebilirlik, pH",0.000000,Good,Decision Tree,0.000000,1.000000,0.000000
2026-07-29,NARLIDERE,24.180000,0.030000,1.530000,1.000000,0.000000,23.360000,,28.000000,1.000000,0.000000,0.065000,0.600000,1.000000,21.000000,0.000000,7.700000,517.000000,89.807076,False,1.000000,1.000000,1.000000,0.847000,0.870000,0.879100,0.883200,0.940000,0.720000,0.888000,0.793200,0.880000,1.000000,,1.000000,1.000000,,,Good,5.000000,İzsu Narlıdere Teknik Amirlik,NARLIDERE,9.000000,35-BS-00-27-A1*A5-K1*K122-D1*D44-S1-I2,38.394150,27.009890,10.192924,,1.000000,9.000000,"Arsenik, Nitrit, Amonyum, Alüminyum, Demir, Klorür, İletkenlik, Oksitlenebilirlik, pH",0.000000,Good,Decision Tree,0.000000,1.000000,0.000000
2026-07-29,ÜÇKUYULAR,23.170000,0.030000,1.480000,1.000000,0.000000,23.020000,,28.000000,1.000000,0.000000,0.065000,0.600000,1.000000,21.000000,0.000000,7.700000,515.000000,89.819160,False,1.000000,1.000000,1.000000,0.852000,0.870000,0.884150,0.884900,0.940000,0.720000,0.888000,0.794000,0.880000,1.000000,,1.000000,1.000000,,,Good,7.000000,65/17 Sok. No:45 Yumurtacı Ahmet Camii,KARABAĞLAR,59.000000,35-BS-00-30-A1*A5-K1*K122-D1*D44-S1-I6,38.393940,27.069370,10.180840,,1.000000,9.000000,"Arsenik, Nitrit, Amonyum, Alüminyum, Demir, Klorür, İletkenlik, Oksitlenebilirlik, pH",0.000000,Good,Decision Tree,0.000000,1.000000,0.000000
2026-07-29,GÜZELYALI,24.360000,0.030000,1.550000,1.000000,0.000000,27.610000,,28.000000,1.000000,0.000000,0.065000,0.600000,1.000000,21.000000,0.000000,7.700000,519.000000,89.800038,False,1.000000,1.000000,1.000000,0.845000,0.870000,0.878200,0.861950,0.940000,0.720000,0.888000,0.792400,0.880000,1.000000,,1.000000,1.000000,,,Good,8.000000,34.Sok. No:5 TSM Güzelyalı,KONAK,8.000000,35-BS-00-04-A1*A5-K1*K122-D1*D44-S1-I11,38.398080,27.079620,10.199962,,1.000000,9.000000,"Arsenik, Nitrit, Amonyum, Alüminyum, Demir, Klorür, İletkenlik, Oksitlenebilirlik, pH",0.000000,Good,Decision Tree,0.000000,1.000000,0.000000
2026-07-29,ESKİ İZMİR,5.140000,0.030000,0.660000,1.000000,0.000000,16.890000,,36.000000,1.000000,0.000000,0.065000,0.400000,1.000000,18.000000,0.000000,7.700000,445.000000,90.196727,False,1.000000,1.000000,1.000000,0.934000,0.870000,0.974300,0.915550,0.940000,0.720000,0.856000,0.822000,0.920000,1.000000,,1.000000,1.000000,,,Good,14.000000,Eski Izmir Cad. No:562/A Kahve,KARABAĞLAR,59.000000,35-BS-00-30-A1*A5-K1*K122-D1*D44-S1-I3,38.376220,27.107190,9.803273,,1.000000,9.000000,"Arsenik, Nitrit, Amonyum, Alüminyum, Demir, Klorür, İletkenlik, Oksitlenebilirlik, pH",0.000000,Good,Decision Tree,0.000000,1.000000,0.000000
2026-07-29,GAZİEMİR,6.620000,0.030000,0.680000,1.000000,0.000000,16.080000,,36.000000,1.000000,0.000000,0.065000,0.400000,1.000000,18.000000,0.000000,7.700000,449.000000,90.191809,False,1.000000,1.000000,1.000000,0.932000,0.870000,0.966900,0.919600,0.940000,0.720000,0.856000,0.820400,0.920000,1.000000,,1.000000,1.000000,,,Good,15.000000,Abdullah Arda Meydanı No:29 Arkadaşlar Kahvesi,GAZİEMİR,5.000000,35-BS-00-25-A1*A5-K1*K122-D1*D44-S1-I4-Y1,38.321780,27.126430,9.808191,,1.000000,9.000000,"Arsenik, Nitrit, Amonyum, Alüminyum, Demir, Klorür, İletkenlik, Oksitlenebilirlik, pH",0.000000,Good,Decision Tree,0.000000,1.000000,0.000000
2026-07-29,GEDİZ,5.480000,0.030000,0.310000,1.000000,0.000000,139.310000,,46.000000,1.000000,0.000000,0.065000,0.400000,1.000000,14.000000,0.000000,7.600000,404.000000,90.298275,False,1.000000,1.000000,1.000000,0.969000,0.870000,0.972600,0.303450,0.940000,0.760000,0.816000,0.838400,0.920000,1.000000,,1.000000,1.000000,,,Good,16.000000,682/4 Sok. No:2 Gediz,BUCA,3.000000,35-BS-00-02-A1*A5-K1*K122-D1*D44-S1-I10,38.361880,27.144380,9.701725,,1.000000,9.000000,"Arsenik, Nitrit, Amonyum, Alüminyum, Demir, Klorür, İletkenlik, Oksitlenebilirlik, pH",0.000000,Good,Decision Tree,0.000000,1.000000,0.000000
2026-07-29,ŞİRİNYER,4.250000,0.030000,0.290000,1.000000,0.000000,122.520000,,46.000000,1.000000,0.000000,0.065000,0.400000,1.000000,14.000000,0.000000,7.600000,402.000000,90.313001,False,1.000000,1.000000,1.000000,0.971000,0.870000,0.978750,0.387400,0.940000,0.760000,0.816000,0.839200,0.920000,1.000000,,1.000000,1.000000,,,Good,17.000000,Koşuyolu Cad. Efeler Mah. No:41 Avni Naili Limboz Camii,BUCA,3.000000,35-BS-00-02-A1*A5-K1*K122-D1*D44-S1-I6,38.391680,27.150310,9.686999,,1.000000,9.000000,"Arsenik, Nitrit, Amonyum, Alüminyum, Demir, Klorür, İletkenlik, Oksitlenebilirlik, pH",0.000000,Good,Decision Tree,0.000000,1.000000,0.000000
2026-07-29,GÜLÇEŞME,4.360000,0.030000,0.260000,1.000000,0.000000,122.320000,,46.000000,1.000000,0.000000,0.065000,0.400000,1.000000,14.000000,0.000000,7.600000,398.000000,90.319854,False,1.000000,1.000000,1.000000,0.974000,0.870000,0.978200,0.388400,0.940000,0.760000,0.816000,0.840800,0.920000,1.000000,,1.000000,1.000000,,,Good,19.000000,3586 Sok. No:1 Gürçeşme,KONAK,8.000000,35-BS-00-04-A1*A5-K1*K122-D1*D44-S1-I15,38.404510,27.151350,9.680146,,1.000000,9.000000,"Arsenik, Nitrit, Amonyum, Alüminyum, Demir, Klorür, İletkenlik, Oksitlenebilirlik, pH",0.000000,Good,Decision Tree,0.000000,1.000000,0.000000
2026-07-29,GÜLTEPE,4.960000,0.030000,1.470000,1.000000,0.000000,136.490000,,46.000000,1.000000,0.000000,0.065000,0.400000,1.000000,14.000000,0.000000,7.600000,400.000000,90.037716,False,1.000000,1.000000,1.000000,0.853000,0.870000,0.975200,0.317550,0.940000,0.760000,0.816000,0.840000,0.920000,1.000000,,1.000000,1.000000,,,Good,20.000000,Selimiye Cad. No:30/B Gültepe,KONAK,8.000000,35-BS-00-04-A1*A5-K1*K122-D1*D44-S1-I16,38.416220,27.172680,9.962284,,1.000000,9.000000,"Arsenik, Nitrit, Amonyum, Alüminyum, Demir, Klorür, İletkenlik, Oksitlenebilirlik, pH",0.000000,Good,Decision Tree,0.000000,1.000000,0.000000
2026-07-29,ALTINDAĞ,4.430000,0.030000,0.430000,1.000000,0.000000,112.430000,,48.000000,1.000000,0.000000,0.065000,0.400000,1.000000,14.000000,0.000000,7.600000,387.000000,90.286260,False,1.000000,1.000000,1.000000,0.957000,0.870000,0.977850,0.437850,0.940000,0.760000,0.808000,0.845200,0.920000,1.000000,,1.000000,1.000000,,,Good,21.000000,Kemalpaşa Cad. No: 46,BORNOVA,2.000000,35-BS-00-01-A1*A5-K1*K122-D1*D44-S1-I9,38.425580,27.202560,9.713740,,1.000000,9.000000,"Arsenik, Nitrit, Amonyum, Alüminyum, Demir, Klorür, İletkenlik, Oksitlenebilirlik, pH",0.000000,Good,Decision Tree,0.000000,1.000000,0.000000
2026-07-29,ÇAMDİBİ,5.270000,0.030000,1.190000,1.000000,0.000000,111.540000,,48.000000,1.000000,0.000000,0.065000,0.400000,1.000000,14.000000,0.000000,7.600000,383.000000,90.114344,False,1.000000,1.000000,1.000000,0.881000,0.870000,0.973650,0.442300,0.940000,0.760000,0.808000,0.846800,0.920000,1.000000,,1.000000,1.000000,,,Good,22.000000,5227 Sok. No:35/C Çamdibi,BORNOVA,2.000000,35-BS-00-01-A1*A5-K1*K122-D1*D44-S1-I12,38.435530,27.191010,9.885656,,1.000000,9.000000,"Arsenik, Nitrit, Amonyum, Alüminyum, Demir, Klorür, İletkenlik, Oksitlenebilirlik, pH",0.000000,Good,Decision Tree,0.000000,1.000000,0.000000
2026-07-29,IŞIKKENT,4.170000,0.030000,0.410000,1.000000,0.000000,107.730000,,48.000000,1.000000,0.000000,0.065000,0.400000,1.000000,14.000000,0.000000,7.600000,381.000000,90.293613,False,1.000000,1.000000,1.000000,0.959000,0.870000,0.979150,0.461350,0.940000,0.760000,0.808000,0.847600,0.920000,1.000000,,1.000000,1.000000,,,Good,23.000000,Cumhuriyet Meydanı No:16  Işıkkent,BORNOVA,2.000000,35-BS-00-01-A1*A5-K1*K122-D1*D44-S1-I8,38.424540,27.230760,9.706387,,1.000000,9.000000,"Arsenik, Nitrit, Amonyum, Alüminyum, Demir, Klorür, İletkenlik, Oksitlenebilirlik, pH",0.000000,Good,Decision Tree,0.000000,1.000000,0.000000
2026-07-29,EVKA-3,6.370000,0.030000,0.490000,1.000000,0.000000,109.400000,,48.000000,1.000000,0.000000,0.065000,0.400000,1.000000,14.000000,0.000000,7.600000,384.000000,90.273312,False,1.000000,1.000000,1.000000,0.951000,0.870000,0.968150,0.453000,0.940000,0.760000,0.808000,0.846400,0.920000,1.000000,,1.000000,1.000000,,,Good,25.000000,Şehitler Cad. No:22 H.Mustafa Gökdemir Camii Evka-3,BORNOVA,2.000000,35-BS-00-01-A1*A5-K1*K122-D1*D44-S1-I2,38.473220,27.250940,9.726688,,1.000000,9.000000,"Arsenik, Nitrit, Amonyum, Alüminyum, Demir, Klorür, İletkenlik, Oksitlenebilirlik, pH",0.000000,Good,Decision Tree,0.000000,1.000000,0.000000
2026-07-29,BORNOVA,5.300000,0.030000,0.430000,1.000000,0.000000,111.320000,,48.000000,1.000000,0.000000,0.065000,0.400000,1.000000,14.000000,0.000000,7.600000,385.000000,90.286403,False,1.000000,1.000000,1.000000,0.957000,0.870000,0.973500,0.443400,0.940000,0.760000,0.808000,0.846000,0.920000,1.000000,,1.000000,1.000000,,,Good,26.000000,Ege Üni.Kampüsü İtfaiye Çeşmesi/İzsu Teknik Amirlik,BORNOVA,2.000000,35-BS-00-01-A1*A5-K1*K122-D1*D44-S1-I11,38.460950,27.228200,9.713597,,1.000000,9.000000,"Arsenik, Nitrit, Amonyum, Alüminyum, Demir, Klorür, İletkenlik, Oksitlenebilirlik, pH",0.000000,Good,Decision Tree,0.000000,1.000000,0.000000
2026-07-29,ATATÜRK MAH,4.500000,0.030000,4.180000,1.000000,0.000000,46.960000,,34.000000,1.000000,0.000000,0.065000,0.600000,1.000000,26.000000,0.000000,7.400000,605.000000,89.488579,False,1.000000,1.000000,1.000000,0.582000,0.870000,0.977500,0.765200,0.940000,0.840000,0.864000,0.758000,0.880000,1.000000,,1.000000,1.000000,,,Good,27.000000,Hürriyet Cad. Polis Mer. No:86 Atatürk,BORNOVA,2.000000,35-BS-00-01-A1*A5-K1*K122-D1*D44-S1-I13,38.475820,27.208680,10.511421,,1.000000,9.000000,"Arsenik, Nitrit, Amonyum, Alüminyum, Demir, Klorür, İletkenlik, Oksitlenebilirlik, pH",0.000000,Good,Decision Tree,0.000000,1.000000,0.000000
2026-07-29,OSMANGAZİ,4.370000,0.030000,4.140000,1.000000,0.000000,42.970000,,34.000000,1.000000,0.000000,0.065000,0.600000,1.000000,26.000000,0.000000,7.400000,608.000000,89.499949,False,1.000000,1.000000,1.000000,0.586000,0.870000,0.978150,0.785150,0.940000,0.840000,0.864000,0.756800,0.880000,1.000000,,1.000000,1.000000,,,Good,28.000000,Yavuz Cad. 241/C  Osmangazi,BAYRAKLI,60.000000,35-BS-00-29-A1*A5-K1*K122-D1*D44-S1-I6,38.475430,27.187450,10.500051,,1.000000,9.000000,"Arsenik, Nitrit, Amonyum, Alüminyum, Demir, Klorür, İletkenlik, Oksitlenebilirlik, pH",0.000000,Good,Decision Tree,0.000000,1.000000,0.000000
2026-07-29,ÖZKANLAR,4.770000,0.030000,4.160000,1.000000,0.000000,43.040000,,30.000000,1.000000,0.000000,0.065000,0.600000,1.000000,26.000000,0.000000,7.300000,614.000000,89.591852,False,1.000000,1.000000,1.000000,0.584000,0.870000,0.976150,0.784800,0.940000,0.880000,0.880000,0.754400,0.880000,1.000000,,1.000000,1.000000,,,Good,29.000000,273/4 No:6 Aile Sağlığı Merkezi Özkanlar,BAYRAKLI,60.000000,35-BS-00-29-A1*A5-K1*K122-D1*D44-S1-I10,38.458040,27.191060,10.408148,,1.000000,9.000000,"Arsenik, Nitrit, Amonyum, Alüminyum, Demir, Klorür, İletkenlik, Oksitlenebilirlik, pH",0.000000,Good,Decision Tree,0.000000,1.000000,0.000000
2026-07-29,MANAVKUYU,5.330000,0.030000,4.200000,1.000000,0.000000,45.240000,,31.000000,1.000000,0.000000,0.065000,0.600000,1.000000,26.000000,0.000000,7.400000,608.000000,89.485632,False,1.000000,1.000000,1.000000,0.580000,0.870000,0.973350,0.773800,0.940000,0.840000,0.876000,0.756800,0.880000,1.000000,,1.000000,1.000000,,,Good,30.000000,Sakarya Cad.No:112 Manavkuyu,BAYRAKLI,60.000000,35-BS-00-29-A1*A5-K1*K122-D1*D44-S1-I8,38.457390,27.186910,10.514368,,1.000000,9.000000,"Arsenik, Nitrit, Amonyum, Alüminyum, Demir, Klorür, İletkenlik, Oksitlenebilirlik, pH",0.000000,Good,Decision Tree,0.000000,1.000000,0.000000
2026-07-29,EGEKENT,6.110000,0.030000,4.920000,1.000000,0.000000,47.510000,,45.000000,1.000000,0.000000,0.065000,0.600000,1.000000,28.000000,0.100000,7.400000,750.000000,89.315416,False,1.000000,1.000000,1.000000,0.508000,0.870000,0.969450,0.762450,0.940000,0.840000,0.820000,0.700000,0.880000,1.000000,,1.000000,1.000000,,,Good,32.000000,8819 Sok. No:13 Egekent,ÇİĞLİ,4.000000,35-BS-00-24-A1*A5-K1*K122-D1*D44-S1-I7,38.504140,27.058100,10.684584,,1.000000,9.000000,"Arsenik, Nitrit, Amonyum, Alüminyum, Demir, Klorür, İletkenlik, Oksitlenebilirlik, pH",0.000000,Good,Decision Tree,0.000000,1.000000,0.000000
2026-07-29,BALATÇIK,6.530000,0.030000,5.010000,1.000000,0.000000,43.130000,,45.000000,1.000000,0.000000,0.065000,0.600000,1.000000,29.000000,0.100000,7.400000,757.000000,89.297267,False,1.000000,1.000000,1.000000,0.499000,0.870000,0.967350,0.784350,0.940000,0.840000,0.820000,0.697200,0.880000,1.000000,,1.000000,1.000000,,,Good,33.000000,8790/5 Sok. 9 Eylül Camii Balatçık,ÇİĞLİ,4.000000,35-BS-00-24-A1*A5-K1*K122-D1*D44-S1-I2-Y1,38.511900,27.045600,10.702733,,1.000000,9.000000,"Arsenik, Nitrit, Amonyum, Alüminyum, Demir, Klorür, İletkenlik, Oksitlenebilirlik, pH",0.000000,Good,Decision Tree,0.000000,1.000000,0.000000
2026-07-29,ÇİĞLİ,7.030000,0.030000,4.150000,1.000000,0.000000,48.260000,,34.000000,1.000000,0.000000,0.065000,0.600000,1.000000,25.000000,0.000000,7.400000,618.000000,89.493153,False,1.000000,1.000000,1.000000,0.585000,0.870000,0.964850,0.758700,0.940000,0.840000,0.864000,0.752800,0.880000,1.000000,,1.000000,1.000000,,,Good,34.000000,8022/1 Sok. No:8/1-B Ataşehir,ÇİĞLİ,4.000000,35-BS-00-24-A1*A5-K1*K122-D1*D44-S1-I3-IY1,38.492860,27.060890,10.506847,,1.000000,9.000000,"Arsenik, Nitrit, Amonyum, Alüminyum, Demir, Klorür, İletkenlik, Oksitlenebilirlik, pH",0.000000,Good,Decision Tree,0.000000,1.000000,0.000000
2026-07-29,BOSTANLI,5.520000,0.030000,4.090000,1.000000,0.000000,43.720000,,34.000000,1.000000,0.000000,0.065000,0.600000,1.000000,25.000000,0.000000,7.400000,618.000000,89.510151,False,1.000000,1.000000,1.000000,0.591000,0.870000,0.972400,0.781400,0.940000,0.840000,0.864000,0.752800,0.880000,1.000000,,1.000000,1.000000,,,Good,35.000000,1799 Sok No:14 Bostanlı,KARŞIYAKA,7.000000,35-BS-00-03-A1*A5-K1*K122-D1*D44-S1-I7,38.457730,27.098860,10.489849,,1.000000,9.000000,"Arsenik, Nitrit, Amonyum, Alüminyum, Demir, Klorür, İletkenlik, Oksitlenebilirlik, pH",0.000000,Good,Decision Tree,0.000000,1.000000,0.000000
2026-07-29,EVKA-2,5.980000,0.030000,4.270000,1.000000,0.000000,44.450000,,34.000000,1.000000,0.000000,0.065000,0.600000,1.000000,26.000000,0.100000,7.400000,621.000000,89.468740,False,1.000000,1.000000,1.000000,0.573000,0.870000,0.970100,0.777750,0.940000,0.840000,0.864000,0.751600,0.880000,1.000000,,1.000000,1.000000,,,Good,38.000000,6800 Sok. No:9 Sağlık Ocağı Evka 2,ÇİĞLİ,4.000000,35-BS-00-24-A1*A5-K1*K122-D1*D44-S1-I5,38.499050,27.087510,10.531260,,1.000000,9.000000,"Arsenik, Nitrit, Amonyum, Alüminyum, Demir, Klorür, İletkenlik, Oksitlenebilirlik, pH",0.000000,Good,Decision Tree,0.000000,1.000000,0.000000
2026-07-29,ÖRNEKKÖY,8.520000,0.030000,4.670000,1.000000,0.000000,74.140000,,35.000000,1.000000,0.000000,0.065000,0.600000,1.000000,26.000000,0.100000,7.300000,641.000000,89.454838,False,1.000000,1.000000,1.000000,0.533000,0.870000,0.957400,0.629300,0.940000,0.880000,0.860000,0.743600,0.880000,1.000000,,1.000000,1.000000,,,Good,39.000000,Başpehlivan Kara Ali Cad. No:25/A,KARŞIYAKA,7.000000,35-BS-00-03-A1*A5-K1*K122-D1*D44-S1-I6,38.482130,27.111060,10.545162,,1.000000,9.000000,"Arsenik, Nitrit, Amonyum, Alüminyum, Demir, Klorür, İletkenlik, Oksitlenebilirlik, pH",0.000000,Good,Decision Tree,0.000000,1.000000,0.000000
2026-07-29,GÜMÜŞPALA,10.430000,0.030000,5.560000,1.000000,0.000000,134.260000,,35.000000,1.000000,0.000000,0.065000,0.600000,1.000000,26.000000,0.100000,7.300000,641.000000,89.218378,False,1.000000,1.000000,1.000000,0.444000,0.870000,0.947850,0.328700,0.940000,0.880000,0.860000,0.743600,0.880000,1.000000,,1.000000,1.000000,,,Good,40.000000,7019 Sok. No:20/3 Merkez Cami Gümüşpala,BAYRAKLI,60.000000,35-BS-00-29-A1*A5-K1*K122-D1*D44-S1-I7,38.479310,27.109960,10.781622,,1.000000,9.000000,"Arsenik, Nitrit, Amonyum, Alüminyum, Demir, Klorür, İletkenlik, Oksitlenebilirlik, pH",0.000000,Good,Decision Tree,0.000000,1.000000,0.000000
