Tarih,NoktaId,NoktaAdi,RiskClass,IsSynthetic,SyntheticScenario,SyntheticSourceSplit,Experiment,EvaluationSet,Model,PredictedRiskClass,Probability_Caution,Probability_Good,Probability_Risk
2026-06-10,2.000000,YENİŞEHİR,Good,False,REAL,REAL,E2_AUGMENTED_TRAIN_REAL_TEST,RealTest,KNN,Good,0.000000,1.000000,0.000000
2026-06-10,3.000000,KONAK,Good,False,REAL,REAL,E2_AUGMENTED_TRAIN_REAL_TEST,RealTest,KNN,Good,0.000000,1.000000,0.000000
2026-06-10,4.000000,GÜZELBAHÇE,Good,False,REAL,REAL,E2_AUGMENTED_TRAIN_REAL_TEST,RealTest,KNN,Good,0.200000,0.800000,0.000000
2026-06-10,5.000000,NARLIDERE,Good,False,REAL,REAL,E2_AUGMENTED_TRAIN_REAL_TEST,RealTest,KNN,Good,0.200000,0.800000,0.000000
2026-06-10,6.000000,BALÇOVA,Good,False,REAL,REAL,E2_AUGMENTED_TRAIN_REAL_TEST,RealTest,KNN,Good,0.200000,0.800000,0.000000
2026-06-10,7.000000,ÜÇKUYULAR,Good,False,REAL,REAL,E2_AUGMENTED_TRAIN_REAL_TEST,RealTest,KNN,Good,0.200000,0.800000,0.000000
2026-06-10,8.000000,GÜZELYALI,Good,False,REAL,REAL,E2_AUGMENTED_TRAIN_REAL_TEST,RealTest,KNN,Good,0.200000,0.800000,0.000000
2026-06-10,9.000000,HATAY,Good,False,REAL,REAL,E2_AUGMENTED_TRAIN_REAL_TEST,RealTest,KNN,Good,0.200000,0.800000,0.000000
2026-06-10,11.000000,YEŞİLYURT,Good,False,REAL,REAL,E2_AUGMENTED_TRAIN_REAL_TEST,RealTest,KNN,Good,0.400000,0.600000,0.000000
2026-06-10,13.000000,KARABAĞLAR,Good,False,REAL,REAL,E2_AUGMENTED_TRAIN_REAL_TEST,RealTest,KNN,Good,0.200000,0.800000,0.000000
2026-06-10,14.000000,ESKİ İZMİR,Good,False,REAL,REAL,E2_AUGMENTED_TRAIN_REAL_TEST,RealTest,KNN,Good,0.400000,0.600000,0.000000
2026-06-10,15.000000,GAZİEMİR,Good,False,REAL,REAL,E2_AUGMENTED_TRAIN_REAL_TEST,RealTest,KNN,Good,0.400000,0.600000,0.000000
2026-06-10,16.000000,GEDİZ,Good,False,REAL,REAL,E2_AUGMENTED_TRAIN_REAL_TEST,RealTest,KNN,Good,0.200000,0.800000,0.000000
2026-06-10,17.000000,ŞİRİNYER,Good,False,REAL,REAL,E2_AUGMENTED_TRAIN_REAL_TEST,RealTest,KNN,Good,0.200000,0.800000,0.000000
2026-06-10,18.000000,BUCA,Good,False,REAL,REAL,E2_AUGMENTED_TRAIN_REAL_TEST,RealTest,KNN,Good,0.200000,0.800000,0.000000
2026-06-10,19.000000,GÜLÇEŞME,Good,False,REAL,REAL,E2_AUGMENTED_TRAIN_REAL_TEST,RealTest,KNN,Good,0.200000,0.800000,0.000000
2026-06-10,20.000000,GÜLTEPE,Good,False,REAL,REAL,E2_AUGMENTED_TRAIN_REAL_TEST,RealTest,KNN,Good,0.000000,1.000000,0.000000
2026-06-10,21.000000,ALTINDAĞ,Good,False,REAL,REAL,E2_AUGMENTED_TRAIN_REAL_TEST,RealTest,KNN,Good,0.000000,1.000000,0.000000
2026-06-10,22.000000,ÇAMDİBİ,Good,False,REAL,REAL,E2_AUGMENTED_TRAIN_REAL_TEST,RealTest,KNN,Good,0.000000,1.000000,0.000000
2026-06-10,23.000000,IŞIKKENT,Good,False,REAL,REAL,E2_AUGMENTED_TRAIN_REAL_TEST,RealTest,KNN,Good,0.000000,1.000000,0.000000
2026-06-10,24.000000,PINARBAŞI,Good,False,REAL,REAL,E2_AUGMENTED_TRAIN_REAL_TEST,RealTest,KNN,Good,0.000000,1.000000,0.000000
2026-06-10,25.000000,EVKA-3,Good,False,REAL,REAL,E2_AUGMENTED_TRAIN_REAL_TEST,RealTest,KNN,Good,0.000000,1.000000,0.000000
2026-06-10,26.000000,BORNOVA,Good,False,REAL,REAL,E2_AUGMENTED_TRAIN_REAL_TEST,RealTest,KNN,Good,0.000000,1.000000,0.000000
2026-06-10,27.000000,ATATÜRK MAH,Good,False,REAL,REAL,E2_AUGMENTED_TRAIN_REAL_TEST,RealTest,KNN,Good,0.000000,1.000000,0.000000
2026-06-10,28.000000,OSMANGAZİ,Good,False,REAL,REAL,E2_AUGMENTED_TRAIN_REAL_TEST,RealTest,KNN,Good,0.000000,1.000000,0.000000
2026-06-10,29.000000,ÖZKANLAR,Good,False,REAL,REAL,E2_AUGMENTED_TRAIN_REAL_TEST,RealTest,KNN,Good,0.000000,1.000000,0.000000
2026-06-10,30.000000,MANAVKUYU,Good,False,REAL,REAL,E2_AUGMENTED_TRAIN_REAL_TEST,RealTest,KNN,Good,0.000000,1.000000,0.000000
2026-06-10,32.000000,EGEKENT,Good,False,REAL,REAL,E2_AUGMENTED_TRAIN_REAL_TEST,RealTest,KNN,Good,0.000000,1.000000,0.000000
2026-06-10,33.000000,BALATÇIK,Good,False,REAL,REAL,E2_AUGMENTED_TRAIN_REAL_TEST,RealTest,KNN,Good,0.000000,1.000000,0.000000
2026-06-10,34.000000,ÇİĞLİ,Good,False,REAL,REAL,E2_AUGMENTED_TRAIN_REAL_TEST,RealTest,KNN,Good,0.000000,1.000000,0.000000
2026-06-10,35.000000,BOSTANLI,Good,False,REAL,REAL,E2_AUGMENTED_TRAIN_REAL_TEST,RealTest,KNN,Good,0.000000,1.000000,0.000000
2026-06-10,36.000000,ŞEMİKLER,Good,False,REAL,REAL,E2_AUGMENTED_TRAIN_REAL_TEST,RealTest,KNN,Good,0.000000,1.000000,0.000000
2026-06-10,37.000000,KARŞIYAKA,Good,False,REAL,REAL,E2_AUGMENTED_TRAIN_REAL_TEST,RealTest,KNN,Good,0.000000,1.000000,0.000000
2026-06-10,38.000000,EVKA-2,Good,False,REAL,REAL,E2_AUGMENTED_TRAIN_REAL_TEST,RealTest,KNN,Good,0.000000,1.000000,0.000000
2026-06-10,39.000000,ÖRNEKKÖY,Good,False,REAL,REAL,E2_AUGMENTED_TRAIN_REAL_TEST,RealTest,KNN,Good,0.000000,1.000000,0.000000
2026-06-10,40.000000,GÜMÜŞPALA,Good,False,REAL,REAL,E2_AUGMENTED_TRAIN_REAL_TEST,RealTest,KNN,Good,0.000000,1.000000,0.000000
2026-06-17,41.000000,DOĞANÇAY,Good,False,REAL,REAL,E2_AUGMENTED_TRAIN_REAL_TEST,RealTest,KNN,Good,0.000000,1.000000,0.000000
2026-06-17,42.000000,YAMANLAR,Good,False,REAL,REAL,E2_AUGMENTED_TRAIN_REAL_TEST,RealTest,KNN,Good,0.000000,1.000000,0.000000
2026-06-17,43.000000,POSTACI MAH,Good,False,REAL,REAL,E2_AUGMENTED_TRAIN_REAL_TEST,RealTest,KNN,Good,0.000000,1.000000,0.000000
2026-06-17,44.000000,YAMAÇ MAH,Good,False,REAL,REAL,E2_AUGMENTED_TRAIN_REAL_TEST,RealTest,KNN,Good,0.000000,1.000000,0.000000
2026-06-17,45.000000,CUMHURİYET MAH,Good,False,REAL,REAL,E2_AUGMENTED_TRAIN_REAL_TEST,RealTest,KNN,Good,0.000000,1.000000,0.000000
2026-06-17,46.000000,GÜZELTEPE,Good,False,REAL,REAL,E2_AUGMENTED_TRAIN_REAL_TEST,RealTest,KNN,Good,0.000000,1.000000,0.000000
2026-06-17,47.000000,EVKA-5,Good,False,REAL,REAL,E2_AUGMENTED_TRAIN_REAL_TEST,RealTest,KNN,Good,0.000000,1.000000,0.000000
2026-06-17,48.000000,EGEKENT-2,Good,False,REAL,REAL,E2_AUGMENTED_TRAIN_REAL_TEST,RealTest,KNN,Good,0.000000,1.000000,0.000000
2026-06-17,49.000000,ALAYBEY,Good,False,REAL,REAL,E2_AUGMENTED_TRAIN_REAL_TEST,RealTest,KNN,Good,0.000000,1.000000,0.000000
2026-06-17,50.000000,CENGİZHAN,Good,False,REAL,REAL,E2_AUGMENTED_TRAIN_REAL_TEST,RealTest,KNN,Good,0.000000,1.000000,0.000000
2026-06-17,51.000000,ÇAY MAH,Good,False,REAL,REAL,E2_AUGMENTED_TRAIN_REAL_TEST,RealTest,KNN,Good,0.000000,1.000000,0.000000
2026-06-17,52.000000,İZYUVA,Good,False,REAL,REAL,E2_AUGMENTED_TRAIN_REAL_TEST,RealTest,KNN,Good,0.200000,0.800000,0.000000
2026-06-17,53.000000,NALDÖKEN,Good,False,REAL,REAL,E2_AUGMENTED_TRAIN_REAL_TEST,RealTest,KNN,Good,0.000000,1.000000,0.000000
2026-06-17,54.000000,YEŞİLÇAM,Good,False,REAL,REAL,E2_AUGMENTED_TRAIN_REAL_TEST,RealTest,KNN,Good,0.200000,0.800000,0.000000
2026-06-17,55.000000,MEVLANA,Good,False,REAL,REAL,E2_AUGMENTED_TRAIN_REAL_TEST,RealTest,KNN,Good,0.200000,0.800000,0.000000
2026-06-17,56.000000,YEŞİLOVA,Good,False,REAL,REAL,E2_AUGMENTED_TRAIN_REAL_TEST,RealTest,KNN,Good,0.200000,0.800000,0.000000
2026-06-17,57.000000,MERSİNLİ,Good,False,REAL,REAL,E2_AUGMENTED_TRAIN_REAL_TEST,RealTest,KNN,Good,0.200000,0.800000,0.000000
2026-06-17,59.000000,ÇANKAYA,Good,False,REAL,REAL,E2_AUGMENTED_TRAIN_REAL_TEST,RealTest,KNN,Good,0.000000,1.000000,0.000000
2026-06-17,60.000000,TOROS,Good,False,REAL,REAL,E2_AUGMENTED_TRAIN_REAL_TEST,RealTest,KNN,Good,0.000000,1.000000,0.000000
2026-06-17,61.000000,LEVENT,Good,False,REAL,REAL,E2_AUGMENTED_TRAIN_REAL_TEST,RealTest,KNN,Good,0.000000,1.000000,0.000000
2026-06-17,62.000000,UFUK MAH,Good,False,REAL,REAL,E2_AUGMENTED_TRAIN_REAL_TEST,RealTest,KNN,Good,0.000000,1.000000,0.000000
2026-06-17,63.000000,EVKA-1,Good,False,REAL,REAL,E2_AUGMENTED_TRAIN_REAL_TEST,RealTest,KNN,Good,0.000000,1.000000,0.000000
2026-06-17,64.000000,ADATEPE,Good,False,REAL,REAL,E2_AUGMENTED_TRAIN_REAL_TEST,RealTest,KNN,Good,0.000000,1.000000,0.000000
2026-06-17,65.000000,KURUÇEŞME,Good,False,REAL,REAL,E2_AUGMENTED_TRAIN_REAL_TEST,RealTest,KNN,Good,0.000000,1.000000,0.000000
2026-06-17,66.000000,KOZAĞAÇ,Good,False,REAL,REAL,E2_AUGMENTED_TRAIN_REAL_TEST,RealTest,KNN,Good,0.000000,1.000000,0.000000
2026-06-17,67.000000,ÇAMLIKULE,Good,False,REAL,REAL,E2_AUGMENTED_TRAIN_REAL_TEST,RealTest,KNN,Good,0.000000,1.000000,0.000000
2026-06-17,68.000000,AKINCILAR,Good,False,REAL,REAL,E2_AUGMENTED_TRAIN_REAL_TEST,RealTest,KNN,Good,0.000000,1.000000,0.000000
2026-06-17,69.000000,UĞUR MUMCU MAH,Good,False,REAL,REAL,E2_AUGMENTED_TRAIN_REAL_TEST,RealTest,KNN,Good,0.000000,1.000000,0.000000
2026-06-17,70.000000,ÇAMLIK MAH,Good,False,REAL,REAL,E2_AUGMENTED_TRAIN_REAL_TEST,RealTest,KNN,Good,0.200000,0.800000,0.000000
2026-06-17,71.000000,AKTEPE,Good,False,REAL,REAL,E2_AUGMENTED_TRAIN_REAL_TEST,RealTest,KNN,Good,0.000000,1.000000,0.000000
2026-06-17,72.000000,9 EYLÜL MAH,Good,False,REAL,REAL,E2_AUGMENTED_TRAIN_REAL_TEST,RealTest,KNN,Good,0.000000,1.000000,0.000000
2026-06-17,73.000000,BEYAZEVLER,Good,False,REAL,REAL,E2_AUGMENTED_TRAIN_REAL_TEST,RealTest,KNN,Good,0.200000,0.800000,0.000000
2026-06-17,74.000000,UZUNDERE,Good,False,REAL,REAL,E2_AUGMENTED_TRAIN_REAL_TEST,RealTest,KNN,Good,0.200000,0.800000,0.000000
2026-06-17,75.000000,CENNETÇEŞME,Good,False,REAL,REAL,E2_AUGMENTED_TRAIN_REAL_TEST,RealTest,KNN,Good,0.000000,1.000000,0.000000
2026-06-17,76.000000,GÜZELBAHÇE,Good,False,REAL,REAL,E2_AUGMENTED_TRAIN_REAL_TEST,RealTest,KNN,Good,0.000000,1.000000,0.000000
2026-06-17,78.000000,İNCİRALTI,Good,False,REAL,REAL,E2_AUGMENTED_TRAIN_REAL_TEST,RealTest,KNN,Good,0.000000,1.000000,0.000000
2026-06-17,79.000000,ESENDERE,Good,False,REAL,REAL,E2_AUGMENTED_TRAIN_REAL_TEST,RealTest,KNN,Good,0.000000,1.000000,0.000000
2026-06-17,80.000000,KADİFEKALE,Good,False,REAL,REAL,E2_AUGMENTED_TRAIN_REAL_TEST,RealTest,KNN,Good,0.000000,1.000000,0.000000
2026-06-24,2.000000,YENİŞEHİR,Good,False,REAL,REAL,E2_AUGMENTED_TRAIN_REAL_TEST,RealTest,KNN,Good,0.000000,1.000000,0.000000
2026-06-24,3.000000,KONAK,Good,False,REAL,REAL,E2_AUGMENTED_TRAIN_REAL_TEST,RealTest,KNN,Good,0.000000,1.000000,0.000000
2026-06-24,4.000000,GÜZELBAHÇE,Good,False,REAL,REAL,E2_AUGMENTED_TRAIN_REAL_TEST,RealTest,KNN,Good,0.000000,1.000000,0.000000
2026-06-24,5.000000,NARLIDERE,Good,False,REAL,REAL,E2_AUGMENTED_TRAIN_REAL_TEST,RealTest,KNN,Good,0.000000,1.000000,0.000000
2026-06-24,6.000000,BALÇOVA,Good,False,REAL,REAL,E2_AUGMENTED_TRAIN_REAL_TEST,RealTest,KNN,Good,0.000000,1.000000,0.000000
2026-06-24,7.000000,ÜÇKUYULAR,Good,False,REAL,REAL,E2_AUGMENTED_TRAIN_REAL_TEST,RealTest,KNN,Good,0.000000,1.000000,0.000000
2026-06-24,8.000000,GÜZELYALI,Good,False,REAL,REAL,E2_AUGMENTED_TRAIN_REAL_TEST,RealTest,KNN,Good,0.000000,1.000000,0.000000
2026-06-24,9.000000,HATAY,Good,False,REAL,REAL,E2_AUGMENTED_TRAIN_REAL_TEST,RealTest,KNN,Good,0.000000,1.000000,0.000000
2026-06-24,11.000000,YEŞİLYURT,Good,False,REAL,REAL,E2_AUGMENTED_TRAIN_REAL_TEST,RealTest,KNN,Good,0.000000,1.000000,0.000000
2026-06-24,13.000000,KARABAĞLAR,Good,False,REAL,REAL,E2_AUGMENTED_TRAIN_REAL_TEST,RealTest,KNN,Good,0.000000,1.000000,0.000000
2026-06-24,14.000000,ESKİ İZMİR,Good,False,REAL,REAL,E2_AUGMENTED_TRAIN_REAL_TEST,RealTest,KNN,Good,0.000000,1.000000,0.000000
2026-06-24,15.000000,GAZİEMİR,Good,False,REAL,REAL,E2_AUGMENTED_TRAIN_REAL_TEST,RealTest,KNN,Good,0.000000,1.000000,0.000000
2026-06-24,16.000000,GEDİZ,Good,False,REAL,REAL,E2_AUGMENTED_TRAIN_REAL_TEST,RealTest,KNN,Good,0.200000,0.800000,0.000000
2026-06-24,17.000000,ŞİRİNYER,Good,False,REAL,REAL,E2_AUGMENTED_TRAIN_REAL_TEST,RealTest,KNN,Good,0.200000,0.800000,0.000000
2026-06-24,18.000000,BUCA,Good,False,REAL,REAL,E2_AUGMENTED_TRAIN_REAL_TEST,RealTest,KNN,Good,0.200000,0.800000,0.000000
2026-06-24,19.000000,GÜLÇEŞME,Good,False,REAL,REAL,E2_AUGMENTED_TRAIN_REAL_TEST,RealTest,KNN,Good,0.200000,0.800000,0.000000
2026-06-24,20.000000,GÜLTEPE,Good,False,REAL,REAL,E2_AUGMENTED_TRAIN_REAL_TEST,RealTest,KNN,Good,0.000000,1.000000,0.000000
2026-06-24,21.000000,ALTINDAĞ,Good,False,REAL,REAL,E2_AUGMENTED_TRAIN_REAL_TEST,RealTest,KNN,Good,0.200000,0.800000,0.000000
2026-06-24,22.000000,ÇAMDİBİ,Good,False,REAL,REAL,E2_AUGMENTED_TRAIN_REAL_TEST,RealTest,KNN,Good,0.200000,0.800000,0.000000
2026-06-24,23.000000,IŞIKKENT,Good,False,REAL,REAL,E2_AUGMENTED_TRAIN_REAL_TEST,RealTest,KNN,Good,0.200000,0.800000,0.000000
2026-06-24,24.000000,PINARBAŞI,Good,False,REAL,REAL,E2_AUGMENTED_TRAIN_REAL_TEST,RealTest,KNN,Good,0.200000,0.800000,0.000000
2026-06-24,25.000000,EVKA-3,Good,False,REAL,REAL,E2_AUGMENTED_TRAIN_REAL_TEST,RealTest,KNN,Good,0.200000,0.800000,0.000000
2026-06-24,26.000000,BORNOVA,Good,False,REAL,REAL,E2_AUGMENTED_TRAIN_REAL_TEST,RealTest,KNN,Good,0.200000,0.800000,0.000000
2026-06-24,27.000000,ATATÜRK MAH,Good,False,REAL,REAL,E2_AUGMENTED_TRAIN_REAL_TEST,RealTest,KNN,Good,0.000000,1.000000,0.000000
2026-06-24,28.000000,OSMANGAZİ,Good,False,REAL,REAL,E2_AUGMENTED_TRAIN_REAL_TEST,RealTest,KNN,Good,0.000000,1.000000,0.000000
2026-06-24,29.000000,ÖZKANLAR,Good,False,REAL,REAL,E2_AUGMENTED_TRAIN_REAL_TEST,RealTest,KNN,Good,0.000000,1.000000,0.000000
2026-06-24,30.000000,MANAVKUYU,Good,False,REAL,REAL,E2_AUGMENTED_TRAIN_REAL_TEST,RealTest,KNN,Good,0.000000,1.000000,0.000000
2026-06-24,32.000000,EGEKENT,Good,False,REAL,REAL,E2_AUGMENTED_TRAIN_REAL_TEST,RealTest,KNN,Good,0.200000,0.800000,0.000000
2026-06-24,33.000000,BALATÇIK,Good,False,REAL,REAL,E2_AUGMENTED_TRAIN_REAL_TEST,RealTest,KNN,Good,0.000000,1.000000,0.000000
2026-06-24,34.000000,ÇİĞLİ,Good,False,REAL,REAL,E2_AUGMENTED_TRAIN_REAL_TEST,RealTest,KNN,Good,0.000000,1.000000,0.000000
2026-06-24,35.000000,BOSTANLI,Good,False,REAL,REAL,E2_AUGMENTED_TRAIN_REAL_TEST,RealTest,KNN,Good,0.000000,1.000000,0.000000
2026-06-24,36.000000,ŞEMİKLER,Good,False,REAL,REAL,E2_AUGMENTED_TRAIN_REAL_TEST,RealTest,KNN,Good,0.000000,1.000000,0.000000
2026-06-24,37.000000,KARŞIYAKA,Good,False,REAL,REAL,E2_AUGMENTED_TRAIN_REAL_TEST,RealTest,KNN,Good,0.000000,1.000000,0.000000
2026-06-24,38.000000,EVKA-2,Good,False,REAL,REAL,E2_AUGMENTED_TRAIN_REAL_TEST,RealTest,KNN,Good,0.000000,1.000000,0.000000
2026-06-24,39.000000,ÖRNEKKÖY,Good,False,REAL,REAL,E2_AUGMENTED_TRAIN_REAL_TEST,RealTest,KNN,Good,0.000000,1.000000,0.000000
2026-06-24,40.000000,GÜMÜŞPALA,Good,False,REAL,REAL,E2_AUGMENTED_TRAIN_REAL_TEST,RealTest,KNN,Good,0.000000,1.000000,0.000000
2026-07-01,41.000000,DOĞANÇAY,Good,False,REAL,REAL,E2_AUGMENTED_TRAIN_REAL_TEST,RealTest,KNN,Good,0.000000,1.000000,0.000000
2026-07-01,42.000000,YAMANLAR,Good,False,REAL,REAL,E2_AUGMENTED_TRAIN_REAL_TEST,RealTest,KNN,Good,0.000000,1.000000,0.000000
2026-07-01,43.000000,POSTACI MAH,Good,False,REAL,REAL,E2_AUGMENTED_TRAIN_REAL_TEST,RealTest,KNN,Good,0.000000,1.000000,0.000000
2026-07-01,44.000000,YAMAÇ MAH,Good,False,REAL,REAL,E2_AUGMENTED_TRAIN_REAL_TEST,RealTest,KNN,Good,0.000000,1.000000,0.000000
2026-07-01,45.000000,CUMHURİYET MAH,Good,False,REAL,REAL,E2_AUGMENTED_TRAIN_REAL_TEST,RealTest,KNN,Good,0.000000,1.000000,0.000000
2026-07-01,46.000000,GÜZELTEPE,Good,False,REAL,REAL,E2_AUGMENTED_TRAIN_REAL_TEST,RealTest,KNN,Good,0.000000,1.000000,0.000000
2026-07-01,47.000000,EVKA-5,Good,False,REAL,REAL,E2_AUGMENTED_TRAIN_REAL_TEST,RealTest,KNN,Good,0.000000,1.000000,0.000000
2026-07-01,48.000000,EGEKENT-2,Good,False,REAL,REAL,E2_AUGMENTED_TRAIN_REAL_TEST,RealTest,KNN,Good,0.000000,1.000000,0.000000
2026-07-01,49.000000,ALAYBEY,Good,False,REAL,REAL,E2_AUGMENTED_TRAIN_REAL_TEST,RealTest,KNN,Good,0.000000,1.000000,0.000000
2026-07-01,50.000000,CENGİZHAN,Good,False,REAL,REAL,E2_AUGMENTED_TRAIN_REAL_TEST,RealTest,KNN,Good,0.000000,1.000000,0.000000
2026-07-01,51.000000,ÇAY MAH,Good,False,REAL,REAL,E2_AUGMENTED_TRAIN_REAL_TEST,RealTest,KNN,Good,0.000000,1.000000,0.000000
2026-07-01,52.000000,İZYUVA,Good,False,REAL,REAL,E2_AUGMENTED_TRAIN_REAL_TEST,RealTest,KNN,Good,0.000000,1.000000,0.000000
2026-07-01,53.000000,NALDÖKEN,Good,False,REAL,REAL,E2_AUGMENTED_TRAIN_REAL_TEST,RealTest,KNN,Good,0.000000,1.000000,0.000000
2026-07-01,54.000000,YEŞİLÇAM,Good,False,REAL,REAL,E2_AUGMENTED_TRAIN_REAL_TEST,RealTest,KNN,Good,0.000000,1.000000,0.000000
2026-07-01,55.000000,MEVLANA,Good,False,REAL,REAL,E2_AUGMENTED_TRAIN_REAL_TEST,RealTest,KNN,Good,0.000000,1.000000,0.000000
2026-07-01,56.000000,YEŞİLOVA,Good,False,REAL,REAL,E2_AUGMENTED_TRAIN_REAL_TEST,RealTest,KNN,Good,0.000000,1.000000,0.000000
2026-07-01,57.000000,MERSİNLİ,Good,False,REAL,REAL,E2_AUGMENTED_TRAIN_REAL_TEST,RealTest,KNN,Good,0.000000,1.000000,0.000000
2026-07-01,59.000000,ÇANKAYA,Good,False,REAL,REAL,E2_AUGMENTED_TRAIN_REAL_TEST,RealTest,KNN,Good,0.000000,1.000000,0.000000
2026-07-01,60.000000,TOROS,Good,False,REAL,REAL,E2_AUGMENTED_TRAIN_REAL_TEST,RealTest,KNN,Good,0.000000,1.000000,0.000000
2026-07-01,61.000000,LEVENT,Good,False,REAL,REAL,E2_AUGMENTED_TRAIN_REAL_TEST,RealTest,KNN,Good,0.000000,1.000000,0.000000
2026-07-01,62.000000,UFUK MAH,Good,False,REAL,REAL,E2_AUGMENTED_TRAIN_REAL_TEST,RealTest,KNN,Good,0.000000,1.000000,0.000000
2026-07-01,63.000000,EVKA-1,Good,False,REAL,REAL,E2_AUGMENTED_TRAIN_REAL_TEST,RealTest,KNN,Good,0.000000,1.000000,0.000000
2026-07-01,64.000000,ADATEPE,Good,False,REAL,REAL,E2_AUGMENTED_TRAIN_REAL_TEST,RealTest,KNN,Good,0.000000,1.000000,0.000000
2026-07-01,65.000000,KURUÇEŞME,Good,False,REAL,REAL,E2_AUGMENTED_TRAIN_REAL_TEST,RealTest,KNN,Good,0.000000,1.000000,0.000000
2026-07-01,66.000000,KOZAĞAÇ,Good,False,REAL,REAL,E2_AUGMENTED_TRAIN_REAL_TEST,RealTest,KNN,Good,0.200000,0.800000,0.000000
2026-07-01,67.000000,ÇAMLIKULE,Good,False,REAL,REAL,E2_AUGMENTED_TRAIN_REAL_TEST,RealTest,KNN,Good,0.000000,1.000000,0.000000
2026-07-01,68.000000,AKINCILAR,Good,False,REAL,REAL,E2_AUGMENTED_TRAIN_REAL_TEST,RealTest,KNN,Good,0.000000,1.000000,0.000000
2026-07-01,69.000000,UĞUR MUMCU MAH,Good,False,REAL,REAL,E2_AUGMENTED_TRAIN_REAL_TEST,RealTest,KNN,Good,0.000000,1.000000,0.000000
2026-07-01,70.000000,ÇAMLIK MAH,Good,False,REAL,REAL,E2_AUGMENTED_TRAIN_REAL_TEST,RealTest,KNN,Good,0.000000,1.000000,0.000000
2026-07-01,71.000000,AKTEPE,Good,False,REAL,REAL,E2_AUGMENTED_TRAIN_REAL_TEST,RealTest,KNN,Good,0.000000,1.000000,0.000000
2026-07-01,72.000000,9 EYLÜL MAH,Good,False,REAL,REAL,E2_AUGMENTED_TRAIN_REAL_TEST,RealTest,KNN,Good,0.000000,1.000000,0.000000
2026-07-01,73.000000,BEYAZEVLER,Good,False,REAL,REAL,E2_AUGMENTED_TRAIN_REAL_TEST,RealTest,KNN,Good,0.000000,1.000000,0.000000
2026-07-01,74.000000,UZUNDERE,Good,False,REAL,REAL,E2_AUGMENTED_TRAIN_REAL_TEST,RealTest,KNN,Good,0.000000,1.000000,0.000000
2026-07-01,75.000000,CENNETÇEŞME,Good,False,REAL,REAL,E2_AUGMENTED_TRAIN_REAL_TEST,RealTest,KNN,Good,0.000000,1.000000,0.000000
2026-07-01,76.000000,GÜZELBAHÇE,Good,False,REAL,REAL,E2_AUGMENTED_TRAIN_REAL_TEST,RealTest,KNN,Good,0.000000,1.000000,0.000000
2026-07-01,78.000000,İNCİRALTI,Good,False,REAL,REAL,E2_AUGMENTED_TRAIN_REAL_TEST,RealTest,KNN,Good,0.000000,1.000000,0.000000
2026-07-01,79.000000,ESENDERE,Good,False,REAL,REAL,E2_AUGMENTED_TRAIN_REAL_TEST,RealTest,KNN,Good,0.000000,1.000000,0.000000
2026-07-01,80.000000,KADİFEKALE,Good,False,REAL,REAL,E2_AUGMENTED_TRAIN_REAL_TEST,RealTest,KNN,Good,0.000000,1.000000,0.000000
2026-07-08,2.000000,YENİŞEHİR,Good,False,REAL,REAL,E2_AUGMENTED_TRAIN_REAL_TEST,RealTest,KNN,Good,0.000000,1.000000,0.000000
2026-07-08,3.000000,KONAK,Good,False,REAL,REAL,E2_AUGMENTED_TRAIN_REAL_TEST,RealTest,KNN,Good,0.000000,1.000000,0.000000
2026-07-08,4.000000,GÜZELBAHÇE,Good,False,REAL,REAL,E2_AUGMENTED_TRAIN_REAL_TEST,RealTest,KNN,Good,0.000000,1.000000,0.000000
2026-07-08,5.000000,NARLIDERE,Good,False,REAL,REAL,E2_AUGMENTED_TRAIN_REAL_TEST,RealTest,KNN,Good,0.000000,1.000000,0.000000
2026-07-08,6.000000,BALÇOVA,Good,False,REAL,REAL,E2_AUGMENTED_TRAIN_REAL_TEST,RealTest,KNN,Good,0.000000,1.000000,0.000000
2026-07-08,7.000000,ÜÇKUYULAR,Good,False,REAL,REAL,E2_AUGMENTED_TRAIN_REAL_TEST,RealTest,KNN,Good,0.000000,1.000000,0.000000
2026-07-08,8.000000,GÜZELYALI,Good,False,REAL,REAL,E2_AUGMENTED_TRAIN_REAL_TEST,RealTest,KNN,Good,0.000000,1.000000,0.000000
2026-07-08,9.000000,HATAY,Good,False,REAL,REAL,E2_AUGMENTED_TRAIN_REAL_TEST,RealTest,KNN,Good,0.000000,1.000000,0.000000
2026-07-08,11.000000,YEŞİLYURT,Good,False,REAL,REAL,E2_AUGMENTED_TRAIN_REAL_TEST,RealTest,KNN,Good,0.000000,1.000000,0.000000
2026-07-08,13.000000,KARABAĞLAR,Good,False,REAL,REAL,E2_AUGMENTED_TRAIN_REAL_TEST,RealTest,KNN,Good,0.000000,1.000000,0.000000
2026-07-08,14.000000,ESKİ İZMİR,Good,False,REAL,REAL,E2_AUGMENTED_TRAIN_REAL_TEST,RealTest,KNN,Good,0.000000,1.000000,0.000000
2026-07-08,15.000000,GAZİEMİR,Good,False,REAL,REAL,E2_AUGMENTED_TRAIN_REAL_TEST,RealTest,KNN,Good,0.000000,1.000000,0.000000
2026-07-08,16.000000,GEDİZ,Good,False,REAL,REAL,E2_AUGMENTED_TRAIN_REAL_TEST,RealTest,KNN,Good,0.200000,0.800000,0.000000
2026-07-08,17.000000,ŞİRİNYER,Good,False,REAL,REAL,E2_AUGMENTED_TRAIN_REAL_TEST,RealTest,KNN,Good,0.200000,0.800000,0.000000
2026-07-08,18.000000,BUCA,Good,False,REAL,REAL,E2_AUGMENTED_TRAIN_REAL_TEST,RealTest,KNN,Good,0.200000,0.800000,0.000000
2026-07-08,19.000000,GÜLÇEŞME,Good,False,REAL,REAL,E2_AUGMENTED_TRAIN_REAL_TEST,RealTest,KNN,Good,0.200000,0.800000,0.000000
2026-07-08,20.000000,GÜLTEPE,Good,False,REAL,REAL,E2_AUGMENTED_TRAIN_REAL_TEST,RealTest,KNN,Good,0.200000,0.800000,0.000000
2026-07-08,21.000000,ALTINDAĞ,Good,False,REAL,REAL,E2_AUGMENTED_TRAIN_REAL_TEST,RealTest,KNN,Good,0.000000,1.000000,0.000000
2026-07-08,22.000000,ÇAMDİBİ,Good,False,REAL,REAL,E2_AUGMENTED_TRAIN_REAL_TEST,RealTest,KNN,Good,0.000000,1.000000,0.000000
2026-07-08,23.000000,IŞIKKENT,Good,False,REAL,REAL,E2_AUGMENTED_TRAIN_REAL_TEST,RealTest,KNN,Good,0.000000,1.000000,0.000000
2026-07-08,24.000000,PINARBAŞI,Good,False,REAL,REAL,E2_AUGMENTED_TRAIN_REAL_TEST,RealTest,KNN,Good,0.000000,1.000000,0.000000
2026-07-08,25.000000,EVKA-3,Good,False,REAL,REAL,E2_AUGMENTED_TRAIN_REAL_TEST,RealTest,KNN,Good,0.000000,1.000000,0.000000
2026-07-08,26.000000,BORNOVA,Good,False,REAL,REAL,E2_AUGMENTED_TRAIN_REAL_TEST,RealTest,KNN,Good,0.000000,1.000000,0.000000
2026-07-08,27.000000,ATATÜRK MAH,Good,False,REAL,REAL,E2_AUGMENTED_TRAIN_REAL_TEST,RealTest,KNN,Caution,0.600000,0.400000,0.000000
2026-07-08,28.000000,OSMANGAZİ,Good,False,REAL,REAL,E2_AUGMENTED_TRAIN_REAL_TEST,RealTest,KNN,Good,0.000000,1.000000,0.000000
2026-07-08,29.000000,ÖZKANLAR,Good,False,REAL,REAL,E2_AUGMENTED_TRAIN_REAL_TEST,RealTest,KNN,Good,0.000000,1.000000,0.000000
2026-07-08,30.000000,MANAVKUYU,Good,False,REAL,REAL,E2_AUGMENTED_TRAIN_REAL_TEST,RealTest,KNN,Good,0.200000,0.800000,0.000000
2026-07-08,32.000000,EGEKENT,Good,False,REAL,REAL,E2_AUGMENTED_TRAIN_REAL_TEST,RealTest,KNN,Good,0.000000,1.000000,0.000000
2026-07-08,33.000000,BALATÇIK,Good,False,REAL,REAL,E2_AUGMENTED_TRAIN_REAL_TEST,RealTest,KNN,Good,0.000000,1.000000,0.000000
2026-07-08,34.000000,ÇİĞLİ,Good,False,REAL,REAL,E2_AUGMENTED_TRAIN_REAL_TEST,RealTest,KNN,Good,0.000000,1.000000,0.000000
2026-07-08,35.000000,BOSTANLI,Good,False,REAL,REAL,E2_AUGMENTED_TRAIN_REAL_TEST,RealTest,KNN,Good,0.000000,1.000000,0.000000
2026-07-08,36.000000,ŞEMİKLER,Good,False,REAL,REAL,E2_AUGMENTED_TRAIN_REAL_TEST,RealTest,KNN,Good,0.000000,1.000000,0.000000
2026-07-08,37.000000,KARŞIYAKA,Good,False,REAL,REAL,E2_AUGMENTED_TRAIN_REAL_TEST,RealTest,KNN,Good,0.000000,1.000000,0.000000
2026-07-08,38.000000,EVKA-2,Good,False,REAL,REAL,E2_AUGMENTED_TRAIN_REAL_TEST,RealTest,KNN,Good,0.000000,1.000000,0.000000
2026-07-08,39.000000,ÖRNEKKÖY,Good,False,REAL,REAL,E2_AUGMENTED_TRAIN_REAL_TEST,RealTest,KNN,Good,0.000000,1.000000,0.000000
2026-07-08,40.000000,GÜMÜŞPALA,Good,False,REAL,REAL,E2_AUGMENTED_TRAIN_REAL_TEST,RealTest,KNN,Good,0.000000,1.000000,0.000000
2026-07-22,41.000000,DOĞANÇAY,Good,False,REAL,REAL,E2_AUGMENTED_TRAIN_REAL_TEST,RealTest,KNN,Good,0.000000,1.000000,0.000000
2026-07-22,42.000000,YAMANLAR,Good,False,REAL,REAL,E2_AUGMENTED_TRAIN_REAL_TEST,RealTest,KNN,Good,0.000000,1.000000,0.000000
2026-07-22,43.000000,POSTACI MAH,Good,False,REAL,REAL,E2_AUGMENTED_TRAIN_REAL_TEST,RealTest,KNN,Good,0.000000,1.000000,0.000000
2026-07-22,44.000000,YAMAÇ MAH,Good,False,REAL,REAL,E2_AUGMENTED_TRAIN_REAL_TEST,RealTest,KNN,Good,0.000000,1.000000,0.000000
2026-07-22,46.000000,GÜZELTEPE,Good,False,REAL,REAL,E2_AUGMENTED_TRAIN_REAL_TEST,RealTest,KNN,Good,0.000000,1.000000,0.000000
2026-07-22,47.000000,EVKA-5,Good,False,REAL,REAL,E2_AUGMENTED_TRAIN_REAL_TEST,RealTest,KNN,Good,0.000000,1.000000,0.000000
2026-07-22,48.000000,EGEKENT-2,Good,False,REAL,REAL,E2_AUGMENTED_TRAIN_REAL_TEST,RealTest,KNN,Good,0.000000,1.000000,0.000000
2026-07-22,51.000000,ÇAY MAH,Good,False,REAL,REAL,E2_AUGMENTED_TRAIN_REAL_TEST,RealTest,KNN,Good,0.000000,1.000000,0.000000
2026-07-22,52.000000,İZYUVA,Good,False,REAL,REAL,E2_AUGMENTED_TRAIN_REAL_TEST,RealTest,KNN,Good,0.000000,1.000000,0.000000
2026-07-22,54.000000,YEŞİLÇAM,Good,False,REAL,REAL,E2_AUGMENTED_TRAIN_REAL_TEST,RealTest,KNN,Good,0.000000,1.000000,0.000000
2026-07-22,55.000000,MEVLANA,Good,False,REAL,REAL,E2_AUGMENTED_TRAIN_REAL_TEST,RealTest,KNN,Good,0.000000,1.000000,0.000000
2026-07-22,57.000000,MERSİNLİ,Good,False,REAL,REAL,E2_AUGMENTED_TRAIN_REAL_TEST,RealTest,KNN,Good,0.000000,1.000000,0.000000
2026-07-22,59.000000,ÇANKAYA,Good,False,REAL,REAL,E2_AUGMENTED_TRAIN_REAL_TEST,RealTest,KNN,Good,0.000000,1.000000,0.000000
2026-07-22,60.000000,TOROS,Good,False,REAL,REAL,E2_AUGMENTED_TRAIN_REAL_TEST,RealTest,KNN,Good,0.000000,1.000000,0.000000
2026-07-22,62.000000,UFUK MAH,Good,False,REAL,REAL,E2_AUGMENTED_TRAIN_REAL_TEST,RealTest,KNN,Good,0.000000,1.000000,0.000000
2026-07-22,67.000000,ÇAMLIKULE,Good,False,REAL,REAL,E2_AUGMENTED_TRAIN_REAL_TEST,RealTest,KNN,Good,0.000000,1.000000,0.000000
2026-07-22,70.000000,ÇAMLIK MAH,Good,False,REAL,REAL,E2_AUGMENTED_TRAIN_REAL_TEST,RealTest,KNN,Good,0.000000,1.000000,0.000000
2026-07-22,72.000000,9 EYLÜL MAH,Good,False,REAL,REAL,E2_AUGMENTED_TRAIN_REAL_TEST,RealTest,KNN,Good,0.000000,1.000000,0.000000
2026-07-22,73.000000,BEYAZEVLER,Good,False,REAL,REAL,E2_AUGMENTED_TRAIN_REAL_TEST,RealTest,KNN,Good,0.000000,1.000000,0.000000
2026-07-22,75.000000,CENNETÇEŞME,Good,False,REAL,REAL,E2_AUGMENTED_TRAIN_REAL_TEST,RealTest,KNN,Good,0.000000,1.000000,0.000000
2026-07-22,78.000000,İNCİRALTI,Good,False,REAL,REAL,E2_AUGMENTED_TRAIN_REAL_TEST,RealTest,KNN,Good,0.000000,1.000000,0.000000
2026-07-22,80.000000,KADİFEKALE,Good,False,REAL,REAL,E2_AUGMENTED_TRAIN_REAL_TEST,RealTest,KNN,Good,0.000000,1.000000,0.000000
2026-07-29,2.000000,YENİŞEHİR,Good,False,REAL,REAL,E2_AUGMENTED_TRAIN_REAL_TEST,RealTest,KNN,Good,0.000000,1.000000,0.000000
2026-07-29,3.000000,KONAK,Good,False,REAL,REAL,E2_AUGMENTED_TRAIN_REAL_TEST,RealTest,KNN,Good,0.000000,1.000000,0.000000
2026-07-29,4.000000,GÜZELBAHÇE,Good,False,REAL,REAL,E2_AUGMENTED_TRAIN_REAL_TEST,RealTest,KNN,Good,0.000000,1.000000,0.000000
2026-07-29,5.000000,NARLIDERE,Good,False,REAL,REAL,E2_AUGMENTED_TRAIN_REAL_TEST,RealTest,KNN,Good,0.000000,1.000000,0.000000
2026-07-29,7.000000,ÜÇKUYULAR,Good,False,REAL,REAL,E2_AUGMENTED_TRAIN_REAL_TEST,RealTest,KNN,Good,0.000000,1.000000,0.000000
2026-07-29,8.000000,GÜZELYALI,Good,False,REAL,REAL,E2_AUGMENTED_TRAIN_REAL_TEST,RealTest,KNN,Good,0.000000,1.000000,0.000000
2026-07-29,14.000000,ESKİ İZMİR,Good,False,REAL,REAL,E2_AUGMENTED_TRAIN_REAL_TEST,RealTest,KNN,Good,0.000000,1.000000,0.000000
2026-07-29,15.000000,GAZİEMİR,Good,False,REAL,REAL,E2_AUGMENTED_TRAIN_REAL_TEST,RealTest,KNN,Good,0.000000,1.000000,0.000000
2026-07-29,16.000000,GEDİZ,Good,False,REAL,REAL,E2_AUGMENTED_TRAIN_REAL_TEST,RealTest,KNN,Good,0.000000,1.000000,0.000000
2026-07-29,17.000000,ŞİRİNYER,Good,False,REAL,REAL,E2_AUGMENTED_TRAIN_REAL_TEST,RealTest,KNN,Good,0.000000,1.000000,0.000000
2026-07-29,19.000000,GÜLÇEŞME,Good,False,REAL,REAL,E2_AUGMENTED_TRAIN_REAL_TEST,RealTest,KNN,Good,0.000000,1.000000,0.000000
2026-07-29,20.000000,GÜLTEPE,Good,False,REAL,REAL,E2_AUGMENTED_TRAIN_REAL_TEST,RealTest,KNN,Good,0.000000,1.000000,0.000000
2026-07-29,21.000000,ALTINDAĞ,Good,False,REAL,REAL,E2_AUGMENTED_TRAIN_REAL_TEST,RealTest,KNN,Good,0.000000,1.000000,0.000000
2026-07-29,22.000000,ÇAMDİBİ,Good,False,REAL,REAL,E2_AUGMENTED_TRAIN_REAL_TEST,RealTest,KNN,Good,0.000000,1.000000,0.000000
2026-07-29,23.000000,IŞIKKENT,Good,False,REAL,REAL,E2_AUGMENTED_TRAIN_REAL_TEST,RealTest,KNN,Good,0.000000,1.000000,0.000000
2026-07-29,25.000000,EVKA-3,Good,False,REAL,REAL,E2_AUGMENTED_TRAIN_REAL_TEST,RealTest,KNN,Good,0.000000,1.000000,0.000000
2026-07-29,26.000000,BORNOVA,Good,False,REAL,REAL,E2_AUGMENTED_TRAIN_REAL_TEST,RealTest,KNN,Good,0.000000,1.000000,0.000000
2026-07-29,27.000000,ATATÜRK MAH,Good,False,REAL,REAL,E2_AUGMENTED_TRAIN_REAL_TEST,RealTest,KNN,Good,0.000000,1.000000,0.000000
2026-07-29,28.000000,OSMANGAZİ,Good,False,REAL,REAL,E2_AUGMENTED_TRAIN_REAL_TEST,RealTest,KNN,Good,0.000000,1.000000,0.000000
2026-07-29,29.000000,ÖZKANLAR,Good,False,REAL,REAL,E2_AUGMENTED_TRAIN_REAL_TEST,RealTest,KNN,Good,0.000000,1.000000,0.000000
2026-07-29,30.000000,MANAVKUYU,Good,False,REAL,REAL,E2_AUGMENTED_TRAIN_REAL_TEST,RealTest,KNN,Good,0.000000,1.000000,0.000000
2026-07-29,32.000000,EGEKENT,Good,False,REAL,REAL,E2_AUGMENTED_TRAIN_REAL_TEST,RealTest,KNN,Good,0.000000,1.000000,0.000000
2026-07-29,33.000000,BALATÇIK,Good,False,REAL,REAL,E2_AUGMENTED_TRAIN_REAL_TEST,RealTest,KNN,Good,0.000000,1.000000,0.000000
2026-07-29,34.000000,ÇİĞLİ,Good,False,REAL,REAL,E2_AUGMENTED_TRAIN_REAL_TEST,RealTest,KNN,Good,0.000000,1.000000,0.000000
2026-07-29,35.000000,BOSTANLI,Good,False,REAL,REAL,E2_AUGMENTED_TRAIN_REAL_TEST,RealTest,KNN,Good,0.000000,1.000000,0.000000
2026-07-29,38.000000,EVKA-2,Good,False,REAL,REAL,E2_AUGMENTED_TRAIN_REAL_TEST,RealTest,KNN,Good,0.000000,1.000000,0.000000
2026-07-29,39.000000,ÖRNEKKÖY,Good,False,REAL,REAL,E2_AUGMENTED_TRAIN_REAL_TEST,RealTest,KNN,Good,0.000000,1.000000,0.000000
2026-07-29,40.000000,GÜMÜŞPALA,Good,False,REAL,REAL,E2_AUGMENTED_TRAIN_REAL_TEST,RealTest,KNN,Good,0.000000,1.000000,0.000000
2026-06-17,41.000000,DOĞANÇAY,Caution,True,MULTI_PARAMETER_SUBSTANDARD,TEST,E3B_AUGMENTED_TRAIN_SYNTHETIC_TEST,SyntheticTest,KNN,Caution,1.000000,0.000000,0.000000
2026-07-29,17.000000,ŞİRİNYER,Caution,True,MULTI_PARAMETER_SUBSTANDARD,TEST,E3B_AUGMENTED_TRAIN_SYNTHETIC_TEST,SyntheticTest,KNN,Caution,1.000000,0.000000,0.000000
2026-06-17,73.000000,BEYAZEVLER,Caution,True,NITRITE_SUBSTANDARD,TEST,E3B_AUGMENTED_TRAIN_SYNTHETIC_TEST,SyntheticTest,KNN,Caution,0.600000,0.400000,0.000000
2026-06-17,53.000000,NALDÖKEN,Caution,True,MULTI_PARAMETER_SUBSTANDARD,TEST,E3B_AUGMENTED_TRAIN_SYNTHETIC_TEST,SyntheticTest,KNN,Caution,1.000000,0.000000,0.000000
2026-06-10,38.000000,EVKA-2,Caution,True,NITRITE_SUBSTANDARD,TEST,E3B_AUGMENTED_TRAIN_SYNTHETIC_TEST,SyntheticTest,KNN,Good,0.000000,1.000000,0.000000
2026-07-01,74.000000,UZUNDERE,Caution,True,NITRITE_SUBSTANDARD,TEST,E3B_AUGMENTED_TRAIN_SYNTHETIC_TEST,SyntheticTest,KNN,Caution,0.600000,0.400000,0.000000
2026-07-22,43.000000,POSTACI MAH,Caution,True,NITRITE_SUBSTANDARD,TEST,E3B_AUGMENTED_TRAIN_SYNTHETIC_TEST,SyntheticTest,KNN,Good,0.400000,0.600000,0.000000
2026-07-29,34.000000,ÇİĞLİ,Caution,True,AMMONIUM_NEAR_STANDARD,TEST,E3B_AUGMENTED_TRAIN_SYNTHETIC_TEST,SyntheticTest,KNN,Caution,1.000000,0.000000,0.000000
2026-06-10,8.000000,GÜZELYALI,Caution,True,AMMONIUM_NEAR_STANDARD,TEST,E3B_AUGMENTED_TRAIN_SYNTHETIC_TEST,SyntheticTest,KNN,Caution,1.000000,0.000000,0.000000
2026-06-10,9.000000,HATAY,Caution,True,NITRITE_SUBSTANDARD,TEST,E3B_AUGMENTED_TRAIN_SYNTHETIC_TEST,SyntheticTest,KNN,Good,0.400000,0.600000,0.000000
2026-07-22,70.000000,ÇAMLIK MAH,Caution,True,AMMONIUM_NEAR_STANDARD,TEST,E3B_AUGMENTED_TRAIN_SYNTHETIC_TEST,SyntheticTest,KNN,Caution,1.000000,0.000000,0.000000
2026-06-10,3.000000,KONAK,Caution,True,NITRITE_SUBSTANDARD,TEST,E3B_AUGMENTED_TRAIN_SYNTHETIC_TEST,SyntheticTest,KNN,Caution,1.000000,0.000000,0.000000
2026-06-17,54.000000,YEŞİLÇAM,Caution,True,NITRITE_SUBSTANDARD,TEST,E3B_AUGMENTED_TRAIN_SYNTHETIC_TEST,SyntheticTest,KNN,Good,0.400000,0.600000,0.000000
2026-07-22,59.000000,ÇANKAYA,Caution,True,MULTI_PARAMETER_SUBSTANDARD,TEST,E3B_AUGMENTED_TRAIN_SYNTHETIC_TEST,SyntheticTest,KNN,Caution,1.000000,0.000000,0.000000
2026-06-17,49.000000,ALAYBEY,Caution,True,AMMONIUM_NEAR_STANDARD,TEST,E3B_AUGMENTED_TRAIN_SYNTHETIC_TEST,SyntheticTest,KNN,Caution,1.000000,0.000000,0.000000
2026-07-01,48.000000,EGEKENT-2,Caution,True,MULTI_PARAMETER_SUBSTANDARD,TEST,E3B_AUGMENTED_TRAIN_SYNTHETIC_TEST,SyntheticTest,KNN,Caution,1.000000,0.000000,0.000000
2026-06-24,38.000000,EVKA-2,Caution,True,NITRITE_SUBSTANDARD,TEST,E3B_AUGMENTED_TRAIN_SYNTHETIC_TEST,SyntheticTest,KNN,Caution,1.000000,0.000000,0.000000
2026-06-24,34.000000,ÇİĞLİ,Caution,True,MULTI_PARAMETER_SUBSTANDARD,TEST,E3B_AUGMENTED_TRAIN_SYNTHETIC_TEST,SyntheticTest,KNN,Caution,1.000000,0.000000,0.000000
2026-07-01,47.000000,EVKA-5,Caution,True,AMMONIUM_NEAR_STANDARD,TEST,E3B_AUGMENTED_TRAIN_SYNTHETIC_TEST,SyntheticTest,KNN,Caution,1.000000,0.000000,0.000000
2026-06-10,16.000000,GEDİZ,Caution,True,MULTI_PARAMETER_SUBSTANDARD,TEST,E3B_AUGMENTED_TRAIN_SYNTHETIC_TEST,SyntheticTest,KNN,Caution,1.000000,0.000000,0.000000
2026-06-17,54.000000,YEŞİLÇAM,Caution,True,MULTI_PARAMETER_SUBSTANDARD,TEST,E3B_AUGMENTED_TRAIN_SYNTHETIC_TEST,SyntheticTest,KNN,Caution,1.000000,0.000000,0.000000
2026-07-22,54.000000,YEŞİLÇAM,Caution,True,MULTI_PARAMETER_SUBSTANDARD,TEST,E3B_AUGMENTED_TRAIN_SYNTHETIC_TEST,SyntheticTest,KNN,Caution,1.000000,0.000000,0.000000
2026-06-10,9.000000,HATAY,Caution,True,AMMONIUM_NEAR_STANDARD,TEST,E3B_AUGMENTED_TRAIN_SYNTHETIC_TEST,SyntheticTest,KNN,Caution,1.000000,0.000000,0.000000
2026-06-24,37.000000,KARŞIYAKA,Caution,True,NITRITE_SUBSTANDARD,TEST,E3B_AUGMENTED_TRAIN_SYNTHETIC_TEST,SyntheticTest,KNN,Good,0.000000,1.000000,0.000000
2026-06-24,27.000000,ATATÜRK MAH,Caution,True,AMMONIUM_NEAR_STANDARD,TEST,E3B_AUGMENTED_TRAIN_SYNTHETIC_TEST,SyntheticTest,KNN,Caution,1.000000,0.000000,0.000000
2026-07-01,45.000000,CUMHURİYET MAH,Caution,True,MULTI_PARAMETER_SUBSTANDARD,TEST,E3B_AUGMENTED_TRAIN_SYNTHETIC_TEST,SyntheticTest,KNN,Caution,1.000000,0.000000,0.000000
2026-06-17,67.000000,ÇAMLIKULE,Caution,True,MULTI_PARAMETER_SUBSTANDARD,TEST,E3B_AUGMENTED_TRAIN_SYNTHETIC_TEST,SyntheticTest,KNN,Caution,1.000000,0.000000,0.000000
2026-07-08,18.000000,BUCA,Caution,True,MULTI_PARAMETER_SUBSTANDARD,TEST,E3B_AUGMENTED_TRAIN_SYNTHETIC_TEST,SyntheticTest,KNN,Caution,1.000000,0.000000,0.000000
2026-06-10,5.000000,NARLIDERE,Caution,True,AMMONIUM_NEAR_STANDARD,TEST,E3B_AUGMENTED_TRAIN_SYNTHETIC_TEST,SyntheticTest,KNN,Caution,1.000000,0.000000,0.000000
2026-06-17,42.000000,YAMANLAR,Caution,True,NITRITE_SUBSTANDARD,TEST,E3B_AUGMENTED_TRAIN_SYNTHETIC_TEST,SyntheticTest,KNN,Caution,1.000000,0.000000,0.000000
2026-06-24,33.000000,BALATÇIK,Caution,True,NITRITE_SUBSTANDARD,TEST,E3B_AUGMENTED_TRAIN_SYNTHETIC_TEST,SyntheticTest,KNN,Caution,0.600000,0.400000,0.000000
2026-06-10,40.000000,GÜMÜŞPALA,Caution,True,MULTI_PARAMETER_SUBSTANDARD,TEST,E3B_AUGMENTED_TRAIN_SYNTHETIC_TEST,SyntheticTest,KNN,Caution,1.000000,0.000000,0.000000
2026-06-10,2.000000,YENİŞEHİR,Caution,True,MULTI_PARAMETER_SUBSTANDARD,TEST,E3B_AUGMENTED_TRAIN_SYNTHETIC_TEST,SyntheticTest,KNN,Caution,1.000000,0.000000,0.000000
2026-06-17,41.000000,DOĞANÇAY,Caution,True,MULTI_PARAMETER_SUBSTANDARD,TEST,E3B_AUGMENTED_TRAIN_SYNTHETIC_TEST,SyntheticTest,KNN,Caution,1.000000,0.000000,0.000000
2026-06-24,15.000000,GAZİEMİR,Caution,True,NITRITE_SUBSTANDARD,TEST,E3B_AUGMENTED_TRAIN_SYNTHETIC_TEST,SyntheticTest,KNN,Good,0.200000,0.800000,0.000000
2026-06-10,15.000000,GAZİEMİR,Caution,True,MULTI_PARAMETER_SUBSTANDARD,TEST,E3B_AUGMENTED_TRAIN_SYNTHETIC_TEST,SyntheticTest,KNN,Caution,1.000000,0.000000,0.000000
2026-06-17,51.000000,ÇAY MAH,Caution,True,NITRITE_SUBSTANDARD,TEST,E3B_AUGMENTED_TRAIN_SYNTHETIC_TEST,SyntheticTest,KNN,Caution,1.000000,0.000000,0.000000
2026-07-22,67.000000,ÇAMLIKULE,Caution,True,NITRITE_SUBSTANDARD,TEST,E3B_AUGMENTED_TRAIN_SYNTHETIC_TEST,SyntheticTest,KNN,Caution,1.000000,0.000000,0.000000
2026-07-08,30.000000,MANAVKUYU,Caution,True,NITRITE_SUBSTANDARD,TEST,E3B_AUGMENTED_TRAIN_SYNTHETIC_TEST,SyntheticTest,KNN,Good,0.200000,0.800000,0.000000
2026-06-17,69.000000,UĞUR MUMCU MAH,Caution,True,NITRITE_SUBSTANDARD,TEST,E3B_AUGMENTED_TRAIN_SYNTHETIC_TEST,SyntheticTest,KNN,Caution,0.600000,0.400000,0.000000
2026-07-22,43.000000,POSTACI MAH,Caution,True,AMMONIUM_NEAR_STANDARD,TEST,E3B_AUGMENTED_TRAIN_SYNTHETIC_TEST,SyntheticTest,KNN,Caution,1.000000,0.000000,0.000000
2026-07-08,4.000000,GÜZELBAHÇE,Caution,True,NITRITE_SUBSTANDARD,TEST,E3B_AUGMENTED_TRAIN_SYNTHETIC_TEST,SyntheticTest,KNN,Caution,0.800000,0.200000,0.000000
2026-06-24,35.000000,BOSTANLI,Caution,True,NITRITE_SUBSTANDARD,TEST,E3B_AUGMENTED_TRAIN_SYNTHETIC_TEST,SyntheticTest,KNN,Good,0.000000,1.000000,0.000000
2026-07-01,68.000000,AKINCILAR,Caution,True,AMMONIUM_NEAR_STANDARD,TEST,E3B_AUGMENTED_TRAIN_SYNTHETIC_TEST,SyntheticTest,KNN,Caution,1.000000,0.000000,0.000000
2026-06-17,70.000000,ÇAMLIK MAH,Caution,True,MULTI_PARAMETER_SUBSTANDARD,TEST,E3B_AUGMENTED_TRAIN_SYNTHETIC_TEST,SyntheticTest,KNN,Caution,1.000000,0.000000,0.000000
2026-07-22,55.000000,MEVLANA,Caution,True,AMMONIUM_NEAR_STANDARD,TEST,E3B_AUGMENTED_TRAIN_SYNTHETIC_TEST,SyntheticTest,KNN,Caution,1.000000,0.000000,0.000000
2026-07-29,32.000000,EGEKENT,Caution,True,AMMONIUM_NEAR_STANDARD,TEST,E3B_AUGMENTED_TRAIN_SYNTHETIC_TEST,SyntheticTest,KNN,Caution,1.000000,0.000000,0.000000
2026-06-24,34.000000,ÇİĞLİ,Caution,True,MULTI_PARAMETER_SUBSTANDARD,TEST,E3B_AUGMENTED_TRAIN_SYNTHETIC_TEST,SyntheticTest,KNN,Caution,1.000000,0.000000,0.000000
2026-06-10,17.000000,ŞİRİNYER,Caution,True,NITRITE_SUBSTANDARD,TEST,E3B_AUGMENTED_TRAIN_SYNTHETIC_TEST,SyntheticTest,KNN,Caution,0.800000,0.200000,0.000000
2026-06-17,64.000000,ADATEPE,Caution,True,AMMONIUM_NEAR_STANDARD,TEST,E3B_AUGMENTED_TRAIN_SYNTHETIC_TEST,SyntheticTest,KNN,Caution,1.000000,0.000000,0.000000
2026-07-29,32.000000,EGEKENT,Caution,True,NITRITE_SUBSTANDARD,TEST,E3B_AUGMENTED_TRAIN_SYNTHETIC_TEST,SyntheticTest,KNN,Good,0.200000,0.800000,0.000000
2026-06-10,26.000000,BORNOVA,Caution,True,AMMONIUM_NEAR_STANDARD,TEST,E3B_AUGMENTED_TRAIN_SYNTHETIC_TEST,SyntheticTest,KNN,Caution,1.000000,0.000000,0.000000
2026-07-08,6.000000,BALÇOVA,Caution,True,NITRITE_SUBSTANDARD,TEST,E3B_AUGMENTED_TRAIN_SYNTHETIC_TEST,SyntheticTest,KNN,Good,0.000000,1.000000,0.000000
2026-06-10,19.000000,GÜLÇEŞME,Caution,True,MULTI_PARAMETER_SUBSTANDARD,TEST,E3B_AUGMENTED_TRAIN_SYNTHETIC_TEST,SyntheticTest,KNN,Caution,1.000000,0.000000,0.000000
2026-07-08,20.000000,GÜLTEPE,Caution,True,MULTI_PARAMETER_SUBSTANDARD,TEST,E3B_AUGMENTED_TRAIN_SYNTHETIC_TEST,SyntheticTest,KNN,Caution,1.000000,0.000000,0.000000
2026-06-24,34.000000,ÇİĞLİ,Caution,True,NITRITE_SUBSTANDARD,TEST,E3B_AUGMENTED_TRAIN_SYNTHETIC_TEST,SyntheticTest,KNN,Caution,1.000000,0.000000,0.000000
2026-06-10,24.000000,PINARBAŞI,Caution,True,NITRITE_SUBSTANDARD,TEST,E3B_AUGMENTED_TRAIN_SYNTHETIC_TEST,SyntheticTest,KNN,Caution,1.000000,0.000000,0.000000
2026-07-01,78.000000,İNCİRALTI,Caution,True,NITRITE_SUBSTANDARD,TEST,E3B_AUGMENTED_TRAIN_SYNTHETIC_TEST,SyntheticTest,KNN,Good,0.200000,0.800000,0.000000
2026-07-08,30.000000,MANAVKUYU,Caution,True,AMMONIUM_NEAR_STANDARD,TEST,E3B_AUGMENTED_TRAIN_SYNTHETIC_TEST,SyntheticTest,KNN,Caution,0.600000,0.400000,0.000000
2026-06-24,20.000000,GÜLTEPE,Caution,True,NITRITE_SUBSTANDARD,TEST,E3B_AUGMENTED_TRAIN_SYNTHETIC_TEST,SyntheticTest,KNN,Good,0.200000,0.800000,0.000000
2026-07-08,4.000000,GÜZELBAHÇE,Caution,True,AMMONIUM_NEAR_STANDARD,TEST,E3B_AUGMENTED_TRAIN_SYNTHETIC_TEST,SyntheticTest,KNN,Caution,1.000000,0.000000,0.000000
2026-07-08,27.000000,ATATÜRK MAH,Caution,True,MULTI_PARAMETER_SUBSTANDARD,TEST,E3B_AUGMENTED_TRAIN_SYNTHETIC_TEST,SyntheticTest,KNN,Caution,1.000000,0.000000,0.000000
2026-06-17,42.000000,YAMANLAR,Caution,True,NITRITE_SUBSTANDARD,TEST,E3B_AUGMENTED_TRAIN_SYNTHETIC_TEST,SyntheticTest,KNN,Caution,1.000000,0.000000,0.000000
2026-07-22,55.000000,MEVLANA,Caution,True,AMMONIUM_NEAR_STANDARD,TEST,E3B_AUGMENTED_TRAIN_SYNTHETIC_TEST,SyntheticTest,KNN,Caution,1.000000,0.000000,0.000000
2026-07-08,28.000000,OSMANGAZİ,Caution,True,MULTI_PARAMETER_SUBSTANDARD,TEST,E3B_AUGMENTED_TRAIN_SYNTHETIC_TEST,SyntheticTest,KNN,Caution,1.000000,0.000000,0.000000
2026-07-08,33.000000,BALATÇIK,Caution,True,NITRITE_SUBSTANDARD,TEST,E3B_AUGMENTED_TRAIN_SYNTHETIC_TEST,SyntheticTest,KNN,Good,0.200000,0.800000,0.000000
2026-07-29,25.000000,EVKA-3,Caution,True,NITRITE_SUBSTANDARD,TEST,E3B_AUGMENTED_TRAIN_SYNTHETIC_TEST,SyntheticTest,KNN,Caution,1.000000,0.000000,0.000000
2026-06-24,5.000000,NARLIDERE,Caution,True,MULTI_PARAMETER_SUBSTANDARD,TEST,E3B_AUGMENTED_TRAIN_SYNTHETIC_TEST,SyntheticTest,KNN,Caution,1.000000,0.000000,0.000000
2026-06-10,2.000000,YENİŞEHİR,Caution,True,NITRITE_SUBSTANDARD,TEST,E3B_AUGMENTED_TRAIN_SYNTHETIC_TEST,SyntheticTest,KNN,Good,0.400000,0.600000,0.000000
2026-06-10,22.000000,ÇAMDİBİ,Caution,True,NITRITE_SUBSTANDARD,TEST,E3B_AUGMENTED_TRAIN_SYNTHETIC_TEST,SyntheticTest,KNN,Caution,1.000000,0.000000,0.000000
2026-06-10,3.000000,KONAK,Caution,True,AMMONIUM_NEAR_STANDARD,TEST,E3B_AUGMENTED_TRAIN_SYNTHETIC_TEST,SyntheticTest,KNN,Caution,1.000000,0.000000,0.000000
2026-06-10,29.000000,ÖZKANLAR,Caution,True,MULTI_PARAMETER_SUBSTANDARD,TEST,E3B_AUGMENTED_TRAIN_SYNTHETIC_TEST,SyntheticTest,KNN,Caution,1.000000,0.000000,0.000000
2026-07-01,56.000000,YEŞİLOVA,Caution,True,NITRITE_SUBSTANDARD,TEST,E3B_AUGMENTED_TRAIN_SYNTHETIC_TEST,SyntheticTest,KNN,Good,0.200000,0.800000,0.000000
2026-06-17,59.000000,ÇANKAYA,Caution,True,NITRITE_SUBSTANDARD,TEST,E3B_AUGMENTED_TRAIN_SYNTHETIC_TEST,SyntheticTest,KNN,Good,0.200000,0.800000,0.000000
2026-06-24,2.000000,YENİŞEHİR,Caution,True,MULTI_PARAMETER_SUBSTANDARD,TEST,E3B_AUGMENTED_TRAIN_SYNTHETIC_TEST,SyntheticTest,KNN,Caution,1.000000,0.000000,0.000000
2026-06-17,61.000000,LEVENT,Caution,True,NITRITE_SUBSTANDARD,TEST,E3B_AUGMENTED_TRAIN_SYNTHETIC_TEST,SyntheticTest,KNN,Good,0.200000,0.800000,0.000000
2026-07-29,21.000000,ALTINDAĞ,Caution,True,AMMONIUM_NEAR_STANDARD,TEST,E3B_AUGMENTED_TRAIN_SYNTHETIC_TEST,SyntheticTest,KNN,Caution,1.000000,0.000000,0.000000
2026-06-24,9.000000,HATAY,Caution,True,AMMONIUM_NEAR_STANDARD,TEST,E3B_AUGMENTED_TRAIN_SYNTHETIC_TEST,SyntheticTest,KNN,Caution,1.000000,0.000000,0.000000
2026-07-22,41.000000,DOĞANÇAY,Caution,True,MULTI_PARAMETER_SUBSTANDARD,TEST,E3B_AUGMENTED_TRAIN_SYNTHETIC_TEST,SyntheticTest,KNN,Caution,1.000000,0.000000,0.000000
2026-06-10,15.000000,GAZİEMİR,Caution,True,NITRITE_SUBSTANDARD,TEST,E3B_AUGMENTED_TRAIN_SYNTHETIC_TEST,SyntheticTest,KNN,Good,0.400000,0.600000,0.000000
2026-06-17,47.000000,EVKA-5,Caution,True,NITRITE_SUBSTANDARD,TEST,E3B_AUGMENTED_TRAIN_SYNTHETIC_TEST,SyntheticTest,KNN,Good,0.200000,0.800000,0.000000
2026-06-17,69.000000,UĞUR MUMCU MAH,Caution,True,NITRITE_SUBSTANDARD,TEST,E3B_AUGMENTED_TRAIN_SYNTHETIC_TEST,SyntheticTest,KNN,Good,0.400000,0.600000,0.000000
2026-06-17,57.000000,MERSİNLİ,Caution,True,NITRITE_SUBSTANDARD,TEST,E3B_AUGMENTED_TRAIN_SYNTHETIC_TEST,SyntheticTest,KNN,Good,0.400000,0.600000,0.000000
2026-07-01,47.000000,EVKA-5,Caution,True,MULTI_PARAMETER_SUBSTANDARD,TEST,E3B_AUGMENTED_TRAIN_SYNTHETIC_TEST,SyntheticTest,KNN,Caution,1.000000,0.000000,0.000000
2026-07-08,27.000000,ATATÜRK MAH,Caution,True,AMMONIUM_NEAR_STANDARD,TEST,E3B_AUGMENTED_TRAIN_SYNTHETIC_TEST,SyntheticTest,KNN,Caution,1.000000,0.000000,0.000000
2026-07-29,38.000000,EVKA-2,Caution,True,NITRITE_SUBSTANDARD,TEST,E3B_AUGMENTED_TRAIN_SYNTHETIC_TEST,SyntheticTest,KNN,Good,0.400000,0.600000,0.000000
2026-06-17,69.000000,UĞUR MUMCU MAH,Caution,True,AMMONIUM_NEAR_STANDARD,TEST,E3B_AUGMENTED_TRAIN_SYNTHETIC_TEST,SyntheticTest,KNN,Caution,1.000000,0.000000,0.000000
2026-06-10,2.000000,YENİŞEHİR,Caution,True,MULTI_PARAMETER_SUBSTANDARD,TEST,E3B_AUGMENTED_TRAIN_SYNTHETIC_TEST,SyntheticTest,KNN,Caution,1.000000,0.000000,0.000000
2026-07-08,15.000000,GAZİEMİR,Caution,True,AMMONIUM_NEAR_STANDARD,TEST,E3B_AUGMENTED_TRAIN_SYNTHETIC_TEST,SyntheticTest,KNN,Caution,1.000000,0.000000,0.000000
2026-07-29,14.000000,ESKİ İZMİR,Caution,True,MULTI_PARAMETER_SUBSTANDARD,TEST,E3B_AUGMENTED_TRAIN_SYNTHETIC_TEST,SyntheticTest,KNN,Caution,1.000000,0.000000,0.000000
2026-06-24,29.000000,ÖZKANLAR,Caution,True,MULTI_PARAMETER_SUBSTANDARD,TEST,E3B_AUGMENTED_TRAIN_SYNTHETIC_TEST,SyntheticTest,KNN,Caution,1.000000,0.000000,0.000000
2026-07-08,27.000000,ATATÜRK MAH,Caution,True,NITRITE_SUBSTANDARD,TEST,E3B_AUGMENTED_TRAIN_SYNTHETIC_TEST,SyntheticTest,KNN,Caution,0.600000,0.400000,0.000000
2026-06-10,30.000000,MANAVKUYU,Caution,True,AMMONIUM_NEAR_STANDARD,TEST,E3B_AUGMENTED_TRAIN_SYNTHETIC_TEST,SyntheticTest,KNN,Caution,1.000000,0.000000,0.000000
2026-07-29,25.000000,EVKA-3,Caution,True,MULTI_PARAMETER_SUBSTANDARD,TEST,E3B_AUGMENTED_TRAIN_SYNTHETIC_TEST,SyntheticTest,KNN,Caution,1.000000,0.000000,0.000000
2026-07-22,59.000000,ÇANKAYA,Caution,True,NITRITE_SUBSTANDARD,TEST,E3B_AUGMENTED_TRAIN_SYNTHETIC_TEST,SyntheticTest,KNN,Good,0.200000,0.800000,0.000000
2026-07-08,3.000000,KONAK,Caution,True,NITRITE_SUBSTANDARD,TEST,E3B_AUGMENTED_TRAIN_SYNTHETIC_TEST,SyntheticTest,KNN,Caution,1.000000,0.000000,0.000000
2026-07-08,24.000000,PINARBAŞI,Caution,True,NITRITE_SUBSTANDARD,TEST,E3B_AUGMENTED_TRAIN_SYNTHETIC_TEST,SyntheticTest,KNN,Good,0.000000,1.000000,0.000000
2026-07-01,74.000000,UZUNDERE,Caution,True,NITRITE_SUBSTANDARD,TEST,E3B_AUGMENTED_TRAIN_SYNTHETIC_TEST,SyntheticTest,KNN,Good,0.000000,1.000000,0.000000
2026-06-24,4.000000,GÜZELBAHÇE,Caution,True,MULTI_PARAMETER_SUBSTANDARD,TEST,E3B_AUGMENTED_TRAIN_SYNTHETIC_TEST,SyntheticTest,KNN,Caution,1.000000,0.000000,0.000000
2026-07-08,4.000000,GÜZELBAHÇE,Caution,True,MULTI_PARAMETER_SUBSTANDARD,TEST,E3B_AUGMENTED_TRAIN_SYNTHETIC_TEST,SyntheticTest,KNN,Caution,1.000000,0.000000,0.000000
2026-06-17,56.000000,YEŞİLOVA,Caution,True,MULTI_PARAMETER_SUBSTANDARD,TEST,E3B_AUGMENTED_TRAIN_SYNTHETIC_TEST,SyntheticTest,KNN,Caution,1.000000,0.000000,0.000000
2026-07-29,38.000000,EVKA-2,Caution,True,NITRITE_SUBSTANDARD,TEST,E3B_AUGMENTED_TRAIN_SYNTHETIC_TEST,SyntheticTest,KNN,Caution,1.000000,0.000000,0.000000
2026-06-17,74.000000,UZUNDERE,Caution,True,MULTI_PARAMETER_SUBSTANDARD,TEST,E3B_AUGMENTED_TRAIN_SYNTHETIC_TEST,SyntheticTest,KNN,Caution,1.000000,0.000000,0.000000
2026-07-29,30.000000,MANAVKUYU,Caution,True,AMMONIUM_NEAR_STANDARD,TEST,E3B_AUGMENTED_TRAIN_SYNTHETIC_TEST,SyntheticTest,KNN,Caution,1.000000,0.000000,0.000000
2026-07-29,22.000000,ÇAMDİBİ,Caution,True,NITRITE_SUBSTANDARD,TEST,E3B_AUGMENTED_TRAIN_SYNTHETIC_TEST,SyntheticTest,KNN,Caution,0.600000,0.400000,0.000000
2026-07-08,40.000000,GÜMÜŞPALA,Caution,True,MULTI_PARAMETER_SUBSTANDARD,TEST,E3B_AUGMENTED_TRAIN_SYNTHETIC_TEST,SyntheticTest,KNN,Caution,1.000000,0.000000,0.000000
2026-07-01,42.000000,YAMANLAR,Caution,True,MULTI_PARAMETER_SUBSTANDARD,TEST,E3B_AUGMENTED_TRAIN_SYNTHETIC_TEST,SyntheticTest,KNN,Caution,1.000000,0.000000,0.000000
2026-07-01,79.000000,ESENDERE,Caution,True,AMMONIUM_NEAR_STANDARD,TEST,E3B_AUGMENTED_TRAIN_SYNTHETIC_TEST,SyntheticTest,KNN,Caution,1.000000,0.000000,0.000000
2026-07-08,8.000000,GÜZELYALI,Caution,True,AMMONIUM_NEAR_STANDARD,TEST,E3B_AUGMENTED_TRAIN_SYNTHETIC_TEST,SyntheticTest,KNN,Caution,1.000000,0.000000,0.000000
2026-06-24,39.000000,ÖRNEKKÖY,Caution,True,NITRITE_SUBSTANDARD,TEST,E3B_AUGMENTED_TRAIN_SYNTHETIC_TEST,SyntheticTest,KNN,Good,0.000000,1.000000,0.000000
2026-06-24,20.000000,GÜLTEPE,Caution,True,AMMONIUM_NEAR_STANDARD,TEST,E3B_AUGMENTED_TRAIN_SYNTHETIC_TEST,SyntheticTest,KNN,Caution,1.000000,0.000000,0.000000
2026-06-10,20.000000,GÜLTEPE,Caution,True,AMMONIUM_NEAR_STANDARD,TEST,E3B_AUGMENTED_TRAIN_SYNTHETIC_TEST,SyntheticTest,KNN,Caution,1.000000,0.000000,0.000000
2026-06-17,79.000000,ESENDERE,Caution,True,AMMONIUM_NEAR_STANDARD,TEST,E3B_AUGMENTED_TRAIN_SYNTHETIC_TEST,SyntheticTest,KNN,Caution,1.000000,0.000000,0.000000
2026-06-17,57.000000,MERSİNLİ,Caution,True,NITRITE_SUBSTANDARD,TEST,E3B_AUGMENTED_TRAIN_SYNTHETIC_TEST,SyntheticTest,KNN,Good,0.400000,0.600000,0.000000
2026-07-01,46.000000,GÜZELTEPE,Caution,True,AMMONIUM_NEAR_STANDARD,TEST,E3B_AUGMENTED_TRAIN_SYNTHETIC_TEST,SyntheticTest,KNN,Caution,1.000000,0.000000,0.000000
2026-07-01,75.000000,CENNETÇEŞME,Caution,True,AMMONIUM_NEAR_STANDARD,TEST,E3B_AUGMENTED_TRAIN_SYNTHETIC_TEST,SyntheticTest,KNN,Caution,1.000000,0.000000,0.000000
2026-07-29,22.000000,ÇAMDİBİ,Caution,True,MULTI_PARAMETER_SUBSTANDARD,TEST,E3B_AUGMENTED_TRAIN_SYNTHETIC_TEST,SyntheticTest,KNN,Caution,1.000000,0.000000,0.000000
2026-07-29,23.000000,IŞIKKENT,Risk,True,COLIFORM_FAIL_FAST,TEST,E3B_AUGMENTED_TRAIN_SYNTHETIC_TEST,SyntheticTest,KNN,Risk,0.000000,0.000000,1.000000
2026-07-29,2.000000,YENİŞEHİR,Risk,True,C_PERFRINGENS_FAIL_FAST,TEST,E3B_AUGMENTED_TRAIN_SYNTHETIC_TEST,SyntheticTest,KNN,Risk,0.000000,0.000000,1.000000
2026-07-29,17.000000,ŞİRİNYER,Risk,True,E_COLI_FAIL_FAST,TEST,E3B_AUGMENTED_TRAIN_SYNTHETIC_TEST,SyntheticTest,KNN,Good,0.000000,0.600000,0.400000
2026-07-08,22.000000,ÇAMDİBİ,Risk,True,E_COLI_FAIL_FAST,TEST,E3B_AUGMENTED_TRAIN_SYNTHETIC_TEST,SyntheticTest,KNN,Risk,0.000000,0.000000,1.000000
2026-06-24,23.000000,IŞIKKENT,Risk,True,COLIFORM_FAIL_FAST,TEST,E3B_AUGMENTED_TRAIN_SYNTHETIC_TEST,SyntheticTest,KNN,Good,0.200000,0.800000,0.000000
2026-07-29,20.000000,GÜLTEPE,Risk,True,COLIFORM_FAIL_FAST,TEST,E3B_AUGMENTED_TRAIN_SYNTHETIC_TEST,SyntheticTest,KNN,Good,0.000000,1.000000,0.000000
2026-07-08,32.000000,EGEKENT,Risk,True,COLIFORM_FAIL_FAST,TEST,E3B_AUGMENTED_TRAIN_SYNTHETIC_TEST,SyntheticTest,KNN,Risk,0.000000,0.000000,1.000000
2026-07-08,20.000000,GÜLTEPE,Risk,True,NITRITE_FAIL_FAST,TEST,E3B_AUGMENTED_TRAIN_SYNTHETIC_TEST,SyntheticTest,KNN,Risk,0.000000,0.000000,1.000000
2026-07-29,34.000000,ÇİĞLİ,Risk,True,NITRITE_FAIL_FAST,TEST,E3B_AUGMENTED_TRAIN_SYNTHETIC_TEST,SyntheticTest,KNN,Risk,0.000000,0.000000,1.000000
2026-07-01,57.000000,MERSİNLİ,Risk,True,NITRITE_FAIL_FAST,TEST,E3B_AUGMENTED_TRAIN_SYNTHETIC_TEST,SyntheticTest,KNN,Risk,0.000000,0.000000,1.000000
2026-07-29,21.000000,ALTINDAĞ,Risk,True,NITRITE_FAIL_FAST,TEST,E3B_AUGMENTED_TRAIN_SYNTHETIC_TEST,SyntheticTest,KNN,Risk,0.000000,0.000000,1.000000
2026-06-10,37.000000,KARŞIYAKA,Risk,True,ARSENIC_FAIL_FAST,TEST,E3B_AUGMENTED_TRAIN_SYNTHETIC_TEST,SyntheticTest,KNN,Risk,0.000000,0.000000,1.000000
2026-06-10,23.000000,IŞIKKENT,Risk,True,NITRITE_FAIL_FAST,TEST,E3B_AUGMENTED_TRAIN_SYNTHETIC_TEST,SyntheticTest,KNN,Risk,0.000000,0.000000,1.000000
2026-06-10,19.000000,GÜLÇEŞME,Risk,True,C_PERFRINGENS_FAIL_FAST,TEST,E3B_AUGMENTED_TRAIN_SYNTHETIC_TEST,SyntheticTest,KNN,Risk,0.000000,0.000000,1.000000
2026-06-17,76.000000,GÜZELBAHÇE,Risk,True,C_PERFRINGENS_FAIL_FAST,TEST,E3B_AUGMENTED_TRAIN_SYNTHETIC_TEST,SyntheticTest,KNN,Risk,0.000000,0.000000,1.000000
2026-07-08,30.000000,MANAVKUYU,Risk,True,ARSENIC_FAIL_FAST,TEST,E3B_AUGMENTED_TRAIN_SYNTHETIC_TEST,SyntheticTest,KNN,Good,0.000000,0.800000,0.200000
2026-07-29,7.000000,ÜÇKUYULAR,Risk,True,C_PERFRINGENS_FAIL_FAST,TEST,E3B_AUGMENTED_TRAIN_SYNTHETIC_TEST,SyntheticTest,KNN,Risk,0.000000,0.000000,1.000000
2026-06-24,26.000000,BORNOVA,Risk,True,E_COLI_FAIL_FAST,TEST,E3B_AUGMENTED_TRAIN_SYNTHETIC_TEST,SyntheticTest,KNN,Risk,0.000000,0.000000,1.000000
2026-07-01,49.000000,ALAYBEY,Risk,True,C_PERFRINGENS_FAIL_FAST,TEST,E3B_AUGMENTED_TRAIN_SYNTHETIC_TEST,SyntheticTest,KNN,Risk,0.000000,0.000000,1.000000
2026-07-22,52.000000,İZYUVA,Risk,True,C_PERFRINGENS_FAIL_FAST,TEST,E3B_AUGMENTED_TRAIN_SYNTHETIC_TEST,SyntheticTest,KNN,Risk,0.000000,0.000000,1.000000
2026-06-17,45.000000,CUMHURİYET MAH,Risk,True,C_PERFRINGENS_FAIL_FAST,TEST,E3B_AUGMENTED_TRAIN_SYNTHETIC_TEST,SyntheticTest,KNN,Risk,0.000000,0.000000,1.000000
2026-06-17,42.000000,YAMANLAR,Risk,True,NITRITE_FAIL_FAST,TEST,E3B_AUGMENTED_TRAIN_SYNTHETIC_TEST,SyntheticTest,KNN,Risk,0.000000,0.000000,1.000000
2026-06-17,61.000000,LEVENT,Risk,True,C_PERFRINGENS_FAIL_FAST,TEST,E3B_AUGMENTED_TRAIN_SYNTHETIC_TEST,SyntheticTest,KNN,Risk,0.000000,0.200000,0.800000
2026-07-29,30.000000,MANAVKUYU,Risk,True,ARSENIC_FAIL_FAST,TEST,E3B_AUGMENTED_TRAIN_SYNTHETIC_TEST,SyntheticTest,KNN,Risk,0.000000,0.000000,1.000000
2026-06-17,43.000000,POSTACI MAH,Risk,True,E_COLI_FAIL_FAST,TEST,E3B_AUGMENTED_TRAIN_SYNTHETIC_TEST,SyntheticTest,KNN,Risk,0.000000,0.000000,1.000000
2026-06-17,80.000000,KADİFEKALE,Risk,True,C_PERFRINGENS_FAIL_FAST,TEST,E3B_AUGMENTED_TRAIN_SYNTHETIC_TEST,SyntheticTest,KNN,Risk,0.000000,0.000000,1.000000
2026-07-29,30.000000,MANAVKUYU,Risk,True,ARSENIC_FAIL_FAST,TEST,E3B_AUGMENTED_TRAIN_SYNTHETIC_TEST,SyntheticTest,KNN,Risk,0.000000,0.000000,1.000000
2026-07-01,62.000000,UFUK MAH,Risk,True,C_PERFRINGENS_FAIL_FAST,TEST,E3B_AUGMENTED_TRAIN_SYNTHETIC_TEST,SyntheticTest,KNN,Risk,0.000000,0.000000,1.000000
2026-06-10,39.000000,ÖRNEKKÖY,Risk,True,E_COLI_FAIL_FAST,TEST,E3B_AUGMENTED_TRAIN_SYNTHETIC_TEST,SyntheticTest,KNN,Risk,0.000000,0.000000,1.000000
2026-06-17,43.000000,POSTACI MAH,Risk,True,NITRITE_FAIL_FAST,TEST,E3B_AUGMENTED_TRAIN_SYNTHETIC_TEST,SyntheticTest,KNN,Risk,0.000000,0.000000,1.000000
2026-07-01,69.000000,UĞUR MUMCU MAH,Risk,True,C_PERFRINGENS_FAIL_FAST,TEST,E3B_AUGMENTED_TRAIN_SYNTHETIC_TEST,SyntheticTest,KNN,Risk,0.000000,0.000000,1.000000
2026-07-22,48.000000,EGEKENT-2,Risk,True,COLIFORM_FAIL_FAST,TEST,E3B_AUGMENTED_TRAIN_SYNTHETIC_TEST,SyntheticTest,KNN,Risk,0.000000,0.000000,1.000000
2026-07-01,47.000000,EVKA-5,Risk,True,COLIFORM_FAIL_FAST,TEST,E3B_AUGMENTED_TRAIN_SYNTHETIC_TEST,SyntheticTest,KNN,Risk,0.000000,0.000000,1.000000
2026-06-17,55.000000,MEVLANA,Risk,True,NITRITE_FAIL_FAST,TEST,E3B_AUGMENTED_TRAIN_SYNTHETIC_TEST,SyntheticTest,KNN,Risk,0.000000,0.000000,1.000000
2026-07-01,50.000000,CENGİZHAN,Risk,True,E_COLI_FAIL_FAST,TEST,E3B_AUGMENTED_TRAIN_SYNTHETIC_TEST,SyntheticTest,KNN,Risk,0.000000,0.000000,1.000000
2026-06-24,16.000000,GEDİZ,Risk,True,NITRITE_FAIL_FAST,TEST,E3B_AUGMENTED_TRAIN_SYNTHETIC_TEST,SyntheticTest,KNN,Caution,0.600000,0.200000,0.200000
2026-07-01,71.000000,AKTEPE,Risk,True,E_COLI_FAIL_FAST,TEST,E3B_AUGMENTED_TRAIN_SYNTHETIC_TEST,SyntheticTest,KNN,Risk,0.000000,0.000000,1.000000
2026-07-29,23.000000,IŞIKKENT,Risk,True,E_COLI_FAIL_FAST,TEST,E3B_AUGMENTED_TRAIN_SYNTHETIC_TEST,SyntheticTest,KNN,Risk,0.000000,0.000000,1.000000
2026-06-10,33.000000,BALATÇIK,Risk,True,C_PERFRINGENS_FAIL_FAST,TEST,E3B_AUGMENTED_TRAIN_SYNTHETIC_TEST,SyntheticTest,KNN,Risk,0.000000,0.000000,1.000000
2026-07-01,47.000000,EVKA-5,Risk,True,NITRITE_FAIL_FAST,TEST,E3B_AUGMENTED_TRAIN_SYNTHETIC_TEST,SyntheticTest,KNN,Risk,0.000000,0.000000,1.000000
2026-06-24,23.000000,IŞIKKENT,Risk,True,COLIFORM_FAIL_FAST,TEST,E3B_AUGMENTED_TRAIN_SYNTHETIC_TEST,SyntheticTest,KNN,Risk,0.000000,0.000000,1.000000
2026-07-01,75.000000,CENNETÇEŞME,Risk,True,C_PERFRINGENS_FAIL_FAST,TEST,E3B_AUGMENTED_TRAIN_SYNTHETIC_TEST,SyntheticTest,KNN,Risk,0.000000,0.200000,0.800000
2026-07-29,23.000000,IŞIKKENT,Risk,True,C_PERFRINGENS_FAIL_FAST,TEST,E3B_AUGMENTED_TRAIN_SYNTHETIC_TEST,SyntheticTest,KNN,Risk,0.000000,0.000000,1.000000
2026-06-10,23.000000,IŞIKKENT,Risk,True,NITRITE_FAIL_FAST,TEST,E3B_AUGMENTED_TRAIN_SYNTHETIC_TEST,SyntheticTest,KNN,Caution,0.600000,0.000000,0.400000
2026-06-24,4.000000,GÜZELBAHÇE,Risk,True,COLIFORM_FAIL_FAST,TEST,E3B_AUGMENTED_TRAIN_SYNTHETIC_TEST,SyntheticTest,KNN,Risk,0.000000,0.000000,1.000000
2026-07-08,16.000000,GEDİZ,Risk,True,NITRITE_FAIL_FAST,TEST,E3B_AUGMENTED_TRAIN_SYNTHETIC_TEST,SyntheticTest,KNN,Risk,0.000000,0.000000,1.000000
2026-07-08,9.000000,HATAY,Risk,True,NITRITE_FAIL_FAST,TEST,E3B_AUGMENTED_TRAIN_SYNTHETIC_TEST,SyntheticTest,KNN,Risk,0.000000,0.000000,1.000000
2026-07-08,21.000000,ALTINDAĞ,Risk,True,E_COLI_FAIL_FAST,TEST,E3B_AUGMENTED_TRAIN_SYNTHETIC_TEST,SyntheticTest,KNN,Risk,0.000000,0.000000,1.000000
2026-06-10,6.000000,BALÇOVA,Risk,True,C_PERFRINGENS_FAIL_FAST,TEST,E3B_AUGMENTED_TRAIN_SYNTHETIC_TEST,SyntheticTest,KNN,Risk,0.000000,0.000000,1.000000
2026-06-17,76.000000,GÜZELBAHÇE,Risk,True,C_PERFRINGENS_FAIL_FAST,TEST,E3B_AUGMENTED_TRAIN_SYNTHETIC_TEST,SyntheticTest,KNN,Good,0.000000,0.800000,0.200000
2026-06-24,34.000000,ÇİĞLİ,Risk,True,NITRITE_FAIL_FAST,TEST,E3B_AUGMENTED_TRAIN_SYNTHETIC_TEST,SyntheticTest,KNN,Risk,0.000000,0.000000,1.000000
2026-06-10,22.000000,ÇAMDİBİ,Risk,True,E_COLI_FAIL_FAST,TEST,E3B_AUGMENTED_TRAIN_SYNTHETIC_TEST,SyntheticTest,KNN,Risk,0.000000,0.000000,1.000000
2026-07-08,21.000000,ALTINDAĞ,Risk,True,ARSENIC_FAIL_FAST,TEST,E3B_AUGMENTED_TRAIN_SYNTHETIC_TEST,SyntheticTest,KNN,Risk,0.000000,0.000000,1.000000
2026-07-08,3.000000,KONAK,Risk,True,E_COLI_FAIL_FAST,TEST,E3B_AUGMENTED_TRAIN_SYNTHETIC_TEST,SyntheticTest,KNN,Risk,0.000000,0.000000,1.000000
2026-06-24,27.000000,ATATÜRK MAH,Risk,True,ARSENIC_FAIL_FAST,TEST,E3B_AUGMENTED_TRAIN_SYNTHETIC_TEST,SyntheticTest,KNN,Risk,0.000000,0.000000,1.000000
2026-06-10,36.000000,ŞEMİKLER,Risk,True,C_PERFRINGENS_FAIL_FAST,TEST,E3B_AUGMENTED_TRAIN_SYNTHETIC_TEST,SyntheticTest,KNN,Risk,0.000000,0.000000,1.000000
2026-07-29,33.000000,BALATÇIK,Risk,True,NITRITE_FAIL_FAST,TEST,E3B_AUGMENTED_TRAIN_SYNTHETIC_TEST,SyntheticTest,KNN,Risk,0.000000,0.000000,1.000000
2026-06-17,70.000000,ÇAMLIK MAH,Risk,True,E_COLI_FAIL_FAST,TEST,E3B_AUGMENTED_TRAIN_SYNTHETIC_TEST,SyntheticTest,KNN,Risk,0.000000,0.000000,1.000000
2026-07-01,57.000000,MERSİNLİ,Risk,True,NITRITE_FAIL_FAST,TEST,E3B_AUGMENTED_TRAIN_SYNTHETIC_TEST,SyntheticTest,KNN,Risk,0.000000,0.000000,1.000000
2026-07-22,67.000000,ÇAMLIKULE,Risk,True,C_PERFRINGENS_FAIL_FAST,TEST,E3B_AUGMENTED_TRAIN_SYNTHETIC_TEST,SyntheticTest,KNN,Good,0.000000,0.800000,0.200000
2026-07-22,47.000000,EVKA-5,Risk,True,E_COLI_FAIL_FAST,TEST,E3B_AUGMENTED_TRAIN_SYNTHETIC_TEST,SyntheticTest,KNN,Good,0.000000,0.800000,0.200000
2026-07-08,16.000000,GEDİZ,Risk,True,COLIFORM_FAIL_FAST,TEST,E3B_AUGMENTED_TRAIN_SYNTHETIC_TEST,SyntheticTest,KNN,Good,0.200000,0.800000,0.000000
2026-07-22,75.000000,CENNETÇEŞME,Risk,True,C_PERFRINGENS_FAIL_FAST,TEST,E3B_AUGMENTED_TRAIN_SYNTHETIC_TEST,SyntheticTest,KNN,Risk,0.000000,0.000000,1.000000
2026-07-22,42.000000,YAMANLAR,Risk,True,E_COLI_FAIL_FAST,TEST,E3B_AUGMENTED_TRAIN_SYNTHETIC_TEST,SyntheticTest,KNN,Risk,0.000000,0.000000,1.000000
2026-06-10,28.000000,OSMANGAZİ,Risk,True,COLIFORM_FAIL_FAST,TEST,E3B_AUGMENTED_TRAIN_SYNTHETIC_TEST,SyntheticTest,KNN,Risk,0.000000,0.000000,1.000000
2026-06-24,18.000000,BUCA,Risk,True,COLIFORM_FAIL_FAST,TEST,E3B_AUGMENTED_TRAIN_SYNTHETIC_TEST,SyntheticTest,KNN,Good,0.200000,0.800000,0.000000
2026-06-24,13.000000,KARABAĞLAR,Risk,True,NITRITE_FAIL_FAST,TEST,E3B_AUGMENTED_TRAIN_SYNTHETIC_TEST,SyntheticTest,KNN,Risk,0.000000,0.000000,1.000000
2026-06-17,69.000000,UĞUR MUMCU MAH,Risk,True,NITRITE_FAIL_FAST,TEST,E3B_AUGMENTED_TRAIN_SYNTHETIC_TEST,SyntheticTest,KNN,Risk,0.000000,0.000000,1.000000
2026-06-24,22.000000,ÇAMDİBİ,Risk,True,C_PERFRINGENS_FAIL_FAST,TEST,E3B_AUGMENTED_TRAIN_SYNTHETIC_TEST,SyntheticTest,KNN,Risk,0.000000,0.200000,0.800000
2026-06-10,5.000000,NARLIDERE,Risk,True,E_COLI_FAIL_FAST,TEST,E3B_AUGMENTED_TRAIN_SYNTHETIC_TEST,SyntheticTest,KNN,Risk,0.000000,0.000000,1.000000
2026-06-17,49.000000,ALAYBEY,Risk,True,E_COLI_FAIL_FAST,TEST,E3B_AUGMENTED_TRAIN_SYNTHETIC_TEST,SyntheticTest,KNN,Risk,0.000000,0.000000,1.000000
2026-07-08,24.000000,PINARBAŞI,Risk,True,COLIFORM_FAIL_FAST,TEST,E3B_AUGMENTED_TRAIN_SYNTHETIC_TEST,SyntheticTest,KNN,Risk,0.000000,0.000000,1.000000
2026-06-10,25.000000,EVKA-3,Risk,True,E_COLI_FAIL_FAST,TEST,E3B_AUGMENTED_TRAIN_SYNTHETIC_TEST,SyntheticTest,KNN,Risk,0.000000,0.000000,1.000000
2026-07-08,28.000000,OSMANGAZİ,Risk,True,NITRITE_FAIL_FAST,TEST,E3B_AUGMENTED_TRAIN_SYNTHETIC_TEST,SyntheticTest,KNN,Risk,0.000000,0.000000,1.000000
2026-07-29,35.000000,BOSTANLI,Risk,True,E_COLI_FAIL_FAST,TEST,E3B_AUGMENTED_TRAIN_SYNTHETIC_TEST,SyntheticTest,KNN,Risk,0.000000,0.000000,1.000000
2026-07-01,70.000000,ÇAMLIK MAH,Risk,True,NITRITE_FAIL_FAST,TEST,E3B_AUGMENTED_TRAIN_SYNTHETIC_TEST,SyntheticTest,KNN,Risk,0.000000,0.000000,1.000000
2026-07-08,15.000000,GAZİEMİR,Risk,True,NITRITE_FAIL_FAST,TEST,E3B_AUGMENTED_TRAIN_SYNTHETIC_TEST,SyntheticTest,KNN,Risk,0.200000,0.000000,0.800000
2026-07-01,48.000000,EGEKENT-2,Risk,True,NITRITE_FAIL_FAST,TEST,E3B_AUGMENTED_TRAIN_SYNTHETIC_TEST,SyntheticTest,KNN,Risk,0.000000,0.000000,1.000000
2026-06-17,72.000000,9 EYLÜL MAH,Risk,True,ARSENIC_FAIL_FAST,TEST,E3B_AUGMENTED_TRAIN_SYNTHETIC_TEST,SyntheticTest,KNN,Risk,0.000000,0.000000,1.000000
2026-07-01,80.000000,KADİFEKALE,Risk,True,ARSENIC_FAIL_FAST,TEST,E3B_AUGMENTED_TRAIN_SYNTHETIC_TEST,SyntheticTest,KNN,Risk,0.200000,0.000000,0.800000
2026-06-24,16.000000,GEDİZ,Risk,True,E_COLI_FAIL_FAST,TEST,E3B_AUGMENTED_TRAIN_SYNTHETIC_TEST,SyntheticTest,KNN,Risk,0.000000,0.200000,0.800000
2026-06-24,18.000000,BUCA,Risk,True,E_COLI_FAIL_FAST,TEST,E3B_AUGMENTED_TRAIN_SYNTHETIC_TEST,SyntheticTest,KNN,Good,0.200000,0.600000,0.200000
2026-07-29,19.000000,GÜLÇEŞME,Risk,True,NITRITE_FAIL_FAST,TEST,E3B_AUGMENTED_TRAIN_SYNTHETIC_TEST,SyntheticTest,KNN,Risk,0.000000,0.000000,1.000000
2026-06-10,39.000000,ÖRNEKKÖY,Risk,True,ARSENIC_FAIL_FAST,TEST,E3B_AUGMENTED_TRAIN_SYNTHETIC_TEST,SyntheticTest,KNN,Risk,0.000000,0.000000,1.000000
2026-07-08,32.000000,EGEKENT,Risk,True,ARSENIC_FAIL_FAST,TEST,E3B_AUGMENTED_TRAIN_SYNTHETIC_TEST,SyntheticTest,KNN,Risk,0.000000,0.400000,0.600000
2026-06-10,29.000000,ÖZKANLAR,Risk,True,NITRITE_FAIL_FAST,TEST,E3B_AUGMENTED_TRAIN_SYNTHETIC_TEST,SyntheticTest,KNN,Risk,0.000000,0.000000,1.000000
2026-07-08,27.000000,ATATÜRK MAH,Risk,True,C_PERFRINGENS_FAIL_FAST,TEST,E3B_AUGMENTED_TRAIN_SYNTHETIC_TEST,SyntheticTest,KNN,Caution,0.400000,0.200000,0.400000
2026-06-10,28.000000,OSMANGAZİ,Risk,True,C_PERFRINGENS_FAIL_FAST,TEST,E3B_AUGMENTED_TRAIN_SYNTHETIC_TEST,SyntheticTest,KNN,Risk,0.000000,0.000000,1.000000
2026-07-08,17.000000,ŞİRİNYER,Risk,True,NITRITE_FAIL_FAST,TEST,E3B_AUGMENTED_TRAIN_SYNTHETIC_TEST,SyntheticTest,KNN,Risk,0.000000,0.000000,1.000000
2026-07-01,66.000000,KOZAĞAÇ,Risk,True,NITRITE_FAIL_FAST,TEST,E3B_AUGMENTED_TRAIN_SYNTHETIC_TEST,SyntheticTest,KNN,Risk,0.000000,0.000000,1.000000
2026-06-24,40.000000,GÜMÜŞPALA,Risk,True,COLIFORM_FAIL_FAST,TEST,E3B_AUGMENTED_TRAIN_SYNTHETIC_TEST,SyntheticTest,KNN,Risk,0.000000,0.000000,1.000000
2026-06-10,14.000000,ESKİ İZMİR,Risk,True,ARSENIC_FAIL_FAST,TEST,E3B_AUGMENTED_TRAIN_SYNTHETIC_TEST,SyntheticTest,KNN,Risk,0.000000,0.000000,1.000000
2026-06-24,30.000000,MANAVKUYU,Risk,True,C_PERFRINGENS_FAIL_FAST,TEST,E3B_AUGMENTED_TRAIN_SYNTHETIC_TEST,SyntheticTest,KNN,Risk,0.000000,0.000000,1.000000
2026-06-24,38.000000,EVKA-2,Risk,True,C_PERFRINGENS_FAIL_FAST,TEST,E3B_AUGMENTED_TRAIN_SYNTHETIC_TEST,SyntheticTest,KNN,Risk,0.000000,0.000000,1.000000
2026-07-08,5.000000,NARLIDERE,Risk,True,ARSENIC_FAIL_FAST,TEST,E3B_AUGMENTED_TRAIN_SYNTHETIC_TEST,SyntheticTest,KNN,Risk,0.000000,0.000000,1.000000
2026-07-29,14.000000,ESKİ İZMİR,Risk,True,E_COLI_FAIL_FAST,TEST,E3B_AUGMENTED_TRAIN_SYNTHETIC_TEST,SyntheticTest,KNN,Good,0.000000,0.600000,0.400000
2026-06-10,35.000000,BOSTANLI,Risk,True,COLIFORM_FAIL_FAST,TEST,E3B_AUGMENTED_TRAIN_SYNTHETIC_TEST,SyntheticTest,KNN,Good,0.000000,1.000000,0.000000
2026-07-01,70.000000,ÇAMLIK MAH,Risk,True,C_PERFRINGENS_FAIL_FAST,TEST,E3B_AUGMENTED_TRAIN_SYNTHETIC_TEST,SyntheticTest,KNN,Risk,0.000000,0.000000,1.000000
2026-07-01,63.000000,EVKA-1,Risk,True,ARSENIC_FAIL_FAST,TEST,E3B_AUGMENTED_TRAIN_SYNTHETIC_TEST,SyntheticTest,KNN,Risk,0.000000,0.000000,1.000000
2026-06-17,74.000000,UZUNDERE,Risk,True,NITRITE_FAIL_FAST,TEST,E3B_AUGMENTED_TRAIN_SYNTHETIC_TEST,SyntheticTest,KNN,Risk,0.000000,0.000000,1.000000
2026-06-10,22.000000,ÇAMDİBİ,Risk,True,COLIFORM_FAIL_FAST,TEST,E3B_AUGMENTED_TRAIN_SYNTHETIC_TEST,SyntheticTest,KNN,Risk,0.000000,0.000000,1.000000
2026-07-08,38.000000,EVKA-2,Risk,True,E_COLI_FAIL_FAST,TEST,E3B_AUGMENTED_TRAIN_SYNTHETIC_TEST,SyntheticTest,KNN,Risk,0.000000,0.000000,1.000000
2026-06-10,24.000000,PINARBAŞI,Risk,True,COLIFORM_FAIL_FAST,TEST,E3B_AUGMENTED_TRAIN_SYNTHETIC_TEST,SyntheticTest,KNN,Good,0.000000,1.000000,0.000000
2026-07-29,20.000000,GÜLTEPE,Risk,True,NITRITE_FAIL_FAST,TEST,E3B_AUGMENTED_TRAIN_SYNTHETIC_TEST,SyntheticTest,KNN,Caution,0.600000,0.000000,0.400000
2026-07-29,16.000000,GEDİZ,Risk,True,NITRITE_FAIL_FAST,TEST,E3B_AUGMENTED_TRAIN_SYNTHETIC_TEST,SyntheticTest,KNN,Risk,0.000000,0.000000,1.000000
2026-07-01,56.000000,YEŞİLOVA,Risk,True,E_COLI_FAIL_FAST,TEST,E3B_AUGMENTED_TRAIN_SYNTHETIC_TEST,SyntheticTest,KNN,Good,0.000000,0.800000,0.200000
2026-06-17,75.000000,CENNETÇEŞME,Risk,True,C_PERFRINGENS_FAIL_FAST,TEST,E3B_AUGMENTED_TRAIN_SYNTHETIC_TEST,SyntheticTest,KNN,Risk,0.000000,0.200000,0.800000
2026-06-17,76.000000,GÜZELBAHÇE,Risk,True,NITRITE_FAIL_FAST,TEST,E3B_AUGMENTED_TRAIN_SYNTHETIC_TEST,SyntheticTest,KNN,Risk,0.000000,0.000000,1.000000
2026-06-17,44.000000,YAMAÇ MAH,Risk,True,NITRITE_FAIL_FAST,TEST,E3B_AUGMENTED_TRAIN_SYNTHETIC_TEST,SyntheticTest,KNN,Risk,0.000000,0.000000,1.000000
2026-07-01,41.000000,DOĞANÇAY,Risk,True,ARSENIC_FAIL_FAST,TEST,E3B_AUGMENTED_TRAIN_SYNTHETIC_TEST,SyntheticTest,KNN,Risk,0.000000,0.000000,1.000000
2026-07-01,47.000000,EVKA-5,Risk,True,ARSENIC_FAIL_FAST,TEST,E3B_AUGMENTED_TRAIN_SYNTHETIC_TEST,SyntheticTest,KNN,Risk,0.000000,0.000000,1.000000
2026-07-08,37.000000,KARŞIYAKA,Risk,True,ARSENIC_FAIL_FAST,TEST,E3B_AUGMENTED_TRAIN_SYNTHETIC_TEST,SyntheticTest,KNN,Risk,0.000000,0.000000,1.000000
2026-06-10,19.000000,GÜLÇEŞME,Risk,True,COLIFORM_FAIL_FAST,TEST,E3B_AUGMENTED_TRAIN_SYNTHETIC_TEST,SyntheticTest,KNN,Good,0.200000,0.800000,0.000000
2026-06-10,28.000000,OSMANGAZİ,Risk,True,COLIFORM_FAIL_FAST,TEST,E3B_AUGMENTED_TRAIN_SYNTHETIC_TEST,SyntheticTest,KNN,Risk,0.000000,0.000000,1.000000
2026-07-08,7.000000,ÜÇKUYULAR,Risk,True,COLIFORM_FAIL_FAST,TEST,E3B_AUGMENTED_TRAIN_SYNTHETIC_TEST,SyntheticTest,KNN,Risk,0.000000,0.000000,1.000000
2026-06-10,3.000000,KONAK,Risk,True,COLIFORM_FAIL_FAST,TEST,E3B_AUGMENTED_TRAIN_SYNTHETIC_TEST,SyntheticTest,KNN,Risk,0.000000,0.000000,1.000000
2026-07-08,24.000000,PINARBAŞI,Risk,True,E_COLI_FAIL_FAST,TEST,E3B_AUGMENTED_TRAIN_SYNTHETIC_TEST,SyntheticTest,KNN,Risk,0.000000,0.000000,1.000000
2026-06-17,61.000000,LEVENT,Good,False,REAL,REAL,E3_AUGMENTED_TRAIN_MIXED_TEST,MixedTest,KNN,Good,0.000000,1.000000,0.000000
2026-06-17,69.000000,UĞUR MUMCU MAH,Good,False,REAL,REAL,E3_AUGMENTED_TRAIN_MIXED_TEST,MixedTest,KNN,Good,0.000000,1.000000,0.000000
2026-06-10,38.000000,EVKA-2,Good,False,REAL,REAL,E3_AUGMENTED_TRAIN_MIXED_TEST,MixedTest,KNN,Good,0.000000,1.000000,0.000000
2026-07-22,55.000000,MEVLANA,Caution,True,AMMONIUM_NEAR_STANDARD,TEST,E3_AUGMENTED_TRAIN_MIXED_TEST,MixedTest,KNN,Caution,1.000000,0.000000,0.000000
2026-06-17,79.000000,ESENDERE,Good,False,REAL,REAL,E3_AUGMENTED_TRAIN_MIXED_TEST,MixedTest,KNN,Good,0.000000,1.000000,0.000000
2026-07-29,33.000000,BALATÇIK,Good,False,REAL,REAL,E3_AUGMENTED_TRAIN_MIXED_TEST,MixedTest,KNN,Good,0.000000,1.000000,0.000000
2026-07-29,5.000000,NARLIDERE,Good,False,REAL,REAL,E3_AUGMENTED_TRAIN_MIXED_TEST,MixedTest,KNN,Good,0.000000,1.000000,0.000000
2026-06-10,13.000000,KARABAĞLAR,Good,False,REAL,REAL,E3_AUGMENTED_TRAIN_MIXED_TEST,MixedTest,KNN,Good,0.200000,0.800000,0.000000
2026-07-01,48.000000,EGEKENT-2,Risk,True,NITRITE_FAIL_FAST,TEST,E3_AUGMENTED_TRAIN_MIXED_TEST,MixedTest,KNN,Risk,0.000000,0.000000,1.000000
2026-07-29,38.000000,EVKA-2,Good,False,REAL,REAL,E3_AUGMENTED_TRAIN_MIXED_TEST,MixedTest,KNN,Good,0.000000,1.000000,0.000000
2026-06-24,5.000000,NARLIDERE,Good,False,REAL,REAL,E3_AUGMENTED_TRAIN_MIXED_TEST,MixedTest,KNN,Good,0.000000,1.000000,0.000000
2026-06-17,80.000000,KADİFEKALE,Good,False,REAL,REAL,E3_AUGMENTED_TRAIN_MIXED_TEST,MixedTest,KNN,Good,0.000000,1.000000,0.000000
2026-07-01,75.000000,CENNETÇEŞME,Caution,True,AMMONIUM_NEAR_STANDARD,TEST,E3_AUGMENTED_TRAIN_MIXED_TEST,MixedTest,KNN,Caution,1.000000,0.000000,0.000000
2026-06-24,11.000000,YEŞİLYURT,Good,False,REAL,REAL,E3_AUGMENTED_TRAIN_MIXED_TEST,MixedTest,KNN,Good,0.000000,1.000000,0.000000
2026-07-29,32.000000,EGEKENT,Caution,True,NITRITE_SUBSTANDARD,TEST,E3_AUGMENTED_TRAIN_MIXED_TEST,MixedTest,KNN,Good,0.200000,0.800000,0.000000
2026-06-24,15.000000,GAZİEMİR,Caution,True,NITRITE_SUBSTANDARD,TEST,E3_AUGMENTED_TRAIN_MIXED_TEST,MixedTest,KNN,Good,0.200000,0.800000,0.000000
2026-07-01,47.000000,EVKA-5,Risk,True,ARSENIC_FAIL_FAST,TEST,E3_AUGMENTED_TRAIN_MIXED_TEST,MixedTest,KNN,Risk,0.000000,0.000000,1.000000
2026-06-17,76.000000,GÜZELBAHÇE,Risk,True,NITRITE_FAIL_FAST,TEST,E3_AUGMENTED_TRAIN_MIXED_TEST,MixedTest,KNN,Risk,0.000000,0.000000,1.000000
2026-07-29,35.000000,BOSTANLI,Risk,True,E_COLI_FAIL_FAST,TEST,E3_AUGMENTED_TRAIN_MIXED_TEST,MixedTest,KNN,Risk,0.000000,0.000000,1.000000
2026-06-24,4.000000,GÜZELBAHÇE,Good,False,REAL,REAL,E3_AUGMENTED_TRAIN_MIXED_TEST,MixedTest,KNN,Good,0.000000,1.000000,0.000000
2026-06-10,2.000000,YENİŞEHİR,Good,False,REAL,REAL,E3_AUGMENTED_TRAIN_MIXED_TEST,MixedTest,KNN,Good,0.000000,1.000000,0.000000
2026-06-24,23.000000,IŞIKKENT,Good,False,REAL,REAL,E3_AUGMENTED_TRAIN_MIXED_TEST,MixedTest,KNN,Good,0.200000,0.800000,0.000000
2026-06-10,15.000000,GAZİEMİR,Good,False,REAL,REAL,E3_AUGMENTED_TRAIN_MIXED_TEST,MixedTest,KNN,Good,0.400000,0.600000,0.000000
2026-07-22,42.000000,YAMANLAR,Risk,True,E_COLI_FAIL_FAST,TEST,E3_AUGMENTED_TRAIN_MIXED_TEST,MixedTest,KNN,Risk,0.000000,0.000000,1.000000
2026-06-24,3.000000,KONAK,Good,False,REAL,REAL,E3_AUGMENTED_TRAIN_MIXED_TEST,MixedTest,KNN,Good,0.000000,1.000000,0.000000
2026-07-01,72.000000,9 EYLÜL MAH,Good,False,REAL,REAL,E3_AUGMENTED_TRAIN_MIXED_TEST,MixedTest,KNN,Good,0.000000,1.000000,0.000000
2026-07-22,41.000000,DOĞANÇAY,Caution,True,MULTI_PARAMETER_SUBSTANDARD,TEST,E3_AUGMENTED_TRAIN_MIXED_TEST,MixedTest,KNN,Caution,1.000000,0.000000,0.000000
2026-07-29,14.000000,ESKİ İZMİR,Caution,True,MULTI_PARAMETER_SUBSTANDARD,TEST,E3_AUGMENTED_TRAIN_MIXED_TEST,MixedTest,KNN,Caution,1.000000,0.000000,0.000000
2026-06-10,35.000000,BOSTANLI,Good,False,REAL,REAL,E3_AUGMENTED_TRAIN_MIXED_TEST,MixedTest,KNN,Good,0.000000,1.000000,0.000000
2026-07-08,21.000000,ALTINDAĞ,Risk,True,ARSENIC_FAIL_FAST,TEST,E3_AUGMENTED_TRAIN_MIXED_TEST,MixedTest,KNN,Risk,0.000000,0.000000,1.000000
2026-07-08,29.000000,ÖZKANLAR,Good,False,REAL,REAL,E3_AUGMENTED_TRAIN_MIXED_TEST,MixedTest,KNN,Good,0.000000,1.000000,0.000000
2026-07-01,69.000000,UĞUR MUMCU MAH,Good,False,REAL,REAL,E3_AUGMENTED_TRAIN_MIXED_TEST,MixedTest,KNN,Good,0.000000,1.000000,0.000000
2026-07-22,48.000000,EGEKENT-2,Risk,True,COLIFORM_FAIL_FAST,TEST,E3_AUGMENTED_TRAIN_MIXED_TEST,MixedTest,KNN,Risk,0.000000,0.000000,1.000000
2026-06-24,20.000000,GÜLTEPE,Good,False,REAL,REAL,E3_AUGMENTED_TRAIN_MIXED_TEST,MixedTest,KNN,Good,0.000000,1.000000,0.000000
2026-06-10,22.000000,ÇAMDİBİ,Good,False,REAL,REAL,E3_AUGMENTED_TRAIN_MIXED_TEST,MixedTest,KNN,Good,0.000000,1.000000,0.000000
2026-06-17,44.000000,YAMAÇ MAH,Good,False,REAL,REAL,E3_AUGMENTED_TRAIN_MIXED_TEST,MixedTest,KNN,Good,0.000000,1.000000,0.000000
2026-06-24,7.000000,ÜÇKUYULAR,Good,False,REAL,REAL,E3_AUGMENTED_TRAIN_MIXED_TEST,MixedTest,KNN,Good,0.000000,1.000000,0.000000
2026-06-17,76.000000,GÜZELBAHÇE,Good,False,REAL,REAL,E3_AUGMENTED_TRAIN_MIXED_TEST,MixedTest,KNN,Good,0.000000,1.000000,0.000000
2026-07-01,64.000000,ADATEPE,Good,False,REAL,REAL,E3_AUGMENTED_TRAIN_MIXED_TEST,MixedTest,KNN,Good,0.000000,1.000000,0.000000
2026-07-22,54.000000,YEŞİLÇAM,Good,False,REAL,REAL,E3_AUGMENTED_TRAIN_MIXED_TEST,MixedTest,KNN,Good,0.000000,1.000000,0.000000
2026-06-24,32.000000,EGEKENT,Good,False,REAL,REAL,E3_AUGMENTED_TRAIN_MIXED_TEST,MixedTest,KNN,Good,0.200000,0.800000,0.000000
2026-07-08,2.000000,YENİŞEHİR,Good,False,REAL,REAL,E3_AUGMENTED_TRAIN_MIXED_TEST,MixedTest,KNN,Good,0.000000,1.000000,0.000000
2026-06-10,19.000000,GÜLÇEŞME,Risk,True,C_PERFRINGENS_FAIL_FAST,TEST,E3_AUGMENTED_TRAIN_MIXED_TEST,MixedTest,KNN,Risk,0.000000,0.000000,1.000000
2026-07-01,63.000000,EVKA-1,Risk,True,ARSENIC_FAIL_FAST,TEST,E3_AUGMENTED_TRAIN_MIXED_TEST,MixedTest,KNN,Risk,0.000000,0.000000,1.000000
2026-07-01,56.000000,YEŞİLOVA,Risk,True,E_COLI_FAIL_FAST,TEST,E3_AUGMENTED_TRAIN_MIXED_TEST,MixedTest,KNN,Good,0.000000,0.800000,0.200000
2026-06-17,69.000000,UĞUR MUMCU MAH,Caution,True,AMMONIUM_NEAR_STANDARD,TEST,E3_AUGMENTED_TRAIN_MIXED_TEST,MixedTest,KNN,Caution,1.000000,0.000000,0.000000
2026-06-17,42.000000,YAMANLAR,Caution,True,NITRITE_SUBSTANDARD,TEST,E3_AUGMENTED_TRAIN_MIXED_TEST,MixedTest,KNN,Caution,1.000000,0.000000,0.000000
2026-07-08,37.000000,KARŞIYAKA,Risk,True,ARSENIC_FAIL_FAST,TEST,E3_AUGMENTED_TRAIN_MIXED_TEST,MixedTest,KNN,Risk,0.000000,0.000000,1.000000
2026-06-24,27.000000,ATATÜRK MAH,Risk,True,ARSENIC_FAIL_FAST,TEST,E3_AUGMENTED_TRAIN_MIXED_TEST,MixedTest,KNN,Risk,0.000000,0.000000,1.000000
2026-07-01,75.000000,CENNETÇEŞME,Risk,True,C_PERFRINGENS_FAIL_FAST,TEST,E3_AUGMENTED_TRAIN_MIXED_TEST,MixedTest,KNN,Risk,0.000000,0.200000,0.800000
2026-07-29,16.000000,GEDİZ,Risk,True,NITRITE_FAIL_FAST,TEST,E3_AUGMENTED_TRAIN_MIXED_TEST,MixedTest,KNN,Risk,0.000000,0.000000,1.000000
2026-06-17,59.000000,ÇANKAYA,Caution,True,NITRITE_SUBSTANDARD,TEST,E3_AUGMENTED_TRAIN_MIXED_TEST,MixedTest,KNN,Good,0.200000,0.800000,0.000000
2026-07-08,37.000000,KARŞIYAKA,Good,False,REAL,REAL,E3_AUGMENTED_TRAIN_MIXED_TEST,MixedTest,KNN,Good,0.000000,1.000000,0.000000
2026-06-24,34.000000,ÇİĞLİ,Caution,True,NITRITE_SUBSTANDARD,TEST,E3_AUGMENTED_TRAIN_MIXED_TEST,MixedTest,KNN,Caution,1.000000,0.000000,0.000000
2026-07-22,54.000000,YEŞİLÇAM,Caution,True,MULTI_PARAMETER_SUBSTANDARD,TEST,E3_AUGMENTED_TRAIN_MIXED_TEST,MixedTest,KNN,Caution,1.000000,0.000000,0.000000
2026-07-01,63.000000,EVKA-1,Good,False,REAL,REAL,E3_AUGMENTED_TRAIN_MIXED_TEST,MixedTest,KNN,Good,0.000000,1.000000,0.000000
2026-06-24,6.000000,BALÇOVA,Good,False,REAL,REAL,E3_AUGMENTED_TRAIN_MIXED_TEST,MixedTest,KNN,Good,0.000000,1.000000,0.000000
2026-07-29,19.000000,GÜLÇEŞME,Risk,True,NITRITE_FAIL_FAST,TEST,E3_AUGMENTED_TRAIN_MIXED_TEST,MixedTest,KNN,Risk,0.000000,0.000000,1.000000
2026-07-08,9.000000,HATAY,Risk,True,NITRITE_FAIL_FAST,TEST,E3_AUGMENTED_TRAIN_MIXED_TEST,MixedTest,KNN,Risk,0.000000,0.000000,1.000000
2026-06-17,61.000000,LEVENT,Risk,True,C_PERFRINGENS_FAIL_FAST,TEST,E3_AUGMENTED_TRAIN_MIXED_TEST,MixedTest,KNN,Risk,0.000000,0.200000,0.800000
2026-07-08,8.000000,GÜZELYALI,Good,False,REAL,REAL,E3_AUGMENTED_TRAIN_MIXED_TEST,MixedTest,KNN,Good,0.000000,1.000000,0.000000
2026-06-24,5.000000,NARLIDERE,Caution,True,MULTI_PARAMETER_SUBSTANDARD,TEST,E3_AUGMENTED_TRAIN_MIXED_TEST,MixedTest,KNN,Caution,1.000000,0.000000,0.000000
2026-06-17,44.000000,YAMAÇ MAH,Risk,True,NITRITE_FAIL_FAST,TEST,E3_AUGMENTED_TRAIN_MIXED_TEST,MixedTest,KNN,Risk,0.000000,0.000000,1.000000
2026-07-08,32.000000,EGEKENT,Good,False,REAL,REAL,E3_AUGMENTED_TRAIN_MIXED_TEST,MixedTest,KNN,Good,0.000000,1.000000,0.000000
2026-07-08,17.000000,ŞİRİNYER,Risk,True,NITRITE_FAIL_FAST,TEST,E3_AUGMENTED_TRAIN_MIXED_TEST,MixedTest,KNN,Risk,0.000000,0.000000,1.000000
2026-07-01,44.000000,YAMAÇ MAH,Good,False,REAL,REAL,E3_AUGMENTED_TRAIN_MIXED_TEST,MixedTest,KNN,Good,0.000000,1.000000,0.000000
2026-07-22,57.000000,MERSİNLİ,Good,False,REAL,REAL,E3_AUGMENTED_TRAIN_MIXED_TEST,MixedTest,KNN,Good,0.000000,1.000000,0.000000
2026-07-01,55.000000,MEVLANA,Good,False,REAL,REAL,E3_AUGMENTED_TRAIN_MIXED_TEST,MixedTest,KNN,Good,0.000000,1.000000,0.000000
2026-07-08,27.000000,ATATÜRK MAH,Caution,True,NITRITE_SUBSTANDARD,TEST,E3_AUGMENTED_TRAIN_MIXED_TEST,MixedTest,KNN,Caution,0.600000,0.400000,0.000000
2026-07-08,16.000000,GEDİZ,Risk,True,COLIFORM_FAIL_FAST,TEST,E3_AUGMENTED_TRAIN_MIXED_TEST,MixedTest,KNN,Good,0.200000,0.800000,0.000000
2026-06-10,19.000000,GÜLÇEŞME,Good,False,REAL,REAL,E3_AUGMENTED_TRAIN_MIXED_TEST,MixedTest,KNN,Good,0.200000,0.800000,0.000000
2026-06-24,16.000000,GEDİZ,Risk,True,NITRITE_FAIL_FAST,TEST,E3_AUGMENTED_TRAIN_MIXED_TEST,MixedTest,KNN,Caution,0.600000,0.200000,0.200000
2026-07-01,70.000000,ÇAMLIK MAH,Risk,True,NITRITE_FAIL_FAST,TEST,E3_AUGMENTED_TRAIN_MIXED_TEST,MixedTest,KNN,Risk,0.000000,0.000000,1.000000
2026-06-10,23.000000,IŞIKKENT,Good,False,REAL,REAL,E3_AUGMENTED_TRAIN_MIXED_TEST,MixedTest,KNN,Good,0.000000,1.000000,0.000000
2026-06-10,2.000000,YENİŞEHİR,Caution,True,NITRITE_SUBSTANDARD,TEST,E3_AUGMENTED_TRAIN_MIXED_TEST,MixedTest,KNN,Good,0.400000,0.600000,0.000000
2026-06-24,9.000000,HATAY,Caution,True,AMMONIUM_NEAR_STANDARD,TEST,E3_AUGMENTED_TRAIN_MIXED_TEST,MixedTest,KNN,Caution,1.000000,0.000000,0.000000
2026-06-17,62.000000,UFUK MAH,Good,False,REAL,REAL,E3_AUGMENTED_TRAIN_MIXED_TEST,MixedTest,KNN,Good,0.000000,1.000000,0.000000
2026-06-17,49.000000,ALAYBEY,Caution,True,AMMONIUM_NEAR_STANDARD,TEST,E3_AUGMENTED_TRAIN_MIXED_TEST,MixedTest,KNN,Caution,1.000000,0.000000,0.000000
2026-07-08,4.000000,GÜZELBAHÇE,Caution,True,NITRITE_SUBSTANDARD,TEST,E3_AUGMENTED_TRAIN_MIXED_TEST,MixedTest,KNN,Caution,0.800000,0.200000,0.000000
2026-07-29,21.000000,ALTINDAĞ,Caution,True,AMMONIUM_NEAR_STANDARD,TEST,E3_AUGMENTED_TRAIN_MIXED_TEST,MixedTest,KNN,Caution,1.000000,0.000000,0.000000
2026-06-10,24.000000,PINARBAŞI,Risk,True,COLIFORM_FAIL_FAST,TEST,E3_AUGMENTED_TRAIN_MIXED_TEST,MixedTest,KNN,Good,0.000000,1.000000,0.000000
2026-06-10,19.000000,GÜLÇEŞME,Risk,True,COLIFORM_FAIL_FAST,TEST,E3_AUGMENTED_TRAIN_MIXED_TEST,MixedTest,KNN,Good,0.200000,0.800000,0.000000
2026-06-10,6.000000,BALÇOVA,Risk,True,C_PERFRINGENS_FAIL_FAST,TEST,E3_AUGMENTED_TRAIN_MIXED_TEST,MixedTest,KNN,Risk,0.000000,0.000000,1.000000
2026-06-10,29.000000,ÖZKANLAR,Good,False,REAL,REAL,E3_AUGMENTED_TRAIN_MIXED_TEST,MixedTest,KNN,Good,0.000000,1.000000,0.000000
2026-07-22,78.000000,İNCİRALTI,Good,False,REAL,REAL,E3_AUGMENTED_TRAIN_MIXED_TEST,MixedTest,KNN,Good,0.000000,1.000000,0.000000
2026-06-10,38.000000,EVKA-2,Caution,True,NITRITE_SUBSTANDARD,TEST,E3_AUGMENTED_TRAIN_MIXED_TEST,MixedTest,KNN,Good,0.000000,1.000000,0.000000
2026-07-08,7.000000,ÜÇKUYULAR,Good,False,REAL,REAL,E3_AUGMENTED_TRAIN_MIXED_TEST,MixedTest,KNN,Good,0.000000,1.000000,0.000000
2026-06-17,47.000000,EVKA-5,Good,False,REAL,REAL,E3_AUGMENTED_TRAIN_MIXED_TEST,MixedTest,KNN,Good,0.000000,1.000000,0.000000
2026-07-01,47.000000,EVKA-5,Risk,True,NITRITE_FAIL_FAST,TEST,E3_AUGMENTED_TRAIN_MIXED_TEST,MixedTest,KNN,Risk,0.000000,0.000000,1.000000
2026-06-24,13.000000,KARABAĞLAR,Risk,True,NITRITE_FAIL_FAST,TEST,E3_AUGMENTED_TRAIN_MIXED_TEST,MixedTest,KNN,Risk,0.000000,0.000000,1.000000
2026-06-17,56.000000,YEŞİLOVA,Caution,True,MULTI_PARAMETER_SUBSTANDARD,TEST,E3_AUGMENTED_TRAIN_MIXED_TEST,MixedTest,KNN,Caution,1.000000,0.000000,0.000000
2026-06-17,41.000000,DOĞANÇAY,Caution,True,MULTI_PARAMETER_SUBSTANDARD,TEST,E3_AUGMENTED_TRAIN_MIXED_TEST,MixedTest,KNN,Caution,1.000000,0.000000,0.000000
2026-07-22,59.000000,ÇANKAYA,Good,False,REAL,REAL,E3_AUGMENTED_TRAIN_MIXED_TEST,MixedTest,KNN,Good,0.000000,1.000000,0.000000
2026-06-10,14.000000,ESKİ İZMİR,Risk,True,ARSENIC_FAIL_FAST,TEST,E3_AUGMENTED_TRAIN_MIXED_TEST,MixedTest,KNN,Risk,0.000000,0.000000,1.000000
2026-06-10,3.000000,KONAK,Caution,True,AMMONIUM_NEAR_STANDARD,TEST,E3_AUGMENTED_TRAIN_MIXED_TEST,MixedTest,KNN,Caution,1.000000,0.000000,0.000000
2026-06-10,26.000000,BORNOVA,Good,False,REAL,REAL,E3_AUGMENTED_TRAIN_MIXED_TEST,MixedTest,KNN,Good,0.000000,1.000000,0.000000
2026-06-17,49.000000,ALAYBEY,Risk,True,E_COLI_FAIL_FAST,TEST,E3_AUGMENTED_TRAIN_MIXED_TEST,MixedTest,KNN,Risk,0.000000,0.000000,1.000000
2026-06-17,51.000000,ÇAY MAH,Good,False,REAL,REAL,E3_AUGMENTED_TRAIN_MIXED_TEST,MixedTest,KNN,Good,0.000000,1.000000,0.000000
2026-07-08,28.000000,OSMANGAZİ,Good,False,REAL,REAL,E3_AUGMENTED_TRAIN_MIXED_TEST,MixedTest,KNN,Good,0.000000,1.000000,0.000000
2026-07-01,49.000000,ALAYBEY,Risk,True,C_PERFRINGENS_FAIL_FAST,TEST,E3_AUGMENTED_TRAIN_MIXED_TEST,MixedTest,KNN,Risk,0.000000,0.000000,1.000000
2026-07-01,48.000000,EGEKENT-2,Caution,True,MULTI_PARAMETER_SUBSTANDARD,TEST,E3_AUGMENTED_TRAIN_MIXED_TEST,MixedTest,KNN,Caution,1.000000,0.000000,0.000000
2026-07-08,24.000000,PINARBAŞI,Good,False,REAL,REAL,E3_AUGMENTED_TRAIN_MIXED_TEST,MixedTest,KNN,Good,0.000000,1.000000,0.000000
2026-06-17,63.000000,EVKA-1,Good,False,REAL,REAL,E3_AUGMENTED_TRAIN_MIXED_TEST,MixedTest,KNN,Good,0.000000,1.000000,0.000000
2026-07-08,33.000000,BALATÇIK,Caution,True,NITRITE_SUBSTANDARD,TEST,E3_AUGMENTED_TRAIN_MIXED_TEST,MixedTest,KNN,Good,0.200000,0.800000,0.000000
2026-07-01,48.000000,EGEKENT-2,Good,False,REAL,REAL,E3_AUGMENTED_TRAIN_MIXED_TEST,MixedTest,KNN,Good,0.000000,1.000000,0.000000
2026-07-29,23.000000,IŞIKKENT,Risk,True,C_PERFRINGENS_FAIL_FAST,TEST,E3_AUGMENTED_TRAIN_MIXED_TEST,MixedTest,KNN,Risk,0.000000,0.000000,1.000000
2026-06-10,28.000000,OSMANGAZİ,Good,False,REAL,REAL,E3_AUGMENTED_TRAIN_MIXED_TEST,MixedTest,KNN,Good,0.000000,1.000000,0.000000
2026-06-10,21.000000,ALTINDAĞ,Good,False,REAL,REAL,E3_AUGMENTED_TRAIN_MIXED_TEST,MixedTest,KNN,Good,0.000000,1.000000,0.000000
2026-06-17,72.000000,9 EYLÜL MAH,Good,False,REAL,REAL,E3_AUGMENTED_TRAIN_MIXED_TEST,MixedTest,KNN,Good,0.000000,1.000000,0.000000
2026-07-29,21.000000,ALTINDAĞ,Risk,True,NITRITE_FAIL_FAST,TEST,E3_AUGMENTED_TRAIN_MIXED_TEST,MixedTest,KNN,Risk,0.000000,0.000000,1.000000
2026-06-24,16.000000,GEDİZ,Good,False,REAL,REAL,E3_AUGMENTED_TRAIN_MIXED_TEST,MixedTest,KNN,Good,0.200000,0.800000,0.000000
2026-06-10,36.000000,ŞEMİKLER,Good,False,REAL,REAL,E3_AUGMENTED_TRAIN_MIXED_TEST,MixedTest,KNN,Good,0.000000,1.000000,0.000000
2026-06-24,14.000000,ESKİ İZMİR,Good,False,REAL,REAL,E3_AUGMENTED_TRAIN_MIXED_TEST,MixedTest,KNN,Good,0.000000,1.000000,0.000000
2026-07-08,15.000000,GAZİEMİR,Caution,True,AMMONIUM_NEAR_STANDARD,TEST,E3_AUGMENTED_TRAIN_MIXED_TEST,MixedTest,KNN,Caution,1.000000,0.000000,0.000000
2026-06-17,53.000000,NALDÖKEN,Caution,True,MULTI_PARAMETER_SUBSTANDARD,TEST,E3_AUGMENTED_TRAIN_MIXED_TEST,MixedTest,KNN,Caution,1.000000,0.000000,0.000000
2026-07-29,21.000000,ALTINDAĞ,Good,False,REAL,REAL,E3_AUGMENTED_TRAIN_MIXED_TEST,MixedTest,KNN,Good,0.000000,1.000000,0.000000
2026-07-01,57.000000,MERSİNLİ,Good,False,REAL,REAL,E3_AUGMENTED_TRAIN_MIXED_TEST,MixedTest,KNN,Good,0.000000,1.000000,0.000000
2026-06-24,24.000000,PINARBAŞI,Good,False,REAL,REAL,E3_AUGMENTED_TRAIN_MIXED_TEST,MixedTest,KNN,Good,0.200000,0.800000,0.000000
2026-06-10,35.000000,BOSTANLI,Risk,True,COLIFORM_FAIL_FAST,TEST,E3_AUGMENTED_TRAIN_MIXED_TEST,MixedTest,KNN,Good,0.000000,1.000000,0.000000
2026-07-08,6.000000,BALÇOVA,Caution,True,NITRITE_SUBSTANDARD,TEST,E3_AUGMENTED_TRAIN_MIXED_TEST,MixedTest,KNN,Good,0.000000,1.000000,0.000000
2026-06-24,38.000000,EVKA-2,Risk,True,C_PERFRINGENS_FAIL_FAST,TEST,E3_AUGMENTED_TRAIN_MIXED_TEST,MixedTest,KNN,Risk,0.000000,0.000000,1.000000
2026-07-01,47.000000,EVKA-5,Risk,True,COLIFORM_FAIL_FAST,TEST,E3_AUGMENTED_TRAIN_MIXED_TEST,MixedTest,KNN,Risk,0.000000,0.000000,1.000000
2026-07-08,28.000000,OSMANGAZİ,Risk,True,NITRITE_FAIL_FAST,TEST,E3_AUGMENTED_TRAIN_MIXED_TEST,MixedTest,KNN,Risk,0.000000,0.000000,1.000000
2026-07-22,52.000000,İZYUVA,Good,False,REAL,REAL,E3_AUGMENTED_TRAIN_MIXED_TEST,MixedTest,KNN,Good,0.000000,1.000000,0.000000
2026-06-24,35.000000,BOSTANLI,Good,False,REAL,REAL,E3_AUGMENTED_TRAIN_MIXED_TEST,MixedTest,KNN,Good,0.000000,1.000000,0.000000
2026-06-24,34.000000,ÇİĞLİ,Caution,True,MULTI_PARAMETER_SUBSTANDARD,TEST,E3_AUGMENTED_TRAIN_MIXED_TEST,MixedTest,KNN,Caution,1.000000,0.000000,0.000000
2026-07-01,74.000000,UZUNDERE,Caution,True,NITRITE_SUBSTANDARD,TEST,E3_AUGMENTED_TRAIN_MIXED_TEST,MixedTest,KNN,Good,0.000000,1.000000,0.000000
2026-06-10,7.000000,ÜÇKUYULAR,Good,False,REAL,REAL,E3_AUGMENTED_TRAIN_MIXED_TEST,MixedTest,KNN,Good,0.200000,0.800000,0.000000
2026-07-01,47.000000,EVKA-5,Good,False,REAL,REAL,E3_AUGMENTED_TRAIN_MIXED_TEST,MixedTest,KNN,Good,0.000000,1.000000,0.000000
2026-06-17,50.000000,CENGİZHAN,Good,False,REAL,REAL,E3_AUGMENTED_TRAIN_MIXED_TEST,MixedTest,KNN,Good,0.000000,1.000000,0.000000
2026-06-10,20.000000,GÜLTEPE,Good,False,REAL,REAL,E3_AUGMENTED_TRAIN_MIXED_TEST,MixedTest,KNN,Good,0.000000,1.000000,0.000000
2026-06-10,39.000000,ÖRNEKKÖY,Risk,True,ARSENIC_FAIL_FAST,TEST,E3_AUGMENTED_TRAIN_MIXED_TEST,MixedTest,KNN,Risk,0.000000,0.000000,1.000000
2026-07-29,38.000000,EVKA-2,Caution,True,NITRITE_SUBSTANDARD,TEST,E3_AUGMENTED_TRAIN_MIXED_TEST,MixedTest,KNN,Caution,1.000000,0.000000,0.000000
2026-06-10,5.000000,NARLIDERE,Good,False,REAL,REAL,E3_AUGMENTED_TRAIN_MIXED_TEST,MixedTest,KNN,Good,0.200000,0.800000,0.000000
2026-07-08,13.000000,KARABAĞLAR,Good,False,REAL,REAL,E3_AUGMENTED_TRAIN_MIXED_TEST,MixedTest,KNN,Good,0.000000,1.000000,0.000000
2026-06-17,66.000000,KOZAĞAÇ,Good,False,REAL,REAL,E3_AUGMENTED_TRAIN_MIXED_TEST,MixedTest,KNN,Good,0.000000,1.000000,0.000000
2026-07-01,41.000000,DOĞANÇAY,Good,False,REAL,REAL,E3_AUGMENTED_TRAIN_MIXED_TEST,MixedTest,KNN,Good,0.000000,1.000000,0.000000
2026-07-08,28.000000,OSMANGAZİ,Caution,True,MULTI_PARAMETER_SUBSTANDARD,TEST,E3_AUGMENTED_TRAIN_MIXED_TEST,MixedTest,KNN,Caution,1.000000,0.000000,0.000000
2026-06-10,29.000000,ÖZKANLAR,Risk,True,NITRITE_FAIL_FAST,TEST,E3_AUGMENTED_TRAIN_MIXED_TEST,MixedTest,KNN,Risk,0.000000,0.000000,1.000000
2026-06-10,34.000000,ÇİĞLİ,Good,False,REAL,REAL,E3_AUGMENTED_TRAIN_MIXED_TEST,MixedTest,KNN,Good,0.000000,1.000000,0.000000
2026-06-24,34.000000,ÇİĞLİ,Risk,True,NITRITE_FAIL_FAST,TEST,E3_AUGMENTED_TRAIN_MIXED_TEST,MixedTest,KNN,Risk,0.000000,0.000000,1.000000
2026-06-17,47.000000,EVKA-5,Caution,True,NITRITE_SUBSTANDARD,TEST,E3_AUGMENTED_TRAIN_MIXED_TEST,MixedTest,KNN,Good,0.200000,0.800000,0.000000
2026-06-10,30.000000,MANAVKUYU,Good,False,REAL,REAL,E3_AUGMENTED_TRAIN_MIXED_TEST,MixedTest,KNN,Good,0.000000,1.000000,0.000000
2026-06-10,9.000000,HATAY,Good,False,REAL,REAL,E3_AUGMENTED_TRAIN_MIXED_TEST,MixedTest,KNN,Good,0.200000,0.800000,0.000000
2026-07-08,15.000000,GAZİEMİR,Risk,True,NITRITE_FAIL_FAST,TEST,E3_AUGMENTED_TRAIN_MIXED_TEST,MixedTest,KNN,Risk,0.200000,0.000000,0.800000
2026-06-24,39.000000,ÖRNEKKÖY,Good,False,REAL,REAL,E3_AUGMENTED_TRAIN_MIXED_TEST,MixedTest,KNN,Good,0.000000,1.000000,0.000000
2026-07-22,70.000000,ÇAMLIK MAH,Caution,True,AMMONIUM_NEAR_STANDARD,TEST,E3_AUGMENTED_TRAIN_MIXED_TEST,MixedTest,KNN,Caution,1.000000,0.000000,0.000000
2026-06-10,28.000000,OSMANGAZİ,Risk,True,C_PERFRINGENS_FAIL_FAST,TEST,E3_AUGMENTED_TRAIN_MIXED_TEST,MixedTest,KNN,Risk,0.000000,0.000000,1.000000
2026-07-01,49.000000,ALAYBEY,Good,False,REAL,REAL,E3_AUGMENTED_TRAIN_MIXED_TEST,MixedTest,KNN,Good,0.000000,1.000000,0.000000
2026-07-01,45.000000,CUMHURİYET MAH,Good,False,REAL,REAL,E3_AUGMENTED_TRAIN_MIXED_TEST,MixedTest,KNN,Good,0.000000,1.000000,0.000000
2026-07-08,33.000000,BALATÇIK,Good,False,REAL,REAL,E3_AUGMENTED_TRAIN_MIXED_TEST,MixedTest,KNN,Good,0.000000,1.000000,0.000000
2026-07-08,9.000000,HATAY,Good,False,REAL,REAL,E3_AUGMENTED_TRAIN_MIXED_TEST,MixedTest,KNN,Good,0.000000,1.000000,0.000000
2026-06-10,3.000000,KONAK,Caution,True,NITRITE_SUBSTANDARD,TEST,E3_AUGMENTED_TRAIN_MIXED_TEST,MixedTest,KNN,Caution,1.000000,0.000000,0.000000
2026-06-17,57.000000,MERSİNLİ,Caution,True,NITRITE_SUBSTANDARD,TEST,E3_AUGMENTED_TRAIN_MIXED_TEST,MixedTest,KNN,Good,0.400000,0.600000,0.000000
2026-07-08,32.000000,EGEKENT,Risk,True,COLIFORM_FAIL_FAST,TEST,E3_AUGMENTED_TRAIN_MIXED_TEST,MixedTest,KNN,Risk,0.000000,0.000000,1.000000
2026-07-01,42.000000,YAMANLAR,Caution,True,MULTI_PARAMETER_SUBSTANDARD,TEST,E3_AUGMENTED_TRAIN_MIXED_TEST,MixedTest,KNN,Caution,1.000000,0.000000,0.000000
2026-07-22,42.000000,YAMANLAR,Good,False,REAL,REAL,E3_AUGMENTED_TRAIN_MIXED_TEST,MixedTest,KNN,Good,0.000000,1.000000,0.000000
2026-06-24,26.000000,BORNOVA,Risk,True,E_COLI_FAIL_FAST,TEST,E3_AUGMENTED_TRAIN_MIXED_TEST,MixedTest,KNN,Risk,0.000000,0.000000,1.000000
2026-06-24,22.000000,ÇAMDİBİ,Risk,True,C_PERFRINGENS_FAIL_FAST,TEST,E3_AUGMENTED_TRAIN_MIXED_TEST,MixedTest,KNN,Risk,0.000000,0.200000,0.800000
2026-07-01,73.000000,BEYAZEVLER,Good,False,REAL,REAL,E3_AUGMENTED_TRAIN_MIXED_TEST,MixedTest,KNN,Good,0.000000,1.000000,0.000000
2026-07-08,21.000000,ALTINDAĞ,Risk,True,E_COLI_FAIL_FAST,TEST,E3_AUGMENTED_TRAIN_MIXED_TEST,MixedTest,KNN,Risk,0.000000,0.000000,1.000000
2026-06-24,38.000000,EVKA-2,Caution,True,NITRITE_SUBSTANDARD,TEST,E3_AUGMENTED_TRAIN_MIXED_TEST,MixedTest,KNN,Caution,1.000000,0.000000,0.000000
2026-07-08,38.000000,EVKA-2,Good,False,REAL,REAL,E3_AUGMENTED_TRAIN_MIXED_TEST,MixedTest,KNN,Good,0.000000,1.000000,0.000000
2026-07-29,17.000000,ŞİRİNYER,Risk,True,E_COLI_FAIL_FAST,TEST,E3_AUGMENTED_TRAIN_MIXED_TEST,MixedTest,KNN,Good,0.000000,0.600000,0.400000
2026-07-22,59.000000,ÇANKAYA,Caution,True,MULTI_PARAMETER_SUBSTANDARD,TEST,E3_AUGMENTED_TRAIN_MIXED_TEST,MixedTest,KNN,Caution,1.000000,0.000000,0.000000
2026-07-29,30.000000,MANAVKUYU,Risk,True,ARSENIC_FAIL_FAST,TEST,E3_AUGMENTED_TRAIN_MIXED_TEST,MixedTest,KNN,Risk,0.000000,0.000000,1.000000
2026-06-24,40.000000,GÜMÜŞPALA,Good,False,REAL,REAL,E3_AUGMENTED_TRAIN_MIXED_TEST,MixedTest,KNN,Good,0.000000,1.000000,0.000000
2026-07-01,69.000000,UĞUR MUMCU MAH,Risk,True,C_PERFRINGENS_FAIL_FAST,TEST,E3_AUGMENTED_TRAIN_MIXED_TEST,MixedTest,KNN,Risk,0.000000,0.000000,1.000000
2026-07-01,78.000000,İNCİRALTI,Good,False,REAL,REAL,E3_AUGMENTED_TRAIN_MIXED_TEST,MixedTest,KNN,Good,0.000000,1.000000,0.000000
2026-07-29,34.000000,ÇİĞLİ,Good,False,REAL,REAL,E3_AUGMENTED_TRAIN_MIXED_TEST,MixedTest,KNN,Good,0.000000,1.000000,0.000000
2026-07-08,6.000000,BALÇOVA,Good,False,REAL,REAL,E3_AUGMENTED_TRAIN_MIXED_TEST,MixedTest,KNN,Good,0.000000,1.000000,0.000000
2026-06-10,36.000000,ŞEMİKLER,Risk,True,C_PERFRINGENS_FAIL_FAST,TEST,E3_AUGMENTED_TRAIN_MIXED_TEST,MixedTest,KNN,Risk,0.000000,0.000000,1.000000
2026-07-22,67.000000,ÇAMLIKULE,Good,False,REAL,REAL,E3_AUGMENTED_TRAIN_MIXED_TEST,MixedTest,KNN,Good,0.000000,1.000000,0.000000
2026-06-24,13.000000,KARABAĞLAR,Good,False,REAL,REAL,E3_AUGMENTED_TRAIN_MIXED_TEST,MixedTest,KNN,Good,0.000000,1.000000,0.000000
2026-07-29,8.000000,GÜZELYALI,Good,False,REAL,REAL,E3_AUGMENTED_TRAIN_MIXED_TEST,MixedTest,KNN,Good,0.000000,1.000000,0.000000
2026-07-08,21.000000,ALTINDAĞ,Good,False,REAL,REAL,E3_AUGMENTED_TRAIN_MIXED_TEST,MixedTest,KNN,Good,0.000000,1.000000,0.000000
2026-07-29,29.000000,ÖZKANLAR,Good,False,REAL,REAL,E3_AUGMENTED_TRAIN_MIXED_TEST,MixedTest,KNN,Good,0.000000,1.000000,0.000000
2026-07-01,74.000000,UZUNDERE,Caution,True,NITRITE_SUBSTANDARD,TEST,E3_AUGMENTED_TRAIN_MIXED_TEST,MixedTest,KNN,Caution,0.600000,0.400000,0.000000
2026-06-24,2.000000,YENİŞEHİR,Good,False,REAL,REAL,E3_AUGMENTED_TRAIN_MIXED_TEST,MixedTest,KNN,Good,0.000000,1.000000,0.000000
2026-07-22,47.000000,EVKA-5,Risk,True,E_COLI_FAIL_FAST,TEST,E3_AUGMENTED_TRAIN_MIXED_TEST,MixedTest,KNN,Good,0.000000,0.800000,0.200000
2026-07-29,4.000000,GÜZELBAHÇE,Good,False,REAL,REAL,E3_AUGMENTED_TRAIN_MIXED_TEST,MixedTest,KNN,Good,0.000000,1.000000,0.000000
2026-07-22,52.000000,İZYUVA,Risk,True,C_PERFRINGENS_FAIL_FAST,TEST,E3_AUGMENTED_TRAIN_MIXED_TEST,MixedTest,KNN,Risk,0.000000,0.000000,1.000000
2026-07-01,50.000000,CENGİZHAN,Good,False,REAL,REAL,E3_AUGMENTED_TRAIN_MIXED_TEST,MixedTest,KNN,Good,0.000000,1.000000,0.000000
2026-06-10,5.000000,NARLIDERE,Caution,True,AMMONIUM_NEAR_STANDARD,TEST,E3_AUGMENTED_TRAIN_MIXED_TEST,MixedTest,KNN,Caution,1.000000,0.000000,0.000000
2026-06-17,45.000000,CUMHURİYET MAH,Risk,True,C_PERFRINGENS_FAIL_FAST,TEST,E3_AUGMENTED_TRAIN_MIXED_TEST,MixedTest,KNN,Risk,0.000000,0.000000,1.000000
2026-07-29,23.000000,IŞIKKENT,Good,False,REAL,REAL,E3_AUGMENTED_TRAIN_MIXED_TEST,MixedTest,KNN,Good,0.000000,1.000000,0.000000
2026-06-24,4.000000,GÜZELBAHÇE,Caution,True,MULTI_PARAMETER_SUBSTANDARD,TEST,E3_AUGMENTED_TRAIN_MIXED_TEST,MixedTest,KNN,Caution,1.000000,0.000000,0.000000
2026-07-29,26.000000,BORNOVA,Good,False,REAL,REAL,E3_AUGMENTED_TRAIN_MIXED_TEST,MixedTest,KNN,Good,0.000000,1.000000,0.000000
2026-07-01,47.000000,EVKA-5,Caution,True,MULTI_PARAMETER_SUBSTANDARD,TEST,E3_AUGMENTED_TRAIN_MIXED_TEST,MixedTest,KNN,Caution,1.000000,0.000000,0.000000
2026-07-22,75.000000,CENNETÇEŞME,Good,False,REAL,REAL,E3_AUGMENTED_TRAIN_MIXED_TEST,MixedTest,KNN,Good,0.000000,1.000000,0.000000
2026-07-01,57.000000,MERSİNLİ,Risk,True,NITRITE_FAIL_FAST,TEST,E3_AUGMENTED_TRAIN_MIXED_TEST,MixedTest,KNN,Risk,0.000000,0.000000,1.000000
2026-07-08,27.000000,ATATÜRK MAH,Risk,True,C_PERFRINGENS_FAIL_FAST,TEST,E3_AUGMENTED_TRAIN_MIXED_TEST,MixedTest,KNN,Caution,0.400000,0.200000,0.400000
2026-06-17,41.000000,DOĞANÇAY,Good,False,REAL,REAL,E3_AUGMENTED_TRAIN_MIXED_TEST,MixedTest,KNN,Good,0.000000,1.000000,0.000000
2026-07-01,71.000000,AKTEPE,Good,False,REAL,REAL,E3_AUGMENTED_TRAIN_MIXED_TEST,MixedTest,KNN,Good,0.000000,1.000000,0.000000
2026-07-08,8.000000,GÜZELYALI,Caution,True,AMMONIUM_NEAR_STANDARD,TEST,E3_AUGMENTED_TRAIN_MIXED_TEST,MixedTest,KNN,Caution,1.000000,0.000000,0.000000
2026-07-29,7.000000,ÜÇKUYULAR,Good,False,REAL,REAL,E3_AUGMENTED_TRAIN_MIXED_TEST,MixedTest,KNN,Good,0.000000,1.000000,0.000000
2026-06-10,40.000000,GÜMÜŞPALA,Caution,True,MULTI_PARAMETER_SUBSTANDARD,TEST,E3_AUGMENTED_TRAIN_MIXED_TEST,MixedTest,KNN,Caution,1.000000,0.000000,0.000000
2026-06-10,2.000000,YENİŞEHİR,Caution,True,MULTI_PARAMETER_SUBSTANDARD,TEST,E3_AUGMENTED_TRAIN_MIXED_TEST,MixedTest,KNN,Caution,1.000000,0.000000,0.000000
2026-06-17,65.000000,KURUÇEŞME,Good,False,REAL,REAL,E3_AUGMENTED_TRAIN_MIXED_TEST,MixedTest,KNN,Good,0.000000,1.000000,0.000000
2026-07-01,42.000000,YAMANLAR,Good,False,REAL,REAL,E3_AUGMENTED_TRAIN_MIXED_TEST,MixedTest,KNN,Good,0.000000,1.000000,0.000000
2026-07-08,18.000000,BUCA,Caution,True,MULTI_PARAMETER_SUBSTANDARD,TEST,E3_AUGMENTED_TRAIN_MIXED_TEST,MixedTest,KNN,Caution,1.000000,0.000000,0.000000
2026-07-08,5.000000,NARLIDERE,Risk,True,ARSENIC_FAIL_FAST,TEST,E3_AUGMENTED_TRAIN_MIXED_TEST,MixedTest,KNN,Risk,0.000000,0.000000,1.000000
2026-06-10,8.000000,GÜZELYALI,Good,False,REAL,REAL,E3_AUGMENTED_TRAIN_MIXED_TEST,MixedTest,KNN,Good,0.200000,0.800000,0.000000
2026-07-29,22.000000,ÇAMDİBİ,Caution,True,NITRITE_SUBSTANDARD,TEST,E3_AUGMENTED_TRAIN_MIXED_TEST,MixedTest,KNN,Caution,0.600000,0.400000,0.000000
2026-06-24,29.000000,ÖZKANLAR,Caution,True,MULTI_PARAMETER_SUBSTANDARD,TEST,E3_AUGMENTED_TRAIN_MIXED_TEST,MixedTest,KNN,Caution,1.000000,0.000000,0.000000
2026-07-08,14.000000,ESKİ İZMİR,Good,False,REAL,REAL,E3_AUGMENTED_TRAIN_MIXED_TEST,MixedTest,KNN,Good,0.000000,1.000000,0.000000
2026-07-08,4.000000,GÜZELBAHÇE,Good,False,REAL,REAL,E3_AUGMENTED_TRAIN_MIXED_TEST,MixedTest,KNN,Good,0.000000,1.000000,0.000000
2026-07-08,34.000000,ÇİĞLİ,Good,False,REAL,REAL,E3_AUGMENTED_TRAIN_MIXED_TEST,MixedTest,KNN,Good,0.000000,1.000000,0.000000
2026-07-22,41.000000,DOĞANÇAY,Good,False,REAL,REAL,E3_AUGMENTED_TRAIN_MIXED_TEST,MixedTest,KNN,Good,0.000000,1.000000,0.000000
2026-06-10,14.000000,ESKİ İZMİR,Good,False,REAL,REAL,E3_AUGMENTED_TRAIN_MIXED_TEST,MixedTest,KNN,Good,0.400000,0.600000,0.000000
2026-07-08,20.000000,GÜLTEPE,Risk,True,NITRITE_FAIL_FAST,TEST,E3_AUGMENTED_TRAIN_MIXED_TEST,MixedTest,KNN,Risk,0.000000,0.000000,1.000000
2026-06-24,34.000000,ÇİĞLİ,Good,False,REAL,REAL,E3_AUGMENTED_TRAIN_MIXED_TEST,MixedTest,KNN,Good,0.000000,1.000000,0.000000
2026-06-24,9.000000,HATAY,Good,False,REAL,REAL,E3_AUGMENTED_TRAIN_MIXED_TEST,MixedTest,KNN,Good,0.000000,1.000000,0.000000
2026-06-17,43.000000,POSTACI MAH,Good,False,REAL,REAL,E3_AUGMENTED_TRAIN_MIXED_TEST,MixedTest,KNN,Good,0.000000,1.000000,0.000000
2026-07-08,4.000000,GÜZELBAHÇE,Caution,True,AMMONIUM_NEAR_STANDARD,TEST,E3_AUGMENTED_TRAIN_MIXED_TEST,MixedTest,KNN,Caution,1.000000,0.000000,0.000000
2026-07-08,23.000000,IŞIKKENT,Good,False,REAL,REAL,E3_AUGMENTED_TRAIN_MIXED_TEST,MixedTest,KNN,Good,0.000000,1.000000,0.000000
2026-07-01,66.000000,KOZAĞAÇ,Risk,True,NITRITE_FAIL_FAST,TEST,E3_AUGMENTED_TRAIN_MIXED_TEST,MixedTest,KNN,Risk,0.000000,0.000000,1.000000
2026-06-24,18.000000,BUCA,Risk,True,COLIFORM_FAIL_FAST,TEST,E3_AUGMENTED_TRAIN_MIXED_TEST,MixedTest,KNN,Good,0.200000,0.800000,0.000000
2026-07-22,62.000000,UFUK MAH,Good,False,REAL,REAL,E3_AUGMENTED_TRAIN_MIXED_TEST,MixedTest,KNN,Good,0.000000,1.000000,0.000000
2026-07-01,68.000000,AKINCILAR,Caution,True,AMMONIUM_NEAR_STANDARD,TEST,E3_AUGMENTED_TRAIN_MIXED_TEST,MixedTest,KNN,Caution,1.000000,0.000000,0.000000
2026-07-29,32.000000,EGEKENT,Good,False,REAL,REAL,E3_AUGMENTED_TRAIN_MIXED_TEST,MixedTest,KNN,Good,0.000000,1.000000,0.000000
2026-07-29,23.000000,IŞIKKENT,Risk,True,COLIFORM_FAIL_FAST,TEST,E3_AUGMENTED_TRAIN_MIXED_TEST,MixedTest,KNN,Risk,0.000000,0.000000,1.000000
2026-07-22,55.000000,MEVLANA,Good,False,REAL,REAL,E3_AUGMENTED_TRAIN_MIXED_TEST,MixedTest,KNN,Good,0.000000,1.000000,0.000000
2026-06-24,19.000000,GÜLÇEŞME,Good,False,REAL,REAL,E3_AUGMENTED_TRAIN_MIXED_TEST,MixedTest,KNN,Good,0.200000,0.800000,0.000000
2026-07-01,79.000000,ESENDERE,Good,False,REAL,REAL,E3_AUGMENTED_TRAIN_MIXED_TEST,MixedTest,KNN,Good,0.000000,1.000000,0.000000
2026-07-08,19.000000,GÜLÇEŞME,Good,False,REAL,REAL,E3_AUGMENTED_TRAIN_MIXED_TEST,MixedTest,KNN,Good,0.200000,0.800000,0.000000
2026-06-24,40.000000,GÜMÜŞPALA,Risk,True,COLIFORM_FAIL_FAST,TEST,E3_AUGMENTED_TRAIN_MIXED_TEST,MixedTest,KNN,Risk,0.000000,0.000000,1.000000
2026-07-01,80.000000,KADİFEKALE,Good,False,REAL,REAL,E3_AUGMENTED_TRAIN_MIXED_TEST,MixedTest,KNN,Good,0.000000,1.000000,0.000000
2026-06-10,4.000000,GÜZELBAHÇE,Good,False,REAL,REAL,E3_AUGMENTED_TRAIN_MIXED_TEST,MixedTest,KNN,Good,0.200000,0.800000,0.000000
2026-06-24,22.000000,ÇAMDİBİ,Good,False,REAL,REAL,E3_AUGMENTED_TRAIN_MIXED_TEST,MixedTest,KNN,Good,0.200000,0.800000,0.000000
2026-06-17,80.000000,KADİFEKALE,Risk,True,C_PERFRINGENS_FAIL_FAST,TEST,E3_AUGMENTED_TRAIN_MIXED_TEST,MixedTest,KNN,Risk,0.000000,0.000000,1.000000
2026-06-17,75.000000,CENNETÇEŞME,Good,False,REAL,REAL,E3_AUGMENTED_TRAIN_MIXED_TEST,MixedTest,KNN,Good,0.000000,1.000000,0.000000
2026-07-08,30.000000,MANAVKUYU,Caution,True,NITRITE_SUBSTANDARD,TEST,E3_AUGMENTED_TRAIN_MIXED_TEST,MixedTest,KNN,Good,0.200000,0.800000,0.000000
2026-07-01,54.000000,YEŞİLÇAM,Good,False,REAL,REAL,E3_AUGMENTED_TRAIN_MIXED_TEST,MixedTest,KNN,Good,0.000000,1.000000,0.000000
2026-06-17,79.000000,ESENDERE,Caution,True,AMMONIUM_NEAR_STANDARD,TEST,E3_AUGMENTED_TRAIN_MIXED_TEST,MixedTest,KNN,Caution,1.000000,0.000000,0.000000
2026-06-24,26.000000,BORNOVA,Good,False,REAL,REAL,E3_AUGMENTED_TRAIN_MIXED_TEST,MixedTest,KNN,Good,0.200000,0.800000,0.000000
2026-07-01,75.000000,CENNETÇEŞME,Good,False,REAL,REAL,E3_AUGMENTED_TRAIN_MIXED_TEST,MixedTest,KNN,Good,0.000000,1.000000,0.000000
2026-06-24,23.000000,IŞIKKENT,Risk,True,COLIFORM_FAIL_FAST,TEST,E3_AUGMENTED_TRAIN_MIXED_TEST,MixedTest,KNN,Good,0.200000,0.800000,0.000000
2026-06-17,74.000000,UZUNDERE,Caution,True,MULTI_PARAMETER_SUBSTANDARD,TEST,E3_AUGMENTED_TRAIN_MIXED_TEST,MixedTest,KNN,Caution,1.000000,0.000000,0.000000
2026-06-10,16.000000,GEDİZ,Caution,True,MULTI_PARAMETER_SUBSTANDARD,TEST,E3_AUGMENTED_TRAIN_MIXED_TEST,MixedTest,KNN,Caution,1.000000,0.000000,0.000000
2026-06-24,27.000000,ATATÜRK MAH,Good,False,REAL,REAL,E3_AUGMENTED_TRAIN_MIXED_TEST,MixedTest,KNN,Good,0.000000,1.000000,0.000000
2026-07-29,2.000000,YENİŞEHİR,Risk,True,C_PERFRINGENS_FAIL_FAST,TEST,E3_AUGMENTED_TRAIN_MIXED_TEST,MixedTest,KNN,Risk,0.000000,0.000000,1.000000
2026-06-17,74.000000,UZUNDERE,Good,False,REAL,REAL,E3_AUGMENTED_TRAIN_MIXED_TEST,MixedTest,KNN,Good,0.200000,0.800000,0.000000
2026-06-10,27.000000,ATATÜRK MAH,Good,False,REAL,REAL,E3_AUGMENTED_TRAIN_MIXED_TEST,MixedTest,KNN,Good,0.000000,1.000000,0.000000
2026-06-17,42.000000,YAMANLAR,Good,False,REAL,REAL,E3_AUGMENTED_TRAIN_MIXED_TEST,MixedTest,KNN,Good,0.000000,1.000000,0.000000
2026-07-01,76.000000,GÜZELBAHÇE,Good,False,REAL,REAL,E3_AUGMENTED_TRAIN_MIXED_TEST,MixedTest,KNN,Good,0.000000,1.000000,0.000000
2026-07-01,53.000000,NALDÖKEN,Good,False,REAL,REAL,E3_AUGMENTED_TRAIN_MIXED_TEST,MixedTest,KNN,Good,0.000000,1.000000,0.000000
2026-07-08,40.000000,GÜMÜŞPALA,Good,False,REAL,REAL,E3_AUGMENTED_TRAIN_MIXED_TEST,MixedTest,KNN,Good,0.000000,1.000000,0.000000
2026-07-22,73.000000,BEYAZEVLER,Good,False,REAL,REAL,E3_AUGMENTED_TRAIN_MIXED_TEST,MixedTest,KNN,Good,0.000000,1.000000,0.000000
2026-07-08,39.000000,ÖRNEKKÖY,Good,False,REAL,REAL,E3_AUGMENTED_TRAIN_MIXED_TEST,MixedTest,KNN,Good,0.000000,1.000000,0.000000
2026-06-17,73.000000,BEYAZEVLER,Good,False,REAL,REAL,E3_AUGMENTED_TRAIN_MIXED_TEST,MixedTest,KNN,Good,0.200000,0.800000,0.000000
2026-06-17,54.000000,YEŞİLÇAM,Caution,True,NITRITE_SUBSTANDARD,TEST,E3_AUGMENTED_TRAIN_MIXED_TEST,MixedTest,KNN,Good,0.400000,0.600000,0.000000
2026-06-17,69.000000,UĞUR MUMCU MAH,Risk,True,NITRITE_FAIL_FAST,TEST,E3_AUGMENTED_TRAIN_MIXED_TEST,MixedTest,KNN,Risk,0.000000,0.000000,1.000000
2026-07-01,62.000000,UFUK MAH,Risk,True,C_PERFRINGENS_FAIL_FAST,TEST,E3_AUGMENTED_TRAIN_MIXED_TEST,MixedTest,KNN,Risk,0.000000,0.000000,1.000000
2026-06-17,70.000000,ÇAMLIK MAH,Caution,True,MULTI_PARAMETER_SUBSTANDARD,TEST,E3_AUGMENTED_TRAIN_MIXED_TEST,MixedTest,KNN,Caution,1.000000,0.000000,0.000000
2026-07-08,3.000000,KONAK,Caution,True,NITRITE_SUBSTANDARD,TEST,E3_AUGMENTED_TRAIN_MIXED_TEST,MixedTest,KNN,Caution,1.000000,0.000000,0.000000
2026-07-29,32.000000,EGEKENT,Caution,True,AMMONIUM_NEAR_STANDARD,TEST,E3_AUGMENTED_TRAIN_MIXED_TEST,MixedTest,KNN,Caution,1.000000,0.000000,0.000000
2026-07-29,20.000000,GÜLTEPE,Risk,True,NITRITE_FAIL_FAST,TEST,E3_AUGMENTED_TRAIN_MIXED_TEST,MixedTest,KNN,Caution,0.600000,0.000000,0.400000
2026-07-22,67.000000,ÇAMLIKULE,Risk,True,C_PERFRINGENS_FAIL_FAST,TEST,E3_AUGMENTED_TRAIN_MIXED_TEST,MixedTest,KNN,Good,0.000000,0.800000,0.200000
2026-07-01,56.000000,YEŞİLOVA,Good,False,REAL,REAL,E3_AUGMENTED_TRAIN_MIXED_TEST,MixedTest,KNN,Good,0.000000,1.000000,0.000000
2026-06-10,24.000000,PINARBAŞI,Caution,True,NITRITE_SUBSTANDARD,TEST,E3_AUGMENTED_TRAIN_MIXED_TEST,MixedTest,KNN,Caution,1.000000,0.000000,0.000000
2026-07-29,27.000000,ATATÜRK MAH,Good,False,REAL,REAL,E3_AUGMENTED_TRAIN_MIXED_TEST,MixedTest,KNN,Good,0.000000,1.000000,0.000000
2026-06-10,23.000000,IŞIKKENT,Risk,True,NITRITE_FAIL_FAST,TEST,E3_AUGMENTED_TRAIN_MIXED_TEST,MixedTest,KNN,Caution,0.600000,0.000000,0.400000
2026-07-29,22.000000,ÇAMDİBİ,Good,False,REAL,REAL,E3_AUGMENTED_TRAIN_MIXED_TEST,MixedTest,KNN,Good,0.000000,1.000000,0.000000
2026-07-01,61.000000,LEVENT,Good,False,REAL,REAL,E3_AUGMENTED_TRAIN_MIXED_TEST,MixedTest,KNN,Good,0.000000,1.000000,0.000000
2026-07-08,16.000000,GEDİZ,Risk,True,NITRITE_FAIL_FAST,TEST,E3_AUGMENTED_TRAIN_MIXED_TEST,MixedTest,KNN,Risk,0.000000,0.000000,1.000000
2026-07-29,33.000000,BALATÇIK,Risk,True,NITRITE_FAIL_FAST,TEST,E3_AUGMENTED_TRAIN_MIXED_TEST,MixedTest,KNN,Risk,0.000000,0.000000,1.000000
2026-07-01,70.000000,ÇAMLIK MAH,Risk,True,C_PERFRINGENS_FAIL_FAST,TEST,E3_AUGMENTED_TRAIN_MIXED_TEST,MixedTest,KNN,Risk,0.000000,0.000000,1.000000
2026-07-08,22.000000,ÇAMDİBİ,Risk,True,E_COLI_FAIL_FAST,TEST,E3_AUGMENTED_TRAIN_MIXED_TEST,MixedTest,KNN,Risk,0.000000,0.000000,1.000000
2026-07-22,67.000000,ÇAMLIKULE,Caution,True,NITRITE_SUBSTANDARD,TEST,E3_AUGMENTED_TRAIN_MIXED_TEST,MixedTest,KNN,Caution,1.000000,0.000000,0.000000
2026-07-08,4.000000,GÜZELBAHÇE,Caution,True,MULTI_PARAMETER_SUBSTANDARD,TEST,E3_AUGMENTED_TRAIN_MIXED_TEST,MixedTest,KNN,Caution,1.000000,0.000000,0.000000
2026-07-22,43.000000,POSTACI MAH,Caution,True,AMMONIUM_NEAR_STANDARD,TEST,E3_AUGMENTED_TRAIN_MIXED_TEST,MixedTest,KNN,Caution,1.000000,0.000000,0.000000
2026-06-10,37.000000,KARŞIYAKA,Risk,True,ARSENIC_FAIL_FAST,TEST,E3_AUGMENTED_TRAIN_MIXED_TEST,MixedTest,KNN,Risk,0.000000,0.000000,1.000000
2026-06-10,25.000000,EVKA-3,Risk,True,E_COLI_FAIL_FAST,TEST,E3_AUGMENTED_TRAIN_MIXED_TEST,MixedTest,KNN,Risk,0.000000,0.000000,1.000000
2026-07-01,43.000000,POSTACI MAH,Good,False,REAL,REAL,E3_AUGMENTED_TRAIN_MIXED_TEST,MixedTest,KNN,Good,0.000000,1.000000,0.000000
2026-07-08,36.000000,ŞEMİKLER,Good,False,REAL,REAL,E3_AUGMENTED_TRAIN_MIXED_TEST,MixedTest,KNN,Good,0.000000,1.000000,0.000000
2026-06-10,19.000000,GÜLÇEŞME,Caution,True,MULTI_PARAMETER_SUBSTANDARD,TEST,E3_AUGMENTED_TRAIN_MIXED_TEST,MixedTest,KNN,Caution,1.000000,0.000000,0.000000
2026-07-08,27.000000,ATATÜRK MAH,Caution,True,AMMONIUM_NEAR_STANDARD,TEST,E3_AUGMENTED_TRAIN_MIXED_TEST,MixedTest,KNN,Caution,1.000000,0.000000,0.000000
2026-06-24,23.000000,IŞIKKENT,Risk,True,COLIFORM_FAIL_FAST,TEST,E3_AUGMENTED_TRAIN_MIXED_TEST,MixedTest,KNN,Risk,0.000000,0.000000,1.000000
2026-06-10,22.000000,ÇAMDİBİ,Risk,True,COLIFORM_FAIL_FAST,TEST,E3_AUGMENTED_TRAIN_MIXED_TEST,MixedTest,KNN,Risk,0.000000,0.000000,1.000000
2026-07-29,30.000000,MANAVKUYU,Risk,True,ARSENIC_FAIL_FAST,TEST,E3_AUGMENTED_TRAIN_MIXED_TEST,MixedTest,KNN,Risk,0.000000,0.000000,1.000000
2026-07-29,40.000000,GÜMÜŞPALA,Good,False,REAL,REAL,E3_AUGMENTED_TRAIN_MIXED_TEST,MixedTest,KNN,Good,0.000000,1.000000,0.000000
2026-07-01,78.000000,İNCİRALTI,Caution,True,NITRITE_SUBSTANDARD,TEST,E3_AUGMENTED_TRAIN_MIXED_TEST,MixedTest,KNN,Good,0.200000,0.800000,0.000000
2026-07-08,20.000000,GÜLTEPE,Good,False,REAL,REAL,E3_AUGMENTED_TRAIN_MIXED_TEST,MixedTest,KNN,Good,0.200000,0.800000,0.000000
2026-07-01,68.000000,AKINCILAR,Good,False,REAL,REAL,E3_AUGMENTED_TRAIN_MIXED_TEST,MixedTest,KNN,Good,0.000000,1.000000,0.000000
2026-07-22,60.000000,TOROS,Good,False,REAL,REAL,E3_AUGMENTED_TRAIN_MIXED_TEST,MixedTest,KNN,Good,0.000000,1.000000,0.000000
2026-06-24,27.000000,ATATÜRK MAH,Caution,True,AMMONIUM_NEAR_STANDARD,TEST,E3_AUGMENTED_TRAIN_MIXED_TEST,MixedTest,KNN,Caution,1.000000,0.000000,0.000000
2026-07-29,39.000000,ÖRNEKKÖY,Good,False,REAL,REAL,E3_AUGMENTED_TRAIN_MIXED_TEST,MixedTest,KNN,Good,0.000000,1.000000,0.000000
2026-07-01,46.000000,GÜZELTEPE,Good,False,REAL,REAL,E3_AUGMENTED_TRAIN_MIXED_TEST,MixedTest,KNN,Good,0.000000,1.000000,0.000000
2026-07-01,51.000000,ÇAY MAH,Good,False,REAL,REAL,E3_AUGMENTED_TRAIN_MIXED_TEST,MixedTest,KNN,Good,0.000000,1.000000,0.000000
2026-07-01,57.000000,MERSİNLİ,Risk,True,NITRITE_FAIL_FAST,TEST,E3_AUGMENTED_TRAIN_MIXED_TEST,MixedTest,KNN,Risk,0.000000,0.000000,1.000000
2026-07-29,28.000000,OSMANGAZİ,Good,False,REAL,REAL,E3_AUGMENTED_TRAIN_MIXED_TEST,MixedTest,KNN,Good,0.000000,1.000000,0.000000
2026-06-10,39.000000,ÖRNEKKÖY,Risk,True,E_COLI_FAIL_FAST,TEST,E3_AUGMENTED_TRAIN_MIXED_TEST,MixedTest,KNN,Risk,0.000000,0.000000,1.000000
2026-06-17,57.000000,MERSİNLİ,Caution,True,NITRITE_SUBSTANDARD,TEST,E3_AUGMENTED_TRAIN_MIXED_TEST,MixedTest,KNN,Good,0.400000,0.600000,0.000000
2026-07-01,59.000000,ÇANKAYA,Good,False,REAL,REAL,E3_AUGMENTED_TRAIN_MIXED_TEST,MixedTest,KNN,Good,0.000000,1.000000,0.000000
2026-06-10,26.000000,BORNOVA,Caution,True,AMMONIUM_NEAR_STANDARD,TEST,E3_AUGMENTED_TRAIN_MIXED_TEST,MixedTest,KNN,Caution,1.000000,0.000000,0.000000
2026-07-29,23.000000,IŞIKKENT,Risk,True,E_COLI_FAIL_FAST,TEST,E3_AUGMENTED_TRAIN_MIXED_TEST,MixedTest,KNN,Risk,0.000000,0.000000,1.000000
2026-06-24,38.000000,EVKA-2,Good,False,REAL,REAL,E3_AUGMENTED_TRAIN_MIXED_TEST,MixedTest,KNN,Good,0.000000,1.000000,0.000000
2026-07-08,7.000000,ÜÇKUYULAR,Risk,True,COLIFORM_FAIL_FAST,TEST,E3_AUGMENTED_TRAIN_MIXED_TEST,MixedTest,KNN,Risk,0.000000,0.000000,1.000000
2026-06-10,29.000000,ÖZKANLAR,Caution,True,MULTI_PARAMETER_SUBSTANDARD,TEST,E3_AUGMENTED_TRAIN_MIXED_TEST,MixedTest,KNN,Caution,1.000000,0.000000,0.000000
2026-07-01,65.000000,KURUÇEŞME,Good,False,REAL,REAL,E3_AUGMENTED_TRAIN_MIXED_TEST,MixedTest,KNN,Good,0.000000,1.000000,0.000000
2026-07-01,79.000000,ESENDERE,Caution,True,AMMONIUM_NEAR_STANDARD,TEST,E3_AUGMENTED_TRAIN_MIXED_TEST,MixedTest,KNN,Caution,1.000000,0.000000,0.000000
2026-06-17,49.000000,ALAYBEY,Good,False,REAL,REAL,E3_AUGMENTED_TRAIN_MIXED_TEST,MixedTest,KNN,Good,0.000000,1.000000,0.000000
2026-06-24,18.000000,BUCA,Risk,True,E_COLI_FAIL_FAST,TEST,E3_AUGMENTED_TRAIN_MIXED_TEST,MixedTest,KNN,Good,0.200000,0.600000,0.200000
2026-06-17,71.000000,AKTEPE,Good,False,REAL,REAL,E3_AUGMENTED_TRAIN_MIXED_TEST,MixedTest,KNN,Good,0.000000,1.000000,0.000000
2026-06-17,64.000000,ADATEPE,Caution,True,AMMONIUM_NEAR_STANDARD,TEST,E3_AUGMENTED_TRAIN_MIXED_TEST,MixedTest,KNN,Caution,1.000000,0.000000,0.000000
2026-06-24,15.000000,GAZİEMİR,Good,False,REAL,REAL,E3_AUGMENTED_TRAIN_MIXED_TEST,MixedTest,KNN,Good,0.000000,1.000000,0.000000
2026-06-10,8.000000,GÜZELYALI,Caution,True,AMMONIUM_NEAR_STANDARD,TEST,E3_AUGMENTED_TRAIN_MIXED_TEST,MixedTest,KNN,Caution,1.000000,0.000000,0.000000
2026-07-22,43.000000,POSTACI MAH,Good,False,REAL,REAL,E3_AUGMENTED_TRAIN_MIXED_TEST,MixedTest,KNN,Good,0.000000,1.000000,0.000000
2026-07-08,15.000000,GAZİEMİR,Good,False,REAL,REAL,E3_AUGMENTED_TRAIN_MIXED_TEST,MixedTest,KNN,Good,0.000000,1.000000,0.000000
2026-06-10,16.000000,GEDİZ,Good,False,REAL,REAL,E3_AUGMENTED_TRAIN_MIXED_TEST,MixedTest,KNN,Good,0.200000,0.800000,0.000000
2026-06-10,40.000000,GÜMÜŞPALA,Good,False,REAL,REAL,E3_AUGMENTED_TRAIN_MIXED_TEST,MixedTest,KNN,Good,0.000000,1.000000,0.000000
2026-06-10,33.000000,BALATÇIK,Good,False,REAL,REAL,E3_AUGMENTED_TRAIN_MIXED_TEST,MixedTest,KNN,Good,0.000000,1.000000,0.000000
2026-07-08,26.000000,BORNOVA,Good,False,REAL,REAL,E3_AUGMENTED_TRAIN_MIXED_TEST,MixedTest,KNN,Good,0.000000,1.000000,0.000000
2026-07-01,74.000000,UZUNDERE,Good,False,REAL,REAL,E3_AUGMENTED_TRAIN_MIXED_TEST,MixedTest,KNN,Good,0.000000,1.000000,0.000000
2026-06-17,43.000000,POSTACI MAH,Risk,True,E_COLI_FAIL_FAST,TEST,E3_AUGMENTED_TRAIN_MIXED_TEST,MixedTest,KNN,Risk,0.000000,0.000000,1.000000
2026-06-10,2.000000,YENİŞEHİR,Caution,True,MULTI_PARAMETER_SUBSTANDARD,TEST,E3_AUGMENTED_TRAIN_MIXED_TEST,MixedTest,KNN,Caution,1.000000,0.000000,0.000000
2026-07-29,25.000000,EVKA-3,Good,False,REAL,REAL,E3_AUGMENTED_TRAIN_MIXED_TEST,MixedTest,KNN,Good,0.000000,1.000000,0.000000
2026-06-24,25.000000,EVKA-3,Good,False,REAL,REAL,E3_AUGMENTED_TRAIN_MIXED_TEST,MixedTest,KNN,Good,0.200000,0.800000,0.000000
2026-06-17,56.000000,YEŞİLOVA,Good,False,REAL,REAL,E3_AUGMENTED_TRAIN_MIXED_TEST,MixedTest,KNN,Good,0.200000,0.800000,0.000000
2026-07-22,43.000000,POSTACI MAH,Caution,True,NITRITE_SUBSTANDARD,TEST,E3_AUGMENTED_TRAIN_MIXED_TEST,MixedTest,KNN,Good,0.400000,0.600000,0.000000
2026-06-17,55.000000,MEVLANA,Risk,True,NITRITE_FAIL_FAST,TEST,E3_AUGMENTED_TRAIN_MIXED_TEST,MixedTest,KNN,Risk,0.000000,0.000000,1.000000
2026-07-29,20.000000,GÜLTEPE,Risk,True,COLIFORM_FAIL_FAST,TEST,E3_AUGMENTED_TRAIN_MIXED_TEST,MixedTest,KNN,Good,0.000000,1.000000,0.000000
2026-07-08,35.000000,BOSTANLI,Good,False,REAL,REAL,E3_AUGMENTED_TRAIN_MIXED_TEST,MixedTest,KNN,Good,0.000000,1.000000,0.000000
2026-06-17,46.000000,GÜZELTEPE,Good,False,REAL,REAL,E3_AUGMENTED_TRAIN_MIXED_TEST,MixedTest,KNN,Good,0.000000,1.000000,0.000000
2026-06-17,76.000000,GÜZELBAHÇE,Risk,True,C_PERFRINGENS_FAIL_FAST,TEST,E3_AUGMENTED_TRAIN_MIXED_TEST,MixedTest,KNN,Risk,0.000000,0.000000,1.000000
2026-07-29,2.000000,YENİŞEHİR,Good,False,REAL,REAL,E3_AUGMENTED_TRAIN_MIXED_TEST,MixedTest,KNN,Good,0.000000,1.000000,0.000000
2026-06-10,17.000000,ŞİRİNYER,Caution,True,NITRITE_SUBSTANDARD,TEST,E3_AUGMENTED_TRAIN_MIXED_TEST,MixedTest,KNN,Caution,0.800000,0.200000,0.000000
2026-06-17,54.000000,YEŞİLÇAM,Caution,True,MULTI_PARAMETER_SUBSTANDARD,TEST,E3_AUGMENTED_TRAIN_MIXED_TEST,MixedTest,KNN,Caution,1.000000,0.000000,0.000000
2026-06-24,4.000000,GÜZELBAHÇE,Risk,True,COLIFORM_FAIL_FAST,TEST,E3_AUGMENTED_TRAIN_MIXED_TEST,MixedTest,KNN,Risk,0.000000,0.000000,1.000000
2026-06-10,6.000000,BALÇOVA,Good,False,REAL,REAL,E3_AUGMENTED_TRAIN_MIXED_TEST,MixedTest,KNN,Good,0.200000,0.800000,0.000000
2026-06-10,9.000000,HATAY,Caution,True,AMMONIUM_NEAR_STANDARD,TEST,E3_AUGMENTED_TRAIN_MIXED_TEST,MixedTest,KNN,Caution,1.000000,0.000000,0.000000
2026-07-08,24.000000,PINARBAŞI,Risk,True,COLIFORM_FAIL_FAST,TEST,E3_AUGMENTED_TRAIN_MIXED_TEST,MixedTest,KNN,Risk,0.000000,0.000000,1.000000
2026-06-24,30.000000,MANAVKUYU,Good,False,REAL,REAL,E3_AUGMENTED_TRAIN_MIXED_TEST,MixedTest,KNN,Good,0.000000,1.000000,0.000000
2026-07-29,30.000000,MANAVKUYU,Good,False,REAL,REAL,E3_AUGMENTED_TRAIN_MIXED_TEST,MixedTest,KNN,Good,0.000000,1.000000,0.000000
2026-06-10,22.000000,ÇAMDİBİ,Risk,True,E_COLI_FAIL_FAST,TEST,E3_AUGMENTED_TRAIN_MIXED_TEST,MixedTest,KNN,Risk,0.000000,0.000000,1.000000
2026-07-29,15.000000,GAZİEMİR,Good,False,REAL,REAL,E3_AUGMENTED_TRAIN_MIXED_TEST,MixedTest,KNN,Good,0.000000,1.000000,0.000000
2026-07-08,27.000000,ATATÜRK MAH,Good,False,REAL,REAL,E3_AUGMENTED_TRAIN_MIXED_TEST,MixedTest,KNN,Caution,0.600000,0.400000,0.000000
2026-06-24,28.000000,OSMANGAZİ,Good,False,REAL,REAL,E3_AUGMENTED_TRAIN_MIXED_TEST,MixedTest,KNN,Good,0.000000,1.000000,0.000000
2026-07-08,30.000000,MANAVKUYU,Caution,True,AMMONIUM_NEAR_STANDARD,TEST,E3_AUGMENTED_TRAIN_MIXED_TEST,MixedTest,KNN,Caution,0.600000,0.400000,0.000000
2026-07-29,17.000000,ŞİRİNYER,Good,False,REAL,REAL,E3_AUGMENTED_TRAIN_MIXED_TEST,MixedTest,KNN,Good,0.000000,1.000000,0.000000
2026-06-17,67.000000,ÇAMLIKULE,Good,False,REAL,REAL,E3_AUGMENTED_TRAIN_MIXED_TEST,MixedTest,KNN,Good,0.000000,1.000000,0.000000
2026-06-17,52.000000,İZYUVA,Good,False,REAL,REAL,E3_AUGMENTED_TRAIN_MIXED_TEST,MixedTest,KNN,Good,0.200000,0.800000,0.000000
2026-06-10,37.000000,KARŞIYAKA,Good,False,REAL,REAL,E3_AUGMENTED_TRAIN_MIXED_TEST,MixedTest,KNN,Good,0.000000,1.000000,0.000000
2026-06-17,41.000000,DOĞANÇAY,Caution,True,MULTI_PARAMETER_SUBSTANDARD,TEST,E3_AUGMENTED_TRAIN_MIXED_TEST,MixedTest,KNN,Caution,1.000000,0.000000,0.000000
2026-07-29,25.000000,EVKA-3,Caution,True,MULTI_PARAMETER_SUBSTANDARD,TEST,E3_AUGMENTED_TRAIN_MIXED_TEST,MixedTest,KNN,Caution,1.000000,0.000000,0.000000
2026-07-22,70.000000,ÇAMLIK MAH,Good,False,REAL,REAL,E3_AUGMENTED_TRAIN_MIXED_TEST,MixedTest,KNN,Good,0.000000,1.000000,0.000000
2026-06-10,5.000000,NARLIDERE,Risk,True,E_COLI_FAIL_FAST,TEST,E3_AUGMENTED_TRAIN_MIXED_TEST,MixedTest,KNN,Risk,0.000000,0.000000,1.000000
2026-06-10,32.000000,EGEKENT,Good,False,REAL,REAL,E3_AUGMENTED_TRAIN_MIXED_TEST,MixedTest,KNN,Good,0.000000,1.000000,0.000000
2026-07-29,7.000000,ÜÇKUYULAR,Risk,True,C_PERFRINGENS_FAIL_FAST,TEST,E3_AUGMENTED_TRAIN_MIXED_TEST,MixedTest,KNN,Risk,0.000000,0.000000,1.000000
2026-07-29,35.000000,BOSTANLI,Good,False,REAL,REAL,E3_AUGMENTED_TRAIN_MIXED_TEST,MixedTest,KNN,Good,0.000000,1.000000,0.000000
2026-06-17,67.000000,ÇAMLIKULE,Caution,True,MULTI_PARAMETER_SUBSTANDARD,TEST,E3_AUGMENTED_TRAIN_MIXED_TEST,MixedTest,KNN,Caution,1.000000,0.000000,0.000000
2026-07-08,20.000000,GÜLTEPE,Caution,True,MULTI_PARAMETER_SUBSTANDARD,TEST,E3_AUGMENTED_TRAIN_MIXED_TEST,MixedTest,KNN,Caution,1.000000,0.000000,0.000000
2026-07-08,18.000000,BUCA,Good,False,REAL,REAL,E3_AUGMENTED_TRAIN_MIXED_TEST,MixedTest,KNN,Good,0.200000,0.800000,0.000000
2026-06-17,76.000000,GÜZELBAHÇE,Risk,True,C_PERFRINGENS_FAIL_FAST,TEST,E3_AUGMENTED_TRAIN_MIXED_TEST,MixedTest,KNN,Good,0.000000,0.800000,0.200000
2026-07-01,70.000000,ÇAMLIK MAH,Good,False,REAL,REAL,E3_AUGMENTED_TRAIN_MIXED_TEST,MixedTest,KNN,Good,0.000000,1.000000,0.000000
2026-06-17,68.000000,AKINCILAR,Good,False,REAL,REAL,E3_AUGMENTED_TRAIN_MIXED_TEST,MixedTest,KNN,Good,0.000000,1.000000,0.000000
2026-07-01,67.000000,ÇAMLIKULE,Good,False,REAL,REAL,E3_AUGMENTED_TRAIN_MIXED_TEST,MixedTest,KNN,Good,0.000000,1.000000,0.000000
2026-07-01,60.000000,TOROS,Good,False,REAL,REAL,E3_AUGMENTED_TRAIN_MIXED_TEST,MixedTest,KNN,Good,0.000000,1.000000,0.000000
2026-07-29,14.000000,ESKİ İZMİR,Risk,True,E_COLI_FAIL_FAST,TEST,E3_AUGMENTED_TRAIN_MIXED_TEST,MixedTest,KNN,Good,0.000000,0.600000,0.400000
2026-06-10,11.000000,YEŞİLYURT,Good,False,REAL,REAL,E3_AUGMENTED_TRAIN_MIXED_TEST,MixedTest,KNN,Good,0.400000,0.600000,0.000000
2026-06-10,30.000000,MANAVKUYU,Caution,True,AMMONIUM_NEAR_STANDARD,TEST,E3_AUGMENTED_TRAIN_MIXED_TEST,MixedTest,KNN,Caution,1.000000,0.000000,0.000000
2026-06-10,3.000000,KONAK,Risk,True,COLIFORM_FAIL_FAST,TEST,E3_AUGMENTED_TRAIN_MIXED_TEST,MixedTest,KNN,Risk,0.000000,0.000000,1.000000
2026-06-17,70.000000,ÇAMLIK MAH,Good,False,REAL,REAL,E3_AUGMENTED_TRAIN_MIXED_TEST,MixedTest,KNN,Good,0.200000,0.800000,0.000000
2026-07-29,25.000000,EVKA-3,Caution,True,NITRITE_SUBSTANDARD,TEST,E3_AUGMENTED_TRAIN_MIXED_TEST,MixedTest,KNN,Caution,1.000000,0.000000,0.000000
2026-06-10,18.000000,BUCA,Good,False,REAL,REAL,E3_AUGMENTED_TRAIN_MIXED_TEST,MixedTest,KNN,Good,0.200000,0.800000,0.000000
2026-07-08,11.000000,YEŞİLYURT,Good,False,REAL,REAL,E3_AUGMENTED_TRAIN_MIXED_TEST,MixedTest,KNN,Good,0.000000,1.000000,0.000000
2026-06-17,45.000000,CUMHURİYET MAH,Good,False,REAL,REAL,E3_AUGMENTED_TRAIN_MIXED_TEST,MixedTest,KNN,Good,0.000000,1.000000,0.000000
2026-06-24,16.000000,GEDİZ,Risk,True,E_COLI_FAIL_FAST,TEST,E3_AUGMENTED_TRAIN_MIXED_TEST,MixedTest,KNN,Risk,0.000000,0.200000,0.800000
2026-06-17,43.000000,POSTACI MAH,Risk,True,NITRITE_FAIL_FAST,TEST,E3_AUGMENTED_TRAIN_MIXED_TEST,MixedTest,KNN,Risk,0.000000,0.000000,1.000000
2026-07-29,19.000000,GÜLÇEŞME,Good,False,REAL,REAL,E3_AUGMENTED_TRAIN_MIXED_TEST,MixedTest,KNN,Good,0.000000,1.000000,0.000000
2026-07-22,55.000000,MEVLANA,Caution,True,AMMONIUM_NEAR_STANDARD,TEST,E3_AUGMENTED_TRAIN_MIXED_TEST,MixedTest,KNN,Caution,1.000000,0.000000,0.000000
2026-06-17,70.000000,ÇAMLIK MAH,Risk,True,E_COLI_FAIL_FAST,TEST,E3_AUGMENTED_TRAIN_MIXED_TEST,MixedTest,KNN,Risk,0.000000,0.000000,1.000000
2026-07-08,3.000000,KONAK,Risk,True,E_COLI_FAIL_FAST,TEST,E3_AUGMENTED_TRAIN_MIXED_TEST,MixedTest,KNN,Risk,0.000000,0.000000,1.000000
2026-07-29,30.000000,MANAVKUYU,Caution,True,AMMONIUM_NEAR_STANDARD,TEST,E3_AUGMENTED_TRAIN_MIXED_TEST,MixedTest,KNN,Caution,1.000000,0.000000,0.000000
2026-06-17,73.000000,BEYAZEVLER,Caution,True,NITRITE_SUBSTANDARD,TEST,E3_AUGMENTED_TRAIN_MIXED_TEST,MixedTest,KNN,Caution,0.600000,0.400000,0.000000
2026-07-29,3.000000,KONAK,Good,False,REAL,REAL,E3_AUGMENTED_TRAIN_MIXED_TEST,MixedTest,KNN,Good,0.000000,1.000000,0.000000
2026-07-29,14.000000,ESKİ İZMİR,Good,False,REAL,REAL,E3_AUGMENTED_TRAIN_MIXED_TEST,MixedTest,KNN,Good,0.000000,1.000000,0.000000
2026-07-08,27.000000,ATATÜRK MAH,Caution,True,MULTI_PARAMETER_SUBSTANDARD,TEST,E3_AUGMENTED_TRAIN_MIXED_TEST,MixedTest,KNN,Caution,1.000000,0.000000,0.000000
2026-06-17,72.000000,9 EYLÜL MAH,Risk,True,ARSENIC_FAIL_FAST,TEST,E3_AUGMENTED_TRAIN_MIXED_TEST,MixedTest,KNN,Risk,0.000000,0.000000,1.000000
2026-06-24,34.000000,ÇİĞLİ,Caution,True,MULTI_PARAMETER_SUBSTANDARD,TEST,E3_AUGMENTED_TRAIN_MIXED_TEST,MixedTest,KNN,Caution,1.000000,0.000000,0.000000
2026-06-17,75.000000,CENNETÇEŞME,Risk,True,C_PERFRINGENS_FAIL_FAST,TEST,E3_AUGMENTED_TRAIN_MIXED_TEST,MixedTest,KNN,Risk,0.000000,0.200000,0.800000
2026-07-01,80.000000,KADİFEKALE,Risk,True,ARSENIC_FAIL_FAST,TEST,E3_AUGMENTED_TRAIN_MIXED_TEST,MixedTest,KNN,Risk,0.200000,0.000000,0.800000
2026-06-10,22.000000,ÇAMDİBİ,Caution,True,NITRITE_SUBSTANDARD,TEST,E3_AUGMENTED_TRAIN_MIXED_TEST,MixedTest,KNN,Caution,1.000000,0.000000,0.000000
2026-07-29,22.000000,ÇAMDİBİ,Caution,True,MULTI_PARAMETER_SUBSTANDARD,TEST,E3_AUGMENTED_TRAIN_MIXED_TEST,MixedTest,KNN,Caution,1.000000,0.000000,0.000000
2026-06-10,15.000000,GAZİEMİR,Caution,True,MULTI_PARAMETER_SUBSTANDARD,TEST,E3_AUGMENTED_TRAIN_MIXED_TEST,MixedTest,KNN,Caution,1.000000,0.000000,0.000000
2026-07-22,72.000000,9 EYLÜL MAH,Good,False,REAL,REAL,E3_AUGMENTED_TRAIN_MIXED_TEST,MixedTest,KNN,Good,0.000000,1.000000,0.000000
2026-07-08,17.000000,ŞİRİNYER,Good,False,REAL,REAL,E3_AUGMENTED_TRAIN_MIXED_TEST,MixedTest,KNN,Good,0.200000,0.800000,0.000000
2026-06-17,48.000000,EGEKENT-2,Good,False,REAL,REAL,E3_AUGMENTED_TRAIN_MIXED_TEST,MixedTest,KNN,Good,0.000000,1.000000,0.000000
2026-07-29,20.000000,GÜLTEPE,Good,False,REAL,REAL,E3_AUGMENTED_TRAIN_MIXED_TEST,MixedTest,KNN,Good,0.000000,1.000000,0.000000
2026-07-22,48.000000,EGEKENT-2,Good,False,REAL,REAL,E3_AUGMENTED_TRAIN_MIXED_TEST,MixedTest,KNN,Good,0.000000,1.000000,0.000000
2026-06-17,61.000000,LEVENT,Caution,True,NITRITE_SUBSTANDARD,TEST,E3_AUGMENTED_TRAIN_MIXED_TEST,MixedTest,KNN,Good,0.200000,0.800000,0.000000
2026-07-01,45.000000,CUMHURİYET MAH,Caution,True,MULTI_PARAMETER_SUBSTANDARD,TEST,E3_AUGMENTED_TRAIN_MIXED_TEST,MixedTest,KNN,Caution,1.000000,0.000000,0.000000
2026-06-24,36.000000,ŞEMİKLER,Good,False,REAL,REAL,E3_AUGMENTED_TRAIN_MIXED_TEST,MixedTest,KNN,Good,0.000000,1.000000,0.000000
2026-06-17,59.000000,ÇANKAYA,Good,False,REAL,REAL,E3_AUGMENTED_TRAIN_MIXED_TEST,MixedTest,KNN,Good,0.000000,1.000000,0.000000
2026-06-10,33.000000,BALATÇIK,Risk,True,C_PERFRINGENS_FAIL_FAST,TEST,E3_AUGMENTED_TRAIN_MIXED_TEST,MixedTest,KNN,Risk,0.000000,0.000000,1.000000
2026-06-10,3.000000,KONAK,Good,False,REAL,REAL,E3_AUGMENTED_TRAIN_MIXED_TEST,MixedTest,KNN,Good,0.000000,1.000000,0.000000
2026-06-10,28.000000,OSMANGAZİ,Risk,True,COLIFORM_FAIL_FAST,TEST,E3_AUGMENTED_TRAIN_MIXED_TEST,MixedTest,KNN,Risk,0.000000,0.000000,1.000000
2026-07-08,38.000000,EVKA-2,Risk,True,E_COLI_FAIL_FAST,TEST,E3_AUGMENTED_TRAIN_MIXED_TEST,MixedTest,KNN,Risk,0.000000,0.000000,1.000000
2026-06-17,54.000000,YEŞİLÇAM,Good,False,REAL,REAL,E3_AUGMENTED_TRAIN_MIXED_TEST,MixedTest,KNN,Good,0.200000,0.800000,0.000000
2026-06-24,8.000000,GÜZELYALI,Good,False,REAL,REAL,E3_AUGMENTED_TRAIN_MIXED_TEST,MixedTest,KNN,Good,0.000000,1.000000,0.000000
2026-07-22,80.000000,KADİFEKALE,Good,False,REAL,REAL,E3_AUGMENTED_TRAIN_MIXED_TEST,MixedTest,KNN,Good,0.000000,1.000000,0.000000
2026-06-10,39.000000,ÖRNEKKÖY,Good,False,REAL,REAL,E3_AUGMENTED_TRAIN_MIXED_TEST,MixedTest,KNN,Good,0.000000,1.000000,0.000000
2026-06-17,42.000000,YAMANLAR,Caution,True,NITRITE_SUBSTANDARD,TEST,E3_AUGMENTED_TRAIN_MIXED_TEST,MixedTest,KNN,Caution,1.000000,0.000000,0.000000
2026-07-08,30.000000,MANAVKUYU,Risk,True,ARSENIC_FAIL_FAST,TEST,E3_AUGMENTED_TRAIN_MIXED_TEST,MixedTest,KNN,Good,0.000000,0.800000,0.200000
2026-06-24,21.000000,ALTINDAĞ,Good,False,REAL,REAL,E3_AUGMENTED_TRAIN_MIXED_TEST,MixedTest,KNN,Good,0.200000,0.800000,0.000000
2026-07-08,40.000000,GÜMÜŞPALA,Caution,True,MULTI_PARAMETER_SUBSTANDARD,TEST,E3_AUGMENTED_TRAIN_MIXED_TEST,MixedTest,KNN,Caution,1.000000,0.000000,0.000000
2026-06-24,30.000000,MANAVKUYU,Risk,True,C_PERFRINGENS_FAIL_FAST,TEST,E3_AUGMENTED_TRAIN_MIXED_TEST,MixedTest,KNN,Risk,0.000000,0.000000,1.000000
2026-06-17,57.000000,MERSİNLİ,Good,False,REAL,REAL,E3_AUGMENTED_TRAIN_MIXED_TEST,MixedTest,KNN,Good,0.200000,0.800000,0.000000
2026-06-10,20.000000,GÜLTEPE,Caution,True,AMMONIUM_NEAR_STANDARD,TEST,E3_AUGMENTED_TRAIN_MIXED_TEST,MixedTest,KNN,Caution,1.000000,0.000000,0.000000
2026-06-24,33.000000,BALATÇIK,Caution,True,NITRITE_SUBSTANDARD,TEST,E3_AUGMENTED_TRAIN_MIXED_TEST,MixedTest,KNN,Caution,0.600000,0.400000,0.000000
2026-07-29,34.000000,ÇİĞLİ,Caution,True,AMMONIUM_NEAR_STANDARD,TEST,E3_AUGMENTED_TRAIN_MIXED_TEST,MixedTest,KNN,Caution,1.000000,0.000000,0.000000
2026-06-10,17.000000,ŞİRİNYER,Good,False,REAL,REAL,E3_AUGMENTED_TRAIN_MIXED_TEST,MixedTest,KNN,Good,0.200000,0.800000,0.000000
2026-06-17,69.000000,UĞUR MUMCU MAH,Caution,True,NITRITE_SUBSTANDARD,TEST,E3_AUGMENTED_TRAIN_MIXED_TEST,MixedTest,KNN,Good,0.400000,0.600000,0.000000
2026-06-24,18.000000,BUCA,Good,False,REAL,REAL,E3_AUGMENTED_TRAIN_MIXED_TEST,MixedTest,KNN,Good,0.200000,0.800000,0.000000
2026-07-01,71.000000,AKTEPE,Risk,True,E_COLI_FAIL_FAST,TEST,E3_AUGMENTED_TRAIN_MIXED_TEST,MixedTest,KNN,Risk,0.000000,0.000000,1.000000
2026-06-17,69.000000,UĞUR MUMCU MAH,Caution,True,NITRITE_SUBSTANDARD,TEST,E3_AUGMENTED_TRAIN_MIXED_TEST,MixedTest,KNN,Caution,0.600000,0.400000,0.000000
2026-07-08,22.000000,ÇAMDİBİ,Good,False,REAL,REAL,E3_AUGMENTED_TRAIN_MIXED_TEST,MixedTest,KNN,Good,0.000000,1.000000,0.000000
2026-07-22,59.000000,ÇANKAYA,Caution,True,NITRITE_SUBSTANDARD,TEST,E3_AUGMENTED_TRAIN_MIXED_TEST,MixedTest,KNN,Good,0.200000,0.800000,0.000000
2026-07-01,41.000000,DOĞANÇAY,Risk,True,ARSENIC_FAIL_FAST,TEST,E3_AUGMENTED_TRAIN_MIXED_TEST,MixedTest,KNN,Risk,0.000000,0.000000,1.000000
2026-07-01,66.000000,KOZAĞAÇ,Good,False,REAL,REAL,E3_AUGMENTED_TRAIN_MIXED_TEST,MixedTest,KNN,Good,0.200000,0.800000,0.000000
2026-07-01,56.000000,YEŞİLOVA,Caution,True,NITRITE_SUBSTANDARD,TEST,E3_AUGMENTED_TRAIN_MIXED_TEST,MixedTest,KNN,Good,0.200000,0.800000,0.000000
2026-06-17,74.000000,UZUNDERE,Risk,True,NITRITE_FAIL_FAST,TEST,E3_AUGMENTED_TRAIN_MIXED_TEST,MixedTest,KNN,Risk,0.000000,0.000000,1.000000
2026-07-29,38.000000,EVKA-2,Caution,True,NITRITE_SUBSTANDARD,TEST,E3_AUGMENTED_TRAIN_MIXED_TEST,MixedTest,KNN,Good,0.400000,0.600000,0.000000
2026-06-10,9.000000,HATAY,Caution,True,NITRITE_SUBSTANDARD,TEST,E3_AUGMENTED_TRAIN_MIXED_TEST,MixedTest,KNN,Good,0.400000,0.600000,0.000000
2026-06-17,60.000000,TOROS,Good,False,REAL,REAL,E3_AUGMENTED_TRAIN_MIXED_TEST,MixedTest,KNN,Good,0.000000,1.000000,0.000000
2026-06-10,23.000000,IŞIKKENT,Risk,True,NITRITE_FAIL_FAST,TEST,E3_AUGMENTED_TRAIN_MIXED_TEST,MixedTest,KNN,Risk,0.000000,0.000000,1.000000
2026-06-17,55.000000,MEVLANA,Good,False,REAL,REAL,E3_AUGMENTED_TRAIN_MIXED_TEST,MixedTest,KNN,Good,0.200000,0.800000,0.000000
2026-07-08,30.000000,MANAVKUYU,Good,False,REAL,REAL,E3_AUGMENTED_TRAIN_MIXED_TEST,MixedTest,KNN,Good,0.200000,0.800000,0.000000
2026-07-22,47.000000,EVKA-5,Good,False,REAL,REAL,E3_AUGMENTED_TRAIN_MIXED_TEST,MixedTest,KNN,Good,0.000000,1.000000,0.000000
2026-06-10,28.000000,OSMANGAZİ,Risk,True,COLIFORM_FAIL_FAST,TEST,E3_AUGMENTED_TRAIN_MIXED_TEST,MixedTest,KNN,Risk,0.000000,0.000000,1.000000
2026-07-22,44.000000,YAMAÇ MAH,Good,False,REAL,REAL,E3_AUGMENTED_TRAIN_MIXED_TEST,MixedTest,KNN,Good,0.000000,1.000000,0.000000
2026-07-08,25.000000,EVKA-3,Good,False,REAL,REAL,E3_AUGMENTED_TRAIN_MIXED_TEST,MixedTest,KNN,Good,0.000000,1.000000,0.000000
2026-06-17,64.000000,ADATEPE,Good,False,REAL,REAL,E3_AUGMENTED_TRAIN_MIXED_TEST,MixedTest,KNN,Good,0.000000,1.000000,0.000000
2026-06-17,53.000000,NALDÖKEN,Good,False,REAL,REAL,E3_AUGMENTED_TRAIN_MIXED_TEST,MixedTest,KNN,Good,0.000000,1.000000,0.000000
2026-06-24,20.000000,GÜLTEPE,Caution,True,AMMONIUM_NEAR_STANDARD,TEST,E3_AUGMENTED_TRAIN_MIXED_TEST,MixedTest,KNN,Caution,1.000000,0.000000,0.000000
2026-07-29,17.000000,ŞİRİNYER,Caution,True,MULTI_PARAMETER_SUBSTANDARD,TEST,E3_AUGMENTED_TRAIN_MIXED_TEST,MixedTest,KNN,Caution,1.000000,0.000000,0.000000
2026-07-01,47.000000,EVKA-5,Caution,True,AMMONIUM_NEAR_STANDARD,TEST,E3_AUGMENTED_TRAIN_MIXED_TEST,MixedTest,KNN,Caution,1.000000,0.000000,0.000000
2026-06-10,25.000000,EVKA-3,Good,False,REAL,REAL,E3_AUGMENTED_TRAIN_MIXED_TEST,MixedTest,KNN,Good,0.000000,1.000000,0.000000
2026-06-10,15.000000,GAZİEMİR,Caution,True,NITRITE_SUBSTANDARD,TEST,E3_AUGMENTED_TRAIN_MIXED_TEST,MixedTest,KNN,Good,0.400000,0.600000,0.000000
2026-07-08,16.000000,GEDİZ,Good,False,REAL,REAL,E3_AUGMENTED_TRAIN_MIXED_TEST,MixedTest,KNN,Good,0.200000,0.800000,0.000000
2026-06-24,35.000000,BOSTANLI,Caution,True,NITRITE_SUBSTANDARD,TEST,E3_AUGMENTED_TRAIN_MIXED_TEST,MixedTest,KNN,Good,0.000000,1.000000,0.000000
2026-07-22,51.000000,ÇAY MAH,Good,False,REAL,REAL,E3_AUGMENTED_TRAIN_MIXED_TEST,MixedTest,KNN,Good,0.000000,1.000000,0.000000
2026-07-01,50.000000,CENGİZHAN,Risk,True,E_COLI_FAIL_FAST,TEST,E3_AUGMENTED_TRAIN_MIXED_TEST,MixedTest,KNN,Risk,0.000000,0.000000,1.000000
2026-06-24,20.000000,GÜLTEPE,Caution,True,NITRITE_SUBSTANDARD,TEST,E3_AUGMENTED_TRAIN_MIXED_TEST,MixedTest,KNN,Good,0.200000,0.800000,0.000000
2026-07-22,75.000000,CENNETÇEŞME,Risk,True,C_PERFRINGENS_FAIL_FAST,TEST,E3_AUGMENTED_TRAIN_MIXED_TEST,MixedTest,KNN,Risk,0.000000,0.000000,1.000000
2026-06-24,39.000000,ÖRNEKKÖY,Caution,True,NITRITE_SUBSTANDARD,TEST,E3_AUGMENTED_TRAIN_MIXED_TEST,MixedTest,KNN,Good,0.000000,1.000000,0.000000
2026-06-24,37.000000,KARŞIYAKA,Caution,True,NITRITE_SUBSTANDARD,TEST,E3_AUGMENTED_TRAIN_MIXED_TEST,MixedTest,KNN,Good,0.000000,1.000000,0.000000
2026-06-24,2.000000,YENİŞEHİR,Caution,True,MULTI_PARAMETER_SUBSTANDARD,TEST,E3_AUGMENTED_TRAIN_MIXED_TEST,MixedTest,KNN,Caution,1.000000,0.000000,0.000000
2026-07-08,3.000000,KONAK,Good,False,REAL,REAL,E3_AUGMENTED_TRAIN_MIXED_TEST,MixedTest,KNN,Good,0.000000,1.000000,0.000000
2026-07-01,62.000000,UFUK MAH,Good,False,REAL,REAL,E3_AUGMENTED_TRAIN_MIXED_TEST,MixedTest,KNN,Good,0.000000,1.000000,0.000000
2026-07-08,5.000000,NARLIDERE,Good,False,REAL,REAL,E3_AUGMENTED_TRAIN_MIXED_TEST,MixedTest,KNN,Good,0.000000,1.000000,0.000000
2026-07-29,34.000000,ÇİĞLİ,Risk,True,NITRITE_FAIL_FAST,TEST,E3_AUGMENTED_TRAIN_MIXED_TEST,MixedTest,KNN,Risk,0.000000,0.000000,1.000000
2026-06-24,29.000000,ÖZKANLAR,Good,False,REAL,REAL,E3_AUGMENTED_TRAIN_MIXED_TEST,MixedTest,KNN,Good,0.000000,1.000000,0.000000
2026-06-17,42.000000,YAMANLAR,Risk,True,NITRITE_FAIL_FAST,TEST,E3_AUGMENTED_TRAIN_MIXED_TEST,MixedTest,KNN,Risk,0.000000,0.000000,1.000000
2026-06-24,17.000000,ŞİRİNYER,Good,False,REAL,REAL,E3_AUGMENTED_TRAIN_MIXED_TEST,MixedTest,KNN,Good,0.200000,0.800000,0.000000
2026-07-08,24.000000,PINARBAŞI,Caution,True,NITRITE_SUBSTANDARD,TEST,E3_AUGMENTED_TRAIN_MIXED_TEST,MixedTest,KNN,Good,0.000000,1.000000,0.000000
2026-07-29,16.000000,GEDİZ,Good,False,REAL,REAL,E3_AUGMENTED_TRAIN_MIXED_TEST,MixedTest,KNN,Good,0.000000,1.000000,0.000000
2026-07-01,52.000000,İZYUVA,Good,False,REAL,REAL,E3_AUGMENTED_TRAIN_MIXED_TEST,MixedTest,KNN,Good,0.000000,1.000000,0.000000
2026-07-08,24.000000,PINARBAŞI,Risk,True,E_COLI_FAIL_FAST,TEST,E3_AUGMENTED_TRAIN_MIXED_TEST,MixedTest,KNN,Risk,0.000000,0.000000,1.000000
2026-06-10,24.000000,PINARBAŞI,Good,False,REAL,REAL,E3_AUGMENTED_TRAIN_MIXED_TEST,MixedTest,KNN,Good,0.000000,1.000000,0.000000
2026-07-22,46.000000,GÜZELTEPE,Good,False,REAL,REAL,E3_AUGMENTED_TRAIN_MIXED_TEST,MixedTest,KNN,Good,0.000000,1.000000,0.000000
2026-06-17,78.000000,İNCİRALTI,Good,False,REAL,REAL,E3_AUGMENTED_TRAIN_MIXED_TEST,MixedTest,KNN,Good,0.000000,1.000000,0.000000
2026-06-24,37.000000,KARŞIYAKA,Good,False,REAL,REAL,E3_AUGMENTED_TRAIN_MIXED_TEST,MixedTest,KNN,Good,0.000000,1.000000,0.000000
2026-06-17,51.000000,ÇAY MAH,Caution,True,NITRITE_SUBSTANDARD,TEST,E3_AUGMENTED_TRAIN_MIXED_TEST,MixedTest,KNN,Caution,1.000000,0.000000,0.000000
2026-07-01,46.000000,GÜZELTEPE,Caution,True,AMMONIUM_NEAR_STANDARD,TEST,E3_AUGMENTED_TRAIN_MIXED_TEST,MixedTest,KNN,Caution,1.000000,0.000000,0.000000
2026-07-08,32.000000,EGEKENT,Risk,True,ARSENIC_FAIL_FAST,TEST,E3_AUGMENTED_TRAIN_MIXED_TEST,MixedTest,KNN,Risk,0.000000,0.400000,0.600000
2026-06-24,33.000000,BALATÇIK,Good,False,REAL,REAL,E3_AUGMENTED_TRAIN_MIXED_TEST,MixedTest,KNN,Good,0.000000,1.000000,0.000000
2026-06-10,2.000000,YENİŞEHİR,Good,False,REAL,REAL,E2_AUGMENTED_TRAIN_REAL_TEST,RealTest,SVM,Good,0.004716,0.992974,0.002311
2026-06-10,3.000000,KONAK,Good,False,REAL,REAL,E2_AUGMENTED_TRAIN_REAL_TEST,RealTest,SVM,Good,0.003739,0.994546,0.001715
2026-06-10,4.000000,GÜZELBAHÇE,Good,False,REAL,REAL,E2_AUGMENTED_TRAIN_REAL_TEST,RealTest,SVM,Good,0.002314,0.995126,0.002560
2026-06-10,5.000000,NARLIDERE,Good,False,REAL,REAL,E2_AUGMENTED_TRAIN_REAL_TEST,RealTest,SVM,Good,0.002227,0.995027,0.002745
2026-06-10,6.000000,BALÇOVA,Good,False,REAL,REAL,E2_AUGMENTED_TRAIN_REAL_TEST,RealTest,SVM,Good,0.002067,0.995933,0.002001
2026-06-10,7.000000,ÜÇKUYULAR,Good,False,REAL,REAL,E2_AUGMENTED_TRAIN_REAL_TEST,RealTest,SVM,Good,0.002333,0.995494,0.002173
2026-06-10,8.000000,GÜZELYALI,Good,False,REAL,REAL,E2_AUGMENTED_TRAIN_REAL_TEST,RealTest,SVM,Good,0.002184,0.995737,0.002079
2026-06-10,9.000000,HATAY,Good,False,REAL,REAL,E2_AUGMENTED_TRAIN_REAL_TEST,RealTest,SVM,Good,0.002204,0.992067,0.005729
2026-06-10,11.000000,YEŞİLYURT,Good,False,REAL,REAL,E2_AUGMENTED_TRAIN_REAL_TEST,RealTest,SVM,Good,0.002413,0.991209,0.006378
2026-06-10,13.000000,KARABAĞLAR,Good,False,REAL,REAL,E2_AUGMENTED_TRAIN_REAL_TEST,RealTest,SVM,Good,0.002361,0.991392,0.006247
2026-06-10,14.000000,ESKİ İZMİR,Good,False,REAL,REAL,E2_AUGMENTED_TRAIN_REAL_TEST,RealTest,SVM,Good,0.002230,0.991911,0.005858
2026-06-10,15.000000,GAZİEMİR,Good,False,REAL,REAL,E2_AUGMENTED_TRAIN_REAL_TEST,RealTest,SVM,Good,0.002233,0.991878,0.005889
2026-06-10,16.000000,GEDİZ,Good,False,REAL,REAL,E2_AUGMENTED_TRAIN_REAL_TEST,RealTest,SVM,Good,0.076309,0.863810,0.059880
2026-06-10,17.000000,ŞİRİNYER,Good,False,REAL,REAL,E2_AUGMENTED_TRAIN_REAL_TEST,RealTest,SVM,Good,0.017830,0.962126,0.020044
2026-06-10,18.000000,BUCA,Good,False,REAL,REAL,E2_AUGMENTED_TRAIN_REAL_TEST,RealTest,SVM,Good,0.076066,0.865546,0.058388
2026-06-10,19.000000,GÜLÇEŞME,Good,False,REAL,REAL,E2_AUGMENTED_TRAIN_REAL_TEST,RealTest,SVM,Good,0.036784,0.930918,0.032298
2026-06-10,20.000000,GÜLTEPE,Good,False,REAL,REAL,E2_AUGMENTED_TRAIN_REAL_TEST,RealTest,SVM,Good,0.003513,0.995170,0.001317
2026-06-10,21.000000,ALTINDAĞ,Good,False,REAL,REAL,E2_AUGMENTED_TRAIN_REAL_TEST,RealTest,SVM,Good,0.003242,0.988679,0.008079
2026-06-10,22.000000,ÇAMDİBİ,Good,False,REAL,REAL,E2_AUGMENTED_TRAIN_REAL_TEST,RealTest,SVM,Good,0.002895,0.989370,0.007734
2026-06-10,23.000000,IŞIKKENT,Good,False,REAL,REAL,E2_AUGMENTED_TRAIN_REAL_TEST,RealTest,SVM,Good,0.003141,0.989379,0.007480
2026-06-10,24.000000,PINARBAŞI,Good,False,REAL,REAL,E2_AUGMENTED_TRAIN_REAL_TEST,RealTest,SVM,Good,0.003666,0.988763,0.007571
2026-06-10,25.000000,EVKA-3,Good,False,REAL,REAL,E2_AUGMENTED_TRAIN_REAL_TEST,RealTest,SVM,Good,0.007357,0.986219,0.006423
2026-06-10,26.000000,BORNOVA,Good,False,REAL,REAL,E2_AUGMENTED_TRAIN_REAL_TEST,RealTest,SVM,Good,0.005297,0.988993,0.005710
2026-06-10,27.000000,ATATÜRK MAH,Good,False,REAL,REAL,E2_AUGMENTED_TRAIN_REAL_TEST,RealTest,SVM,Good,0.005740,0.987480,0.006780
2026-06-10,28.000000,OSMANGAZİ,Good,False,REAL,REAL,E2_AUGMENTED_TRAIN_REAL_TEST,RealTest,SVM,Good,0.007432,0.981154,0.011414
2026-06-10,29.000000,ÖZKANLAR,Good,False,REAL,REAL,E2_AUGMENTED_TRAIN_REAL_TEST,RealTest,SVM,Good,0.007492,0.981251,0.011257
2026-06-10,30.000000,MANAVKUYU,Good,False,REAL,REAL,E2_AUGMENTED_TRAIN_REAL_TEST,RealTest,SVM,Good,0.004988,0.988475,0.006537
2026-06-10,32.000000,EGEKENT,Good,False,REAL,REAL,E2_AUGMENTED_TRAIN_REAL_TEST,RealTest,SVM,Good,0.030928,0.868110,0.100962
2026-06-10,33.000000,BALATÇIK,Good,False,REAL,REAL,E2_AUGMENTED_TRAIN_REAL_TEST,RealTest,SVM,Good,0.033112,0.856045,0.110843
2026-06-10,34.000000,ÇİĞLİ,Good,False,REAL,REAL,E2_AUGMENTED_TRAIN_REAL_TEST,RealTest,SVM,Good,0.005327,0.988869,0.005804
2026-06-10,35.000000,BOSTANLI,Good,False,REAL,REAL,E2_AUGMENTED_TRAIN_REAL_TEST,RealTest,SVM,Good,0.004991,0.988606,0.006403
2026-06-10,36.000000,ŞEMİKLER,Good,False,REAL,REAL,E2_AUGMENTED_TRAIN_REAL_TEST,RealTest,SVM,Good,0.010849,0.972407,0.016744
2026-06-10,37.000000,KARŞIYAKA,Good,False,REAL,REAL,E2_AUGMENTED_TRAIN_REAL_TEST,RealTest,SVM,Good,0.009956,0.974839,0.015205
2026-06-10,38.000000,EVKA-2,Good,False,REAL,REAL,E2_AUGMENTED_TRAIN_REAL_TEST,RealTest,SVM,Good,0.008718,0.979011,0.012271
2026-06-10,39.000000,ÖRNEKKÖY,Good,False,REAL,REAL,E2_AUGMENTED_TRAIN_REAL_TEST,RealTest,SVM,Good,0.009882,0.974862,0.015256
2026-06-10,40.000000,GÜMÜŞPALA,Good,False,REAL,REAL,E2_AUGMENTED_TRAIN_REAL_TEST,RealTest,SVM,Good,0.009453,0.976361,0.014187
2026-06-17,41.000000,DOĞANÇAY,Good,False,REAL,REAL,E2_AUGMENTED_TRAIN_REAL_TEST,RealTest,SVM,Good,0.003289,0.995698,0.001012
2026-06-17,42.000000,YAMANLAR,Good,False,REAL,REAL,E2_AUGMENTED_TRAIN_REAL_TEST,RealTest,SVM,Good,0.003240,0.995779,0.000980
2026-06-17,43.000000,POSTACI MAH,Good,False,REAL,REAL,E2_AUGMENTED_TRAIN_REAL_TEST,RealTest,SVM,Good,0.003141,0.995861,0.000997
2026-06-17,44.000000,YAMAÇ MAH,Good,False,REAL,REAL,E2_AUGMENTED_TRAIN_REAL_TEST,RealTest,SVM,Good,0.002870,0.996307,0.000824
2026-06-17,45.000000,CUMHURİYET MAH,Good,False,REAL,REAL,E2_AUGMENTED_TRAIN_REAL_TEST,RealTest,SVM,Good,0.003241,0.995692,0.001067
2026-06-17,46.000000,GÜZELTEPE,Good,False,REAL,REAL,E2_AUGMENTED_TRAIN_REAL_TEST,RealTest,SVM,Good,0.003193,0.995763,0.001043
2026-06-17,47.000000,EVKA-5,Good,False,REAL,REAL,E2_AUGMENTED_TRAIN_REAL_TEST,RealTest,SVM,Good,0.004810,0.989702,0.005489
2026-06-17,48.000000,EGEKENT-2,Good,False,REAL,REAL,E2_AUGMENTED_TRAIN_REAL_TEST,RealTest,SVM,Good,0.005678,0.986665,0.007657
2026-06-17,49.000000,ALAYBEY,Good,False,REAL,REAL,E2_AUGMENTED_TRAIN_REAL_TEST,RealTest,SVM,Good,0.003229,0.995717,0.001054
2026-06-17,50.000000,CENGİZHAN,Good,False,REAL,REAL,E2_AUGMENTED_TRAIN_REAL_TEST,RealTest,SVM,Good,0.003068,0.995951,0.000981
2026-06-17,51.000000,ÇAY MAH,Good,False,REAL,REAL,E2_AUGMENTED_TRAIN_REAL_TEST,RealTest,SVM,Good,0.003521,0.995146,0.001333
2026-06-17,52.000000,İZYUVA,Good,False,REAL,REAL,E2_AUGMENTED_TRAIN_REAL_TEST,RealTest,SVM,Good,0.010438,0.976497,0.013065
2026-06-17,53.000000,NALDÖKEN,Good,False,REAL,REAL,E2_AUGMENTED_TRAIN_REAL_TEST,RealTest,SVM,Good,0.003020,0.990591,0.006388
2026-06-17,54.000000,YEŞİLÇAM,Good,False,REAL,REAL,E2_AUGMENTED_TRAIN_REAL_TEST,RealTest,SVM,Good,0.006865,0.983635,0.009501
2026-06-17,55.000000,MEVLANA,Good,False,REAL,REAL,E2_AUGMENTED_TRAIN_REAL_TEST,RealTest,SVM,Good,0.007709,0.980574,0.011717
2026-06-17,56.000000,YEŞİLOVA,Good,False,REAL,REAL,E2_AUGMENTED_TRAIN_REAL_TEST,RealTest,SVM,Good,0.006480,0.983114,0.010405
2026-06-17,57.000000,MERSİNLİ,Good,False,REAL,REAL,E2_AUGMENTED_TRAIN_REAL_TEST,RealTest,SVM,Good,0.008985,0.978061,0.012954
2026-06-17,59.000000,ÇANKAYA,Good,False,REAL,REAL,E2_AUGMENTED_TRAIN_REAL_TEST,RealTest,SVM,Good,0.002743,0.995329,0.001928
2026-06-17,60.000000,TOROS,Good,False,REAL,REAL,E2_AUGMENTED_TRAIN_REAL_TEST,RealTest,SVM,Good,0.002437,0.996532,0.001031
2026-06-17,61.000000,LEVENT,Good,False,REAL,REAL,E2_AUGMENTED_TRAIN_REAL_TEST,RealTest,SVM,Good,0.002489,0.996671,0.000840
2026-06-17,62.000000,UFUK MAH,Good,False,REAL,REAL,E2_AUGMENTED_TRAIN_REAL_TEST,RealTest,SVM,Good,0.002273,0.996542,0.001185
2026-06-17,63.000000,EVKA-1,Good,False,REAL,REAL,E2_AUGMENTED_TRAIN_REAL_TEST,RealTest,SVM,Good,0.003196,0.988796,0.008008
2026-06-17,64.000000,ADATEPE,Good,False,REAL,REAL,E2_AUGMENTED_TRAIN_REAL_TEST,RealTest,SVM,Good,0.000081,0.994721,0.005198
2026-06-17,65.000000,KURUÇEŞME,Good,False,REAL,REAL,E2_AUGMENTED_TRAIN_REAL_TEST,RealTest,SVM,Good,0.001771,0.991223,0.007006
2026-06-17,66.000000,KOZAĞAÇ,Good,False,REAL,REAL,E2_AUGMENTED_TRAIN_REAL_TEST,RealTest,SVM,Good,0.002334,0.990443,0.007224
2026-06-17,67.000000,ÇAMLIKULE,Good,False,REAL,REAL,E2_AUGMENTED_TRAIN_REAL_TEST,RealTest,SVM,Good,0.001925,0.991389,0.006686
2026-06-17,68.000000,AKINCILAR,Good,False,REAL,REAL,E2_AUGMENTED_TRAIN_REAL_TEST,RealTest,SVM,Good,0.001933,0.991103,0.006964
2026-06-17,69.000000,UĞUR MUMCU MAH,Good,False,REAL,REAL,E2_AUGMENTED_TRAIN_REAL_TEST,RealTest,SVM,Good,0.001765,0.994468,0.003767
2026-06-17,70.000000,ÇAMLIK MAH,Good,False,REAL,REAL,E2_AUGMENTED_TRAIN_REAL_TEST,RealTest,SVM,Good,0.002018,0.993612,0.004370
2026-06-17,71.000000,AKTEPE,Good,False,REAL,REAL,E2_AUGMENTED_TRAIN_REAL_TEST,RealTest,SVM,Good,0.001879,0.994015,0.004107
2026-06-17,72.000000,9 EYLÜL MAH,Good,False,REAL,REAL,E2_AUGMENTED_TRAIN_REAL_TEST,RealTest,SVM,Good,0.002020,0.993407,0.004573
2026-06-17,73.000000,BEYAZEVLER,Good,False,REAL,REAL,E2_AUGMENTED_TRAIN_REAL_TEST,RealTest,SVM,Good,0.001972,0.993720,0.004309
2026-06-17,74.000000,UZUNDERE,Good,False,REAL,REAL,E2_AUGMENTED_TRAIN_REAL_TEST,RealTest,SVM,Good,0.000038,0.996625,0.003337
2026-06-17,75.000000,CENNETÇEŞME,Good,False,REAL,REAL,E2_AUGMENTED_TRAIN_REAL_TEST,RealTest,SVM,Good,0.001981,0.993796,0.004223
2026-06-17,76.000000,GÜZELBAHÇE,Good,False,REAL,REAL,E2_AUGMENTED_TRAIN_REAL_TEST,RealTest,SVM,Good,0.000018,0.997948,0.002034
2026-06-17,78.000000,İNCİRALTI,Good,False,REAL,REAL,E2_AUGMENTED_TRAIN_REAL_TEST,RealTest,SVM,Good,0.001716,0.996405,0.001879
2026-06-17,79.000000,ESENDERE,Good,False,REAL,REAL,E2_AUGMENTED_TRAIN_REAL_TEST,RealTest,SVM,Good,0.001987,0.993856,0.004157
2026-06-17,80.000000,KADİFEKALE,Good,False,REAL,REAL,E2_AUGMENTED_TRAIN_REAL_TEST,RealTest,SVM,Good,0.002150,0.993520,0.004330
2026-06-24,2.000000,YENİŞEHİR,Good,False,REAL,REAL,E2_AUGMENTED_TRAIN_REAL_TEST,RealTest,SVM,Good,0.002707,0.996647,0.000646
2026-06-24,3.000000,KONAK,Good,False,REAL,REAL,E2_AUGMENTED_TRAIN_REAL_TEST,RealTest,SVM,Good,0.002336,0.997138,0.000526
2026-06-24,4.000000,GÜZELBAHÇE,Good,False,REAL,REAL,E2_AUGMENTED_TRAIN_REAL_TEST,RealTest,SVM,Good,0.002589,0.995287,0.002124
2026-06-24,5.000000,NARLIDERE,Good,False,REAL,REAL,E2_AUGMENTED_TRAIN_REAL_TEST,RealTest,SVM,Good,0.002546,0.995547,0.001907
2026-06-24,6.000000,BALÇOVA,Good,False,REAL,REAL,E2_AUGMENTED_TRAIN_REAL_TEST,RealTest,SVM,Good,0.002666,0.995714,0.001621
2026-06-24,7.000000,ÜÇKUYULAR,Good,False,REAL,REAL,E2_AUGMENTED_TRAIN_REAL_TEST,RealTest,SVM,Good,0.002544,0.995788,0.001668
2026-06-24,8.000000,GÜZELYALI,Good,False,REAL,REAL,E2_AUGMENTED_TRAIN_REAL_TEST,RealTest,SVM,Good,0.002522,0.995584,0.001894
2026-06-24,9.000000,HATAY,Good,False,REAL,REAL,E2_AUGMENTED_TRAIN_REAL_TEST,RealTest,SVM,Good,0.001783,0.995698,0.002519
2026-06-24,11.000000,YEŞİLYURT,Good,False,REAL,REAL,E2_AUGMENTED_TRAIN_REAL_TEST,RealTest,SVM,Good,0.000020,0.997747,0.002233
2026-06-24,13.000000,KARABAĞLAR,Good,False,REAL,REAL,E2_AUGMENTED_TRAIN_REAL_TEST,RealTest,SVM,Good,0.001825,0.995637,0.002538
2026-06-24,14.000000,ESKİ İZMİR,Good,False,REAL,REAL,E2_AUGMENTED_TRAIN_REAL_TEST,RealTest,SVM,Good,0.001777,0.995754,0.002469
2026-06-24,15.000000,GAZİEMİR,Good,False,REAL,REAL,E2_AUGMENTED_TRAIN_REAL_TEST,RealTest,SVM,Good,0.001794,0.995619,0.002587
2026-06-24,16.000000,GEDİZ,Good,False,REAL,REAL,E2_AUGMENTED_TRAIN_REAL_TEST,RealTest,SVM,Good,0.040306,0.929210,0.030485
2026-06-24,17.000000,ŞİRİNYER,Good,False,REAL,REAL,E2_AUGMENTED_TRAIN_REAL_TEST,RealTest,SVM,Good,0.032853,0.940116,0.027031
2026-06-24,18.000000,BUCA,Good,False,REAL,REAL,E2_AUGMENTED_TRAIN_REAL_TEST,RealTest,SVM,Good,0.013602,0.971236,0.015162
2026-06-24,19.000000,GÜLÇEŞME,Good,False,REAL,REAL,E2_AUGMENTED_TRAIN_REAL_TEST,RealTest,SVM,Good,0.022424,0.956989,0.020588
2026-06-24,20.000000,GÜLTEPE,Good,False,REAL,REAL,E2_AUGMENTED_TRAIN_REAL_TEST,RealTest,SVM,Good,0.002198,0.997065,0.000737
2026-06-24,21.000000,ALTINDAĞ,Good,False,REAL,REAL,E2_AUGMENTED_TRAIN_REAL_TEST,RealTest,SVM,Good,0.129683,0.789607,0.080710
2026-06-24,22.000000,ÇAMDİBİ,Good,False,REAL,REAL,E2_AUGMENTED_TRAIN_REAL_TEST,RealTest,SVM,Good,0.163424,0.743539,0.093037
2026-06-24,23.000000,IŞIKKENT,Good,False,REAL,REAL,E2_AUGMENTED_TRAIN_REAL_TEST,RealTest,SVM,Good,0.135892,0.789538,0.074570
2026-06-24,24.000000,PINARBAŞI,Good,False,REAL,REAL,E2_AUGMENTED_TRAIN_REAL_TEST,RealTest,SVM,Good,0.044100,0.930227,0.025673
2026-06-24,25.000000,EVKA-3,Good,False,REAL,REAL,E2_AUGMENTED_TRAIN_REAL_TEST,RealTest,SVM,Good,0.127569,0.792142,0.080290
2026-06-24,26.000000,BORNOVA,Good,False,REAL,REAL,E2_AUGMENTED_TRAIN_REAL_TEST,RealTest,SVM,Good,0.028716,0.946644,0.024640
2026-06-24,27.000000,ATATÜRK MAH,Good,False,REAL,REAL,E2_AUGMENTED_TRAIN_REAL_TEST,RealTest,SVM,Good,0.001917,0.997617,0.000466
2026-06-24,28.000000,OSMANGAZİ,Good,False,REAL,REAL,E2_AUGMENTED_TRAIN_REAL_TEST,RealTest,SVM,Good,0.001926,0.997603,0.000472
2026-06-24,29.000000,ÖZKANLAR,Good,False,REAL,REAL,E2_AUGMENTED_TRAIN_REAL_TEST,RealTest,SVM,Good,0.001911,0.997623,0.000466
2026-06-24,30.000000,MANAVKUYU,Good,False,REAL,REAL,E2_AUGMENTED_TRAIN_REAL_TEST,RealTest,SVM,Good,0.002033,0.997450,0.000517
2026-06-24,32.000000,EGEKENT,Good,False,REAL,REAL,E2_AUGMENTED_TRAIN_REAL_TEST,RealTest,SVM,Good,0.019189,0.967504,0.013307
2026-06-24,33.000000,BALATÇIK,Good,False,REAL,REAL,E2_AUGMENTED_TRAIN_REAL_TEST,RealTest,SVM,Good,0.003659,0.993906,0.002435
2026-06-24,34.000000,ÇİĞLİ,Good,False,REAL,REAL,E2_AUGMENTED_TRAIN_REAL_TEST,RealTest,SVM,Good,0.001916,0.997611,0.000473
2026-06-24,35.000000,BOSTANLI,Good,False,REAL,REAL,E2_AUGMENTED_TRAIN_REAL_TEST,RealTest,SVM,Good,0.001913,0.997609,0.000478
2026-06-24,36.000000,ŞEMİKLER,Good,False,REAL,REAL,E2_AUGMENTED_TRAIN_REAL_TEST,RealTest,SVM,Good,0.001796,0.997693,0.000511
2026-06-24,37.000000,KARŞIYAKA,Good,False,REAL,REAL,E2_AUGMENTED_TRAIN_REAL_TEST,RealTest,SVM,Good,0.002251,0.997239,0.000510
2026-06-24,38.000000,EVKA-2,Good,False,REAL,REAL,E2_AUGMENTED_TRAIN_REAL_TEST,RealTest,SVM,Good,0.001871,0.997675,0.000454
2026-06-24,39.000000,ÖRNEKKÖY,Good,False,REAL,REAL,E2_AUGMENTED_TRAIN_REAL_TEST,RealTest,SVM,Good,0.001789,0.997692,0.000519
2026-06-24,40.000000,GÜMÜŞPALA,Good,False,REAL,REAL,E2_AUGMENTED_TRAIN_REAL_TEST,RealTest,SVM,Good,0.002283,0.997174,0.000543
2026-07-01,41.000000,DOĞANÇAY,Good,False,REAL,REAL,E2_AUGMENTED_TRAIN_REAL_TEST,RealTest,SVM,Good,0.001871,0.997684,0.000444
2026-07-01,42.000000,YAMANLAR,Good,False,REAL,REAL,E2_AUGMENTED_TRAIN_REAL_TEST,RealTest,SVM,Good,0.001894,0.997643,0.000462
2026-07-01,43.000000,POSTACI MAH,Good,False,REAL,REAL,E2_AUGMENTED_TRAIN_REAL_TEST,RealTest,SVM,Good,0.002191,0.997346,0.000463
2026-07-01,44.000000,YAMAÇ MAH,Good,False,REAL,REAL,E2_AUGMENTED_TRAIN_REAL_TEST,RealTest,SVM,Good,0.001850,0.997697,0.000454
2026-07-01,45.000000,CUMHURİYET MAH,Good,False,REAL,REAL,E2_AUGMENTED_TRAIN_REAL_TEST,RealTest,SVM,Good,0.001786,0.997750,0.000464
2026-07-01,46.000000,GÜZELTEPE,Good,False,REAL,REAL,E2_AUGMENTED_TRAIN_REAL_TEST,RealTest,SVM,Good,0.001798,0.997747,0.000455
2026-07-01,47.000000,EVKA-5,Good,False,REAL,REAL,E2_AUGMENTED_TRAIN_REAL_TEST,RealTest,SVM,Good,0.002706,0.996269,0.001026
2026-07-01,48.000000,EGEKENT-2,Good,False,REAL,REAL,E2_AUGMENTED_TRAIN_REAL_TEST,RealTest,SVM,Good,0.002571,0.996510,0.000919
2026-07-01,49.000000,ALAYBEY,Good,False,REAL,REAL,E2_AUGMENTED_TRAIN_REAL_TEST,RealTest,SVM,Good,0.001831,0.997699,0.000470
2026-07-01,50.000000,CENGİZHAN,Good,False,REAL,REAL,E2_AUGMENTED_TRAIN_REAL_TEST,RealTest,SVM,Good,0.001809,0.997727,0.000464
2026-07-01,51.000000,ÇAY MAH,Good,False,REAL,REAL,E2_AUGMENTED_TRAIN_REAL_TEST,RealTest,SVM,Good,0.001805,0.997721,0.000474
2026-07-01,52.000000,İZYUVA,Good,False,REAL,REAL,E2_AUGMENTED_TRAIN_REAL_TEST,RealTest,SVM,Good,0.000019,0.997840,0.002141
2026-07-01,53.000000,NALDÖKEN,Good,False,REAL,REAL,E2_AUGMENTED_TRAIN_REAL_TEST,RealTest,SVM,Good,0.000020,0.997811,0.002170
2026-07-01,54.000000,YEŞİLÇAM,Good,False,REAL,REAL,E2_AUGMENTED_TRAIN_REAL_TEST,RealTest,SVM,Good,0.000094,0.994387,0.005519
2026-07-01,55.000000,MEVLANA,Good,False,REAL,REAL,E2_AUGMENTED_TRAIN_REAL_TEST,RealTest,SVM,Good,0.000014,0.998196,0.001790
2026-07-01,56.000000,YEŞİLOVA,Good,False,REAL,REAL,E2_AUGMENTED_TRAIN_REAL_TEST,RealTest,SVM,Good,0.000019,0.997858,0.002123
2026-07-01,57.000000,MERSİNLİ,Good,False,REAL,REAL,E2_AUGMENTED_TRAIN_REAL_TEST,RealTest,SVM,Good,0.000018,0.997887,0.002094
2026-07-01,59.000000,ÇANKAYA,Good,False,REAL,REAL,E2_AUGMENTED_TRAIN_REAL_TEST,RealTest,SVM,Good,0.002786,0.996437,0.000777
2026-07-01,60.000000,TOROS,Good,False,REAL,REAL,E2_AUGMENTED_TRAIN_REAL_TEST,RealTest,SVM,Good,0.003256,0.995416,0.001329
2026-07-01,61.000000,LEVENT,Good,False,REAL,REAL,E2_AUGMENTED_TRAIN_REAL_TEST,RealTest,SVM,Good,0.004179,0.993121,0.002699
2026-07-01,62.000000,UFUK MAH,Good,False,REAL,REAL,E2_AUGMENTED_TRAIN_REAL_TEST,RealTest,SVM,Good,0.003587,0.994439,0.001974
2026-07-01,63.000000,EVKA-1,Good,False,REAL,REAL,E2_AUGMENTED_TRAIN_REAL_TEST,RealTest,SVM,Good,0.006215,0.983291,0.010494
2026-07-01,64.000000,ADATEPE,Good,False,REAL,REAL,E2_AUGMENTED_TRAIN_REAL_TEST,RealTest,SVM,Good,0.007607,0.980117,0.012276
2026-07-01,65.000000,KURUÇEŞME,Good,False,REAL,REAL,E2_AUGMENTED_TRAIN_REAL_TEST,RealTest,SVM,Good,0.002175,0.991520,0.006305
2026-07-01,66.000000,KOZAĞAÇ,Good,False,REAL,REAL,E2_AUGMENTED_TRAIN_REAL_TEST,RealTest,SVM,Good,0.015002,0.967023,0.017975
2026-07-01,67.000000,ÇAMLIKULE,Good,False,REAL,REAL,E2_AUGMENTED_TRAIN_REAL_TEST,RealTest,SVM,Good,0.009536,0.978005,0.012459
2026-07-01,68.000000,AKINCILAR,Good,False,REAL,REAL,E2_AUGMENTED_TRAIN_REAL_TEST,RealTest,SVM,Good,0.004587,0.985651,0.009762
2026-07-01,69.000000,UĞUR MUMCU MAH,Good,False,REAL,REAL,E2_AUGMENTED_TRAIN_REAL_TEST,RealTest,SVM,Good,0.002112,0.995014,0.002874
2026-07-01,70.000000,ÇAMLIK MAH,Good,False,REAL,REAL,E2_AUGMENTED_TRAIN_REAL_TEST,RealTest,SVM,Good,0.002345,0.993153,0.004502
2026-07-01,71.000000,AKTEPE,Good,False,REAL,REAL,E2_AUGMENTED_TRAIN_REAL_TEST,RealTest,SVM,Good,0.002522,0.992417,0.005061
2026-07-01,72.000000,9 EYLÜL MAH,Good,False,REAL,REAL,E2_AUGMENTED_TRAIN_REAL_TEST,RealTest,SVM,Good,0.002017,0.994844,0.003138
2026-07-01,73.000000,BEYAZEVLER,Good,False,REAL,REAL,E2_AUGMENTED_TRAIN_REAL_TEST,RealTest,SVM,Good,0.001708,0.995040,0.003251
2026-07-01,74.000000,UZUNDERE,Good,False,REAL,REAL,E2_AUGMENTED_TRAIN_REAL_TEST,RealTest,SVM,Good,0.001817,0.991852,0.006331
2026-07-01,75.000000,CENNETÇEŞME,Good,False,REAL,REAL,E2_AUGMENTED_TRAIN_REAL_TEST,RealTest,SVM,Good,0.002361,0.989140,0.008499
2026-07-01,76.000000,GÜZELBAHÇE,Good,False,REAL,REAL,E2_AUGMENTED_TRAIN_REAL_TEST,RealTest,SVM,Good,0.002304,0.995380,0.002315
2026-07-01,78.000000,İNCİRALTI,Good,False,REAL,REAL,E2_AUGMENTED_TRAIN_REAL_TEST,RealTest,SVM,Good,0.002041,0.995372,0.002588
2026-07-01,79.000000,ESENDERE,Good,False,REAL,REAL,E2_AUGMENTED_TRAIN_REAL_TEST,RealTest,SVM,Good,0.001828,0.991722,0.006450
2026-07-01,80.000000,KADİFEKALE,Good,False,REAL,REAL,E2_AUGMENTED_TRAIN_REAL_TEST,RealTest,SVM,Good,0.006574,0.981526,0.011900
2026-07-08,2.000000,YENİŞEHİR,Good,False,REAL,REAL,E2_AUGMENTED_TRAIN_REAL_TEST,RealTest,SVM,Good,0.002290,0.996824,0.000886
2026-07-08,3.000000,KONAK,Good,False,REAL,REAL,E2_AUGMENTED_TRAIN_REAL_TEST,RealTest,SVM,Good,0.002351,0.996644,0.001005
2026-07-08,4.000000,GÜZELBAHÇE,Good,False,REAL,REAL,E2_AUGMENTED_TRAIN_REAL_TEST,RealTest,SVM,Good,0.000017,0.997964,0.002018
2026-07-08,5.000000,NARLIDERE,Good,False,REAL,REAL,E2_AUGMENTED_TRAIN_REAL_TEST,RealTest,SVM,Good,0.000023,0.997615,0.002363
2026-07-08,6.000000,BALÇOVA,Good,False,REAL,REAL,E2_AUGMENTED_TRAIN_REAL_TEST,RealTest,SVM,Good,0.000017,0.997968,0.002015
2026-07-08,7.000000,ÜÇKUYULAR,Good,False,REAL,REAL,E2_AUGMENTED_TRAIN_REAL_TEST,RealTest,SVM,Good,0.000021,0.997736,0.002244
2026-07-08,8.000000,GÜZELYALI,Good,False,REAL,REAL,E2_AUGMENTED_TRAIN_REAL_TEST,RealTest,SVM,Good,0.000020,0.997803,0.002177
2026-07-08,9.000000,HATAY,Good,False,REAL,REAL,E2_AUGMENTED_TRAIN_REAL_TEST,RealTest,SVM,Good,0.001963,0.992989,0.005048
2026-07-08,11.000000,YEŞİLYURT,Good,False,REAL,REAL,E2_AUGMENTED_TRAIN_REAL_TEST,RealTest,SVM,Good,0.001842,0.993545,0.004612
2026-07-08,13.000000,KARABAĞLAR,Good,False,REAL,REAL,E2_AUGMENTED_TRAIN_REAL_TEST,RealTest,SVM,Good,0.001957,0.993183,0.004860
2026-07-08,14.000000,ESKİ İZMİR,Good,False,REAL,REAL,E2_AUGMENTED_TRAIN_REAL_TEST,RealTest,SVM,Good,0.001817,0.993456,0.004727
2026-07-08,15.000000,GAZİEMİR,Good,False,REAL,REAL,E2_AUGMENTED_TRAIN_REAL_TEST,RealTest,SVM,Good,0.002005,0.992625,0.005370
2026-07-08,16.000000,GEDİZ,Good,False,REAL,REAL,E2_AUGMENTED_TRAIN_REAL_TEST,RealTest,SVM,Good,0.052073,0.904127,0.043800
2026-07-08,17.000000,ŞİRİNYER,Good,False,REAL,REAL,E2_AUGMENTED_TRAIN_REAL_TEST,RealTest,SVM,Good,0.052495,0.901192,0.046313
2026-07-08,18.000000,BUCA,Good,False,REAL,REAL,E2_AUGMENTED_TRAIN_REAL_TEST,RealTest,SVM,Good,0.100399,0.822424,0.077177
2026-07-08,19.000000,GÜLÇEŞME,Good,False,REAL,REAL,E2_AUGMENTED_TRAIN_REAL_TEST,RealTest,SVM,Good,0.091667,0.834182,0.074152
2026-07-08,20.000000,GÜLTEPE,Good,False,REAL,REAL,E2_AUGMENTED_TRAIN_REAL_TEST,RealTest,SVM,Good,0.074211,0.867083,0.058706
2026-07-08,21.000000,ALTINDAĞ,Good,False,REAL,REAL,E2_AUGMENTED_TRAIN_REAL_TEST,RealTest,SVM,Good,0.000010,0.998566,0.001424
2026-07-08,22.000000,ÇAMDİBİ,Good,False,REAL,REAL,E2_AUGMENTED_TRAIN_REAL_TEST,RealTest,SVM,Good,0.000008,0.998790,0.001202
2026-07-08,23.000000,IŞIKKENT,Good,False,REAL,REAL,E2_AUGMENTED_TRAIN_REAL_TEST,RealTest,SVM,Good,0.001709,0.997235,0.001056
2026-07-08,24.000000,PINARBAŞI,Good,False,REAL,REAL,E2_AUGMENTED_TRAIN_REAL_TEST,RealTest,SVM,Good,0.001738,0.996621,0.001641
2026-07-08,25.000000,EVKA-3,Good,False,REAL,REAL,E2_AUGMENTED_TRAIN_REAL_TEST,RealTest,SVM,Good,0.001727,0.997296,0.000976
2026-07-08,26.000000,BORNOVA,Good,False,REAL,REAL,E2_AUGMENTED_TRAIN_REAL_TEST,RealTest,SVM,Good,0.000011,0.998529,0.001460
2026-07-08,27.000000,ATATÜRK MAH,Good,False,REAL,REAL,E2_AUGMENTED_TRAIN_REAL_TEST,RealTest,SVM,Good,0.126535,0.835114,0.038351
2026-07-08,28.000000,OSMANGAZİ,Good,False,REAL,REAL,E2_AUGMENTED_TRAIN_REAL_TEST,RealTest,SVM,Good,0.002399,0.996962,0.000639
2026-07-08,29.000000,ÖZKANLAR,Good,False,REAL,REAL,E2_AUGMENTED_TRAIN_REAL_TEST,RealTest,SVM,Good,0.003698,0.994158,0.002143
2026-07-08,30.000000,MANAVKUYU,Good,False,REAL,REAL,E2_AUGMENTED_TRAIN_REAL_TEST,RealTest,SVM,Good,0.051856,0.928427,0.019717
2026-07-08,32.000000,EGEKENT,Good,False,REAL,REAL,E2_AUGMENTED_TRAIN_REAL_TEST,RealTest,SVM,Good,0.010106,0.973591,0.016303
2026-07-08,33.000000,BALATÇIK,Good,False,REAL,REAL,E2_AUGMENTED_TRAIN_REAL_TEST,RealTest,SVM,Good,0.010695,0.972204,0.017101
2026-07-08,34.000000,ÇİĞLİ,Good,False,REAL,REAL,E2_AUGMENTED_TRAIN_REAL_TEST,RealTest,SVM,Good,0.012191,0.966615,0.021194
2026-07-08,35.000000,BOSTANLI,Good,False,REAL,REAL,E2_AUGMENTED_TRAIN_REAL_TEST,RealTest,SVM,Good,0.002451,0.996929,0.000620
2026-07-08,36.000000,ŞEMİKLER,Good,False,REAL,REAL,E2_AUGMENTED_TRAIN_REAL_TEST,RealTest,SVM,Good,0.002483,0.996844,0.000672
2026-07-08,37.000000,KARŞIYAKA,Good,False,REAL,REAL,E2_AUGMENTED_TRAIN_REAL_TEST,RealTest,SVM,Good,0.002450,0.996927,0.000623
2026-07-08,38.000000,EVKA-2,Good,False,REAL,REAL,E2_AUGMENTED_TRAIN_REAL_TEST,RealTest,SVM,Good,0.002441,0.996938,0.000621
2026-07-08,39.000000,ÖRNEKKÖY,Good,False,REAL,REAL,E2_AUGMENTED_TRAIN_REAL_TEST,RealTest,SVM,Good,0.002400,0.997007,0.000593
2026-07-08,40.000000,GÜMÜŞPALA,Good,False,REAL,REAL,E2_AUGMENTED_TRAIN_REAL_TEST,RealTest,SVM,Good,0.002378,0.997047,0.000575
2026-07-22,41.000000,DOĞANÇAY,Good,False,REAL,REAL,E2_AUGMENTED_TRAIN_REAL_TEST,RealTest,SVM,Good,0.003020,0.996069,0.000911
2026-07-22,42.000000,YAMANLAR,Good,False,REAL,REAL,E2_AUGMENTED_TRAIN_REAL_TEST,RealTest,SVM,Good,0.002722,0.996562,0.000717
2026-07-22,43.000000,POSTACI MAH,Good,False,REAL,REAL,E2_AUGMENTED_TRAIN_REAL_TEST,RealTest,SVM,Good,0.002388,0.996972,0.000641
2026-07-22,44.000000,YAMAÇ MAH,Good,False,REAL,REAL,E2_AUGMENTED_TRAIN_REAL_TEST,RealTest,SVM,Good,0.002773,0.996423,0.000804
2026-07-22,46.000000,GÜZELTEPE,Good,False,REAL,REAL,E2_AUGMENTED_TRAIN_REAL_TEST,RealTest,SVM,Good,0.005144,0.989531,0.005325
2026-07-22,47.000000,EVKA-5,Good,False,REAL,REAL,E2_AUGMENTED_TRAIN_REAL_TEST,RealTest,SVM,Good,0.004776,0.989850,0.005374
2026-07-22,48.000000,EGEKENT-2,Good,False,REAL,REAL,E2_AUGMENTED_TRAIN_REAL_TEST,RealTest,SVM,Good,0.005190,0.989368,0.005442
2026-07-22,51.000000,ÇAY MAH,Good,False,REAL,REAL,E2_AUGMENTED_TRAIN_REAL_TEST,RealTest,SVM,Good,0.002406,0.996979,0.000615
2026-07-22,52.000000,İZYUVA,Good,False,REAL,REAL,E2_AUGMENTED_TRAIN_REAL_TEST,RealTest,SVM,Good,0.000093,0.994767,0.005140
2026-07-22,54.000000,YEŞİLÇAM,Good,False,REAL,REAL,E2_AUGMENTED_TRAIN_REAL_TEST,RealTest,SVM,Good,0.000085,0.994971,0.004944
2026-07-22,55.000000,MEVLANA,Good,False,REAL,REAL,E2_AUGMENTED_TRAIN_REAL_TEST,RealTest,SVM,Good,0.002444,0.992019,0.005537
2026-07-22,57.000000,MERSİNLİ,Good,False,REAL,REAL,E2_AUGMENTED_TRAIN_REAL_TEST,RealTest,SVM,Good,0.002480,0.996971,0.000549
2026-07-22,59.000000,ÇANKAYA,Good,False,REAL,REAL,E2_AUGMENTED_TRAIN_REAL_TEST,RealTest,SVM,Good,0.002337,0.997040,0.000623
2026-07-22,60.000000,TOROS,Good,False,REAL,REAL,E2_AUGMENTED_TRAIN_REAL_TEST,RealTest,SVM,Good,0.002716,0.996373,0.000911
2026-07-22,62.000000,UFUK MAH,Good,False,REAL,REAL,E2_AUGMENTED_TRAIN_REAL_TEST,RealTest,SVM,Good,0.002784,0.996349,0.000867
2026-07-22,67.000000,ÇAMLIKULE,Good,False,REAL,REAL,E2_AUGMENTED_TRAIN_REAL_TEST,RealTest,SVM,Good,0.004091,0.981620,0.014289
2026-07-22,70.000000,ÇAMLIK MAH,Good,False,REAL,REAL,E2_AUGMENTED_TRAIN_REAL_TEST,RealTest,SVM,Good,0.003814,0.980356,0.015830
2026-07-22,72.000000,9 EYLÜL MAH,Good,False,REAL,REAL,E2_AUGMENTED_TRAIN_REAL_TEST,RealTest,SVM,Good,0.001957,0.993734,0.004309
2026-07-22,73.000000,BEYAZEVLER,Good,False,REAL,REAL,E2_AUGMENTED_TRAIN_REAL_TEST,RealTest,SVM,Good,0.000033,0.996848,0.003119
2026-07-22,75.000000,CENNETÇEŞME,Good,False,REAL,REAL,E2_AUGMENTED_TRAIN_REAL_TEST,RealTest,SVM,Good,0.001808,0.994192,0.004000
2026-07-22,78.000000,İNCİRALTI,Good,False,REAL,REAL,E2_AUGMENTED_TRAIN_REAL_TEST,RealTest,SVM,Good,0.001921,0.995505,0.002575
2026-07-22,80.000000,KADİFEKALE,Good,False,REAL,REAL,E2_AUGMENTED_TRAIN_REAL_TEST,RealTest,SVM,Good,0.004821,0.975748,0.019430
2026-07-29,2.000000,YENİŞEHİR,Good,False,REAL,REAL,E2_AUGMENTED_TRAIN_REAL_TEST,RealTest,SVM,Good,0.002357,0.997119,0.000524
2026-07-29,3.000000,KONAK,Good,False,REAL,REAL,E2_AUGMENTED_TRAIN_REAL_TEST,RealTest,SVM,Good,0.002401,0.997034,0.000564
2026-07-29,4.000000,GÜZELBAHÇE,Good,False,REAL,REAL,E2_AUGMENTED_TRAIN_REAL_TEST,RealTest,SVM,Good,0.001895,0.996376,0.001730
2026-07-29,5.000000,NARLIDERE,Good,False,REAL,REAL,E2_AUGMENTED_TRAIN_REAL_TEST,RealTest,SVM,Good,0.001927,0.996121,0.001952
2026-07-29,7.000000,ÜÇKUYULAR,Good,False,REAL,REAL,E2_AUGMENTED_TRAIN_REAL_TEST,RealTest,SVM,Good,0.001927,0.996146,0.001927
2026-07-29,8.000000,GÜZELYALI,Good,False,REAL,REAL,E2_AUGMENTED_TRAIN_REAL_TEST,RealTest,SVM,Good,0.001841,0.996404,0.001755
2026-07-29,14.000000,ESKİ İZMİR,Good,False,REAL,REAL,E2_AUGMENTED_TRAIN_REAL_TEST,RealTest,SVM,Good,0.001801,0.993999,0.004200
2026-07-29,15.000000,GAZİEMİR,Good,False,REAL,REAL,E2_AUGMENTED_TRAIN_REAL_TEST,RealTest,SVM,Good,0.000043,0.996295,0.003662
2026-07-29,16.000000,GEDİZ,Good,False,REAL,REAL,E2_AUGMENTED_TRAIN_REAL_TEST,RealTest,SVM,Good,0.002550,0.990345,0.007105
2026-07-29,17.000000,ŞİRİNYER,Good,False,REAL,REAL,E2_AUGMENTED_TRAIN_REAL_TEST,RealTest,SVM,Good,0.002268,0.989950,0.007782
2026-07-29,19.000000,GÜLÇEŞME,Good,False,REAL,REAL,E2_AUGMENTED_TRAIN_REAL_TEST,RealTest,SVM,Good,0.002315,0.989789,0.007896
2026-07-29,20.000000,GÜLTEPE,Good,False,REAL,REAL,E2_AUGMENTED_TRAIN_REAL_TEST,RealTest,SVM,Good,0.004221,0.990759,0.005020
2026-07-29,21.000000,ALTINDAĞ,Good,False,REAL,REAL,E2_AUGMENTED_TRAIN_REAL_TEST,RealTest,SVM,Good,0.002111,0.990594,0.007296
2026-07-29,22.000000,ÇAMDİBİ,Good,False,REAL,REAL,E2_AUGMENTED_TRAIN_REAL_TEST,RealTest,SVM,Good,0.002219,0.992773,0.005009
2026-07-29,23.000000,IŞIKKENT,Good,False,REAL,REAL,E2_AUGMENTED_TRAIN_REAL_TEST,RealTest,SVM,Good,0.002256,0.989841,0.007903
2026-07-29,25.000000,EVKA-3,Good,False,REAL,REAL,E2_AUGMENTED_TRAIN_REAL_TEST,RealTest,SVM,Good,0.000092,0.994339,0.005570
2026-07-29,26.000000,BORNOVA,Good,False,REAL,REAL,E2_AUGMENTED_TRAIN_REAL_TEST,RealTest,SVM,Good,0.001901,0.991484,0.006615
2026-07-29,27.000000,ATATÜRK MAH,Good,False,REAL,REAL,E2_AUGMENTED_TRAIN_REAL_TEST,RealTest,SVM,Good,0.002288,0.997240,0.000472
2026-07-29,28.000000,OSMANGAZİ,Good,False,REAL,REAL,E2_AUGMENTED_TRAIN_REAL_TEST,RealTest,SVM,Good,0.002246,0.997268,0.000486
2026-07-29,29.000000,ÖZKANLAR,Good,False,REAL,REAL,E2_AUGMENTED_TRAIN_REAL_TEST,RealTest,SVM,Good,0.002314,0.997113,0.000573
2026-07-29,30.000000,MANAVKUYU,Good,False,REAL,REAL,E2_AUGMENTED_TRAIN_REAL_TEST,RealTest,SVM,Good,0.002145,0.997408,0.000447
2026-07-29,32.000000,EGEKENT,Good,False,REAL,REAL,E2_AUGMENTED_TRAIN_REAL_TEST,RealTest,SVM,Good,0.003959,0.992037,0.004004
2026-07-29,33.000000,BALATÇIK,Good,False,REAL,REAL,E2_AUGMENTED_TRAIN_REAL_TEST,RealTest,SVM,Good,0.003965,0.991381,0.004655
2026-07-29,34.000000,ÇİĞLİ,Good,False,REAL,REAL,E2_AUGMENTED_TRAIN_REAL_TEST,RealTest,SVM,Good,0.002230,0.997316,0.000454
2026-07-29,35.000000,BOSTANLI,Good,False,REAL,REAL,E2_AUGMENTED_TRAIN_REAL_TEST,RealTest,SVM,Good,0.002208,0.997315,0.000477
2026-07-29,38.000000,EVKA-2,Good,False,REAL,REAL,E2_AUGMENTED_TRAIN_REAL_TEST,RealTest,SVM,Good,0.002237,0.997281,0.000481
2026-07-29,39.000000,ÖRNEKKÖY,Good,False,REAL,REAL,E2_AUGMENTED_TRAIN_REAL_TEST,RealTest,SVM,Good,0.002531,0.996776,0.000693
2026-07-29,40.000000,GÜMÜŞPALA,Good,False,REAL,REAL,E2_AUGMENTED_TRAIN_REAL_TEST,RealTest,SVM,Good,0.003432,0.994486,0.002082
2026-06-17,41.000000,DOĞANÇAY,Caution,True,MULTI_PARAMETER_SUBSTANDARD,TEST,E3B_AUGMENTED_TRAIN_SYNTHETIC_TEST,SyntheticTest,SVM,Caution,0.993277,0.000039,0.006684
2026-07-29,17.000000,ŞİRİNYER,Caution,True,MULTI_PARAMETER_SUBSTANDARD,TEST,E3B_AUGMENTED_TRAIN_SYNTHETIC_TEST,SyntheticTest,SVM,Caution,0.995360,0.000055,0.004585
2026-06-17,73.000000,BEYAZEVLER,Caution,True,NITRITE_SUBSTANDARD,TEST,E3B_AUGMENTED_TRAIN_SYNTHETIC_TEST,SyntheticTest,SVM,Caution,0.994458,0.000086,0.005456
2026-06-17,53.000000,NALDÖKEN,Caution,True,MULTI_PARAMETER_SUBSTANDARD,TEST,E3B_AUGMENTED_TRAIN_SYNTHETIC_TEST,SyntheticTest,SVM,Caution,0.968153,0.000500,0.031346
2026-06-10,38.000000,EVKA-2,Caution,True,NITRITE_SUBSTANDARD,TEST,E3B_AUGMENTED_TRAIN_SYNTHETIC_TEST,SyntheticTest,SVM,Caution,0.944606,0.031363,0.024031
2026-07-01,74.000000,UZUNDERE,Caution,True,NITRITE_SUBSTANDARD,TEST,E3B_AUGMENTED_TRAIN_SYNTHETIC_TEST,SyntheticTest,SVM,Caution,0.993867,0.000108,0.006025
2026-07-22,43.000000,POSTACI MAH,Caution,True,NITRITE_SUBSTANDARD,TEST,E3B_AUGMENTED_TRAIN_SYNTHETIC_TEST,SyntheticTest,SVM,Caution,0.984465,0.013258,0.002277
2026-07-29,34.000000,ÇİĞLİ,Caution,True,AMMONIUM_NEAR_STANDARD,TEST,E3B_AUGMENTED_TRAIN_SYNTHETIC_TEST,SyntheticTest,SVM,Caution,0.999837,0.000000,0.000163
2026-06-10,8.000000,GÜZELYALI,Caution,True,AMMONIUM_NEAR_STANDARD,TEST,E3B_AUGMENTED_TRAIN_SYNTHETIC_TEST,SyntheticTest,SVM,Caution,0.998874,0.000001,0.001125
2026-06-10,9.000000,HATAY,Caution,True,NITRITE_SUBSTANDARD,TEST,E3B_AUGMENTED_TRAIN_SYNTHETIC_TEST,SyntheticTest,SVM,Caution,0.998446,0.000287,0.001268
2026-07-22,70.000000,ÇAMLIK MAH,Caution,True,AMMONIUM_NEAR_STANDARD,TEST,E3B_AUGMENTED_TRAIN_SYNTHETIC_TEST,SyntheticTest,SVM,Caution,0.994678,0.000076,0.005247
2026-06-10,3.000000,KONAK,Caution,True,NITRITE_SUBSTANDARD,TEST,E3B_AUGMENTED_TRAIN_SYNTHETIC_TEST,SyntheticTest,SVM,Caution,0.955423,0.005523,0.039054
2026-06-17,54.000000,YEŞİLÇAM,Caution,True,NITRITE_SUBSTANDARD,TEST,E3B_AUGMENTED_TRAIN_SYNTHETIC_TEST,SyntheticTest,SVM,Caution,0.973861,0.006894,0.019245
2026-07-22,59.000000,ÇANKAYA,Caution,True,MULTI_PARAMETER_SUBSTANDARD,TEST,E3B_AUGMENTED_TRAIN_SYNTHETIC_TEST,SyntheticTest,SVM,Caution,0.998069,0.000003,0.001928
2026-06-17,49.000000,ALAYBEY,Caution,True,AMMONIUM_NEAR_STANDARD,TEST,E3B_AUGMENTED_TRAIN_SYNTHETIC_TEST,SyntheticTest,SVM,Caution,0.998153,0.000003,0.001844
2026-07-01,48.000000,EGEKENT-2,Caution,True,MULTI_PARAMETER_SUBSTANDARD,TEST,E3B_AUGMENTED_TRAIN_SYNTHETIC_TEST,SyntheticTest,SVM,Caution,0.992890,0.000026,0.007084
2026-06-24,38.000000,EVKA-2,Caution,True,NITRITE_SUBSTANDARD,TEST,E3B_AUGMENTED_TRAIN_SYNTHETIC_TEST,SyntheticTest,SVM,Caution,0.989113,0.001810,0.009077
2026-06-24,34.000000,ÇİĞLİ,Caution,True,MULTI_PARAMETER_SUBSTANDARD,TEST,E3B_AUGMENTED_TRAIN_SYNTHETIC_TEST,SyntheticTest,SVM,Caution,0.999597,0.000011,0.000392
2026-07-01,47.000000,EVKA-5,Caution,True,AMMONIUM_NEAR_STANDARD,TEST,E3B_AUGMENTED_TRAIN_SYNTHETIC_TEST,SyntheticTest,SVM,Caution,0.999516,0.000001,0.000483
2026-06-10,16.000000,GEDİZ,Caution,True,MULTI_PARAMETER_SUBSTANDARD,TEST,E3B_AUGMENTED_TRAIN_SYNTHETIC_TEST,SyntheticTest,SVM,Caution,0.489833,0.001608,0.508559
2026-06-17,54.000000,YEŞİLÇAM,Caution,True,MULTI_PARAMETER_SUBSTANDARD,TEST,E3B_AUGMENTED_TRAIN_SYNTHETIC_TEST,SyntheticTest,SVM,Caution,0.975259,0.000461,0.024280
2026-07-22,54.000000,YEŞİLÇAM,Caution,True,MULTI_PARAMETER_SUBSTANDARD,TEST,E3B_AUGMENTED_TRAIN_SYNTHETIC_TEST,SyntheticTest,SVM,Caution,0.999672,0.000004,0.000324
2026-06-10,9.000000,HATAY,Caution,True,AMMONIUM_NEAR_STANDARD,TEST,E3B_AUGMENTED_TRAIN_SYNTHETIC_TEST,SyntheticTest,SVM,Caution,0.998108,0.000003,0.001890
2026-06-24,37.000000,KARŞIYAKA,Caution,True,NITRITE_SUBSTANDARD,TEST,E3B_AUGMENTED_TRAIN_SYNTHETIC_TEST,SyntheticTest,SVM,Caution,0.996899,0.001916,0.001185
2026-06-24,27.000000,ATATÜRK MAH,Caution,True,AMMONIUM_NEAR_STANDARD,TEST,E3B_AUGMENTED_TRAIN_SYNTHETIC_TEST,SyntheticTest,SVM,Caution,0.999950,0.000000,0.000050
2026-07-01,45.000000,CUMHURİYET MAH,Caution,True,MULTI_PARAMETER_SUBSTANDARD,TEST,E3B_AUGMENTED_TRAIN_SYNTHETIC_TEST,SyntheticTest,SVM,Caution,0.999053,0.000006,0.000941
2026-06-17,67.000000,ÇAMLIKULE,Caution,True,MULTI_PARAMETER_SUBSTANDARD,TEST,E3B_AUGMENTED_TRAIN_SYNTHETIC_TEST,SyntheticTest,SVM,Caution,0.995875,0.000039,0.004087
2026-07-08,18.000000,BUCA,Caution,True,MULTI_PARAMETER_SUBSTANDARD,TEST,E3B_AUGMENTED_TRAIN_SYNTHETIC_TEST,SyntheticTest,SVM,Caution,0.745214,0.003826,0.250959
2026-06-10,5.000000,NARLIDERE,Caution,True,AMMONIUM_NEAR_STANDARD,TEST,E3B_AUGMENTED_TRAIN_SYNTHETIC_TEST,SyntheticTest,SVM,Caution,0.999228,0.000001,0.000770
2026-06-17,42.000000,YAMANLAR,Caution,True,NITRITE_SUBSTANDARD,TEST,E3B_AUGMENTED_TRAIN_SYNTHETIC_TEST,SyntheticTest,SVM,Caution,0.998582,0.000007,0.001411
2026-06-24,33.000000,BALATÇIK,Caution,True,NITRITE_SUBSTANDARD,TEST,E3B_AUGMENTED_TRAIN_SYNTHETIC_TEST,SyntheticTest,SVM,Caution,0.991394,0.000186,0.008420
2026-06-10,40.000000,GÜMÜŞPALA,Caution,True,MULTI_PARAMETER_SUBSTANDARD,TEST,E3B_AUGMENTED_TRAIN_SYNTHETIC_TEST,SyntheticTest,SVM,Caution,0.902912,0.000911,0.096177
2026-06-10,2.000000,YENİŞEHİR,Caution,True,MULTI_PARAMETER_SUBSTANDARD,TEST,E3B_AUGMENTED_TRAIN_SYNTHETIC_TEST,SyntheticTest,SVM,Caution,0.991961,0.000117,0.007922
2026-06-17,41.000000,DOĞANÇAY,Caution,True,MULTI_PARAMETER_SUBSTANDARD,TEST,E3B_AUGMENTED_TRAIN_SYNTHETIC_TEST,SyntheticTest,SVM,Caution,0.998833,0.000007,0.001160
2026-06-24,15.000000,GAZİEMİR,Caution,True,NITRITE_SUBSTANDARD,TEST,E3B_AUGMENTED_TRAIN_SYNTHETIC_TEST,SyntheticTest,SVM,Good,0.590382,0.405502,0.004117
2026-06-10,15.000000,GAZİEMİR,Caution,True,MULTI_PARAMETER_SUBSTANDARD,TEST,E3B_AUGMENTED_TRAIN_SYNTHETIC_TEST,SyntheticTest,SVM,Caution,0.998891,0.000014,0.001095
2026-06-17,51.000000,ÇAY MAH,Caution,True,NITRITE_SUBSTANDARD,TEST,E3B_AUGMENTED_TRAIN_SYNTHETIC_TEST,SyntheticTest,SVM,Caution,0.998364,0.000008,0.001629
2026-07-22,67.000000,ÇAMLIKULE,Caution,True,NITRITE_SUBSTANDARD,TEST,E3B_AUGMENTED_TRAIN_SYNTHETIC_TEST,SyntheticTest,SVM,Caution,0.994791,0.001694,0.003515
2026-07-08,30.000000,MANAVKUYU,Caution,True,NITRITE_SUBSTANDARD,TEST,E3B_AUGMENTED_TRAIN_SYNTHETIC_TEST,SyntheticTest,SVM,Caution,0.974274,0.009941,0.015786
2026-06-17,69.000000,UĞUR MUMCU MAH,Caution,True,NITRITE_SUBSTANDARD,TEST,E3B_AUGMENTED_TRAIN_SYNTHETIC_TEST,SyntheticTest,SVM,Caution,0.999402,0.000002,0.000596
2026-07-22,43.000000,POSTACI MAH,Caution,True,AMMONIUM_NEAR_STANDARD,TEST,E3B_AUGMENTED_TRAIN_SYNTHETIC_TEST,SyntheticTest,SVM,Caution,0.999666,0.000000,0.000334
2026-07-08,4.000000,GÜZELBAHÇE,Caution,True,NITRITE_SUBSTANDARD,TEST,E3B_AUGMENTED_TRAIN_SYNTHETIC_TEST,SyntheticTest,SVM,Caution,0.998981,0.000001,0.001017
2026-06-24,35.000000,BOSTANLI,Caution,True,NITRITE_SUBSTANDARD,TEST,E3B_AUGMENTED_TRAIN_SYNTHETIC_TEST,SyntheticTest,SVM,Caution,0.985686,0.013374,0.000941
2026-07-01,68.000000,AKINCILAR,Caution,True,AMMONIUM_NEAR_STANDARD,TEST,E3B_AUGMENTED_TRAIN_SYNTHETIC_TEST,SyntheticTest,SVM,Caution,0.986151,0.000118,0.013731
2026-06-17,70.000000,ÇAMLIK MAH,Caution,True,MULTI_PARAMETER_SUBSTANDARD,TEST,E3B_AUGMENTED_TRAIN_SYNTHETIC_TEST,SyntheticTest,SVM,Caution,0.998778,0.000020,0.001202
2026-07-22,55.000000,MEVLANA,Caution,True,AMMONIUM_NEAR_STANDARD,TEST,E3B_AUGMENTED_TRAIN_SYNTHETIC_TEST,SyntheticTest,SVM,Caution,0.993673,0.000093,0.006234
2026-07-29,32.000000,EGEKENT,Caution,True,AMMONIUM_NEAR_STANDARD,TEST,E3B_AUGMENTED_TRAIN_SYNTHETIC_TEST,SyntheticTest,SVM,Caution,0.987212,0.000113,0.012676
2026-06-24,34.000000,ÇİĞLİ,Caution,True,MULTI_PARAMETER_SUBSTANDARD,TEST,E3B_AUGMENTED_TRAIN_SYNTHETIC_TEST,SyntheticTest,SVM,Caution,0.999825,0.000002,0.000173
2026-06-10,17.000000,ŞİRİNYER,Caution,True,NITRITE_SUBSTANDARD,TEST,E3B_AUGMENTED_TRAIN_SYNTHETIC_TEST,SyntheticTest,SVM,Caution,0.987013,0.003369,0.009618
2026-06-17,64.000000,ADATEPE,Caution,True,AMMONIUM_NEAR_STANDARD,TEST,E3B_AUGMENTED_TRAIN_SYNTHETIC_TEST,SyntheticTest,SVM,Caution,0.998301,0.000011,0.001688
2026-07-29,32.000000,EGEKENT,Caution,True,NITRITE_SUBSTANDARD,TEST,E3B_AUGMENTED_TRAIN_SYNTHETIC_TEST,SyntheticTest,SVM,Good,0.631818,0.359365,0.008817
2026-06-10,26.000000,BORNOVA,Caution,True,AMMONIUM_NEAR_STANDARD,TEST,E3B_AUGMENTED_TRAIN_SYNTHETIC_TEST,SyntheticTest,SVM,Caution,0.987195,0.000086,0.012719
2026-07-08,6.000000,BALÇOVA,Caution,True,NITRITE_SUBSTANDARD,TEST,E3B_AUGMENTED_TRAIN_SYNTHETIC_TEST,SyntheticTest,SVM,Caution,0.923676,0.073766,0.002558
2026-06-10,19.000000,GÜLÇEŞME,Caution,True,MULTI_PARAMETER_SUBSTANDARD,TEST,E3B_AUGMENTED_TRAIN_SYNTHETIC_TEST,SyntheticTest,SVM,Caution,0.787791,0.000999,0.211210
2026-07-08,20.000000,GÜLTEPE,Caution,True,MULTI_PARAMETER_SUBSTANDARD,TEST,E3B_AUGMENTED_TRAIN_SYNTHETIC_TEST,SyntheticTest,SVM,Caution,0.552739,0.002605,0.444656
2026-06-24,34.000000,ÇİĞLİ,Caution,True,NITRITE_SUBSTANDARD,TEST,E3B_AUGMENTED_TRAIN_SYNTHETIC_TEST,SyntheticTest,SVM,Caution,0.996960,0.000020,0.003020
2026-06-10,24.000000,PINARBAŞI,Caution,True,NITRITE_SUBSTANDARD,TEST,E3B_AUGMENTED_TRAIN_SYNTHETIC_TEST,SyntheticTest,SVM,Caution,0.996432,0.000041,0.003527
2026-07-01,78.000000,İNCİRALTI,Caution,True,NITRITE_SUBSTANDARD,TEST,E3B_AUGMENTED_TRAIN_SYNTHETIC_TEST,SyntheticTest,SVM,Caution,0.996627,0.001526,0.001848
2026-07-08,30.000000,MANAVKUYU,Caution,True,AMMONIUM_NEAR_STANDARD,TEST,E3B_AUGMENTED_TRAIN_SYNTHETIC_TEST,SyntheticTest,SVM,Caution,0.964656,0.005249,0.030095
2026-06-24,20.000000,GÜLTEPE,Caution,True,NITRITE_SUBSTANDARD,TEST,E3B_AUGMENTED_TRAIN_SYNTHETIC_TEST,SyntheticTest,SVM,Caution,0.997377,0.000615,0.002008
2026-07-08,4.000000,GÜZELBAHÇE,Caution,True,AMMONIUM_NEAR_STANDARD,TEST,E3B_AUGMENTED_TRAIN_SYNTHETIC_TEST,SyntheticTest,SVM,Caution,0.994187,0.000018,0.005795
2026-07-08,27.000000,ATATÜRK MAH,Caution,True,MULTI_PARAMETER_SUBSTANDARD,TEST,E3B_AUGMENTED_TRAIN_SYNTHETIC_TEST,SyntheticTest,SVM,Caution,0.704277,0.001216,0.294507
2026-06-17,42.000000,YAMANLAR,Caution,True,NITRITE_SUBSTANDARD,TEST,E3B_AUGMENTED_TRAIN_SYNTHETIC_TEST,SyntheticTest,SVM,Caution,0.996808,0.000026,0.003166
2026-07-22,55.000000,MEVLANA,Caution,True,AMMONIUM_NEAR_STANDARD,TEST,E3B_AUGMENTED_TRAIN_SYNTHETIC_TEST,SyntheticTest,SVM,Caution,0.998066,0.000085,0.001850
2026-07-08,28.000000,OSMANGAZİ,Caution,True,MULTI_PARAMETER_SUBSTANDARD,TEST,E3B_AUGMENTED_TRAIN_SYNTHETIC_TEST,SyntheticTest,SVM,Caution,0.991713,0.000104,0.008183
2026-07-08,33.000000,BALATÇIK,Caution,True,NITRITE_SUBSTANDARD,TEST,E3B_AUGMENTED_TRAIN_SYNTHETIC_TEST,SyntheticTest,SVM,Caution,0.941085,0.011718,0.047197
2026-07-29,25.000000,EVKA-3,Caution,True,NITRITE_SUBSTANDARD,TEST,E3B_AUGMENTED_TRAIN_SYNTHETIC_TEST,SyntheticTest,SVM,Caution,0.998284,0.000004,0.001712
2026-06-24,5.000000,NARLIDERE,Caution,True,MULTI_PARAMETER_SUBSTANDARD,TEST,E3B_AUGMENTED_TRAIN_SYNTHETIC_TEST,SyntheticTest,SVM,Caution,0.999169,0.000002,0.000829
2026-06-10,2.000000,YENİŞEHİR,Caution,True,NITRITE_SUBSTANDARD,TEST,E3B_AUGMENTED_TRAIN_SYNTHETIC_TEST,SyntheticTest,SVM,Caution,0.994965,0.000160,0.004875
2026-06-10,22.000000,ÇAMDİBİ,Caution,True,NITRITE_SUBSTANDARD,TEST,E3B_AUGMENTED_TRAIN_SYNTHETIC_TEST,SyntheticTest,SVM,Caution,0.991698,0.000595,0.007707
2026-06-10,3.000000,KONAK,Caution,True,AMMONIUM_NEAR_STANDARD,TEST,E3B_AUGMENTED_TRAIN_SYNTHETIC_TEST,SyntheticTest,SVM,Caution,0.998952,0.000002,0.001046
2026-06-10,29.000000,ÖZKANLAR,Caution,True,MULTI_PARAMETER_SUBSTANDARD,TEST,E3B_AUGMENTED_TRAIN_SYNTHETIC_TEST,SyntheticTest,SVM,Caution,0.910951,0.000358,0.088691
2026-07-01,56.000000,YEŞİLOVA,Caution,True,NITRITE_SUBSTANDARD,TEST,E3B_AUGMENTED_TRAIN_SYNTHETIC_TEST,SyntheticTest,SVM,Caution,0.996965,0.000031,0.003004
2026-06-17,59.000000,ÇANKAYA,Caution,True,NITRITE_SUBSTANDARD,TEST,E3B_AUGMENTED_TRAIN_SYNTHETIC_TEST,SyntheticTest,SVM,Caution,0.993345,0.000435,0.006220
2026-06-24,2.000000,YENİŞEHİR,Caution,True,MULTI_PARAMETER_SUBSTANDARD,TEST,E3B_AUGMENTED_TRAIN_SYNTHETIC_TEST,SyntheticTest,SVM,Caution,0.999742,0.000005,0.000253
2026-06-17,61.000000,LEVENT,Caution,True,NITRITE_SUBSTANDARD,TEST,E3B_AUGMENTED_TRAIN_SYNTHETIC_TEST,SyntheticTest,SVM,Caution,0.981535,0.015729,0.002737
2026-07-29,21.000000,ALTINDAĞ,Caution,True,AMMONIUM_NEAR_STANDARD,TEST,E3B_AUGMENTED_TRAIN_SYNTHETIC_TEST,SyntheticTest,SVM,Caution,0.978431,0.000219,0.021351
2026-06-24,9.000000,HATAY,Caution,True,AMMONIUM_NEAR_STANDARD,TEST,E3B_AUGMENTED_TRAIN_SYNTHETIC_TEST,SyntheticTest,SVM,Caution,0.998109,0.000003,0.001887
2026-07-22,41.000000,DOĞANÇAY,Caution,True,MULTI_PARAMETER_SUBSTANDARD,TEST,E3B_AUGMENTED_TRAIN_SYNTHETIC_TEST,SyntheticTest,SVM,Caution,0.999308,0.000025,0.000668
2026-06-10,15.000000,GAZİEMİR,Caution,True,NITRITE_SUBSTANDARD,TEST,E3B_AUGMENTED_TRAIN_SYNTHETIC_TEST,SyntheticTest,SVM,Good,0.550728,0.442977,0.006295
2026-06-17,47.000000,EVKA-5,Caution,True,NITRITE_SUBSTANDARD,TEST,E3B_AUGMENTED_TRAIN_SYNTHETIC_TEST,SyntheticTest,SVM,Caution,0.992908,0.000121,0.006971
2026-06-17,69.000000,UĞUR MUMCU MAH,Caution,True,NITRITE_SUBSTANDARD,TEST,E3B_AUGMENTED_TRAIN_SYNTHETIC_TEST,SyntheticTest,SVM,Caution,0.985022,0.002187,0.012792
2026-06-17,57.000000,MERSİNLİ,Caution,True,NITRITE_SUBSTANDARD,TEST,E3B_AUGMENTED_TRAIN_SYNTHETIC_TEST,SyntheticTest,SVM,Caution,0.981661,0.006106,0.012233
2026-07-01,47.000000,EVKA-5,Caution,True,MULTI_PARAMETER_SUBSTANDARD,TEST,E3B_AUGMENTED_TRAIN_SYNTHETIC_TEST,SyntheticTest,SVM,Caution,0.993297,0.000059,0.006644
2026-07-08,27.000000,ATATÜRK MAH,Caution,True,AMMONIUM_NEAR_STANDARD,TEST,E3B_AUGMENTED_TRAIN_SYNTHETIC_TEST,SyntheticTest,SVM,Caution,0.990261,0.000410,0.009330
2026-07-29,38.000000,EVKA-2,Caution,True,NITRITE_SUBSTANDARD,TEST,E3B_AUGMENTED_TRAIN_SYNTHETIC_TEST,SyntheticTest,SVM,Caution,0.992698,0.000769,0.006533
2026-06-17,69.000000,UĞUR MUMCU MAH,Caution,True,AMMONIUM_NEAR_STANDARD,TEST,E3B_AUGMENTED_TRAIN_SYNTHETIC_TEST,SyntheticTest,SVM,Caution,0.998940,0.000002,0.001058
2026-06-10,2.000000,YENİŞEHİR,Caution,True,MULTI_PARAMETER_SUBSTANDARD,TEST,E3B_AUGMENTED_TRAIN_SYNTHETIC_TEST,SyntheticTest,SVM,Caution,0.978613,0.000217,0.021171
2026-07-08,15.000000,GAZİEMİR,Caution,True,AMMONIUM_NEAR_STANDARD,TEST,E3B_AUGMENTED_TRAIN_SYNTHETIC_TEST,SyntheticTest,SVM,Caution,0.998293,0.000008,0.001699
2026-07-29,14.000000,ESKİ İZMİR,Caution,True,MULTI_PARAMETER_SUBSTANDARD,TEST,E3B_AUGMENTED_TRAIN_SYNTHETIC_TEST,SyntheticTest,SVM,Caution,0.998761,0.000003,0.001235
2026-06-24,29.000000,ÖZKANLAR,Caution,True,MULTI_PARAMETER_SUBSTANDARD,TEST,E3B_AUGMENTED_TRAIN_SYNTHETIC_TEST,SyntheticTest,SVM,Caution,0.999947,0.000001,0.000052
2026-07-08,27.000000,ATATÜRK MAH,Caution,True,NITRITE_SUBSTANDARD,TEST,E3B_AUGMENTED_TRAIN_SYNTHETIC_TEST,SyntheticTest,SVM,Caution,0.981891,0.013004,0.005105
2026-06-10,30.000000,MANAVKUYU,Caution,True,AMMONIUM_NEAR_STANDARD,TEST,E3B_AUGMENTED_TRAIN_SYNTHETIC_TEST,SyntheticTest,SVM,Caution,0.963487,0.000577,0.035936
2026-07-29,25.000000,EVKA-3,Caution,True,MULTI_PARAMETER_SUBSTANDARD,TEST,E3B_AUGMENTED_TRAIN_SYNTHETIC_TEST,SyntheticTest,SVM,Caution,0.997654,0.000007,0.002339
2026-07-22,59.000000,ÇANKAYA,Caution,True,NITRITE_SUBSTANDARD,TEST,E3B_AUGMENTED_TRAIN_SYNTHETIC_TEST,SyntheticTest,SVM,Caution,0.994913,0.001471,0.003616
2026-07-08,3.000000,KONAK,Caution,True,NITRITE_SUBSTANDARD,TEST,E3B_AUGMENTED_TRAIN_SYNTHETIC_TEST,SyntheticTest,SVM,Caution,0.997241,0.000026,0.002733
2026-07-08,24.000000,PINARBAŞI,Caution,True,NITRITE_SUBSTANDARD,TEST,E3B_AUGMENTED_TRAIN_SYNTHETIC_TEST,SyntheticTest,SVM,Caution,0.994013,0.000990,0.004997
2026-07-01,74.000000,UZUNDERE,Caution,True,NITRITE_SUBSTANDARD,TEST,E3B_AUGMENTED_TRAIN_SYNTHETIC_TEST,SyntheticTest,SVM,Caution,0.975850,0.019415,0.004735
2026-06-24,4.000000,GÜZELBAHÇE,Caution,True,MULTI_PARAMETER_SUBSTANDARD,TEST,E3B_AUGMENTED_TRAIN_SYNTHETIC_TEST,SyntheticTest,SVM,Caution,0.998935,0.000012,0.001053
2026-07-08,4.000000,GÜZELBAHÇE,Caution,True,MULTI_PARAMETER_SUBSTANDARD,TEST,E3B_AUGMENTED_TRAIN_SYNTHETIC_TEST,SyntheticTest,SVM,Caution,0.999283,0.000001,0.000716
2026-06-17,56.000000,YEŞİLOVA,Caution,True,MULTI_PARAMETER_SUBSTANDARD,TEST,E3B_AUGMENTED_TRAIN_SYNTHETIC_TEST,SyntheticTest,SVM,Caution,0.937221,0.000278,0.062501
2026-07-29,38.000000,EVKA-2,Caution,True,NITRITE_SUBSTANDARD,TEST,E3B_AUGMENTED_TRAIN_SYNTHETIC_TEST,SyntheticTest,SVM,Caution,0.996349,0.000017,0.003634
2026-06-17,74.000000,UZUNDERE,Caution,True,MULTI_PARAMETER_SUBSTANDARD,TEST,E3B_AUGMENTED_TRAIN_SYNTHETIC_TEST,SyntheticTest,SVM,Caution,0.999562,0.000004,0.000434
2026-07-29,30.000000,MANAVKUYU,Caution,True,AMMONIUM_NEAR_STANDARD,TEST,E3B_AUGMENTED_TRAIN_SYNTHETIC_TEST,SyntheticTest,SVM,Caution,0.999903,0.000000,0.000097
2026-07-29,22.000000,ÇAMDİBİ,Caution,True,NITRITE_SUBSTANDARD,TEST,E3B_AUGMENTED_TRAIN_SYNTHETIC_TEST,SyntheticTest,SVM,Caution,0.931366,0.064811,0.003823
2026-07-08,40.000000,GÜMÜŞPALA,Caution,True,MULTI_PARAMETER_SUBSTANDARD,TEST,E3B_AUGMENTED_TRAIN_SYNTHETIC_TEST,SyntheticTest,SVM,Caution,0.999731,0.000000,0.000269
2026-07-01,42.000000,YAMANLAR,Caution,True,MULTI_PARAMETER_SUBSTANDARD,TEST,E3B_AUGMENTED_TRAIN_SYNTHETIC_TEST,SyntheticTest,SVM,Caution,0.999807,0.000017,0.000177
2026-07-01,79.000000,ESENDERE,Caution,True,AMMONIUM_NEAR_STANDARD,TEST,E3B_AUGMENTED_TRAIN_SYNTHETIC_TEST,SyntheticTest,SVM,Caution,0.998819,0.000061,0.001120
2026-07-08,8.000000,GÜZELYALI,Caution,True,AMMONIUM_NEAR_STANDARD,TEST,E3B_AUGMENTED_TRAIN_SYNTHETIC_TEST,SyntheticTest,SVM,Caution,0.999334,0.000001,0.000665
2026-06-24,39.000000,ÖRNEKKÖY,Caution,True,NITRITE_SUBSTANDARD,TEST,E3B_AUGMENTED_TRAIN_SYNTHETIC_TEST,SyntheticTest,SVM,Caution,0.852243,0.141118,0.006638
2026-06-24,20.000000,GÜLTEPE,Caution,True,AMMONIUM_NEAR_STANDARD,TEST,E3B_AUGMENTED_TRAIN_SYNTHETIC_TEST,SyntheticTest,SVM,Caution,0.999551,0.000000,0.000449
2026-06-10,20.000000,GÜLTEPE,Caution,True,AMMONIUM_NEAR_STANDARD,TEST,E3B_AUGMENTED_TRAIN_SYNTHETIC_TEST,SyntheticTest,SVM,Caution,0.998538,0.000002,0.001460
2026-06-17,79.000000,ESENDERE,Caution,True,AMMONIUM_NEAR_STANDARD,TEST,E3B_AUGMENTED_TRAIN_SYNTHETIC_TEST,SyntheticTest,SVM,Caution,0.998658,0.000004,0.001338
2026-06-17,57.000000,MERSİNLİ,Caution,True,NITRITE_SUBSTANDARD,TEST,E3B_AUGMENTED_TRAIN_SYNTHETIC_TEST,SyntheticTest,SVM,Caution,0.853221,0.137285,0.009494
2026-07-01,46.000000,GÜZELTEPE,Caution,True,AMMONIUM_NEAR_STANDARD,TEST,E3B_AUGMENTED_TRAIN_SYNTHETIC_TEST,SyntheticTest,SVM,Caution,0.998211,0.000002,0.001787
2026-07-01,75.000000,CENNETÇEŞME,Caution,True,AMMONIUM_NEAR_STANDARD,TEST,E3B_AUGMENTED_TRAIN_SYNTHETIC_TEST,SyntheticTest,SVM,Caution,0.999308,0.000001,0.000691
2026-07-29,22.000000,ÇAMDİBİ,Caution,True,MULTI_PARAMETER_SUBSTANDARD,TEST,E3B_AUGMENTED_TRAIN_SYNTHETIC_TEST,SyntheticTest,SVM,Caution,0.978862,0.000319,0.020819
2026-07-29,23.000000,IŞIKKENT,Risk,True,COLIFORM_FAIL_FAST,TEST,E3B_AUGMENTED_TRAIN_SYNTHETIC_TEST,SyntheticTest,SVM,Risk,0.000000,0.000000,1.000000
2026-07-29,2.000000,YENİŞEHİR,Risk,True,C_PERFRINGENS_FAIL_FAST,TEST,E3B_AUGMENTED_TRAIN_SYNTHETIC_TEST,SyntheticTest,SVM,Risk,0.000000,0.000000,1.000000
2026-07-29,17.000000,ŞİRİNYER,Risk,True,E_COLI_FAIL_FAST,TEST,E3B_AUGMENTED_TRAIN_SYNTHETIC_TEST,SyntheticTest,SVM,Risk,0.000002,0.000002,0.999996
2026-07-08,22.000000,ÇAMDİBİ,Risk,True,E_COLI_FAIL_FAST,TEST,E3B_AUGMENTED_TRAIN_SYNTHETIC_TEST,SyntheticTest,SVM,Risk,0.000000,0.000000,1.000000
2026-06-24,23.000000,IŞIKKENT,Risk,True,COLIFORM_FAIL_FAST,TEST,E3B_AUGMENTED_TRAIN_SYNTHETIC_TEST,SyntheticTest,SVM,Good,0.161197,0.639383,0.199420
2026-07-29,20.000000,GÜLTEPE,Risk,True,COLIFORM_FAIL_FAST,TEST,E3B_AUGMENTED_TRAIN_SYNTHETIC_TEST,SyntheticTest,SVM,Good,0.008247,0.968165,0.023588
2026-07-08,32.000000,EGEKENT,Risk,True,COLIFORM_FAIL_FAST,TEST,E3B_AUGMENTED_TRAIN_SYNTHETIC_TEST,SyntheticTest,SVM,Risk,0.000000,0.000000,1.000000
2026-07-08,20.000000,GÜLTEPE,Risk,True,NITRITE_FAIL_FAST,TEST,E3B_AUGMENTED_TRAIN_SYNTHETIC_TEST,SyntheticTest,SVM,Risk,0.000001,0.000000,0.999999
2026-07-29,34.000000,ÇİĞLİ,Risk,True,NITRITE_FAIL_FAST,TEST,E3B_AUGMENTED_TRAIN_SYNTHETIC_TEST,SyntheticTest,SVM,Risk,0.000000,0.000000,1.000000
2026-07-01,57.000000,MERSİNLİ,Risk,True,NITRITE_FAIL_FAST,TEST,E3B_AUGMENTED_TRAIN_SYNTHETIC_TEST,SyntheticTest,SVM,Risk,0.000000,0.000000,0.999999
2026-07-29,21.000000,ALTINDAĞ,Risk,True,NITRITE_FAIL_FAST,TEST,E3B_AUGMENTED_TRAIN_SYNTHETIC_TEST,SyntheticTest,SVM,Risk,0.000000,0.000000,1.000000
2026-06-10,37.000000,KARŞIYAKA,Risk,True,ARSENIC_FAIL_FAST,TEST,E3B_AUGMENTED_TRAIN_SYNTHETIC_TEST,SyntheticTest,SVM,Risk,0.000000,0.000000,1.000000
2026-06-10,23.000000,IŞIKKENT,Risk,True,NITRITE_FAIL_FAST,TEST,E3B_AUGMENTED_TRAIN_SYNTHETIC_TEST,SyntheticTest,SVM,Risk,0.000000,0.000000,1.000000
2026-06-10,19.000000,GÜLÇEŞME,Risk,True,C_PERFRINGENS_FAIL_FAST,TEST,E3B_AUGMENTED_TRAIN_SYNTHETIC_TEST,SyntheticTest,SVM,Risk,0.003109,0.000748,0.996144
2026-06-17,76.000000,GÜZELBAHÇE,Risk,True,C_PERFRINGENS_FAIL_FAST,TEST,E3B_AUGMENTED_TRAIN_SYNTHETIC_TEST,SyntheticTest,SVM,Risk,0.000000,0.000000,1.000000
2026-07-08,30.000000,MANAVKUYU,Risk,True,ARSENIC_FAIL_FAST,TEST,E3B_AUGMENTED_TRAIN_SYNTHETIC_TEST,SyntheticTest,SVM,Risk,0.014956,0.036825,0.948219
2026-07-29,7.000000,ÜÇKUYULAR,Risk,True,C_PERFRINGENS_FAIL_FAST,TEST,E3B_AUGMENTED_TRAIN_SYNTHETIC_TEST,SyntheticTest,SVM,Risk,0.000000,0.000000,1.000000
2026-06-24,26.000000,BORNOVA,Risk,True,E_COLI_FAIL_FAST,TEST,E3B_AUGMENTED_TRAIN_SYNTHETIC_TEST,SyntheticTest,SVM,Risk,0.000001,0.000000,0.999999
2026-07-01,49.000000,ALAYBEY,Risk,True,C_PERFRINGENS_FAIL_FAST,TEST,E3B_AUGMENTED_TRAIN_SYNTHETIC_TEST,SyntheticTest,SVM,Risk,0.000000,0.000000,1.000000
2026-07-22,52.000000,İZYUVA,Risk,True,C_PERFRINGENS_FAIL_FAST,TEST,E3B_AUGMENTED_TRAIN_SYNTHETIC_TEST,SyntheticTest,SVM,Risk,0.000000,0.000000,1.000000
2026-06-17,45.000000,CUMHURİYET MAH,Risk,True,C_PERFRINGENS_FAIL_FAST,TEST,E3B_AUGMENTED_TRAIN_SYNTHETIC_TEST,SyntheticTest,SVM,Risk,0.000000,0.000000,1.000000
2026-06-17,42.000000,YAMANLAR,Risk,True,NITRITE_FAIL_FAST,TEST,E3B_AUGMENTED_TRAIN_SYNTHETIC_TEST,SyntheticTest,SVM,Risk,0.000000,0.000000,1.000000
2026-06-17,61.000000,LEVENT,Risk,True,C_PERFRINGENS_FAIL_FAST,TEST,E3B_AUGMENTED_TRAIN_SYNTHETIC_TEST,SyntheticTest,SVM,Risk,0.000616,0.002532,0.996852
2026-07-29,30.000000,MANAVKUYU,Risk,True,ARSENIC_FAIL_FAST,TEST,E3B_AUGMENTED_TRAIN_SYNTHETIC_TEST,SyntheticTest,SVM,Risk,0.000444,0.008938,0.990618
2026-06-17,43.000000,POSTACI MAH,Risk,True,E_COLI_FAIL_FAST,TEST,E3B_AUGMENTED_TRAIN_SYNTHETIC_TEST,SyntheticTest,SVM,Risk,0.000001,0.000000,0.999999
2026-06-17,80.000000,KADİFEKALE,Risk,True,C_PERFRINGENS_FAIL_FAST,TEST,E3B_AUGMENTED_TRAIN_SYNTHETIC_TEST,SyntheticTest,SVM,Risk,0.000000,0.000000,1.000000
2026-07-29,30.000000,MANAVKUYU,Risk,True,ARSENIC_FAIL_FAST,TEST,E3B_AUGMENTED_TRAIN_SYNTHETIC_TEST,SyntheticTest,SVM,Risk,0.002376,0.041256,0.956367
2026-07-01,62.000000,UFUK MAH,Risk,True,C_PERFRINGENS_FAIL_FAST,TEST,E3B_AUGMENTED_TRAIN_SYNTHETIC_TEST,SyntheticTest,SVM,Risk,0.000000,0.000000,1.000000
2026-06-10,39.000000,ÖRNEKKÖY,Risk,True,E_COLI_FAIL_FAST,TEST,E3B_AUGMENTED_TRAIN_SYNTHETIC_TEST,SyntheticTest,SVM,Risk,0.000000,0.000000,1.000000
2026-06-17,43.000000,POSTACI MAH,Risk,True,NITRITE_FAIL_FAST,TEST,E3B_AUGMENTED_TRAIN_SYNTHETIC_TEST,SyntheticTest,SVM,Risk,0.000000,0.000000,1.000000
2026-07-01,69.000000,UĞUR MUMCU MAH,Risk,True,C_PERFRINGENS_FAIL_FAST,TEST,E3B_AUGMENTED_TRAIN_SYNTHETIC_TEST,SyntheticTest,SVM,Risk,0.000000,0.000000,1.000000
2026-07-22,48.000000,EGEKENT-2,Risk,True,COLIFORM_FAIL_FAST,TEST,E3B_AUGMENTED_TRAIN_SYNTHETIC_TEST,SyntheticTest,SVM,Risk,0.000000,0.000000,1.000000
2026-07-01,47.000000,EVKA-5,Risk,True,COLIFORM_FAIL_FAST,TEST,E3B_AUGMENTED_TRAIN_SYNTHETIC_TEST,SyntheticTest,SVM,Risk,0.000000,0.000000,1.000000
2026-06-17,55.000000,MEVLANA,Risk,True,NITRITE_FAIL_FAST,TEST,E3B_AUGMENTED_TRAIN_SYNTHETIC_TEST,SyntheticTest,SVM,Risk,0.000000,0.000000,1.000000
2026-07-01,50.000000,CENGİZHAN,Risk,True,E_COLI_FAIL_FAST,TEST,E3B_AUGMENTED_TRAIN_SYNTHETIC_TEST,SyntheticTest,SVM,Risk,0.000000,0.000000,1.000000
2026-06-24,16.000000,GEDİZ,Risk,True,NITRITE_FAIL_FAST,TEST,E3B_AUGMENTED_TRAIN_SYNTHETIC_TEST,SyntheticTest,SVM,Risk,0.007234,0.003829,0.988937
2026-07-01,71.000000,AKTEPE,Risk,True,E_COLI_FAIL_FAST,TEST,E3B_AUGMENTED_TRAIN_SYNTHETIC_TEST,SyntheticTest,SVM,Risk,0.000000,0.000000,1.000000
2026-07-29,23.000000,IŞIKKENT,Risk,True,E_COLI_FAIL_FAST,TEST,E3B_AUGMENTED_TRAIN_SYNTHETIC_TEST,SyntheticTest,SVM,Risk,0.000000,0.000000,1.000000
2026-06-10,33.000000,BALATÇIK,Risk,True,C_PERFRINGENS_FAIL_FAST,TEST,E3B_AUGMENTED_TRAIN_SYNTHETIC_TEST,SyntheticTest,SVM,Risk,0.000000,0.000000,0.999999
2026-07-01,47.000000,EVKA-5,Risk,True,NITRITE_FAIL_FAST,TEST,E3B_AUGMENTED_TRAIN_SYNTHETIC_TEST,SyntheticTest,SVM,Risk,0.000000,0.000000,1.000000
2026-06-24,23.000000,IŞIKKENT,Risk,True,COLIFORM_FAIL_FAST,TEST,E3B_AUGMENTED_TRAIN_SYNTHETIC_TEST,SyntheticTest,SVM,Risk,0.002217,0.000799,0.996983
2026-07-01,75.000000,CENNETÇEŞME,Risk,True,C_PERFRINGENS_FAIL_FAST,TEST,E3B_AUGMENTED_TRAIN_SYNTHETIC_TEST,SyntheticTest,SVM,Risk,0.000001,0.000001,0.999998
2026-07-29,23.000000,IŞIKKENT,Risk,True,C_PERFRINGENS_FAIL_FAST,TEST,E3B_AUGMENTED_TRAIN_SYNTHETIC_TEST,SyntheticTest,SVM,Risk,0.000002,0.000001,0.999997
2026-06-10,23.000000,IŞIKKENT,Risk,True,NITRITE_FAIL_FAST,TEST,E3B_AUGMENTED_TRAIN_SYNTHETIC_TEST,SyntheticTest,SVM,Risk,0.000787,0.001416,0.997797
2026-06-24,4.000000,GÜZELBAHÇE,Risk,True,COLIFORM_FAIL_FAST,TEST,E3B_AUGMENTED_TRAIN_SYNTHETIC_TEST,SyntheticTest,SVM,Risk,0.000000,0.000000,1.000000
2026-07-08,16.000000,GEDİZ,Risk,True,NITRITE_FAIL_FAST,TEST,E3B_AUGMENTED_TRAIN_SYNTHETIC_TEST,SyntheticTest,SVM,Risk,0.000001,0.000000,0.999999
2026-07-08,9.000000,HATAY,Risk,True,NITRITE_FAIL_FAST,TEST,E3B_AUGMENTED_TRAIN_SYNTHETIC_TEST,SyntheticTest,SVM,Risk,0.000000,0.000000,1.000000
2026-07-08,21.000000,ALTINDAĞ,Risk,True,E_COLI_FAIL_FAST,TEST,E3B_AUGMENTED_TRAIN_SYNTHETIC_TEST,SyntheticTest,SVM,Risk,0.000000,0.000000,1.000000
2026-06-10,6.000000,BALÇOVA,Risk,True,C_PERFRINGENS_FAIL_FAST,TEST,E3B_AUGMENTED_TRAIN_SYNTHETIC_TEST,SyntheticTest,SVM,Risk,0.000000,0.000000,1.000000
2026-06-17,76.000000,GÜZELBAHÇE,Risk,True,C_PERFRINGENS_FAIL_FAST,TEST,E3B_AUGMENTED_TRAIN_SYNTHETIC_TEST,SyntheticTest,SVM,Risk,0.000382,0.002578,0.997040
2026-06-24,34.000000,ÇİĞLİ,Risk,True,NITRITE_FAIL_FAST,TEST,E3B_AUGMENTED_TRAIN_SYNTHETIC_TEST,SyntheticTest,SVM,Risk,0.092607,0.000672,0.906721
2026-06-10,22.000000,ÇAMDİBİ,Risk,True,E_COLI_FAIL_FAST,TEST,E3B_AUGMENTED_TRAIN_SYNTHETIC_TEST,SyntheticTest,SVM,Risk,0.000000,0.000000,1.000000
2026-07-08,21.000000,ALTINDAĞ,Risk,True,ARSENIC_FAIL_FAST,TEST,E3B_AUGMENTED_TRAIN_SYNTHETIC_TEST,SyntheticTest,SVM,Risk,0.000000,0.000000,1.000000
2026-07-08,3.000000,KONAK,Risk,True,E_COLI_FAIL_FAST,TEST,E3B_AUGMENTED_TRAIN_SYNTHETIC_TEST,SyntheticTest,SVM,Risk,0.000000,0.000000,1.000000
2026-06-24,27.000000,ATATÜRK MAH,Risk,True,ARSENIC_FAIL_FAST,TEST,E3B_AUGMENTED_TRAIN_SYNTHETIC_TEST,SyntheticTest,SVM,Risk,0.000000,0.000000,1.000000
2026-06-10,36.000000,ŞEMİKLER,Risk,True,C_PERFRINGENS_FAIL_FAST,TEST,E3B_AUGMENTED_TRAIN_SYNTHETIC_TEST,SyntheticTest,SVM,Risk,0.000003,0.000001,0.999996
2026-07-29,33.000000,BALATÇIK,Risk,True,NITRITE_FAIL_FAST,TEST,E3B_AUGMENTED_TRAIN_SYNTHETIC_TEST,SyntheticTest,SVM,Risk,0.000000,0.000000,1.000000
2026-06-17,70.000000,ÇAMLIK MAH,Risk,True,E_COLI_FAIL_FAST,TEST,E3B_AUGMENTED_TRAIN_SYNTHETIC_TEST,SyntheticTest,SVM,Risk,0.000000,0.000000,1.000000
2026-07-01,57.000000,MERSİNLİ,Risk,True,NITRITE_FAIL_FAST,TEST,E3B_AUGMENTED_TRAIN_SYNTHETIC_TEST,SyntheticTest,SVM,Risk,0.000000,0.000000,1.000000
2026-07-22,67.000000,ÇAMLIKULE,Risk,True,C_PERFRINGENS_FAIL_FAST,TEST,E3B_AUGMENTED_TRAIN_SYNTHETIC_TEST,SyntheticTest,SVM,Risk,0.003772,0.024467,0.971761
2026-07-22,47.000000,EVKA-5,Risk,True,E_COLI_FAIL_FAST,TEST,E3B_AUGMENTED_TRAIN_SYNTHETIC_TEST,SyntheticTest,SVM,Risk,0.000987,0.003517,0.995496
2026-07-08,16.000000,GEDİZ,Risk,True,COLIFORM_FAIL_FAST,TEST,E3B_AUGMENTED_TRAIN_SYNTHETIC_TEST,SyntheticTest,SVM,Good,0.113724,0.523135,0.363140
2026-07-22,75.000000,CENNETÇEŞME,Risk,True,C_PERFRINGENS_FAIL_FAST,TEST,E3B_AUGMENTED_TRAIN_SYNTHETIC_TEST,SyntheticTest,SVM,Risk,0.000001,0.000000,0.999999
2026-07-22,42.000000,YAMANLAR,Risk,True,E_COLI_FAIL_FAST,TEST,E3B_AUGMENTED_TRAIN_SYNTHETIC_TEST,SyntheticTest,SVM,Risk,0.000000,0.000000,1.000000
2026-06-10,28.000000,OSMANGAZİ,Risk,True,COLIFORM_FAIL_FAST,TEST,E3B_AUGMENTED_TRAIN_SYNTHETIC_TEST,SyntheticTest,SVM,Risk,0.000000,0.000000,1.000000
2026-06-24,18.000000,BUCA,Risk,True,COLIFORM_FAIL_FAST,TEST,E3B_AUGMENTED_TRAIN_SYNTHETIC_TEST,SyntheticTest,SVM,Risk,0.036071,0.130152,0.833777
2026-06-24,13.000000,KARABAĞLAR,Risk,True,NITRITE_FAIL_FAST,TEST,E3B_AUGMENTED_TRAIN_SYNTHETIC_TEST,SyntheticTest,SVM,Risk,0.000000,0.000000,1.000000
2026-06-17,69.000000,UĞUR MUMCU MAH,Risk,True,NITRITE_FAIL_FAST,TEST,E3B_AUGMENTED_TRAIN_SYNTHETIC_TEST,SyntheticTest,SVM,Risk,0.000004,0.000002,0.999994
2026-06-24,22.000000,ÇAMDİBİ,Risk,True,C_PERFRINGENS_FAIL_FAST,TEST,E3B_AUGMENTED_TRAIN_SYNTHETIC_TEST,SyntheticTest,SVM,Risk,0.007083,0.001501,0.991417
2026-06-10,5.000000,NARLIDERE,Risk,True,E_COLI_FAIL_FAST,TEST,E3B_AUGMENTED_TRAIN_SYNTHETIC_TEST,SyntheticTest,SVM,Risk,0.000000,0.000000,1.000000
2026-06-17,49.000000,ALAYBEY,Risk,True,E_COLI_FAIL_FAST,TEST,E3B_AUGMENTED_TRAIN_SYNTHETIC_TEST,SyntheticTest,SVM,Risk,0.000002,0.000002,0.999996
2026-07-08,24.000000,PINARBAŞI,Risk,True,COLIFORM_FAIL_FAST,TEST,E3B_AUGMENTED_TRAIN_SYNTHETIC_TEST,SyntheticTest,SVM,Risk,0.000000,0.000000,1.000000
2026-06-10,25.000000,EVKA-3,Risk,True,E_COLI_FAIL_FAST,TEST,E3B_AUGMENTED_TRAIN_SYNTHETIC_TEST,SyntheticTest,SVM,Risk,0.000000,0.000000,1.000000
2026-07-08,28.000000,OSMANGAZİ,Risk,True,NITRITE_FAIL_FAST,TEST,E3B_AUGMENTED_TRAIN_SYNTHETIC_TEST,SyntheticTest,SVM,Risk,0.000000,0.000000,1.000000
2026-07-29,35.000000,BOSTANLI,Risk,True,E_COLI_FAIL_FAST,TEST,E3B_AUGMENTED_TRAIN_SYNTHETIC_TEST,SyntheticTest,SVM,Risk,0.000000,0.000000,1.000000
2026-07-01,70.000000,ÇAMLIK MAH,Risk,True,NITRITE_FAIL_FAST,TEST,E3B_AUGMENTED_TRAIN_SYNTHETIC_TEST,SyntheticTest,SVM,Risk,0.000000,0.000000,1.000000
2026-07-08,15.000000,GAZİEMİR,Risk,True,NITRITE_FAIL_FAST,TEST,E3B_AUGMENTED_TRAIN_SYNTHETIC_TEST,SyntheticTest,SVM,Risk,0.030187,0.002511,0.967302
2026-07-01,48.000000,EGEKENT-2,Risk,True,NITRITE_FAIL_FAST,TEST,E3B_AUGMENTED_TRAIN_SYNTHETIC_TEST,SyntheticTest,SVM,Risk,0.000000,0.000000,1.000000
2026-06-17,72.000000,9 EYLÜL MAH,Risk,True,ARSENIC_FAIL_FAST,TEST,E3B_AUGMENTED_TRAIN_SYNTHETIC_TEST,SyntheticTest,SVM,Risk,0.000000,0.000000,1.000000
2026-07-01,80.000000,KADİFEKALE,Risk,True,ARSENIC_FAIL_FAST,TEST,E3B_AUGMENTED_TRAIN_SYNTHETIC_TEST,SyntheticTest,SVM,Risk,0.059250,0.004736,0.936014
2026-06-24,16.000000,GEDİZ,Risk,True,E_COLI_FAIL_FAST,TEST,E3B_AUGMENTED_TRAIN_SYNTHETIC_TEST,SyntheticTest,SVM,Risk,0.000000,0.000000,1.000000
2026-06-24,18.000000,BUCA,Risk,True,E_COLI_FAIL_FAST,TEST,E3B_AUGMENTED_TRAIN_SYNTHETIC_TEST,SyntheticTest,SVM,Risk,0.003605,0.013741,0.982655
2026-07-29,19.000000,GÜLÇEŞME,Risk,True,NITRITE_FAIL_FAST,TEST,E3B_AUGMENTED_TRAIN_SYNTHETIC_TEST,SyntheticTest,SVM,Risk,0.000000,0.000000,1.000000
2026-06-10,39.000000,ÖRNEKKÖY,Risk,True,ARSENIC_FAIL_FAST,TEST,E3B_AUGMENTED_TRAIN_SYNTHETIC_TEST,SyntheticTest,SVM,Risk,0.000000,0.000000,1.000000
2026-07-08,32.000000,EGEKENT,Risk,True,ARSENIC_FAIL_FAST,TEST,E3B_AUGMENTED_TRAIN_SYNTHETIC_TEST,SyntheticTest,SVM,Risk,0.001860,0.025487,0.972653
2026-06-10,29.000000,ÖZKANLAR,Risk,True,NITRITE_FAIL_FAST,TEST,E3B_AUGMENTED_TRAIN_SYNTHETIC_TEST,SyntheticTest,SVM,Risk,0.000000,0.000000,0.999999
2026-07-08,27.000000,ATATÜRK MAH,Risk,True,C_PERFRINGENS_FAIL_FAST,TEST,E3B_AUGMENTED_TRAIN_SYNTHETIC_TEST,SyntheticTest,SVM,Risk,0.014810,0.003221,0.981969
2026-06-10,28.000000,OSMANGAZİ,Risk,True,C_PERFRINGENS_FAIL_FAST,TEST,E3B_AUGMENTED_TRAIN_SYNTHETIC_TEST,SyntheticTest,SVM,Risk,0.000003,0.000001,0.999996
2026-07-08,17.000000,ŞİRİNYER,Risk,True,NITRITE_FAIL_FAST,TEST,E3B_AUGMENTED_TRAIN_SYNTHETIC_TEST,SyntheticTest,SVM,Risk,0.000003,0.000001,0.999996
2026-07-01,66.000000,KOZAĞAÇ,Risk,True,NITRITE_FAIL_FAST,TEST,E3B_AUGMENTED_TRAIN_SYNTHETIC_TEST,SyntheticTest,SVM,Risk,0.000000,0.000000,1.000000
2026-06-24,40.000000,GÜMÜŞPALA,Risk,True,COLIFORM_FAIL_FAST,TEST,E3B_AUGMENTED_TRAIN_SYNTHETIC_TEST,SyntheticTest,SVM,Risk,0.000000,0.000000,1.000000
2026-06-10,14.000000,ESKİ İZMİR,Risk,True,ARSENIC_FAIL_FAST,TEST,E3B_AUGMENTED_TRAIN_SYNTHETIC_TEST,SyntheticTest,SVM,Risk,0.000000,0.000000,1.000000
2026-06-24,30.000000,MANAVKUYU,Risk,True,C_PERFRINGENS_FAIL_FAST,TEST,E3B_AUGMENTED_TRAIN_SYNTHETIC_TEST,SyntheticTest,SVM,Risk,0.000000,0.000000,1.000000
2026-06-24,38.000000,EVKA-2,Risk,True,C_PERFRINGENS_FAIL_FAST,TEST,E3B_AUGMENTED_TRAIN_SYNTHETIC_TEST,SyntheticTest,SVM,Risk,0.000001,0.000001,0.999998
2026-07-08,5.000000,NARLIDERE,Risk,True,ARSENIC_FAIL_FAST,TEST,E3B_AUGMENTED_TRAIN_SYNTHETIC_TEST,SyntheticTest,SVM,Risk,0.000000,0.000000,1.000000
2026-07-29,14.000000,ESKİ İZMİR,Risk,True,E_COLI_FAIL_FAST,TEST,E3B_AUGMENTED_TRAIN_SYNTHETIC_TEST,SyntheticTest,SVM,Risk,0.000265,0.001971,0.997763
2026-06-10,35.000000,BOSTANLI,Risk,True,COLIFORM_FAIL_FAST,TEST,E3B_AUGMENTED_TRAIN_SYNTHETIC_TEST,SyntheticTest,SVM,Good,0.021457,0.770474,0.208069
2026-07-01,70.000000,ÇAMLIK MAH,Risk,True,C_PERFRINGENS_FAIL_FAST,TEST,E3B_AUGMENTED_TRAIN_SYNTHETIC_TEST,SyntheticTest,SVM,Risk,0.000000,0.000000,1.000000
2026-07-01,63.000000,EVKA-1,Risk,True,ARSENIC_FAIL_FAST,TEST,E3B_AUGMENTED_TRAIN_SYNTHETIC_TEST,SyntheticTest,SVM,Risk,0.000000,0.000000,1.000000
2026-06-17,74.000000,UZUNDERE,Risk,True,NITRITE_FAIL_FAST,TEST,E3B_AUGMENTED_TRAIN_SYNTHETIC_TEST,SyntheticTest,SVM,Risk,0.000000,0.000000,1.000000
2026-06-10,22.000000,ÇAMDİBİ,Risk,True,COLIFORM_FAIL_FAST,TEST,E3B_AUGMENTED_TRAIN_SYNTHETIC_TEST,SyntheticTest,SVM,Risk,0.000000,0.000000,0.999999
2026-07-08,38.000000,EVKA-2,Risk,True,E_COLI_FAIL_FAST,TEST,E3B_AUGMENTED_TRAIN_SYNTHETIC_TEST,SyntheticTest,SVM,Risk,0.000001,0.000000,0.999999
2026-06-10,24.000000,PINARBAŞI,Risk,True,COLIFORM_FAIL_FAST,TEST,E3B_AUGMENTED_TRAIN_SYNTHETIC_TEST,SyntheticTest,SVM,Risk,0.005048,0.032018,0.962935
2026-07-29,20.000000,GÜLTEPE,Risk,True,NITRITE_FAIL_FAST,TEST,E3B_AUGMENTED_TRAIN_SYNTHETIC_TEST,SyntheticTest,SVM,Risk,0.008730,0.003140,0.988130
2026-07-29,16.000000,GEDİZ,Risk,True,NITRITE_FAIL_FAST,TEST,E3B_AUGMENTED_TRAIN_SYNTHETIC_TEST,SyntheticTest,SVM,Risk,0.000000,0.000000,1.000000
2026-07-01,56.000000,YEŞİLOVA,Risk,True,E_COLI_FAIL_FAST,TEST,E3B_AUGMENTED_TRAIN_SYNTHETIC_TEST,SyntheticTest,SVM,Risk,0.000000,0.000000,1.000000
2026-06-17,75.000000,CENNETÇEŞME,Risk,True,C_PERFRINGENS_FAIL_FAST,TEST,E3B_AUGMENTED_TRAIN_SYNTHETIC_TEST,SyntheticTest,SVM,Risk,0.000184,0.001711,0.998105
2026-06-17,76.000000,GÜZELBAHÇE,Risk,True,NITRITE_FAIL_FAST,TEST,E3B_AUGMENTED_TRAIN_SYNTHETIC_TEST,SyntheticTest,SVM,Risk,0.000000,0.000000,1.000000
2026-06-17,44.000000,YAMAÇ MAH,Risk,True,NITRITE_FAIL_FAST,TEST,E3B_AUGMENTED_TRAIN_SYNTHETIC_TEST,SyntheticTest,SVM,Risk,0.000000,0.000000,1.000000
2026-07-01,41.000000,DOĞANÇAY,Risk,True,ARSENIC_FAIL_FAST,TEST,E3B_AUGMENTED_TRAIN_SYNTHETIC_TEST,SyntheticTest,SVM,Risk,0.000000,0.000000,1.000000
2026-07-01,47.000000,EVKA-5,Risk,True,ARSENIC_FAIL_FAST,TEST,E3B_AUGMENTED_TRAIN_SYNTHETIC_TEST,SyntheticTest,SVM,Risk,0.000000,0.000000,1.000000
2026-07-08,37.000000,KARŞIYAKA,Risk,True,ARSENIC_FAIL_FAST,TEST,E3B_AUGMENTED_TRAIN_SYNTHETIC_TEST,SyntheticTest,SVM,Risk,0.000000,0.000000,1.000000
2026-06-10,19.000000,GÜLÇEŞME,Risk,True,COLIFORM_FAIL_FAST,TEST,E3B_AUGMENTED_TRAIN_SYNTHETIC_TEST,SyntheticTest,SVM,Good,0.064552,0.794830,0.140618
2026-06-10,28.000000,OSMANGAZİ,Risk,True,COLIFORM_FAIL_FAST,TEST,E3B_AUGMENTED_TRAIN_SYNTHETIC_TEST,SyntheticTest,SVM,Risk,0.000000,0.000000,1.000000
2026-07-08,7.000000,ÜÇKUYULAR,Risk,True,COLIFORM_FAIL_FAST,TEST,E3B_AUGMENTED_TRAIN_SYNTHETIC_TEST,SyntheticTest,SVM,Risk,0.000000,0.000000,1.000000
2026-06-10,3.000000,KONAK,Risk,True,COLIFORM_FAIL_FAST,TEST,E3B_AUGMENTED_TRAIN_SYNTHETIC_TEST,SyntheticTest,SVM,Risk,0.000000,0.000000,1.000000
2026-07-08,24.000000,PINARBAŞI,Risk,True,E_COLI_FAIL_FAST,TEST,E3B_AUGMENTED_TRAIN_SYNTHETIC_TEST,SyntheticTest,SVM,Risk,0.000001,0.000000,0.999999
2026-06-17,61.000000,LEVENT,Good,False,REAL,REAL,E3_AUGMENTED_TRAIN_MIXED_TEST,MixedTest,SVM,Good,0.002489,0.996671,0.000840
2026-06-17,69.000000,UĞUR MUMCU MAH,Good,False,REAL,REAL,E3_AUGMENTED_TRAIN_MIXED_TEST,MixedTest,SVM,Good,0.001765,0.994468,0.003767
2026-06-10,38.000000,EVKA-2,Good,False,REAL,REAL,E3_AUGMENTED_TRAIN_MIXED_TEST,MixedTest,SVM,Good,0.008718,0.979011,0.012271
2026-07-22,55.000000,MEVLANA,Caution,True,AMMONIUM_NEAR_STANDARD,TEST,E3_AUGMENTED_TRAIN_MIXED_TEST,MixedTest,SVM,Caution,0.998066,0.000085,0.001850
2026-06-17,79.000000,ESENDERE,Good,False,REAL,REAL,E3_AUGMENTED_TRAIN_MIXED_TEST,MixedTest,SVM,Good,0.001987,0.993856,0.004157
2026-07-29,33.000000,BALATÇIK,Good,False,REAL,REAL,E3_AUGMENTED_TRAIN_MIXED_TEST,MixedTest,SVM,Good,0.003965,0.991381,0.004655
2026-07-29,5.000000,NARLIDERE,Good,False,REAL,REAL,E3_AUGMENTED_TRAIN_MIXED_TEST,MixedTest,SVM,Good,0.001927,0.996121,0.001952
2026-06-10,13.000000,KARABAĞLAR,Good,False,REAL,REAL,E3_AUGMENTED_TRAIN_MIXED_TEST,MixedTest,SVM,Good,0.002361,0.991392,0.006247
2026-07-01,48.000000,EGEKENT-2,Risk,True,NITRITE_FAIL_FAST,TEST,E3_AUGMENTED_TRAIN_MIXED_TEST,MixedTest,SVM,Risk,0.000000,0.000000,1.000000
2026-07-29,38.000000,EVKA-2,Good,False,REAL,REAL,E3_AUGMENTED_TRAIN_MIXED_TEST,MixedTest,SVM,Good,0.002237,0.997281,0.000481
2026-06-24,5.000000,NARLIDERE,Good,False,REAL,REAL,E3_AUGMENTED_TRAIN_MIXED_TEST,MixedTest,SVM,Good,0.002546,0.995547,0.001907
2026-06-17,80.000000,KADİFEKALE,Good,False,REAL,REAL,E3_AUGMENTED_TRAIN_MIXED_TEST,MixedTest,SVM,Good,0.002150,0.993520,0.004330
2026-07-01,75.000000,CENNETÇEŞME,Caution,True,AMMONIUM_NEAR_STANDARD,TEST,E3_AUGMENTED_TRAIN_MIXED_TEST,MixedTest,SVM,Caution,0.999308,0.000001,0.000691
2026-06-24,11.000000,YEŞİLYURT,Good,False,REAL,REAL,E3_AUGMENTED_TRAIN_MIXED_TEST,MixedTest,SVM,Good,0.000020,0.997747,0.002233
2026-07-29,32.000000,EGEKENT,Caution,True,NITRITE_SUBSTANDARD,TEST,E3_AUGMENTED_TRAIN_MIXED_TEST,MixedTest,SVM,Good,0.631818,0.359365,0.008817
2026-06-24,15.000000,GAZİEMİR,Caution,True,NITRITE_SUBSTANDARD,TEST,E3_AUGMENTED_TRAIN_MIXED_TEST,MixedTest,SVM,Good,0.590382,0.405502,0.004117
2026-07-01,47.000000,EVKA-5,Risk,True,ARSENIC_FAIL_FAST,TEST,E3_AUGMENTED_TRAIN_MIXED_TEST,MixedTest,SVM,Risk,0.000000,0.000000,1.000000
2026-06-17,76.000000,GÜZELBAHÇE,Risk,True,NITRITE_FAIL_FAST,TEST,E3_AUGMENTED_TRAIN_MIXED_TEST,MixedTest,SVM,Risk,0.000000,0.000000,1.000000
2026-07-29,35.000000,BOSTANLI,Risk,True,E_COLI_FAIL_FAST,TEST,E3_AUGMENTED_TRAIN_MIXED_TEST,MixedTest,SVM,Risk,0.000000,0.000000,1.000000
2026-06-24,4.000000,GÜZELBAHÇE,Good,False,REAL,REAL,E3_AUGMENTED_TRAIN_MIXED_TEST,MixedTest,SVM,Good,0.002589,0.995287,0.002124
2026-06-10,2.000000,YENİŞEHİR,Good,False,REAL,REAL,E3_AUGMENTED_TRAIN_MIXED_TEST,MixedTest,SVM,Good,0.004716,0.992974,0.002311
2026-06-24,23.000000,IŞIKKENT,Good,False,REAL,REAL,E3_AUGMENTED_TRAIN_MIXED_TEST,MixedTest,SVM,Good,0.135892,0.789538,0.074570
2026-06-10,15.000000,GAZİEMİR,Good,False,REAL,REAL,E3_AUGMENTED_TRAIN_MIXED_TEST,MixedTest,SVM,Good,0.002233,0.991878,0.005889
2026-07-22,42.000000,YAMANLAR,Risk,True,E_COLI_FAIL_FAST,TEST,E3_AUGMENTED_TRAIN_MIXED_TEST,MixedTest,SVM,Risk,0.000000,0.000000,1.000000
2026-06-24,3.000000,KONAK,Good,False,REAL,REAL,E3_AUGMENTED_TRAIN_MIXED_TEST,MixedTest,SVM,Good,0.002336,0.997138,0.000526
2026-07-01,72.000000,9 EYLÜL MAH,Good,False,REAL,REAL,E3_AUGMENTED_TRAIN_MIXED_TEST,MixedTest,SVM,Good,0.002017,0.994844,0.003138
2026-07-22,41.000000,DOĞANÇAY,Caution,True,MULTI_PARAMETER_SUBSTANDARD,TEST,E3_AUGMENTED_TRAIN_MIXED_TEST,MixedTest,SVM,Caution,0.999308,0.000025,0.000668
2026-07-29,14.000000,ESKİ İZMİR,Caution,True,MULTI_PARAMETER_SUBSTANDARD,TEST,E3_AUGMENTED_TRAIN_MIXED_TEST,MixedTest,SVM,Caution,0.998761,0.000003,0.001235
2026-06-10,35.000000,BOSTANLI,Good,False,REAL,REAL,E3_AUGMENTED_TRAIN_MIXED_TEST,MixedTest,SVM,Good,0.004991,0.988606,0.006403
2026-07-08,21.000000,ALTINDAĞ,Risk,True,ARSENIC_FAIL_FAST,TEST,E3_AUGMENTED_TRAIN_MIXED_TEST,MixedTest,SVM,Risk,0.000000,0.000000,1.000000
2026-07-08,29.000000,ÖZKANLAR,Good,False,REAL,REAL,E3_AUGMENTED_TRAIN_MIXED_TEST,MixedTest,SVM,Good,0.003698,0.994158,0.002143
2026-07-01,69.000000,UĞUR MUMCU MAH,Good,False,REAL,REAL,E3_AUGMENTED_TRAIN_MIXED_TEST,MixedTest,SVM,Good,0.002112,0.995014,0.002874
2026-07-22,48.000000,EGEKENT-2,Risk,True,COLIFORM_FAIL_FAST,TEST,E3_AUGMENTED_TRAIN_MIXED_TEST,MixedTest,SVM,Risk,0.000000,0.000000,1.000000
2026-06-24,20.000000,GÜLTEPE,Good,False,REAL,REAL,E3_AUGMENTED_TRAIN_MIXED_TEST,MixedTest,SVM,Good,0.002198,0.997065,0.000737
2026-06-10,22.000000,ÇAMDİBİ,Good,False,REAL,REAL,E3_AUGMENTED_TRAIN_MIXED_TEST,MixedTest,SVM,Good,0.002895,0.989370,0.007734
2026-06-17,44.000000,YAMAÇ MAH,Good,False,REAL,REAL,E3_AUGMENTED_TRAIN_MIXED_TEST,MixedTest,SVM,Good,0.002870,0.996307,0.000824
2026-06-24,7.000000,ÜÇKUYULAR,Good,False,REAL,REAL,E3_AUGMENTED_TRAIN_MIXED_TEST,MixedTest,SVM,Good,0.002544,0.995788,0.001668
2026-06-17,76.000000,GÜZELBAHÇE,Good,False,REAL,REAL,E3_AUGMENTED_TRAIN_MIXED_TEST,MixedTest,SVM,Good,0.000018,0.997948,0.002034
2026-07-01,64.000000,ADATEPE,Good,False,REAL,REAL,E3_AUGMENTED_TRAIN_MIXED_TEST,MixedTest,SVM,Good,0.007607,0.980117,0.012276
2026-07-22,54.000000,YEŞİLÇAM,Good,False,REAL,REAL,E3_AUGMENTED_TRAIN_MIXED_TEST,MixedTest,SVM,Good,0.000085,0.994971,0.004944
2026-06-24,32.000000,EGEKENT,Good,False,REAL,REAL,E3_AUGMENTED_TRAIN_MIXED_TEST,MixedTest,SVM,Good,0.019189,0.967504,0.013307
2026-07-08,2.000000,YENİŞEHİR,Good,False,REAL,REAL,E3_AUGMENTED_TRAIN_MIXED_TEST,MixedTest,SVM,Good,0.002290,0.996824,0.000886
2026-06-10,19.000000,GÜLÇEŞME,Risk,True,C_PERFRINGENS_FAIL_FAST,TEST,E3_AUGMENTED_TRAIN_MIXED_TEST,MixedTest,SVM,Risk,0.003109,0.000748,0.996144
2026-07-01,63.000000,EVKA-1,Risk,True,ARSENIC_FAIL_FAST,TEST,E3_AUGMENTED_TRAIN_MIXED_TEST,MixedTest,SVM,Risk,0.000000,0.000000,1.000000
2026-07-01,56.000000,YEŞİLOVA,Risk,True,E_COLI_FAIL_FAST,TEST,E3_AUGMENTED_TRAIN_MIXED_TEST,MixedTest,SVM,Risk,0.000000,0.000000,1.000000
2026-06-17,69.000000,UĞUR MUMCU MAH,Caution,True,AMMONIUM_NEAR_STANDARD,TEST,E3_AUGMENTED_TRAIN_MIXED_TEST,MixedTest,SVM,Caution,0.998940,0.000002,0.001058
2026-06-17,42.000000,YAMANLAR,Caution,True,NITRITE_SUBSTANDARD,TEST,E3_AUGMENTED_TRAIN_MIXED_TEST,MixedTest,SVM,Caution,0.996808,0.000026,0.003166
2026-07-08,37.000000,KARŞIYAKA,Risk,True,ARSENIC_FAIL_FAST,TEST,E3_AUGMENTED_TRAIN_MIXED_TEST,MixedTest,SVM,Risk,0.000000,0.000000,1.000000
2026-06-24,27.000000,ATATÜRK MAH,Risk,True,ARSENIC_FAIL_FAST,TEST,E3_AUGMENTED_TRAIN_MIXED_TEST,MixedTest,SVM,Risk,0.000000,0.000000,1.000000
2026-07-01,75.000000,CENNETÇEŞME,Risk,True,C_PERFRINGENS_FAIL_FAST,TEST,E3_AUGMENTED_TRAIN_MIXED_TEST,MixedTest,SVM,Risk,0.000001,0.000001,0.999998
2026-07-29,16.000000,GEDİZ,Risk,True,NITRITE_FAIL_FAST,TEST,E3_AUGMENTED_TRAIN_MIXED_TEST,MixedTest,SVM,Risk,0.000000,0.000000,1.000000
2026-06-17,59.000000,ÇANKAYA,Caution,True,NITRITE_SUBSTANDARD,TEST,E3_AUGMENTED_TRAIN_MIXED_TEST,MixedTest,SVM,Caution,0.993345,0.000435,0.006220
2026-07-08,37.000000,KARŞIYAKA,Good,False,REAL,REAL,E3_AUGMENTED_TRAIN_MIXED_TEST,MixedTest,SVM,Good,0.002450,0.996927,0.000623
2026-06-24,34.000000,ÇİĞLİ,Caution,True,NITRITE_SUBSTANDARD,TEST,E3_AUGMENTED_TRAIN_MIXED_TEST,MixedTest,SVM,Caution,0.996960,0.000020,0.003020
2026-07-22,54.000000,YEŞİLÇAM,Caution,True,MULTI_PARAMETER_SUBSTANDARD,TEST,E3_AUGMENTED_TRAIN_MIXED_TEST,MixedTest,SVM,Caution,0.999672,0.000004,0.000324
2026-07-01,63.000000,EVKA-1,Good,False,REAL,REAL,E3_AUGMENTED_TRAIN_MIXED_TEST,MixedTest,SVM,Good,0.006215,0.983291,0.010494
2026-06-24,6.000000,BALÇOVA,Good,False,REAL,REAL,E3_AUGMENTED_TRAIN_MIXED_TEST,MixedTest,SVM,Good,0.002666,0.995714,0.001621
2026-07-29,19.000000,GÜLÇEŞME,Risk,True,NITRITE_FAIL_FAST,TEST,E3_AUGMENTED_TRAIN_MIXED_TEST,MixedTest,SVM,Risk,0.000000,0.000000,1.000000
2026-07-08,9.000000,HATAY,Risk,True,NITRITE_FAIL_FAST,TEST,E3_AUGMENTED_TRAIN_MIXED_TEST,MixedTest,SVM,Risk,0.000000,0.000000,1.000000
2026-06-17,61.000000,LEVENT,Risk,True,C_PERFRINGENS_FAIL_FAST,TEST,E3_AUGMENTED_TRAIN_MIXED_TEST,MixedTest,SVM,Risk,0.000616,0.002532,0.996852
2026-07-08,8.000000,GÜZELYALI,Good,False,REAL,REAL,E3_AUGMENTED_TRAIN_MIXED_TEST,MixedTest,SVM,Good,0.000020,0.997803,0.002177
2026-06-24,5.000000,NARLIDERE,Caution,True,MULTI_PARAMETER_SUBSTANDARD,TEST,E3_AUGMENTED_TRAIN_MIXED_TEST,MixedTest,SVM,Caution,0.999169,0.000002,0.000829
2026-06-17,44.000000,YAMAÇ MAH,Risk,True,NITRITE_FAIL_FAST,TEST,E3_AUGMENTED_TRAIN_MIXED_TEST,MixedTest,SVM,Risk,0.000000,0.000000,1.000000
2026-07-08,32.000000,EGEKENT,Good,False,REAL,REAL,E3_AUGMENTED_TRAIN_MIXED_TEST,MixedTest,SVM,Good,0.010106,0.973591,0.016303
2026-07-08,17.000000,ŞİRİNYER,Risk,True,NITRITE_FAIL_FAST,TEST,E3_AUGMENTED_TRAIN_MIXED_TEST,MixedTest,SVM,Risk,0.000003,0.000001,0.999996
2026-07-01,44.000000,YAMAÇ MAH,Good,False,REAL,REAL,E3_AUGMENTED_TRAIN_MIXED_TEST,MixedTest,SVM,Good,0.001850,0.997697,0.000454
2026-07-22,57.000000,MERSİNLİ,Good,False,REAL,REAL,E3_AUGMENTED_TRAIN_MIXED_TEST,MixedTest,SVM,Good,0.002480,0.996971,0.000549
2026-07-01,55.000000,MEVLANA,Good,False,REAL,REAL,E3_AUGMENTED_TRAIN_MIXED_TEST,MixedTest,SVM,Good,0.000014,0.998196,0.001790
2026-07-08,27.000000,ATATÜRK MAH,Caution,True,NITRITE_SUBSTANDARD,TEST,E3_AUGMENTED_TRAIN_MIXED_TEST,MixedTest,SVM,Caution,0.981891,0.013004,0.005105
2026-07-08,16.000000,GEDİZ,Risk,True,COLIFORM_FAIL_FAST,TEST,E3_AUGMENTED_TRAIN_MIXED_TEST,MixedTest,SVM,Good,0.113724,0.523135,0.363140
2026-06-10,19.000000,GÜLÇEŞME,Good,False,REAL,REAL,E3_AUGMENTED_TRAIN_MIXED_TEST,MixedTest,SVM,Good,0.036784,0.930918,0.032298
2026-06-24,16.000000,GEDİZ,Risk,True,NITRITE_FAIL_FAST,TEST,E3_AUGMENTED_TRAIN_MIXED_TEST,MixedTest,SVM,Risk,0.007234,0.003829,0.988937
2026-07-01,70.000000,ÇAMLIK MAH,Risk,True,NITRITE_FAIL_FAST,TEST,E3_AUGMENTED_TRAIN_MIXED_TEST,MixedTest,SVM,Risk,0.000000,0.000000,1.000000
2026-06-10,23.000000,IŞIKKENT,Good,False,REAL,REAL,E3_AUGMENTED_TRAIN_MIXED_TEST,MixedTest,SVM,Good,0.003141,0.989379,0.007480
2026-06-10,2.000000,YENİŞEHİR,Caution,True,NITRITE_SUBSTANDARD,TEST,E3_AUGMENTED_TRAIN_MIXED_TEST,MixedTest,SVM,Caution,0.994965,0.000160,0.004875
2026-06-24,9.000000,HATAY,Caution,True,AMMONIUM_NEAR_STANDARD,TEST,E3_AUGMENTED_TRAIN_MIXED_TEST,MixedTest,SVM,Caution,0.998109,0.000003,0.001887
2026-06-17,62.000000,UFUK MAH,Good,False,REAL,REAL,E3_AUGMENTED_TRAIN_MIXED_TEST,MixedTest,SVM,Good,0.002273,0.996542,0.001185
2026-06-17,49.000000,ALAYBEY,Caution,True,AMMONIUM_NEAR_STANDARD,TEST,E3_AUGMENTED_TRAIN_MIXED_TEST,MixedTest,SVM,Caution,0.998153,0.000003,0.001844
2026-07-08,4.000000,GÜZELBAHÇE,Caution,True,NITRITE_SUBSTANDARD,TEST,E3_AUGMENTED_TRAIN_MIXED_TEST,MixedTest,SVM,Caution,0.998981,0.000001,0.001017
2026-07-29,21.000000,ALTINDAĞ,Caution,True,AMMONIUM_NEAR_STANDARD,TEST,E3_AUGMENTED_TRAIN_MIXED_TEST,MixedTest,SVM,Caution,0.978431,0.000219,0.021351
2026-06-10,24.000000,PINARBAŞI,Risk,True,COLIFORM_FAIL_FAST,TEST,E3_AUGMENTED_TRAIN_MIXED_TEST,MixedTest,SVM,Risk,0.005048,0.032018,0.962935
2026-06-10,19.000000,GÜLÇEŞME,Risk,True,COLIFORM_FAIL_FAST,TEST,E3_AUGMENTED_TRAIN_MIXED_TEST,MixedTest,SVM,Good,0.064552,0.794830,0.140618
2026-06-10,6.000000,BALÇOVA,Risk,True,C_PERFRINGENS_FAIL_FAST,TEST,E3_AUGMENTED_TRAIN_MIXED_TEST,MixedTest,SVM,Risk,0.000000,0.000000,1.000000
2026-06-10,29.000000,ÖZKANLAR,Good,False,REAL,REAL,E3_AUGMENTED_TRAIN_MIXED_TEST,MixedTest,SVM,Good,0.007492,0.981251,0.011257
2026-07-22,78.000000,İNCİRALTI,Good,False,REAL,REAL,E3_AUGMENTED_TRAIN_MIXED_TEST,MixedTest,SVM,Good,0.001921,0.995505,0.002575
2026-06-10,38.000000,EVKA-2,Caution,True,NITRITE_SUBSTANDARD,TEST,E3_AUGMENTED_TRAIN_MIXED_TEST,MixedTest,SVM,Caution,0.944606,0.031363,0.024031
2026-07-08,7.000000,ÜÇKUYULAR,Good,False,REAL,REAL,E3_AUGMENTED_TRAIN_MIXED_TEST,MixedTest,SVM,Good,0.000021,0.997736,0.002244
2026-06-17,47.000000,EVKA-5,Good,False,REAL,REAL,E3_AUGMENTED_TRAIN_MIXED_TEST,MixedTest,SVM,Good,0.004810,0.989702,0.005489
2026-07-01,47.000000,EVKA-5,Risk,True,NITRITE_FAIL_FAST,TEST,E3_AUGMENTED_TRAIN_MIXED_TEST,MixedTest,SVM,Risk,0.000000,0.000000,1.000000
2026-06-24,13.000000,KARABAĞLAR,Risk,True,NITRITE_FAIL_FAST,TEST,E3_AUGMENTED_TRAIN_MIXED_TEST,MixedTest,SVM,Risk,0.000000,0.000000,1.000000
2026-06-17,56.000000,YEŞİLOVA,Caution,True,MULTI_PARAMETER_SUBSTANDARD,TEST,E3_AUGMENTED_TRAIN_MIXED_TEST,MixedTest,SVM,Caution,0.937221,0.000278,0.062501
2026-06-17,41.000000,DOĞANÇAY,Caution,True,MULTI_PARAMETER_SUBSTANDARD,TEST,E3_AUGMENTED_TRAIN_MIXED_TEST,MixedTest,SVM,Caution,0.993277,0.000039,0.006684
2026-07-22,59.000000,ÇANKAYA,Good,False,REAL,REAL,E3_AUGMENTED_TRAIN_MIXED_TEST,MixedTest,SVM,Good,0.002337,0.997040,0.000623
2026-06-10,14.000000,ESKİ İZMİR,Risk,True,ARSENIC_FAIL_FAST,TEST,E3_AUGMENTED_TRAIN_MIXED_TEST,MixedTest,SVM,Risk,0.000000,0.000000,1.000000
2026-06-10,3.000000,KONAK,Caution,True,AMMONIUM_NEAR_STANDARD,TEST,E3_AUGMENTED_TRAIN_MIXED_TEST,MixedTest,SVM,Caution,0.998952,0.000002,0.001046
2026-06-10,26.000000,BORNOVA,Good,False,REAL,REAL,E3_AUGMENTED_TRAIN_MIXED_TEST,MixedTest,SVM,Good,0.005297,0.988993,0.005710
2026-06-17,49.000000,ALAYBEY,Risk,True,E_COLI_FAIL_FAST,TEST,E3_AUGMENTED_TRAIN_MIXED_TEST,MixedTest,SVM,Risk,0.000002,0.000002,0.999996
2026-06-17,51.000000,ÇAY MAH,Good,False,REAL,REAL,E3_AUGMENTED_TRAIN_MIXED_TEST,MixedTest,SVM,Good,0.003521,0.995146,0.001333
2026-07-08,28.000000,OSMANGAZİ,Good,False,REAL,REAL,E3_AUGMENTED_TRAIN_MIXED_TEST,MixedTest,SVM,Good,0.002399,0.996962,0.000639
2026-07-01,49.000000,ALAYBEY,Risk,True,C_PERFRINGENS_FAIL_FAST,TEST,E3_AUGMENTED_TRAIN_MIXED_TEST,MixedTest,SVM,Risk,0.000000,0.000000,1.000000
2026-07-01,48.000000,EGEKENT-2,Caution,True,MULTI_PARAMETER_SUBSTANDARD,TEST,E3_AUGMENTED_TRAIN_MIXED_TEST,MixedTest,SVM,Caution,0.992890,0.000026,0.007084
2026-07-08,24.000000,PINARBAŞI,Good,False,REAL,REAL,E3_AUGMENTED_TRAIN_MIXED_TEST,MixedTest,SVM,Good,0.001738,0.996621,0.001641
2026-06-17,63.000000,EVKA-1,Good,False,REAL,REAL,E3_AUGMENTED_TRAIN_MIXED_TEST,MixedTest,SVM,Good,0.003196,0.988796,0.008008
2026-07-08,33.000000,BALATÇIK,Caution,True,NITRITE_SUBSTANDARD,TEST,E3_AUGMENTED_TRAIN_MIXED_TEST,MixedTest,SVM,Caution,0.941085,0.011718,0.047197
2026-07-01,48.000000,EGEKENT-2,Good,False,REAL,REAL,E3_AUGMENTED_TRAIN_MIXED_TEST,MixedTest,SVM,Good,0.002571,0.996510,0.000919
2026-07-29,23.000000,IŞIKKENT,Risk,True,C_PERFRINGENS_FAIL_FAST,TEST,E3_AUGMENTED_TRAIN_MIXED_TEST,MixedTest,SVM,Risk,0.000002,0.000001,0.999997
2026-06-10,28.000000,OSMANGAZİ,Good,False,REAL,REAL,E3_AUGMENTED_TRAIN_MIXED_TEST,MixedTest,SVM,Good,0.007432,0.981154,0.011414
2026-06-10,21.000000,ALTINDAĞ,Good,False,REAL,REAL,E3_AUGMENTED_TRAIN_MIXED_TEST,MixedTest,SVM,Good,0.003242,0.988679,0.008079
2026-06-17,72.000000,9 EYLÜL MAH,Good,False,REAL,REAL,E3_AUGMENTED_TRAIN_MIXED_TEST,MixedTest,SVM,Good,0.002020,0.993407,0.004573
2026-07-29,21.000000,ALTINDAĞ,Risk,True,NITRITE_FAIL_FAST,TEST,E3_AUGMENTED_TRAIN_MIXED_TEST,MixedTest,SVM,Risk,0.000000,0.000000,1.000000
2026-06-24,16.000000,GEDİZ,Good,False,REAL,REAL,E3_AUGMENTED_TRAIN_MIXED_TEST,MixedTest,SVM,Good,0.040306,0.929210,0.030485
2026-06-10,36.000000,ŞEMİKLER,Good,False,REAL,REAL,E3_AUGMENTED_TRAIN_MIXED_TEST,MixedTest,SVM,Good,0.010849,0.972407,0.016744
2026-06-24,14.000000,ESKİ İZMİR,Good,False,REAL,REAL,E3_AUGMENTED_TRAIN_MIXED_TEST,MixedTest,SVM,Good,0.001777,0.995754,0.002469
2026-07-08,15.000000,GAZİEMİR,Caution,True,AMMONIUM_NEAR_STANDARD,TEST,E3_AUGMENTED_TRAIN_MIXED_TEST,MixedTest,SVM,Caution,0.998293,0.000008,0.001699
2026-06-17,53.000000,NALDÖKEN,Caution,True,MULTI_PARAMETER_SUBSTANDARD,TEST,E3_AUGMENTED_TRAIN_MIXED_TEST,MixedTest,SVM,Caution,0.968153,0.000500,0.031346
2026-07-29,21.000000,ALTINDAĞ,Good,False,REAL,REAL,E3_AUGMENTED_TRAIN_MIXED_TEST,MixedTest,SVM,Good,0.002111,0.990594,0.007296
2026-07-01,57.000000,MERSİNLİ,Good,False,REAL,REAL,E3_AUGMENTED_TRAIN_MIXED_TEST,MixedTest,SVM,Good,0.000018,0.997887,0.002094
2026-06-24,24.000000,PINARBAŞI,Good,False,REAL,REAL,E3_AUGMENTED_TRAIN_MIXED_TEST,MixedTest,SVM,Good,0.044100,0.930227,0.025673
2026-06-10,35.000000,BOSTANLI,Risk,True,COLIFORM_FAIL_FAST,TEST,E3_AUGMENTED_TRAIN_MIXED_TEST,MixedTest,SVM,Good,0.021457,0.770474,0.208069
2026-07-08,6.000000,BALÇOVA,Caution,True,NITRITE_SUBSTANDARD,TEST,E3_AUGMENTED_TRAIN_MIXED_TEST,MixedTest,SVM,Caution,0.923676,0.073766,0.002558
2026-06-24,38.000000,EVKA-2,Risk,True,C_PERFRINGENS_FAIL_FAST,TEST,E3_AUGMENTED_TRAIN_MIXED_TEST,MixedTest,SVM,Risk,0.000001,0.000001,0.999998
2026-07-01,47.000000,EVKA-5,Risk,True,COLIFORM_FAIL_FAST,TEST,E3_AUGMENTED_TRAIN_MIXED_TEST,MixedTest,SVM,Risk,0.000000,0.000000,1.000000
2026-07-08,28.000000,OSMANGAZİ,Risk,True,NITRITE_FAIL_FAST,TEST,E3_AUGMENTED_TRAIN_MIXED_TEST,MixedTest,SVM,Risk,0.000000,0.000000,1.000000
2026-07-22,52.000000,İZYUVA,Good,False,REAL,REAL,E3_AUGMENTED_TRAIN_MIXED_TEST,MixedTest,SVM,Good,0.000093,0.994767,0.005140
2026-06-24,35.000000,BOSTANLI,Good,False,REAL,REAL,E3_AUGMENTED_TRAIN_MIXED_TEST,MixedTest,SVM,Good,0.001913,0.997609,0.000478
2026-06-24,34.000000,ÇİĞLİ,Caution,True,MULTI_PARAMETER_SUBSTANDARD,TEST,E3_AUGMENTED_TRAIN_MIXED_TEST,MixedTest,SVM,Caution,0.999825,0.000002,0.000173
2026-07-01,74.000000,UZUNDERE,Caution,True,NITRITE_SUBSTANDARD,TEST,E3_AUGMENTED_TRAIN_MIXED_TEST,MixedTest,SVM,Caution,0.975850,0.019415,0.004735
2026-06-10,7.000000,ÜÇKUYULAR,Good,False,REAL,REAL,E3_AUGMENTED_TRAIN_MIXED_TEST,MixedTest,SVM,Good,0.002333,0.995494,0.002173
2026-07-01,47.000000,EVKA-5,Good,False,REAL,REAL,E3_AUGMENTED_TRAIN_MIXED_TEST,MixedTest,SVM,Good,0.002706,0.996269,0.001026
2026-06-17,50.000000,CENGİZHAN,Good,False,REAL,REAL,E3_AUGMENTED_TRAIN_MIXED_TEST,MixedTest,SVM,Good,0.003068,0.995951,0.000981
2026-06-10,20.000000,GÜLTEPE,Good,False,REAL,REAL,E3_AUGMENTED_TRAIN_MIXED_TEST,MixedTest,SVM,Good,0.003513,0.995170,0.001317
2026-06-10,39.000000,ÖRNEKKÖY,Risk,True,ARSENIC_FAIL_FAST,TEST,E3_AUGMENTED_TRAIN_MIXED_TEST,MixedTest,SVM,Risk,0.000000,0.000000,1.000000
2026-07-29,38.000000,EVKA-2,Caution,True,NITRITE_SUBSTANDARD,TEST,E3_AUGMENTED_TRAIN_MIXED_TEST,MixedTest,SVM,Caution,0.996349,0.000017,0.003634
2026-06-10,5.000000,NARLIDERE,Good,False,REAL,REAL,E3_AUGMENTED_TRAIN_MIXED_TEST,MixedTest,SVM,Good,0.002227,0.995027,0.002745
2026-07-08,13.000000,KARABAĞLAR,Good,False,REAL,REAL,E3_AUGMENTED_TRAIN_MIXED_TEST,MixedTest,SVM,Good,0.001957,0.993183,0.004860
2026-06-17,66.000000,KOZAĞAÇ,Good,False,REAL,REAL,E3_AUGMENTED_TRAIN_MIXED_TEST,MixedTest,SVM,Good,0.002334,0.990443,0.007224
2026-07-01,41.000000,DOĞANÇAY,Good,False,REAL,REAL,E3_AUGMENTED_TRAIN_MIXED_TEST,MixedTest,SVM,Good,0.001871,0.997684,0.000444
2026-07-08,28.000000,OSMANGAZİ,Caution,True,MULTI_PARAMETER_SUBSTANDARD,TEST,E3_AUGMENTED_TRAIN_MIXED_TEST,MixedTest,SVM,Caution,0.991713,0.000104,0.008183
2026-06-10,29.000000,ÖZKANLAR,Risk,True,NITRITE_FAIL_FAST,TEST,E3_AUGMENTED_TRAIN_MIXED_TEST,MixedTest,SVM,Risk,0.000000,0.000000,0.999999
2026-06-10,34.000000,ÇİĞLİ,Good,False,REAL,REAL,E3_AUGMENTED_TRAIN_MIXED_TEST,MixedTest,SVM,Good,0.005327,0.988869,0.005804
2026-06-24,34.000000,ÇİĞLİ,Risk,True,NITRITE_FAIL_FAST,TEST,E3_AUGMENTED_TRAIN_MIXED_TEST,MixedTest,SVM,Risk,0.092607,0.000672,0.906721
2026-06-17,47.000000,EVKA-5,Caution,True,NITRITE_SUBSTANDARD,TEST,E3_AUGMENTED_TRAIN_MIXED_TEST,MixedTest,SVM,Caution,0.992908,0.000121,0.006971
2026-06-10,30.000000,MANAVKUYU,Good,False,REAL,REAL,E3_AUGMENTED_TRAIN_MIXED_TEST,MixedTest,SVM,Good,0.004988,0.988475,0.006537
2026-06-10,9.000000,HATAY,Good,False,REAL,REAL,E3_AUGMENTED_TRAIN_MIXED_TEST,MixedTest,SVM,Good,0.002204,0.992067,0.005729
2026-07-08,15.000000,GAZİEMİR,Risk,True,NITRITE_FAIL_FAST,TEST,E3_AUGMENTED_TRAIN_MIXED_TEST,MixedTest,SVM,Risk,0.030187,0.002511,0.967302
2026-06-24,39.000000,ÖRNEKKÖY,Good,False,REAL,REAL,E3_AUGMENTED_TRAIN_MIXED_TEST,MixedTest,SVM,Good,0.001789,0.997692,0.000519
2026-07-22,70.000000,ÇAMLIK MAH,Caution,True,AMMONIUM_NEAR_STANDARD,TEST,E3_AUGMENTED_TRAIN_MIXED_TEST,MixedTest,SVM,Caution,0.994678,0.000076,0.005247
2026-06-10,28.000000,OSMANGAZİ,Risk,True,C_PERFRINGENS_FAIL_FAST,TEST,E3_AUGMENTED_TRAIN_MIXED_TEST,MixedTest,SVM,Risk,0.000003,0.000001,0.999996
2026-07-01,49.000000,ALAYBEY,Good,False,REAL,REAL,E3_AUGMENTED_TRAIN_MIXED_TEST,MixedTest,SVM,Good,0.001831,0.997699,0.000470
2026-07-01,45.000000,CUMHURİYET MAH,Good,False,REAL,REAL,E3_AUGMENTED_TRAIN_MIXED_TEST,MixedTest,SVM,Good,0.001786,0.997750,0.000464
2026-07-08,33.000000,BALATÇIK,Good,False,REAL,REAL,E3_AUGMENTED_TRAIN_MIXED_TEST,MixedTest,SVM,Good,0.010695,0.972204,0.017101
2026-07-08,9.000000,HATAY,Good,False,REAL,REAL,E3_AUGMENTED_TRAIN_MIXED_TEST,MixedTest,SVM,Good,0.001963,0.992989,0.005048
2026-06-10,3.000000,KONAK,Caution,True,NITRITE_SUBSTANDARD,TEST,E3_AUGMENTED_TRAIN_MIXED_TEST,MixedTest,SVM,Caution,0.955423,0.005523,0.039054
2026-06-17,57.000000,MERSİNLİ,Caution,True,NITRITE_SUBSTANDARD,TEST,E3_AUGMENTED_TRAIN_MIXED_TEST,MixedTest,SVM,Caution,0.853221,0.137285,0.009494
2026-07-08,32.000000,EGEKENT,Risk,True,COLIFORM_FAIL_FAST,TEST,E3_AUGMENTED_TRAIN_MIXED_TEST,MixedTest,SVM,Risk,0.000000,0.000000,1.000000
2026-07-01,42.000000,YAMANLAR,Caution,True,MULTI_PARAMETER_SUBSTANDARD,TEST,E3_AUGMENTED_TRAIN_MIXED_TEST,MixedTest,SVM,Caution,0.999807,0.000017,0.000177
2026-07-22,42.000000,YAMANLAR,Good,False,REAL,REAL,E3_AUGMENTED_TRAIN_MIXED_TEST,MixedTest,SVM,Good,0.002722,0.996562,0.000717
2026-06-24,26.000000,BORNOVA,Risk,True,E_COLI_FAIL_FAST,TEST,E3_AUGMENTED_TRAIN_MIXED_TEST,MixedTest,SVM,Risk,0.000001,0.000000,0.999999
2026-06-24,22.000000,ÇAMDİBİ,Risk,True,C_PERFRINGENS_FAIL_FAST,TEST,E3_AUGMENTED_TRAIN_MIXED_TEST,MixedTest,SVM,Risk,0.007083,0.001501,0.991417
2026-07-01,73.000000,BEYAZEVLER,Good,False,REAL,REAL,E3_AUGMENTED_TRAIN_MIXED_TEST,MixedTest,SVM,Good,0.001708,0.995040,0.003251
2026-07-08,21.000000,ALTINDAĞ,Risk,True,E_COLI_FAIL_FAST,TEST,E3_AUGMENTED_TRAIN_MIXED_TEST,MixedTest,SVM,Risk,0.000000,0.000000,1.000000
2026-06-24,38.000000,EVKA-2,Caution,True,NITRITE_SUBSTANDARD,TEST,E3_AUGMENTED_TRAIN_MIXED_TEST,MixedTest,SVM,Caution,0.989113,0.001810,0.009077
2026-07-08,38.000000,EVKA-2,Good,False,REAL,REAL,E3_AUGMENTED_TRAIN_MIXED_TEST,MixedTest,SVM,Good,0.002441,0.996938,0.000621
2026-07-29,17.000000,ŞİRİNYER,Risk,True,E_COLI_FAIL_FAST,TEST,E3_AUGMENTED_TRAIN_MIXED_TEST,MixedTest,SVM,Risk,0.000002,0.000002,0.999996
2026-07-22,59.000000,ÇANKAYA,Caution,True,MULTI_PARAMETER_SUBSTANDARD,TEST,E3_AUGMENTED_TRAIN_MIXED_TEST,MixedTest,SVM,Caution,0.998069,0.000003,0.001928
2026-07-29,30.000000,MANAVKUYU,Risk,True,ARSENIC_FAIL_FAST,TEST,E3_AUGMENTED_TRAIN_MIXED_TEST,MixedTest,SVM,Risk,0.002376,0.041256,0.956367
2026-06-24,40.000000,GÜMÜŞPALA,Good,False,REAL,REAL,E3_AUGMENTED_TRAIN_MIXED_TEST,MixedTest,SVM,Good,0.002283,0.997174,0.000543
2026-07-01,69.000000,UĞUR MUMCU MAH,Risk,True,C_PERFRINGENS_FAIL_FAST,TEST,E3_AUGMENTED_TRAIN_MIXED_TEST,MixedTest,SVM,Risk,0.000000,0.000000,1.000000
2026-07-01,78.000000,İNCİRALTI,Good,False,REAL,REAL,E3_AUGMENTED_TRAIN_MIXED_TEST,MixedTest,SVM,Good,0.002041,0.995372,0.002588
2026-07-29,34.000000,ÇİĞLİ,Good,False,REAL,REAL,E3_AUGMENTED_TRAIN_MIXED_TEST,MixedTest,SVM,Good,0.002230,0.997316,0.000454
2026-07-08,6.000000,BALÇOVA,Good,False,REAL,REAL,E3_AUGMENTED_TRAIN_MIXED_TEST,MixedTest,SVM,Good,0.000017,0.997968,0.002015
2026-06-10,36.000000,ŞEMİKLER,Risk,True,C_PERFRINGENS_FAIL_FAST,TEST,E3_AUGMENTED_TRAIN_MIXED_TEST,MixedTest,SVM,Risk,0.000003,0.000001,0.999996
2026-07-22,67.000000,ÇAMLIKULE,Good,False,REAL,REAL,E3_AUGMENTED_TRAIN_MIXED_TEST,MixedTest,SVM,Good,0.004091,0.981620,0.014289
2026-06-24,13.000000,KARABAĞLAR,Good,False,REAL,REAL,E3_AUGMENTED_TRAIN_MIXED_TEST,MixedTest,SVM,Good,0.001825,0.995637,0.002538
2026-07-29,8.000000,GÜZELYALI,Good,False,REAL,REAL,E3_AUGMENTED_TRAIN_MIXED_TEST,MixedTest,SVM,Good,0.001841,0.996404,0.001755
2026-07-08,21.000000,ALTINDAĞ,Good,False,REAL,REAL,E3_AUGMENTED_TRAIN_MIXED_TEST,MixedTest,SVM,Good,0.000010,0.998566,0.001424
2026-07-29,29.000000,ÖZKANLAR,Good,False,REAL,REAL,E3_AUGMENTED_TRAIN_MIXED_TEST,MixedTest,SVM,Good,0.002314,0.997113,0.000573
2026-07-01,74.000000,UZUNDERE,Caution,True,NITRITE_SUBSTANDARD,TEST,E3_AUGMENTED_TRAIN_MIXED_TEST,MixedTest,SVM,Caution,0.993867,0.000108,0.006025
2026-06-24,2.000000,YENİŞEHİR,Good,False,REAL,REAL,E3_AUGMENTED_TRAIN_MIXED_TEST,MixedTest,SVM,Good,0.002707,0.996647,0.000646
2026-07-22,47.000000,EVKA-5,Risk,True,E_COLI_FAIL_FAST,TEST,E3_AUGMENTED_TRAIN_MIXED_TEST,MixedTest,SVM,Risk,0.000987,0.003517,0.995496
2026-07-29,4.000000,GÜZELBAHÇE,Good,False,REAL,REAL,E3_AUGMENTED_TRAIN_MIXED_TEST,MixedTest,SVM,Good,0.001895,0.996376,0.001730
2026-07-22,52.000000,İZYUVA,Risk,True,C_PERFRINGENS_FAIL_FAST,TEST,E3_AUGMENTED_TRAIN_MIXED_TEST,MixedTest,SVM,Risk,0.000000,0.000000,1.000000
2026-07-01,50.000000,CENGİZHAN,Good,False,REAL,REAL,E3_AUGMENTED_TRAIN_MIXED_TEST,MixedTest,SVM,Good,0.001809,0.997727,0.000464
2026-06-10,5.000000,NARLIDERE,Caution,True,AMMONIUM_NEAR_STANDARD,TEST,E3_AUGMENTED_TRAIN_MIXED_TEST,MixedTest,SVM,Caution,0.999228,0.000001,0.000770
2026-06-17,45.000000,CUMHURİYET MAH,Risk,True,C_PERFRINGENS_FAIL_FAST,TEST,E3_AUGMENTED_TRAIN_MIXED_TEST,MixedTest,SVM,Risk,0.000000,0.000000,1.000000
2026-07-29,23.000000,IŞIKKENT,Good,False,REAL,REAL,E3_AUGMENTED_TRAIN_MIXED_TEST,MixedTest,SVM,Good,0.002256,0.989841,0.007903
2026-06-24,4.000000,GÜZELBAHÇE,Caution,True,MULTI_PARAMETER_SUBSTANDARD,TEST,E3_AUGMENTED_TRAIN_MIXED_TEST,MixedTest,SVM,Caution,0.998935,0.000012,0.001053
2026-07-29,26.000000,BORNOVA,Good,False,REAL,REAL,E3_AUGMENTED_TRAIN_MIXED_TEST,MixedTest,SVM,Good,0.001901,0.991484,0.006615
2026-07-01,47.000000,EVKA-5,Caution,True,MULTI_PARAMETER_SUBSTANDARD,TEST,E3_AUGMENTED_TRAIN_MIXED_TEST,MixedTest,SVM,Caution,0.993297,0.000059,0.006644
2026-07-22,75.000000,CENNETÇEŞME,Good,False,REAL,REAL,E3_AUGMENTED_TRAIN_MIXED_TEST,MixedTest,SVM,Good,0.001808,0.994192,0.004000
2026-07-01,57.000000,MERSİNLİ,Risk,True,NITRITE_FAIL_FAST,TEST,E3_AUGMENTED_TRAIN_MIXED_TEST,MixedTest,SVM,Risk,0.000000,0.000000,0.999999
2026-07-08,27.000000,ATATÜRK MAH,Risk,True,C_PERFRINGENS_FAIL_FAST,TEST,E3_AUGMENTED_TRAIN_MIXED_TEST,MixedTest,SVM,Risk,0.014810,0.003221,0.981969
2026-06-17,41.000000,DOĞANÇAY,Good,False,REAL,REAL,E3_AUGMENTED_TRAIN_MIXED_TEST,MixedTest,SVM,Good,0.003289,0.995698,0.001012
2026-07-01,71.000000,AKTEPE,Good,False,REAL,REAL,E3_AUGMENTED_TRAIN_MIXED_TEST,MixedTest,SVM,Good,0.002522,0.992417,0.005061
2026-07-08,8.000000,GÜZELYALI,Caution,True,AMMONIUM_NEAR_STANDARD,TEST,E3_AUGMENTED_TRAIN_MIXED_TEST,MixedTest,SVM,Caution,0.999334,0.000001,0.000665
2026-07-29,7.000000,ÜÇKUYULAR,Good,False,REAL,REAL,E3_AUGMENTED_TRAIN_MIXED_TEST,MixedTest,SVM,Good,0.001927,0.996146,0.001927
2026-06-10,40.000000,GÜMÜŞPALA,Caution,True,MULTI_PARAMETER_SUBSTANDARD,TEST,E3_AUGMENTED_TRAIN_MIXED_TEST,MixedTest,SVM,Caution,0.902912,0.000911,0.096177
2026-06-10,2.000000,YENİŞEHİR,Caution,True,MULTI_PARAMETER_SUBSTANDARD,TEST,E3_AUGMENTED_TRAIN_MIXED_TEST,MixedTest,SVM,Caution,0.991961,0.000117,0.007922
2026-06-17,65.000000,KURUÇEŞME,Good,False,REAL,REAL,E3_AUGMENTED_TRAIN_MIXED_TEST,MixedTest,SVM,Good,0.001771,0.991223,0.007006
2026-07-01,42.000000,YAMANLAR,Good,False,REAL,REAL,E3_AUGMENTED_TRAIN_MIXED_TEST,MixedTest,SVM,Good,0.001894,0.997643,0.000462
2026-07-08,18.000000,BUCA,Caution,True,MULTI_PARAMETER_SUBSTANDARD,TEST,E3_AUGMENTED_TRAIN_MIXED_TEST,MixedTest,SVM,Caution,0.745214,0.003826,0.250959
2026-07-08,5.000000,NARLIDERE,Risk,True,ARSENIC_FAIL_FAST,TEST,E3_AUGMENTED_TRAIN_MIXED_TEST,MixedTest,SVM,Risk,0.000000,0.000000,1.000000
2026-06-10,8.000000,GÜZELYALI,Good,False,REAL,REAL,E3_AUGMENTED_TRAIN_MIXED_TEST,MixedTest,SVM,Good,0.002184,0.995737,0.002079
2026-07-29,22.000000,ÇAMDİBİ,Caution,True,NITRITE_SUBSTANDARD,TEST,E3_AUGMENTED_TRAIN_MIXED_TEST,MixedTest,SVM,Caution,0.931366,0.064811,0.003823
2026-06-24,29.000000,ÖZKANLAR,Caution,True,MULTI_PARAMETER_SUBSTANDARD,TEST,E3_AUGMENTED_TRAIN_MIXED_TEST,MixedTest,SVM,Caution,0.999947,0.000001,0.000052
2026-07-08,14.000000,ESKİ İZMİR,Good,False,REAL,REAL,E3_AUGMENTED_TRAIN_MIXED_TEST,MixedTest,SVM,Good,0.001817,0.993456,0.004727
2026-07-08,4.000000,GÜZELBAHÇE,Good,False,REAL,REAL,E3_AUGMENTED_TRAIN_MIXED_TEST,MixedTest,SVM,Good,0.000017,0.997964,0.002018
2026-07-08,34.000000,ÇİĞLİ,Good,False,REAL,REAL,E3_AUGMENTED_TRAIN_MIXED_TEST,MixedTest,SVM,Good,0.012191,0.966615,0.021194
2026-07-22,41.000000,DOĞANÇAY,Good,False,REAL,REAL,E3_AUGMENTED_TRAIN_MIXED_TEST,MixedTest,SVM,Good,0.003020,0.996069,0.000911
2026-06-10,14.000000,ESKİ İZMİR,Good,False,REAL,REAL,E3_AUGMENTED_TRAIN_MIXED_TEST,MixedTest,SVM,Good,0.002230,0.991911,0.005858
2026-07-08,20.000000,GÜLTEPE,Risk,True,NITRITE_FAIL_FAST,TEST,E3_AUGMENTED_TRAIN_MIXED_TEST,MixedTest,SVM,Risk,0.000001,0.000000,0.999999
2026-06-24,34.000000,ÇİĞLİ,Good,False,REAL,REAL,E3_AUGMENTED_TRAIN_MIXED_TEST,MixedTest,SVM,Good,0.001916,0.997611,0.000473
2026-06-24,9.000000,HATAY,Good,False,REAL,REAL,E3_AUGMENTED_TRAIN_MIXED_TEST,MixedTest,SVM,Good,0.001783,0.995698,0.002519
2026-06-17,43.000000,POSTACI MAH,Good,False,REAL,REAL,E3_AUGMENTED_TRAIN_MIXED_TEST,MixedTest,SVM,Good,0.003141,0.995861,0.000997
2026-07-08,4.000000,GÜZELBAHÇE,Caution,True,AMMONIUM_NEAR_STANDARD,TEST,E3_AUGMENTED_TRAIN_MIXED_TEST,MixedTest,SVM,Caution,0.994187,0.000018,0.005795
2026-07-08,23.000000,IŞIKKENT,Good,False,REAL,REAL,E3_AUGMENTED_TRAIN_MIXED_TEST,MixedTest,SVM,Good,0.001709,0.997235,0.001056
2026-07-01,66.000000,KOZAĞAÇ,Risk,True,NITRITE_FAIL_FAST,TEST,E3_AUGMENTED_TRAIN_MIXED_TEST,MixedTest,SVM,Risk,0.000000,0.000000,1.000000
2026-06-24,18.000000,BUCA,Risk,True,COLIFORM_FAIL_FAST,TEST,E3_AUGMENTED_TRAIN_MIXED_TEST,MixedTest,SVM,Risk,0.036071,0.130152,0.833777
2026-07-22,62.000000,UFUK MAH,Good,False,REAL,REAL,E3_AUGMENTED_TRAIN_MIXED_TEST,MixedTest,SVM,Good,0.002784,0.996349,0.000867
2026-07-01,68.000000,AKINCILAR,Caution,True,AMMONIUM_NEAR_STANDARD,TEST,E3_AUGMENTED_TRAIN_MIXED_TEST,MixedTest,SVM,Caution,0.986151,0.000118,0.013731
2026-07-29,32.000000,EGEKENT,Good,False,REAL,REAL,E3_AUGMENTED_TRAIN_MIXED_TEST,MixedTest,SVM,Good,0.003959,0.992037,0.004004
2026-07-29,23.000000,IŞIKKENT,Risk,True,COLIFORM_FAIL_FAST,TEST,E3_AUGMENTED_TRAIN_MIXED_TEST,MixedTest,SVM,Risk,0.000000,0.000000,1.000000
2026-07-22,55.000000,MEVLANA,Good,False,REAL,REAL,E3_AUGMENTED_TRAIN_MIXED_TEST,MixedTest,SVM,Good,0.002444,0.992019,0.005537
2026-06-24,19.000000,GÜLÇEŞME,Good,False,REAL,REAL,E3_AUGMENTED_TRAIN_MIXED_TEST,MixedTest,SVM,Good,0.022424,0.956989,0.020588
2026-07-01,79.000000,ESENDERE,Good,False,REAL,REAL,E3_AUGMENTED_TRAIN_MIXED_TEST,MixedTest,SVM,Good,0.001828,0.991722,0.006450
2026-07-08,19.000000,GÜLÇEŞME,Good,False,REAL,REAL,E3_AUGMENTED_TRAIN_MIXED_TEST,MixedTest,SVM,Good,0.091667,0.834182,0.074152
2026-06-24,40.000000,GÜMÜŞPALA,Risk,True,COLIFORM_FAIL_FAST,TEST,E3_AUGMENTED_TRAIN_MIXED_TEST,MixedTest,SVM,Risk,0.000000,0.000000,1.000000
2026-07-01,80.000000,KADİFEKALE,Good,False,REAL,REAL,E3_AUGMENTED_TRAIN_MIXED_TEST,MixedTest,SVM,Good,0.006574,0.981526,0.011900
2026-06-10,4.000000,GÜZELBAHÇE,Good,False,REAL,REAL,E3_AUGMENTED_TRAIN_MIXED_TEST,MixedTest,SVM,Good,0.002314,0.995126,0.002560
2026-06-24,22.000000,ÇAMDİBİ,Good,False,REAL,REAL,E3_AUGMENTED_TRAIN_MIXED_TEST,MixedTest,SVM,Good,0.163424,0.743539,0.093037
2026-06-17,80.000000,KADİFEKALE,Risk,True,C_PERFRINGENS_FAIL_FAST,TEST,E3_AUGMENTED_TRAIN_MIXED_TEST,MixedTest,SVM,Risk,0.000000,0.000000,1.000000
2026-06-17,75.000000,CENNETÇEŞME,Good,False,REAL,REAL,E3_AUGMENTED_TRAIN_MIXED_TEST,MixedTest,SVM,Good,0.001981,0.993796,0.004223
2026-07-08,30.000000,MANAVKUYU,Caution,True,NITRITE_SUBSTANDARD,TEST,E3_AUGMENTED_TRAIN_MIXED_TEST,MixedTest,SVM,Caution,0.974274,0.009941,0.015786
2026-07-01,54.000000,YEŞİLÇAM,Good,False,REAL,REAL,E3_AUGMENTED_TRAIN_MIXED_TEST,MixedTest,SVM,Good,0.000094,0.994387,0.005519
2026-06-17,79.000000,ESENDERE,Caution,True,AMMONIUM_NEAR_STANDARD,TEST,E3_AUGMENTED_TRAIN_MIXED_TEST,MixedTest,SVM,Caution,0.998658,0.000004,0.001338
2026-06-24,26.000000,BORNOVA,Good,False,REAL,REAL,E3_AUGMENTED_TRAIN_MIXED_TEST,MixedTest,SVM,Good,0.028716,0.946644,0.024640
2026-07-01,75.000000,CENNETÇEŞME,Good,False,REAL,REAL,E3_AUGMENTED_TRAIN_MIXED_TEST,MixedTest,SVM,Good,0.002361,0.989140,0.008499
2026-06-24,23.000000,IŞIKKENT,Risk,True,COLIFORM_FAIL_FAST,TEST,E3_AUGMENTED_TRAIN_MIXED_TEST,MixedTest,SVM,Good,0.161197,0.639383,0.199420
2026-06-17,74.000000,UZUNDERE,Caution,True,MULTI_PARAMETER_SUBSTANDARD,TEST,E3_AUGMENTED_TRAIN_MIXED_TEST,MixedTest,SVM,Caution,0.999562,0.000004,0.000434
2026-06-10,16.000000,GEDİZ,Caution,True,MULTI_PARAMETER_SUBSTANDARD,TEST,E3_AUGMENTED_TRAIN_MIXED_TEST,MixedTest,SVM,Caution,0.489833,0.001608,0.508559
2026-06-24,27.000000,ATATÜRK MAH,Good,False,REAL,REAL,E3_AUGMENTED_TRAIN_MIXED_TEST,MixedTest,SVM,Good,0.001917,0.997617,0.000466
2026-07-29,2.000000,YENİŞEHİR,Risk,True,C_PERFRINGENS_FAIL_FAST,TEST,E3_AUGMENTED_TRAIN_MIXED_TEST,MixedTest,SVM,Risk,0.000000,0.000000,1.000000
2026-06-17,74.000000,UZUNDERE,Good,False,REAL,REAL,E3_AUGMENTED_TRAIN_MIXED_TEST,MixedTest,SVM,Good,0.000038,0.996625,0.003337
2026-06-10,27.000000,ATATÜRK MAH,Good,False,REAL,REAL,E3_AUGMENTED_TRAIN_MIXED_TEST,MixedTest,SVM,Good,0.005740,0.987480,0.006780
2026-06-17,42.000000,YAMANLAR,Good,False,REAL,REAL,E3_AUGMENTED_TRAIN_MIXED_TEST,MixedTest,SVM,Good,0.003240,0.995779,0.000980
2026-07-01,76.000000,GÜZELBAHÇE,Good,False,REAL,REAL,E3_AUGMENTED_TRAIN_MIXED_TEST,MixedTest,SVM,Good,0.002304,0.995380,0.002315
2026-07-01,53.000000,NALDÖKEN,Good,False,REAL,REAL,E3_AUGMENTED_TRAIN_MIXED_TEST,MixedTest,SVM,Good,0.000020,0.997811,0.002170
2026-07-08,40.000000,GÜMÜŞPALA,Good,False,REAL,REAL,E3_AUGMENTED_TRAIN_MIXED_TEST,MixedTest,SVM,Good,0.002378,0.997047,0.000575
2026-07-22,73.000000,BEYAZEVLER,Good,False,REAL,REAL,E3_AUGMENTED_TRAIN_MIXED_TEST,MixedTest,SVM,Good,0.000033,0.996848,0.003119
2026-07-08,39.000000,ÖRNEKKÖY,Good,False,REAL,REAL,E3_AUGMENTED_TRAIN_MIXED_TEST,MixedTest,SVM,Good,0.002400,0.997007,0.000593
2026-06-17,73.000000,BEYAZEVLER,Good,False,REAL,REAL,E3_AUGMENTED_TRAIN_MIXED_TEST,MixedTest,SVM,Good,0.001972,0.993720,0.004309
2026-06-17,54.000000,YEŞİLÇAM,Caution,True,NITRITE_SUBSTANDARD,TEST,E3_AUGMENTED_TRAIN_MIXED_TEST,MixedTest,SVM,Caution,0.973861,0.006894,0.019245
2026-06-17,69.000000,UĞUR MUMCU MAH,Risk,True,NITRITE_FAIL_FAST,TEST,E3_AUGMENTED_TRAIN_MIXED_TEST,MixedTest,SVM,Risk,0.000004,0.000002,0.999994
2026-07-01,62.000000,UFUK MAH,Risk,True,C_PERFRINGENS_FAIL_FAST,TEST,E3_AUGMENTED_TRAIN_MIXED_TEST,MixedTest,SVM,Risk,0.000000,0.000000,1.000000
2026-06-17,70.000000,ÇAMLIK MAH,Caution,True,MULTI_PARAMETER_SUBSTANDARD,TEST,E3_AUGMENTED_TRAIN_MIXED_TEST,MixedTest,SVM,Caution,0.998778,0.000020,0.001202
2026-07-08,3.000000,KONAK,Caution,True,NITRITE_SUBSTANDARD,TEST,E3_AUGMENTED_TRAIN_MIXED_TEST,MixedTest,SVM,Caution,0.997241,0.000026,0.002733
2026-07-29,32.000000,EGEKENT,Caution,True,AMMONIUM_NEAR_STANDARD,TEST,E3_AUGMENTED_TRAIN_MIXED_TEST,MixedTest,SVM,Caution,0.987212,0.000113,0.012676
2026-07-29,20.000000,GÜLTEPE,Risk,True,NITRITE_FAIL_FAST,TEST,E3_AUGMENTED_TRAIN_MIXED_TEST,MixedTest,SVM,Risk,0.008730,0.003140,0.988130
2026-07-22,67.000000,ÇAMLIKULE,Risk,True,C_PERFRINGENS_FAIL_FAST,TEST,E3_AUGMENTED_TRAIN_MIXED_TEST,MixedTest,SVM,Risk,0.003772,0.024467,0.971761
2026-07-01,56.000000,YEŞİLOVA,Good,False,REAL,REAL,E3_AUGMENTED_TRAIN_MIXED_TEST,MixedTest,SVM,Good,0.000019,0.997858,0.002123
2026-06-10,24.000000,PINARBAŞI,Caution,True,NITRITE_SUBSTANDARD,TEST,E3_AUGMENTED_TRAIN_MIXED_TEST,MixedTest,SVM,Caution,0.996432,0.000041,0.003527
2026-07-29,27.000000,ATATÜRK MAH,Good,False,REAL,REAL,E3_AUGMENTED_TRAIN_MIXED_TEST,MixedTest,SVM,Good,0.002288,0.997240,0.000472
2026-06-10,23.000000,IŞIKKENT,Risk,True,NITRITE_FAIL_FAST,TEST,E3_AUGMENTED_TRAIN_MIXED_TEST,MixedTest,SVM,Risk,0.000787,0.001416,0.997797
2026-07-29,22.000000,ÇAMDİBİ,Good,False,REAL,REAL,E3_AUGMENTED_TRAIN_MIXED_TEST,MixedTest,SVM,Good,0.002219,0.992773,0.005009
2026-07-01,61.000000,LEVENT,Good,False,REAL,REAL,E3_AUGMENTED_TRAIN_MIXED_TEST,MixedTest,SVM,Good,0.004179,0.993121,0.002699
2026-07-08,16.000000,GEDİZ,Risk,True,NITRITE_FAIL_FAST,TEST,E3_AUGMENTED_TRAIN_MIXED_TEST,MixedTest,SVM,Risk,0.000001,0.000000,0.999999
2026-07-29,33.000000,BALATÇIK,Risk,True,NITRITE_FAIL_FAST,TEST,E3_AUGMENTED_TRAIN_MIXED_TEST,MixedTest,SVM,Risk,0.000000,0.000000,1.000000
2026-07-01,70.000000,ÇAMLIK MAH,Risk,True,C_PERFRINGENS_FAIL_FAST,TEST,E3_AUGMENTED_TRAIN_MIXED_TEST,MixedTest,SVM,Risk,0.000000,0.000000,1.000000
2026-07-08,22.000000,ÇAMDİBİ,Risk,True,E_COLI_FAIL_FAST,TEST,E3_AUGMENTED_TRAIN_MIXED_TEST,MixedTest,SVM,Risk,0.000000,0.000000,1.000000
2026-07-22,67.000000,ÇAMLIKULE,Caution,True,NITRITE_SUBSTANDARD,TEST,E3_AUGMENTED_TRAIN_MIXED_TEST,MixedTest,SVM,Caution,0.994791,0.001694,0.003515
2026-07-08,4.000000,GÜZELBAHÇE,Caution,True,MULTI_PARAMETER_SUBSTANDARD,TEST,E3_AUGMENTED_TRAIN_MIXED_TEST,MixedTest,SVM,Caution,0.999283,0.000001,0.000716
2026-07-22,43.000000,POSTACI MAH,Caution,True,AMMONIUM_NEAR_STANDARD,TEST,E3_AUGMENTED_TRAIN_MIXED_TEST,MixedTest,SVM,Caution,0.999666,0.000000,0.000334
2026-06-10,37.000000,KARŞIYAKA,Risk,True,ARSENIC_FAIL_FAST,TEST,E3_AUGMENTED_TRAIN_MIXED_TEST,MixedTest,SVM,Risk,0.000000,0.000000,1.000000
2026-06-10,25.000000,EVKA-3,Risk,True,E_COLI_FAIL_FAST,TEST,E3_AUGMENTED_TRAIN_MIXED_TEST,MixedTest,SVM,Risk,0.000000,0.000000,1.000000
2026-07-01,43.000000,POSTACI MAH,Good,False,REAL,REAL,E3_AUGMENTED_TRAIN_MIXED_TEST,MixedTest,SVM,Good,0.002191,0.997346,0.000463
2026-07-08,36.000000,ŞEMİKLER,Good,False,REAL,REAL,E3_AUGMENTED_TRAIN_MIXED_TEST,MixedTest,SVM,Good,0.002483,0.996844,0.000672
2026-06-10,19.000000,GÜLÇEŞME,Caution,True,MULTI_PARAMETER_SUBSTANDARD,TEST,E3_AUGMENTED_TRAIN_MIXED_TEST,MixedTest,SVM,Caution,0.787791,0.000999,0.211210
2026-07-08,27.000000,ATATÜRK MAH,Caution,True,AMMONIUM_NEAR_STANDARD,TEST,E3_AUGMENTED_TRAIN_MIXED_TEST,MixedTest,SVM,Caution,0.990261,0.000410,0.009330
2026-06-24,23.000000,IŞIKKENT,Risk,True,COLIFORM_FAIL_FAST,TEST,E3_AUGMENTED_TRAIN_MIXED_TEST,MixedTest,SVM,Risk,0.002217,0.000799,0.996983
2026-06-10,22.000000,ÇAMDİBİ,Risk,True,COLIFORM_FAIL_FAST,TEST,E3_AUGMENTED_TRAIN_MIXED_TEST,MixedTest,SVM,Risk,0.000000,0.000000,0.999999
2026-07-29,30.000000,MANAVKUYU,Risk,True,ARSENIC_FAIL_FAST,TEST,E3_AUGMENTED_TRAIN_MIXED_TEST,MixedTest,SVM,Risk,0.000444,0.008938,0.990618
2026-07-29,40.000000,GÜMÜŞPALA,Good,False,REAL,REAL,E3_AUGMENTED_TRAIN_MIXED_TEST,MixedTest,SVM,Good,0.003432,0.994486,0.002082
2026-07-01,78.000000,İNCİRALTI,Caution,True,NITRITE_SUBSTANDARD,TEST,E3_AUGMENTED_TRAIN_MIXED_TEST,MixedTest,SVM,Caution,0.996627,0.001526,0.001848
2026-07-08,20.000000,GÜLTEPE,Good,False,REAL,REAL,E3_AUGMENTED_TRAIN_MIXED_TEST,MixedTest,SVM,Good,0.074211,0.867083,0.058706
2026-07-01,68.000000,AKINCILAR,Good,False,REAL,REAL,E3_AUGMENTED_TRAIN_MIXED_TEST,MixedTest,SVM,Good,0.004587,0.985651,0.009762
2026-07-22,60.000000,TOROS,Good,False,REAL,REAL,E3_AUGMENTED_TRAIN_MIXED_TEST,MixedTest,SVM,Good,0.002716,0.996373,0.000911
2026-06-24,27.000000,ATATÜRK MAH,Caution,True,AMMONIUM_NEAR_STANDARD,TEST,E3_AUGMENTED_TRAIN_MIXED_TEST,MixedTest,SVM,Caution,0.999950,0.000000,0.000050
2026-07-29,39.000000,ÖRNEKKÖY,Good,False,REAL,REAL,E3_AUGMENTED_TRAIN_MIXED_TEST,MixedTest,SVM,Good,0.002531,0.996776,0.000693
2026-07-01,46.000000,GÜZELTEPE,Good,False,REAL,REAL,E3_AUGMENTED_TRAIN_MIXED_TEST,MixedTest,SVM,Good,0.001798,0.997747,0.000455
2026-07-01,51.000000,ÇAY MAH,Good,False,REAL,REAL,E3_AUGMENTED_TRAIN_MIXED_TEST,MixedTest,SVM,Good,0.001805,0.997721,0.000474
2026-07-01,57.000000,MERSİNLİ,Risk,True,NITRITE_FAIL_FAST,TEST,E3_AUGMENTED_TRAIN_MIXED_TEST,MixedTest,SVM,Risk,0.000000,0.000000,1.000000
2026-07-29,28.000000,OSMANGAZİ,Good,False,REAL,REAL,E3_AUGMENTED_TRAIN_MIXED_TEST,MixedTest,SVM,Good,0.002246,0.997268,0.000486
2026-06-10,39.000000,ÖRNEKKÖY,Risk,True,E_COLI_FAIL_FAST,TEST,E3_AUGMENTED_TRAIN_MIXED_TEST,MixedTest,SVM,Risk,0.000000,0.000000,1.000000
2026-06-17,57.000000,MERSİNLİ,Caution,True,NITRITE_SUBSTANDARD,TEST,E3_AUGMENTED_TRAIN_MIXED_TEST,MixedTest,SVM,Caution,0.981661,0.006106,0.012233
2026-07-01,59.000000,ÇANKAYA,Good,False,REAL,REAL,E3_AUGMENTED_TRAIN_MIXED_TEST,MixedTest,SVM,Good,0.002786,0.996437,0.000777
2026-06-10,26.000000,BORNOVA,Caution,True,AMMONIUM_NEAR_STANDARD,TEST,E3_AUGMENTED_TRAIN_MIXED_TEST,MixedTest,SVM,Caution,0.987195,0.000086,0.012719
2026-07-29,23.000000,IŞIKKENT,Risk,True,E_COLI_FAIL_FAST,TEST,E3_AUGMENTED_TRAIN_MIXED_TEST,MixedTest,SVM,Risk,0.000000,0.000000,1.000000
2026-06-24,38.000000,EVKA-2,Good,False,REAL,REAL,E3_AUGMENTED_TRAIN_MIXED_TEST,MixedTest,SVM,Good,0.001871,0.997675,0.000454
2026-07-08,7.000000,ÜÇKUYULAR,Risk,True,COLIFORM_FAIL_FAST,TEST,E3_AUGMENTED_TRAIN_MIXED_TEST,MixedTest,SVM,Risk,0.000000,0.000000,1.000000
2026-06-10,29.000000,ÖZKANLAR,Caution,True,MULTI_PARAMETER_SUBSTANDARD,TEST,E3_AUGMENTED_TRAIN_MIXED_TEST,MixedTest,SVM,Caution,0.910951,0.000358,0.088691
2026-07-01,65.000000,KURUÇEŞME,Good,False,REAL,REAL,E3_AUGMENTED_TRAIN_MIXED_TEST,MixedTest,SVM,Good,0.002175,0.991520,0.006305
2026-07-01,79.000000,ESENDERE,Caution,True,AMMONIUM_NEAR_STANDARD,TEST,E3_AUGMENTED_TRAIN_MIXED_TEST,MixedTest,SVM,Caution,0.998819,0.000061,0.001120
2026-06-17,49.000000,ALAYBEY,Good,False,REAL,REAL,E3_AUGMENTED_TRAIN_MIXED_TEST,MixedTest,SVM,Good,0.003229,0.995717,0.001054
2026-06-24,18.000000,BUCA,Risk,True,E_COLI_FAIL_FAST,TEST,E3_AUGMENTED_TRAIN_MIXED_TEST,MixedTest,SVM,Risk,0.003605,0.013741,0.982655
2026-06-17,71.000000,AKTEPE,Good,False,REAL,REAL,E3_AUGMENTED_TRAIN_MIXED_TEST,MixedTest,SVM,Good,0.001879,0.994015,0.004107
2026-06-17,64.000000,ADATEPE,Caution,True,AMMONIUM_NEAR_STANDARD,TEST,E3_AUGMENTED_TRAIN_MIXED_TEST,MixedTest,SVM,Caution,0.998301,0.000011,0.001688
2026-06-24,15.000000,GAZİEMİR,Good,False,REAL,REAL,E3_AUGMENTED_TRAIN_MIXED_TEST,MixedTest,SVM,Good,0.001794,0.995619,0.002587
2026-06-10,8.000000,GÜZELYALI,Caution,True,AMMONIUM_NEAR_STANDARD,TEST,E3_AUGMENTED_TRAIN_MIXED_TEST,MixedTest,SVM,Caution,0.998874,0.000001,0.001125
2026-07-22,43.000000,POSTACI MAH,Good,False,REAL,REAL,E3_AUGMENTED_TRAIN_MIXED_TEST,MixedTest,SVM,Good,0.002388,0.996972,0.000641
2026-07-08,15.000000,GAZİEMİR,Good,False,REAL,REAL,E3_AUGMENTED_TRAIN_MIXED_TEST,MixedTest,SVM,Good,0.002005,0.992625,0.005370
2026-06-10,16.000000,GEDİZ,Good,False,REAL,REAL,E3_AUGMENTED_TRAIN_MIXED_TEST,MixedTest,SVM,Good,0.076309,0.863810,0.059880
2026-06-10,40.000000,GÜMÜŞPALA,Good,False,REAL,REAL,E3_AUGMENTED_TRAIN_MIXED_TEST,MixedTest,SVM,Good,0.009453,0.976361,0.014187
2026-06-10,33.000000,BALATÇIK,Good,False,REAL,REAL,E3_AUGMENTED_TRAIN_MIXED_TEST,MixedTest,SVM,Good,0.033112,0.856045,0.110843
2026-07-08,26.000000,BORNOVA,Good,False,REAL,REAL,E3_AUGMENTED_TRAIN_MIXED_TEST,MixedTest,SVM,Good,0.000011,0.998529,0.001460
2026-07-01,74.000000,UZUNDERE,Good,False,REAL,REAL,E3_AUGMENTED_TRAIN_MIXED_TEST,MixedTest,SVM,Good,0.001817,0.991852,0.006331
2026-06-17,43.000000,POSTACI MAH,Risk,True,E_COLI_FAIL_FAST,TEST,E3_AUGMENTED_TRAIN_MIXED_TEST,MixedTest,SVM,Risk,0.000001,0.000000,0.999999
2026-06-10,2.000000,YENİŞEHİR,Caution,True,MULTI_PARAMETER_SUBSTANDARD,TEST,E3_AUGMENTED_TRAIN_MIXED_TEST,MixedTest,SVM,Caution,0.978613,0.000217,0.021171
2026-07-29,25.000000,EVKA-3,Good,False,REAL,REAL,E3_AUGMENTED_TRAIN_MIXED_TEST,MixedTest,SVM,Good,0.000092,0.994339,0.005570
2026-06-24,25.000000,EVKA-3,Good,False,REAL,REAL,E3_AUGMENTED_TRAIN_MIXED_TEST,MixedTest,SVM,Good,0.127569,0.792142,0.080290
2026-06-17,56.000000,YEŞİLOVA,Good,False,REAL,REAL,E3_AUGMENTED_TRAIN_MIXED_TEST,MixedTest,SVM,Good,0.006480,0.983114,0.010405
2026-07-22,43.000000,POSTACI MAH,Caution,True,NITRITE_SUBSTANDARD,TEST,E3_AUGMENTED_TRAIN_MIXED_TEST,MixedTest,SVM,Caution,0.984465,0.013258,0.002277
2026-06-17,55.000000,MEVLANA,Risk,True,NITRITE_FAIL_FAST,TEST,E3_AUGMENTED_TRAIN_MIXED_TEST,MixedTest,SVM,Risk,0.000000,0.000000,1.000000
2026-07-29,20.000000,GÜLTEPE,Risk,True,COLIFORM_FAIL_FAST,TEST,E3_AUGMENTED_TRAIN_MIXED_TEST,MixedTest,SVM,Good,0.008247,0.968165,0.023588
2026-07-08,35.000000,BOSTANLI,Good,False,REAL,REAL,E3_AUGMENTED_TRAIN_MIXED_TEST,MixedTest,SVM,Good,0.002451,0.996929,0.000620
2026-06-17,46.000000,GÜZELTEPE,Good,False,REAL,REAL,E3_AUGMENTED_TRAIN_MIXED_TEST,MixedTest,SVM,Good,0.003193,0.995763,0.001043
2026-06-17,76.000000,GÜZELBAHÇE,Risk,True,C_PERFRINGENS_FAIL_FAST,TEST,E3_AUGMENTED_TRAIN_MIXED_TEST,MixedTest,SVM,Risk,0.000000,0.000000,1.000000
2026-07-29,2.000000,YENİŞEHİR,Good,False,REAL,REAL,E3_AUGMENTED_TRAIN_MIXED_TEST,MixedTest,SVM,Good,0.002357,0.997119,0.000524
2026-06-10,17.000000,ŞİRİNYER,Caution,True,NITRITE_SUBSTANDARD,TEST,E3_AUGMENTED_TRAIN_MIXED_TEST,MixedTest,SVM,Caution,0.987013,0.003369,0.009618
2026-06-17,54.000000,YEŞİLÇAM,Caution,True,MULTI_PARAMETER_SUBSTANDARD,TEST,E3_AUGMENTED_TRAIN_MIXED_TEST,MixedTest,SVM,Caution,0.975259,0.000461,0.024280
2026-06-24,4.000000,GÜZELBAHÇE,Risk,True,COLIFORM_FAIL_FAST,TEST,E3_AUGMENTED_TRAIN_MIXED_TEST,MixedTest,SVM,Risk,0.000000,0.000000,1.000000
2026-06-10,6.000000,BALÇOVA,Good,False,REAL,REAL,E3_AUGMENTED_TRAIN_MIXED_TEST,MixedTest,SVM,Good,0.002067,0.995933,0.002001
2026-06-10,9.000000,HATAY,Caution,True,AMMONIUM_NEAR_STANDARD,TEST,E3_AUGMENTED_TRAIN_MIXED_TEST,MixedTest,SVM,Caution,0.998108,0.000003,0.001890
2026-07-08,24.000000,PINARBAŞI,Risk,True,COLIFORM_FAIL_FAST,TEST,E3_AUGMENTED_TRAIN_MIXED_TEST,MixedTest,SVM,Risk,0.000000,0.000000,1.000000
2026-06-24,30.000000,MANAVKUYU,Good,False,REAL,REAL,E3_AUGMENTED_TRAIN_MIXED_TEST,MixedTest,SVM,Good,0.002033,0.997450,0.000517
2026-07-29,30.000000,MANAVKUYU,Good,False,REAL,REAL,E3_AUGMENTED_TRAIN_MIXED_TEST,MixedTest,SVM,Good,0.002145,0.997408,0.000447
2026-06-10,22.000000,ÇAMDİBİ,Risk,True,E_COLI_FAIL_FAST,TEST,E3_AUGMENTED_TRAIN_MIXED_TEST,MixedTest,SVM,Risk,0.000000,0.000000,1.000000
2026-07-29,15.000000,GAZİEMİR,Good,False,REAL,REAL,E3_AUGMENTED_TRAIN_MIXED_TEST,MixedTest,SVM,Good,0.000043,0.996295,0.003662
2026-07-08,27.000000,ATATÜRK MAH,Good,False,REAL,REAL,E3_AUGMENTED_TRAIN_MIXED_TEST,MixedTest,SVM,Good,0.126535,0.835114,0.038351
2026-06-24,28.000000,OSMANGAZİ,Good,False,REAL,REAL,E3_AUGMENTED_TRAIN_MIXED_TEST,MixedTest,SVM,Good,0.001926,0.997603,0.000472
2026-07-08,30.000000,MANAVKUYU,Caution,True,AMMONIUM_NEAR_STANDARD,TEST,E3_AUGMENTED_TRAIN_MIXED_TEST,MixedTest,SVM,Caution,0.964656,0.005249,0.030095
2026-07-29,17.000000,ŞİRİNYER,Good,False,REAL,REAL,E3_AUGMENTED_TRAIN_MIXED_TEST,MixedTest,SVM,Good,0.002268,0.989950,0.007782
2026-06-17,67.000000,ÇAMLIKULE,Good,False,REAL,REAL,E3_AUGMENTED_TRAIN_MIXED_TEST,MixedTest,SVM,Good,0.001925,0.991389,0.006686
2026-06-17,52.000000,İZYUVA,Good,False,REAL,REAL,E3_AUGMENTED_TRAIN_MIXED_TEST,MixedTest,SVM,Good,0.010438,0.976497,0.013065
2026-06-10,37.000000,KARŞIYAKA,Good,False,REAL,REAL,E3_AUGMENTED_TRAIN_MIXED_TEST,MixedTest,SVM,Good,0.009956,0.974839,0.015205
2026-06-17,41.000000,DOĞANÇAY,Caution,True,MULTI_PARAMETER_SUBSTANDARD,TEST,E3_AUGMENTED_TRAIN_MIXED_TEST,MixedTest,SVM,Caution,0.998833,0.000007,0.001160
2026-07-29,25.000000,EVKA-3,Caution,True,MULTI_PARAMETER_SUBSTANDARD,TEST,E3_AUGMENTED_TRAIN_MIXED_TEST,MixedTest,SVM,Caution,0.997654,0.000007,0.002339
2026-07-22,70.000000,ÇAMLIK MAH,Good,False,REAL,REAL,E3_AUGMENTED_TRAIN_MIXED_TEST,MixedTest,SVM,Good,0.003814,0.980356,0.015830
2026-06-10,5.000000,NARLIDERE,Risk,True,E_COLI_FAIL_FAST,TEST,E3_AUGMENTED_TRAIN_MIXED_TEST,MixedTest,SVM,Risk,0.000000,0.000000,1.000000
2026-06-10,32.000000,EGEKENT,Good,False,REAL,REAL,E3_AUGMENTED_TRAIN_MIXED_TEST,MixedTest,SVM,Good,0.030928,0.868110,0.100962
2026-07-29,7.000000,ÜÇKUYULAR,Risk,True,C_PERFRINGENS_FAIL_FAST,TEST,E3_AUGMENTED_TRAIN_MIXED_TEST,MixedTest,SVM,Risk,0.000000,0.000000,1.000000
2026-07-29,35.000000,BOSTANLI,Good,False,REAL,REAL,E3_AUGMENTED_TRAIN_MIXED_TEST,MixedTest,SVM,Good,0.002208,0.997315,0.000477
2026-06-17,67.000000,ÇAMLIKULE,Caution,True,MULTI_PARAMETER_SUBSTANDARD,TEST,E3_AUGMENTED_TRAIN_MIXED_TEST,MixedTest,SVM,Caution,0.995875,0.000039,0.004087
2026-07-08,20.000000,GÜLTEPE,Caution,True,MULTI_PARAMETER_SUBSTANDARD,TEST,E3_AUGMENTED_TRAIN_MIXED_TEST,MixedTest,SVM,Caution,0.552739,0.002605,0.444656
2026-07-08,18.000000,BUCA,Good,False,REAL,REAL,E3_AUGMENTED_TRAIN_MIXED_TEST,MixedTest,SVM,Good,0.100399,0.822424,0.077177
2026-06-17,76.000000,GÜZELBAHÇE,Risk,True,C_PERFRINGENS_FAIL_FAST,TEST,E3_AUGMENTED_TRAIN_MIXED_TEST,MixedTest,SVM,Risk,0.000382,0.002578,0.997040
2026-07-01,70.000000,ÇAMLIK MAH,Good,False,REAL,REAL,E3_AUGMENTED_TRAIN_MIXED_TEST,MixedTest,SVM,Good,0.002345,0.993153,0.004502
2026-06-17,68.000000,AKINCILAR,Good,False,REAL,REAL,E3_AUGMENTED_TRAIN_MIXED_TEST,MixedTest,SVM,Good,0.001933,0.991103,0.006964
2026-07-01,67.000000,ÇAMLIKULE,Good,False,REAL,REAL,E3_AUGMENTED_TRAIN_MIXED_TEST,MixedTest,SVM,Good,0.009536,0.978005,0.012459
2026-07-01,60.000000,TOROS,Good,False,REAL,REAL,E3_AUGMENTED_TRAIN_MIXED_TEST,MixedTest,SVM,Good,0.003256,0.995416,0.001329
2026-07-29,14.000000,ESKİ İZMİR,Risk,True,E_COLI_FAIL_FAST,TEST,E3_AUGMENTED_TRAIN_MIXED_TEST,MixedTest,SVM,Risk,0.000265,0.001971,0.997763
2026-06-10,11.000000,YEŞİLYURT,Good,False,REAL,REAL,E3_AUGMENTED_TRAIN_MIXED_TEST,MixedTest,SVM,Good,0.002413,0.991209,0.006378
2026-06-10,30.000000,MANAVKUYU,Caution,True,AMMONIUM_NEAR_STANDARD,TEST,E3_AUGMENTED_TRAIN_MIXED_TEST,MixedTest,SVM,Caution,0.963487,0.000577,0.035936
2026-06-10,3.000000,KONAK,Risk,True,COLIFORM_FAIL_FAST,TEST,E3_AUGMENTED_TRAIN_MIXED_TEST,MixedTest,SVM,Risk,0.000000,0.000000,1.000000
2026-06-17,70.000000,ÇAMLIK MAH,Good,False,REAL,REAL,E3_AUGMENTED_TRAIN_MIXED_TEST,MixedTest,SVM,Good,0.002018,0.993612,0.004370
2026-07-29,25.000000,EVKA-3,Caution,True,NITRITE_SUBSTANDARD,TEST,E3_AUGMENTED_TRAIN_MIXED_TEST,MixedTest,SVM,Caution,0.998284,0.000004,0.001712
2026-06-10,18.000000,BUCA,Good,False,REAL,REAL,E3_AUGMENTED_TRAIN_MIXED_TEST,MixedTest,SVM,Good,0.076066,0.865546,0.058388
2026-07-08,11.000000,YEŞİLYURT,Good,False,REAL,REAL,E3_AUGMENTED_TRAIN_MIXED_TEST,MixedTest,SVM,Good,0.001842,0.993545,0.004612
2026-06-17,45.000000,CUMHURİYET MAH,Good,False,REAL,REAL,E3_AUGMENTED_TRAIN_MIXED_TEST,MixedTest,SVM,Good,0.003241,0.995692,0.001067
2026-06-24,16.000000,GEDİZ,Risk,True,E_COLI_FAIL_FAST,TEST,E3_AUGMENTED_TRAIN_MIXED_TEST,MixedTest,SVM,Risk,0.000000,0.000000,1.000000
2026-06-17,43.000000,POSTACI MAH,Risk,True,NITRITE_FAIL_FAST,TEST,E3_AUGMENTED_TRAIN_MIXED_TEST,MixedTest,SVM,Risk,0.000000,0.000000,1.000000
2026-07-29,19.000000,GÜLÇEŞME,Good,False,REAL,REAL,E3_AUGMENTED_TRAIN_MIXED_TEST,MixedTest,SVM,Good,0.002315,0.989789,0.007896
2026-07-22,55.000000,MEVLANA,Caution,True,AMMONIUM_NEAR_STANDARD,TEST,E3_AUGMENTED_TRAIN_MIXED_TEST,MixedTest,SVM,Caution,0.993673,0.000093,0.006234
2026-06-17,70.000000,ÇAMLIK MAH,Risk,True,E_COLI_FAIL_FAST,TEST,E3_AUGMENTED_TRAIN_MIXED_TEST,MixedTest,SVM,Risk,0.000000,0.000000,1.000000
2026-07-08,3.000000,KONAK,Risk,True,E_COLI_FAIL_FAST,TEST,E3_AUGMENTED_TRAIN_MIXED_TEST,MixedTest,SVM,Risk,0.000000,0.000000,1.000000
2026-07-29,30.000000,MANAVKUYU,Caution,True,AMMONIUM_NEAR_STANDARD,TEST,E3_AUGMENTED_TRAIN_MIXED_TEST,MixedTest,SVM,Caution,0.999903,0.000000,0.000097
2026-06-17,73.000000,BEYAZEVLER,Caution,True,NITRITE_SUBSTANDARD,TEST,E3_AUGMENTED_TRAIN_MIXED_TEST,MixedTest,SVM,Caution,0.994458,0.000086,0.005456
2026-07-29,3.000000,KONAK,Good,False,REAL,REAL,E3_AUGMENTED_TRAIN_MIXED_TEST,MixedTest,SVM,Good,0.002401,0.997034,0.000564
2026-07-29,14.000000,ESKİ İZMİR,Good,False,REAL,REAL,E3_AUGMENTED_TRAIN_MIXED_TEST,MixedTest,SVM,Good,0.001801,0.993999,0.004200
2026-07-08,27.000000,ATATÜRK MAH,Caution,True,MULTI_PARAMETER_SUBSTANDARD,TEST,E3_AUGMENTED_TRAIN_MIXED_TEST,MixedTest,SVM,Caution,0.704277,0.001216,0.294507
2026-06-17,72.000000,9 EYLÜL MAH,Risk,True,ARSENIC_FAIL_FAST,TEST,E3_AUGMENTED_TRAIN_MIXED_TEST,MixedTest,SVM,Risk,0.000000,0.000000,1.000000
2026-06-24,34.000000,ÇİĞLİ,Caution,True,MULTI_PARAMETER_SUBSTANDARD,TEST,E3_AUGMENTED_TRAIN_MIXED_TEST,MixedTest,SVM,Caution,0.999597,0.000011,0.000392
2026-06-17,75.000000,CENNETÇEŞME,Risk,True,C_PERFRINGENS_FAIL_FAST,TEST,E3_AUGMENTED_TRAIN_MIXED_TEST,MixedTest,SVM,Risk,0.000184,0.001711,0.998105
2026-07-01,80.000000,KADİFEKALE,Risk,True,ARSENIC_FAIL_FAST,TEST,E3_AUGMENTED_TRAIN_MIXED_TEST,MixedTest,SVM,Risk,0.059250,0.004736,0.936014
2026-06-10,22.000000,ÇAMDİBİ,Caution,True,NITRITE_SUBSTANDARD,TEST,E3_AUGMENTED_TRAIN_MIXED_TEST,MixedTest,SVM,Caution,0.991698,0.000595,0.007707
2026-07-29,22.000000,ÇAMDİBİ,Caution,True,MULTI_PARAMETER_SUBSTANDARD,TEST,E3_AUGMENTED_TRAIN_MIXED_TEST,MixedTest,SVM,Caution,0.978862,0.000319,0.020819
2026-06-10,15.000000,GAZİEMİR,Caution,True,MULTI_PARAMETER_SUBSTANDARD,TEST,E3_AUGMENTED_TRAIN_MIXED_TEST,MixedTest,SVM,Caution,0.998891,0.000014,0.001095
2026-07-22,72.000000,9 EYLÜL MAH,Good,False,REAL,REAL,E3_AUGMENTED_TRAIN_MIXED_TEST,MixedTest,SVM,Good,0.001957,0.993734,0.004309
2026-07-08,17.000000,ŞİRİNYER,Good,False,REAL,REAL,E3_AUGMENTED_TRAIN_MIXED_TEST,MixedTest,SVM,Good,0.052495,0.901192,0.046313
2026-06-17,48.000000,EGEKENT-2,Good,False,REAL,REAL,E3_AUGMENTED_TRAIN_MIXED_TEST,MixedTest,SVM,Good,0.005678,0.986665,0.007657
2026-07-29,20.000000,GÜLTEPE,Good,False,REAL,REAL,E3_AUGMENTED_TRAIN_MIXED_TEST,MixedTest,SVM,Good,0.004221,0.990759,0.005020
2026-07-22,48.000000,EGEKENT-2,Good,False,REAL,REAL,E3_AUGMENTED_TRAIN_MIXED_TEST,MixedTest,SVM,Good,0.005190,0.989368,0.005442
2026-06-17,61.000000,LEVENT,Caution,True,NITRITE_SUBSTANDARD,TEST,E3_AUGMENTED_TRAIN_MIXED_TEST,MixedTest,SVM,Caution,0.981535,0.015729,0.002737
2026-07-01,45.000000,CUMHURİYET MAH,Caution,True,MULTI_PARAMETER_SUBSTANDARD,TEST,E3_AUGMENTED_TRAIN_MIXED_TEST,MixedTest,SVM,Caution,0.999053,0.000006,0.000941
2026-06-24,36.000000,ŞEMİKLER,Good,False,REAL,REAL,E3_AUGMENTED_TRAIN_MIXED_TEST,MixedTest,SVM,Good,0.001796,0.997693,0.000511
2026-06-17,59.000000,ÇANKAYA,Good,False,REAL,REAL,E3_AUGMENTED_TRAIN_MIXED_TEST,MixedTest,SVM,Good,0.002743,0.995329,0.001928
2026-06-10,33.000000,BALATÇIK,Risk,True,C_PERFRINGENS_FAIL_FAST,TEST,E3_AUGMENTED_TRAIN_MIXED_TEST,MixedTest,SVM,Risk,0.000000,0.000000,0.999999
2026-06-10,3.000000,KONAK,Good,False,REAL,REAL,E3_AUGMENTED_TRAIN_MIXED_TEST,MixedTest,SVM,Good,0.003739,0.994546,0.001715
2026-06-10,28.000000,OSMANGAZİ,Risk,True,COLIFORM_FAIL_FAST,TEST,E3_AUGMENTED_TRAIN_MIXED_TEST,MixedTest,SVM,Risk,0.000000,0.000000,1.000000
2026-07-08,38.000000,EVKA-2,Risk,True,E_COLI_FAIL_FAST,TEST,E3_AUGMENTED_TRAIN_MIXED_TEST,MixedTest,SVM,Risk,0.000001,0.000000,0.999999
2026-06-17,54.000000,YEŞİLÇAM,Good,False,REAL,REAL,E3_AUGMENTED_TRAIN_MIXED_TEST,MixedTest,SVM,Good,0.006865,0.983635,0.009501
2026-06-24,8.000000,GÜZELYALI,Good,False,REAL,REAL,E3_AUGMENTED_TRAIN_MIXED_TEST,MixedTest,SVM,Good,0.002522,0.995584,0.001894
2026-07-22,80.000000,KADİFEKALE,Good,False,REAL,REAL,E3_AUGMENTED_TRAIN_MIXED_TEST,MixedTest,SVM,Good,0.004821,0.975748,0.019430
2026-06-10,39.000000,ÖRNEKKÖY,Good,False,REAL,REAL,E3_AUGMENTED_TRAIN_MIXED_TEST,MixedTest,SVM,Good,0.009882,0.974862,0.015256
2026-06-17,42.000000,YAMANLAR,Caution,True,NITRITE_SUBSTANDARD,TEST,E3_AUGMENTED_TRAIN_MIXED_TEST,MixedTest,SVM,Caution,0.998582,0.000007,0.001411
2026-07-08,30.000000,MANAVKUYU,Risk,True,ARSENIC_FAIL_FAST,TEST,E3_AUGMENTED_TRAIN_MIXED_TEST,MixedTest,SVM,Risk,0.014956,0.036825,0.948219
2026-06-24,21.000000,ALTINDAĞ,Good,False,REAL,REAL,E3_AUGMENTED_TRAIN_MIXED_TEST,MixedTest,SVM,Good,0.129683,0.789607,0.080710
2026-07-08,40.000000,GÜMÜŞPALA,Caution,True,MULTI_PARAMETER_SUBSTANDARD,TEST,E3_AUGMENTED_TRAIN_MIXED_TEST,MixedTest,SVM,Caution,0.999731,0.000000,0.000269
2026-06-24,30.000000,MANAVKUYU,Risk,True,C_PERFRINGENS_FAIL_FAST,TEST,E3_AUGMENTED_TRAIN_MIXED_TEST,MixedTest,SVM,Risk,0.000000,0.000000,1.000000
2026-06-17,57.000000,MERSİNLİ,Good,False,REAL,REAL,E3_AUGMENTED_TRAIN_MIXED_TEST,MixedTest,SVM,Good,0.008985,0.978061,0.012954
2026-06-10,20.000000,GÜLTEPE,Caution,True,AMMONIUM_NEAR_STANDARD,TEST,E3_AUGMENTED_TRAIN_MIXED_TEST,MixedTest,SVM,Caution,0.998538,0.000002,0.001460
2026-06-24,33.000000,BALATÇIK,Caution,True,NITRITE_SUBSTANDARD,TEST,E3_AUGMENTED_TRAIN_MIXED_TEST,MixedTest,SVM,Caution,0.991394,0.000186,0.008420
2026-07-29,34.000000,ÇİĞLİ,Caution,True,AMMONIUM_NEAR_STANDARD,TEST,E3_AUGMENTED_TRAIN_MIXED_TEST,MixedTest,SVM,Caution,0.999837,0.000000,0.000163
2026-06-10,17.000000,ŞİRİNYER,Good,False,REAL,REAL,E3_AUGMENTED_TRAIN_MIXED_TEST,MixedTest,SVM,Good,0.017830,0.962126,0.020044
2026-06-17,69.000000,UĞUR MUMCU MAH,Caution,True,NITRITE_SUBSTANDARD,TEST,E3_AUGMENTED_TRAIN_MIXED_TEST,MixedTest,SVM,Caution,0.985022,0.002187,0.012792
2026-06-24,18.000000,BUCA,Good,False,REAL,REAL,E3_AUGMENTED_TRAIN_MIXED_TEST,MixedTest,SVM,Good,0.013602,0.971236,0.015162
2026-07-01,71.000000,AKTEPE,Risk,True,E_COLI_FAIL_FAST,TEST,E3_AUGMENTED_TRAIN_MIXED_TEST,MixedTest,SVM,Risk,0.000000,0.000000,1.000000
2026-06-17,69.000000,UĞUR MUMCU MAH,Caution,True,NITRITE_SUBSTANDARD,TEST,E3_AUGMENTED_TRAIN_MIXED_TEST,MixedTest,SVM,Caution,0.999402,0.000002,0.000596
2026-07-08,22.000000,ÇAMDİBİ,Good,False,REAL,REAL,E3_AUGMENTED_TRAIN_MIXED_TEST,MixedTest,SVM,Good,0.000008,0.998790,0.001202
2026-07-22,59.000000,ÇANKAYA,Caution,True,NITRITE_SUBSTANDARD,TEST,E3_AUGMENTED_TRAIN_MIXED_TEST,MixedTest,SVM,Caution,0.994913,0.001471,0.003616
2026-07-01,41.000000,DOĞANÇAY,Risk,True,ARSENIC_FAIL_FAST,TEST,E3_AUGMENTED_TRAIN_MIXED_TEST,MixedTest,SVM,Risk,0.000000,0.000000,1.000000
2026-07-01,66.000000,KOZAĞAÇ,Good,False,REAL,REAL,E3_AUGMENTED_TRAIN_MIXED_TEST,MixedTest,SVM,Good,0.015002,0.967023,0.017975
2026-07-01,56.000000,YEŞİLOVA,Caution,True,NITRITE_SUBSTANDARD,TEST,E3_AUGMENTED_TRAIN_MIXED_TEST,MixedTest,SVM,Caution,0.996965,0.000031,0.003004
2026-06-17,74.000000,UZUNDERE,Risk,True,NITRITE_FAIL_FAST,TEST,E3_AUGMENTED_TRAIN_MIXED_TEST,MixedTest,SVM,Risk,0.000000,0.000000,1.000000
2026-07-29,38.000000,EVKA-2,Caution,True,NITRITE_SUBSTANDARD,TEST,E3_AUGMENTED_TRAIN_MIXED_TEST,MixedTest,SVM,Caution,0.992698,0.000769,0.006533
2026-06-10,9.000000,HATAY,Caution,True,NITRITE_SUBSTANDARD,TEST,E3_AUGMENTED_TRAIN_MIXED_TEST,MixedTest,SVM,Caution,0.998446,0.000287,0.001268
2026-06-17,60.000000,TOROS,Good,False,REAL,REAL,E3_AUGMENTED_TRAIN_MIXED_TEST,MixedTest,SVM,Good,0.002437,0.996532,0.001031
2026-06-10,23.000000,IŞIKKENT,Risk,True,NITRITE_FAIL_FAST,TEST,E3_AUGMENTED_TRAIN_MIXED_TEST,MixedTest,SVM,Risk,0.000000,0.000000,1.000000
2026-06-17,55.000000,MEVLANA,Good,False,REAL,REAL,E3_AUGMENTED_TRAIN_MIXED_TEST,MixedTest,SVM,Good,0.007709,0.980574,0.011717
2026-07-08,30.000000,MANAVKUYU,Good,False,REAL,REAL,E3_AUGMENTED_TRAIN_MIXED_TEST,MixedTest,SVM,Good,0.051856,0.928427,0.019717
2026-07-22,47.000000,EVKA-5,Good,False,REAL,REAL,E3_AUGMENTED_TRAIN_MIXED_TEST,MixedTest,SVM,Good,0.004776,0.989850,0.005374
2026-06-10,28.000000,OSMANGAZİ,Risk,True,COLIFORM_FAIL_FAST,TEST,E3_AUGMENTED_TRAIN_MIXED_TEST,MixedTest,SVM,Risk,0.000000,0.000000,1.000000
2026-07-22,44.000000,YAMAÇ MAH,Good,False,REAL,REAL,E3_AUGMENTED_TRAIN_MIXED_TEST,MixedTest,SVM,Good,0.002773,0.996423,0.000804
2026-07-08,25.000000,EVKA-3,Good,False,REAL,REAL,E3_AUGMENTED_TRAIN_MIXED_TEST,MixedTest,SVM,Good,0.001727,0.997296,0.000976
2026-06-17,64.000000,ADATEPE,Good,False,REAL,REAL,E3_AUGMENTED_TRAIN_MIXED_TEST,MixedTest,SVM,Good,0.000081,0.994721,0.005198
2026-06-17,53.000000,NALDÖKEN,Good,False,REAL,REAL,E3_AUGMENTED_TRAIN_MIXED_TEST,MixedTest,SVM,Good,0.003020,0.990591,0.006388
2026-06-24,20.000000,GÜLTEPE,Caution,True,AMMONIUM_NEAR_STANDARD,TEST,E3_AUGMENTED_TRAIN_MIXED_TEST,MixedTest,SVM,Caution,0.999551,0.000000,0.000449
2026-07-29,17.000000,ŞİRİNYER,Caution,True,MULTI_PARAMETER_SUBSTANDARD,TEST,E3_AUGMENTED_TRAIN_MIXED_TEST,MixedTest,SVM,Caution,0.995360,0.000055,0.004585
2026-07-01,47.000000,EVKA-5,Caution,True,AMMONIUM_NEAR_STANDARD,TEST,E3_AUGMENTED_TRAIN_MIXED_TEST,MixedTest,SVM,Caution,0.999516,0.000001,0.000483
2026-06-10,25.000000,EVKA-3,Good,False,REAL,REAL,E3_AUGMENTED_TRAIN_MIXED_TEST,MixedTest,SVM,Good,0.007357,0.986219,0.006423
2026-06-10,15.000000,GAZİEMİR,Caution,True,NITRITE_SUBSTANDARD,TEST,E3_AUGMENTED_TRAIN_MIXED_TEST,MixedTest,SVM,Good,0.550728,0.442977,0.006295
2026-07-08,16.000000,GEDİZ,Good,False,REAL,REAL,E3_AUGMENTED_TRAIN_MIXED_TEST,MixedTest,SVM,Good,0.052073,0.904127,0.043800
2026-06-24,35.000000,BOSTANLI,Caution,True,NITRITE_SUBSTANDARD,TEST,E3_AUGMENTED_TRAIN_MIXED_TEST,MixedTest,SVM,Caution,0.985686,0.013374,0.000941
2026-07-22,51.000000,ÇAY MAH,Good,False,REAL,REAL,E3_AUGMENTED_TRAIN_MIXED_TEST,MixedTest,SVM,Good,0.002406,0.996979,0.000615
2026-07-01,50.000000,CENGİZHAN,Risk,True,E_COLI_FAIL_FAST,TEST,E3_AUGMENTED_TRAIN_MIXED_TEST,MixedTest,SVM,Risk,0.000000,0.000000,1.000000
2026-06-24,20.000000,GÜLTEPE,Caution,True,NITRITE_SUBSTANDARD,TEST,E3_AUGMENTED_TRAIN_MIXED_TEST,MixedTest,SVM,Caution,0.997377,0.000615,0.002008
2026-07-22,75.000000,CENNETÇEŞME,Risk,True,C_PERFRINGENS_FAIL_FAST,TEST,E3_AUGMENTED_TRAIN_MIXED_TEST,MixedTest,SVM,Risk,0.000001,0.000000,0.999999
2026-06-24,39.000000,ÖRNEKKÖY,Caution,True,NITRITE_SUBSTANDARD,TEST,E3_AUGMENTED_TRAIN_MIXED_TEST,MixedTest,SVM,Caution,0.852243,0.141118,0.006638
2026-06-24,37.000000,KARŞIYAKA,Caution,True,NITRITE_SUBSTANDARD,TEST,E3_AUGMENTED_TRAIN_MIXED_TEST,MixedTest,SVM,Caution,0.996899,0.001916,0.001185
2026-06-24,2.000000,YENİŞEHİR,Caution,True,MULTI_PARAMETER_SUBSTANDARD,TEST,E3_AUGMENTED_TRAIN_MIXED_TEST,MixedTest,SVM,Caution,0.999742,0.000005,0.000253
2026-07-08,3.000000,KONAK,Good,False,REAL,REAL,E3_AUGMENTED_TRAIN_MIXED_TEST,MixedTest,SVM,Good,0.002351,0.996644,0.001005
2026-07-01,62.000000,UFUK MAH,Good,False,REAL,REAL,E3_AUGMENTED_TRAIN_MIXED_TEST,MixedTest,SVM,Good,0.003587,0.994439,0.001974
2026-07-08,5.000000,NARLIDERE,Good,False,REAL,REAL,E3_AUGMENTED_TRAIN_MIXED_TEST,MixedTest,SVM,Good,0.000023,0.997615,0.002363
2026-07-29,34.000000,ÇİĞLİ,Risk,True,NITRITE_FAIL_FAST,TEST,E3_AUGMENTED_TRAIN_MIXED_TEST,MixedTest,SVM,Risk,0.000000,0.000000,1.000000
2026-06-24,29.000000,ÖZKANLAR,Good,False,REAL,REAL,E3_AUGMENTED_TRAIN_MIXED_TEST,MixedTest,SVM,Good,0.001911,0.997623,0.000466
2026-06-17,42.000000,YAMANLAR,Risk,True,NITRITE_FAIL_FAST,TEST,E3_AUGMENTED_TRAIN_MIXED_TEST,MixedTest,SVM,Risk,0.000000,0.000000,1.000000
2026-06-24,17.000000,ŞİRİNYER,Good,False,REAL,REAL,E3_AUGMENTED_TRAIN_MIXED_TEST,MixedTest,SVM,Good,0.032853,0.940116,0.027031
2026-07-08,24.000000,PINARBAŞI,Caution,True,NITRITE_SUBSTANDARD,TEST,E3_AUGMENTED_TRAIN_MIXED_TEST,MixedTest,SVM,Caution,0.994013,0.000990,0.004997
2026-07-29,16.000000,GEDİZ,Good,False,REAL,REAL,E3_AUGMENTED_TRAIN_MIXED_TEST,MixedTest,SVM,Good,0.002550,0.990345,0.007105
2026-07-01,52.000000,İZYUVA,Good,False,REAL,REAL,E3_AUGMENTED_TRAIN_MIXED_TEST,MixedTest,SVM,Good,0.000019,0.997840,0.002141
2026-07-08,24.000000,PINARBAŞI,Risk,True,E_COLI_FAIL_FAST,TEST,E3_AUGMENTED_TRAIN_MIXED_TEST,MixedTest,SVM,Risk,0.000001,0.000000,0.999999
2026-06-10,24.000000,PINARBAŞI,Good,False,REAL,REAL,E3_AUGMENTED_TRAIN_MIXED_TEST,MixedTest,SVM,Good,0.003666,0.988763,0.007571
2026-07-22,46.000000,GÜZELTEPE,Good,False,REAL,REAL,E3_AUGMENTED_TRAIN_MIXED_TEST,MixedTest,SVM,Good,0.005144,0.989531,0.005325
2026-06-17,78.000000,İNCİRALTI,Good,False,REAL,REAL,E3_AUGMENTED_TRAIN_MIXED_TEST,MixedTest,SVM,Good,0.001716,0.996405,0.001879
2026-06-24,37.000000,KARŞIYAKA,Good,False,REAL,REAL,E3_AUGMENTED_TRAIN_MIXED_TEST,MixedTest,SVM,Good,0.002251,0.997239,0.000510
2026-06-17,51.000000,ÇAY MAH,Caution,True,NITRITE_SUBSTANDARD,TEST,E3_AUGMENTED_TRAIN_MIXED_TEST,MixedTest,SVM,Caution,0.998364,0.000008,0.001629
2026-07-01,46.000000,GÜZELTEPE,Caution,True,AMMONIUM_NEAR_STANDARD,TEST,E3_AUGMENTED_TRAIN_MIXED_TEST,MixedTest,SVM,Caution,0.998211,0.000002,0.001787
2026-07-08,32.000000,EGEKENT,Risk,True,ARSENIC_FAIL_FAST,TEST,E3_AUGMENTED_TRAIN_MIXED_TEST,MixedTest,SVM,Risk,0.001860,0.025487,0.972653
2026-06-24,33.000000,BALATÇIK,Good,False,REAL,REAL,E3_AUGMENTED_TRAIN_MIXED_TEST,MixedTest,SVM,Good,0.003659,0.993906,0.002435
2026-06-10,2.000000,YENİŞEHİR,Good,False,REAL,REAL,E2_AUGMENTED_TRAIN_REAL_TEST,RealTest,Decision Tree,Good,0.000000,1.000000,0.000000
2026-06-10,3.000000,KONAK,Good,False,REAL,REAL,E2_AUGMENTED_TRAIN_REAL_TEST,RealTest,Decision Tree,Good,0.000000,1.000000,0.000000
2026-06-10,4.000000,GÜZELBAHÇE,Good,False,REAL,REAL,E2_AUGMENTED_TRAIN_REAL_TEST,RealTest,Decision Tree,Good,0.000000,1.000000,0.000000
2026-06-10,5.000000,NARLIDERE,Good,False,REAL,REAL,E2_AUGMENTED_TRAIN_REAL_TEST,RealTest,Decision Tree,Good,0.000000,1.000000,0.000000
2026-06-10,6.000000,BALÇOVA,Good,False,REAL,REAL,E2_AUGMENTED_TRAIN_REAL_TEST,RealTest,Decision Tree,Good,0.000000,1.000000,0.000000
2026-06-10,7.000000,ÜÇKUYULAR,Good,False,REAL,REAL,E2_AUGMENTED_TRAIN_REAL_TEST,RealTest,Decision Tree,Good,0.000000,1.000000,0.000000
2026-06-10,8.000000,GÜZELYALI,Good,False,REAL,REAL,E2_AUGMENTED_TRAIN_REAL_TEST,RealTest,Decision Tree,Good,0.000000,1.000000,0.000000
2026-06-10,9.000000,HATAY,Good,False,REAL,REAL,E2_AUGMENTED_TRAIN_REAL_TEST,RealTest,Decision Tree,Good,0.000000,1.000000,0.000000
2026-06-10,11.000000,YEŞİLYURT,Good,False,REAL,REAL,E2_AUGMENTED_TRAIN_REAL_TEST,RealTest,Decision Tree,Good,0.000000,1.000000,0.000000
2026-06-10,13.000000,KARABAĞLAR,Good,False,REAL,REAL,E2_AUGMENTED_TRAIN_REAL_TEST,RealTest,Decision Tree,Good,0.000000,1.000000,0.000000
2026-06-10,14.000000,ESKİ İZMİR,Good,False,REAL,REAL,E2_AUGMENTED_TRAIN_REAL_TEST,RealTest,Decision Tree,Good,0.000000,1.000000,0.000000
2026-06-10,15.000000,GAZİEMİR,Good,False,REAL,REAL,E2_AUGMENTED_TRAIN_REAL_TEST,RealTest,Decision Tree,Good,0.000000,1.000000,0.000000
2026-06-10,16.000000,GEDİZ,Good,False,REAL,REAL,E2_AUGMENTED_TRAIN_REAL_TEST,RealTest,Decision Tree,Good,0.000000,1.000000,0.000000
2026-06-10,17.000000,ŞİRİNYER,Good,False,REAL,REAL,E2_AUGMENTED_TRAIN_REAL_TEST,RealTest,Decision Tree,Good,0.000000,1.000000,0.000000
2026-06-10,18.000000,BUCA,Good,False,REAL,REAL,E2_AUGMENTED_TRAIN_REAL_TEST,RealTest,Decision Tree,Good,0.000000,1.000000,0.000000
2026-06-10,19.000000,GÜLÇEŞME,Good,False,REAL,REAL,E2_AUGMENTED_TRAIN_REAL_TEST,RealTest,Decision Tree,Good,0.000000,1.000000,0.000000
2026-06-10,20.000000,GÜLTEPE,Good,False,REAL,REAL,E2_AUGMENTED_TRAIN_REAL_TEST,RealTest,Decision Tree,Good,0.000000,1.000000,0.000000
2026-06-10,21.000000,ALTINDAĞ,Good,False,REAL,REAL,E2_AUGMENTED_TRAIN_REAL_TEST,RealTest,Decision Tree,Good,0.000000,1.000000,0.000000
2026-06-10,22.000000,ÇAMDİBİ,Good,False,REAL,REAL,E2_AUGMENTED_TRAIN_REAL_TEST,RealTest,Decision Tree,Good,0.000000,1.000000,0.000000
2026-06-10,23.000000,IŞIKKENT,Good,False,REAL,REAL,E2_AUGMENTED_TRAIN_REAL_TEST,RealTest,Decision Tree,Good,0.000000,1.000000,0.000000
2026-06-10,24.000000,PINARBAŞI,Good,False,REAL,REAL,E2_AUGMENTED_TRAIN_REAL_TEST,RealTest,Decision Tree,Good,0.000000,1.000000,0.000000
2026-06-10,25.000000,EVKA-3,Good,False,REAL,REAL,E2_AUGMENTED_TRAIN_REAL_TEST,RealTest,Decision Tree,Good,0.000000,1.000000,0.000000
2026-06-10,26.000000,BORNOVA,Good,False,REAL,REAL,E2_AUGMENTED_TRAIN_REAL_TEST,RealTest,Decision Tree,Good,0.000000,1.000000,0.000000
2026-06-10,27.000000,ATATÜRK MAH,Good,False,REAL,REAL,E2_AUGMENTED_TRAIN_REAL_TEST,RealTest,Decision Tree,Good,0.000000,1.000000,0.000000
2026-06-10,28.000000,OSMANGAZİ,Good,False,REAL,REAL,E2_AUGMENTED_TRAIN_REAL_TEST,RealTest,Decision Tree,Good,0.000000,1.000000,0.000000
2026-06-10,29.000000,ÖZKANLAR,Good,False,REAL,REAL,E2_AUGMENTED_TRAIN_REAL_TEST,RealTest,Decision Tree,Good,0.000000,1.000000,0.000000
2026-06-10,30.000000,MANAVKUYU,Good,False,REAL,REAL,E2_AUGMENTED_TRAIN_REAL_TEST,RealTest,Decision Tree,Good,0.000000,1.000000,0.000000
2026-06-10,32.000000,EGEKENT,Good,False,REAL,REAL,E2_AUGMENTED_TRAIN_REAL_TEST,RealTest,Decision Tree,Good,0.000000,1.000000,0.000000
2026-06-10,33.000000,BALATÇIK,Good,False,REAL,REAL,E2_AUGMENTED_TRAIN_REAL_TEST,RealTest,Decision Tree,Good,0.000000,1.000000,0.000000
2026-06-10,34.000000,ÇİĞLİ,Good,False,REAL,REAL,E2_AUGMENTED_TRAIN_REAL_TEST,RealTest,Decision Tree,Good,0.000000,1.000000,0.000000
2026-06-10,35.000000,BOSTANLI,Good,False,REAL,REAL,E2_AUGMENTED_TRAIN_REAL_TEST,RealTest,Decision Tree,Good,0.000000,1.000000,0.000000
2026-06-10,36.000000,ŞEMİKLER,Good,False,REAL,REAL,E2_AUGMENTED_TRAIN_REAL_TEST,RealTest,Decision Tree,Good,0.000000,1.000000,0.000000
2026-06-10,37.000000,KARŞIYAKA,Good,False,REAL,REAL,E2_AUGMENTED_TRAIN_REAL_TEST,RealTest,Decision Tree,Good,0.000000,1.000000,0.000000
2026-06-10,38.000000,EVKA-2,Good,False,REAL,REAL,E2_AUGMENTED_TRAIN_REAL_TEST,RealTest,Decision Tree,Good,0.000000,1.000000,0.000000
2026-06-10,39.000000,ÖRNEKKÖY,Good,False,REAL,REAL,E2_AUGMENTED_TRAIN_REAL_TEST,RealTest,Decision Tree,Good,0.000000,1.000000,0.000000
2026-06-10,40.000000,GÜMÜŞPALA,Good,False,REAL,REAL,E2_AUGMENTED_TRAIN_REAL_TEST,RealTest,Decision Tree,Good,0.000000,1.000000,0.000000
2026-06-17,41.000000,DOĞANÇAY,Good,False,REAL,REAL,E2_AUGMENTED_TRAIN_REAL_TEST,RealTest,Decision Tree,Good,0.000000,1.000000,0.000000
2026-06-17,42.000000,YAMANLAR,Good,False,REAL,REAL,E2_AUGMENTED_TRAIN_REAL_TEST,RealTest,Decision Tree,Good,0.000000,1.000000,0.000000
2026-06-17,43.000000,POSTACI MAH,Good,False,REAL,REAL,E2_AUGMENTED_TRAIN_REAL_TEST,RealTest,Decision Tree,Good,0.000000,1.000000,0.000000
2026-06-17,44.000000,YAMAÇ MAH,Good,False,REAL,REAL,E2_AUGMENTED_TRAIN_REAL_TEST,RealTest,Decision Tree,Good,0.000000,1.000000,0.000000
2026-06-17,45.000000,CUMHURİYET MAH,Good,False,REAL,REAL,E2_AUGMENTED_TRAIN_REAL_TEST,RealTest,Decision Tree,Good,0.000000,1.000000,0.000000
2026-06-17,46.000000,GÜZELTEPE,Good,False,REAL,REAL,E2_AUGMENTED_TRAIN_REAL_TEST,RealTest,Decision Tree,Good,0.000000,1.000000,0.000000
2026-06-17,47.000000,EVKA-5,Good,False,REAL,REAL,E2_AUGMENTED_TRAIN_REAL_TEST,RealTest,Decision Tree,Good,0.000000,1.000000,0.000000
2026-06-17,48.000000,EGEKENT-2,Good,False,REAL,REAL,E2_AUGMENTED_TRAIN_REAL_TEST,RealTest,Decision Tree,Good,0.000000,1.000000,0.000000
2026-06-17,49.000000,ALAYBEY,Good,False,REAL,REAL,E2_AUGMENTED_TRAIN_REAL_TEST,RealTest,Decision Tree,Good,0.000000,1.000000,0.000000
2026-06-17,50.000000,CENGİZHAN,Good,False,REAL,REAL,E2_AUGMENTED_TRAIN_REAL_TEST,RealTest,Decision Tree,Good,0.000000,1.000000,0.000000
2026-06-17,51.000000,ÇAY MAH,Good,False,REAL,REAL,E2_AUGMENTED_TRAIN_REAL_TEST,RealTest,Decision Tree,Good,0.000000,1.000000,0.000000
2026-06-17,52.000000,İZYUVA,Good,False,REAL,REAL,E2_AUGMENTED_TRAIN_REAL_TEST,RealTest,Decision Tree,Good,0.000000,1.000000,0.000000
2026-06-17,53.000000,NALDÖKEN,Good,False,REAL,REAL,E2_AUGMENTED_TRAIN_REAL_TEST,RealTest,Decision Tree,Good,0.000000,1.000000,0.000000
2026-06-17,54.000000,YEŞİLÇAM,Good,False,REAL,REAL,E2_AUGMENTED_TRAIN_REAL_TEST,RealTest,Decision Tree,Good,0.000000,1.000000,0.000000
2026-06-17,55.000000,MEVLANA,Good,False,REAL,REAL,E2_AUGMENTED_TRAIN_REAL_TEST,RealTest,Decision Tree,Good,0.000000,1.000000,0.000000
2026-06-17,56.000000,YEŞİLOVA,Good,False,REAL,REAL,E2_AUGMENTED_TRAIN_REAL_TEST,RealTest,Decision Tree,Good,0.000000,1.000000,0.000000
2026-06-17,57.000000,MERSİNLİ,Good,False,REAL,REAL,E2_AUGMENTED_TRAIN_REAL_TEST,RealTest,Decision Tree,Good,0.000000,1.000000,0.000000
2026-06-17,59.000000,ÇANKAYA,Good,False,REAL,REAL,E2_AUGMENTED_TRAIN_REAL_TEST,RealTest,Decision Tree,Good,0.000000,1.000000,0.000000
2026-06-17,60.000000,TOROS,Good,False,REAL,REAL,E2_AUGMENTED_TRAIN_REAL_TEST,RealTest,Decision Tree,Good,0.000000,1.000000,0.000000
2026-06-17,61.000000,LEVENT,Good,False,REAL,REAL,E2_AUGMENTED_TRAIN_REAL_TEST,RealTest,Decision Tree,Good,0.000000,1.000000,0.000000
2026-06-17,62.000000,UFUK MAH,Good,False,REAL,REAL,E2_AUGMENTED_TRAIN_REAL_TEST,RealTest,Decision Tree,Good,0.000000,1.000000,0.000000
2026-06-17,63.000000,EVKA-1,Good,False,REAL,REAL,E2_AUGMENTED_TRAIN_REAL_TEST,RealTest,Decision Tree,Good,0.000000,1.000000,0.000000
2026-06-17,64.000000,ADATEPE,Good,False,REAL,REAL,E2_AUGMENTED_TRAIN_REAL_TEST,RealTest,Decision Tree,Good,0.000000,1.000000,0.000000
2026-06-17,65.000000,KURUÇEŞME,Good,False,REAL,REAL,E2_AUGMENTED_TRAIN_REAL_TEST,RealTest,Decision Tree,Good,0.000000,1.000000,0.000000
2026-06-17,66.000000,KOZAĞAÇ,Good,False,REAL,REAL,E2_AUGMENTED_TRAIN_REAL_TEST,RealTest,Decision Tree,Good,0.000000,1.000000,0.000000
2026-06-17,67.000000,ÇAMLIKULE,Good,False,REAL,REAL,E2_AUGMENTED_TRAIN_REAL_TEST,RealTest,Decision Tree,Good,0.000000,1.000000,0.000000
2026-06-17,68.000000,AKINCILAR,Good,False,REAL,REAL,E2_AUGMENTED_TRAIN_REAL_TEST,RealTest,Decision Tree,Good,0.000000,1.000000,0.000000
2026-06-17,69.000000,UĞUR MUMCU MAH,Good,False,REAL,REAL,E2_AUGMENTED_TRAIN_REAL_TEST,RealTest,Decision Tree,Good,0.000000,1.000000,0.000000
2026-06-17,70.000000,ÇAMLIK MAH,Good,False,REAL,REAL,E2_AUGMENTED_TRAIN_REAL_TEST,RealTest,Decision Tree,Good,0.000000,1.000000,0.000000
2026-06-17,71.000000,AKTEPE,Good,False,REAL,REAL,E2_AUGMENTED_TRAIN_REAL_TEST,RealTest,Decision Tree,Good,0.000000,1.000000,0.000000
2026-06-17,72.000000,9 EYLÜL MAH,Good,False,REAL,REAL,E2_AUGMENTED_TRAIN_REAL_TEST,RealTest,Decision Tree,Good,0.000000,1.000000,0.000000
2026-06-17,73.000000,BEYAZEVLER,Good,False,REAL,REAL,E2_AUGMENTED_TRAIN_REAL_TEST,RealTest,Decision Tree,Good,0.000000,1.000000,0.000000
2026-06-17,74.000000,UZUNDERE,Good,False,REAL,REAL,E2_AUGMENTED_TRAIN_REAL_TEST,RealTest,Decision Tree,Good,0.000000,1.000000,0.000000
2026-06-17,75.000000,CENNETÇEŞME,Good,False,REAL,REAL,E2_AUGMENTED_TRAIN_REAL_TEST,RealTest,Decision Tree,Good,0.000000,1.000000,0.000000
2026-06-17,76.000000,GÜZELBAHÇE,Good,False,REAL,REAL,E2_AUGMENTED_TRAIN_REAL_TEST,RealTest,Decision Tree,Good,0.000000,1.000000,0.000000
2026-06-17,78.000000,İNCİRALTI,Good,False,REAL,REAL,E2_AUGMENTED_TRAIN_REAL_TEST,RealTest,Decision Tree,Good,0.000000,1.000000,0.000000
2026-06-17,79.000000,ESENDERE,Good,False,REAL,REAL,E2_AUGMENTED_TRAIN_REAL_TEST,RealTest,Decision Tree,Good,0.000000,1.000000,0.000000
2026-06-17,80.000000,KADİFEKALE,Good,False,REAL,REAL,E2_AUGMENTED_TRAIN_REAL_TEST,RealTest,Decision Tree,Good,0.000000,1.000000,0.000000
2026-06-24,2.000000,YENİŞEHİR,Good,False,REAL,REAL,E2_AUGMENTED_TRAIN_REAL_TEST,RealTest,Decision Tree,Good,0.000000,1.000000,0.000000
2026-06-24,3.000000,KONAK,Good,False,REAL,REAL,E2_AUGMENTED_TRAIN_REAL_TEST,RealTest,Decision Tree,Good,0.000000,1.000000,0.000000
2026-06-24,4.000000,GÜZELBAHÇE,Good,False,REAL,REAL,E2_AUGMENTED_TRAIN_REAL_TEST,RealTest,Decision Tree,Good,0.000000,1.000000,0.000000
2026-06-24,5.000000,NARLIDERE,Good,False,REAL,REAL,E2_AUGMENTED_TRAIN_REAL_TEST,RealTest,Decision Tree,Good,0.000000,1.000000,0.000000
2026-06-24,6.000000,BALÇOVA,Good,False,REAL,REAL,E2_AUGMENTED_TRAIN_REAL_TEST,RealTest,Decision Tree,Good,0.000000,1.000000,0.000000
2026-06-24,7.000000,ÜÇKUYULAR,Good,False,REAL,REAL,E2_AUGMENTED_TRAIN_REAL_TEST,RealTest,Decision Tree,Good,0.000000,1.000000,0.000000
2026-06-24,8.000000,GÜZELYALI,Good,False,REAL,REAL,E2_AUGMENTED_TRAIN_REAL_TEST,RealTest,Decision Tree,Good,0.000000,1.000000,0.000000
2026-06-24,9.000000,HATAY,Good,False,REAL,REAL,E2_AUGMENTED_TRAIN_REAL_TEST,RealTest,Decision Tree,Good,0.000000,1.000000,0.000000
2026-06-24,11.000000,YEŞİLYURT,Good,False,REAL,REAL,E2_AUGMENTED_TRAIN_REAL_TEST,RealTest,Decision Tree,Good,0.000000,1.000000,0.000000
2026-06-24,13.000000,KARABAĞLAR,Good,False,REAL,REAL,E2_AUGMENTED_TRAIN_REAL_TEST,RealTest,Decision Tree,Good,0.000000,1.000000,0.000000
2026-06-24,14.000000,ESKİ İZMİR,Good,False,REAL,REAL,E2_AUGMENTED_TRAIN_REAL_TEST,RealTest,Decision Tree,Good,0.000000,1.000000,0.000000
2026-06-24,15.000000,GAZİEMİR,Good,False,REAL,REAL,E2_AUGMENTED_TRAIN_REAL_TEST,RealTest,Decision Tree,Good,0.000000,1.000000,0.000000
2026-06-24,16.000000,GEDİZ,Good,False,REAL,REAL,E2_AUGMENTED_TRAIN_REAL_TEST,RealTest,Decision Tree,Good,0.000000,1.000000,0.000000
2026-06-24,17.000000,ŞİRİNYER,Good,False,REAL,REAL,E2_AUGMENTED_TRAIN_REAL_TEST,RealTest,Decision Tree,Good,0.000000,1.000000,0.000000
2026-06-24,18.000000,BUCA,Good,False,REAL,REAL,E2_AUGMENTED_TRAIN_REAL_TEST,RealTest,Decision Tree,Good,0.000000,1.000000,0.000000
2026-06-24,19.000000,GÜLÇEŞME,Good,False,REAL,REAL,E2_AUGMENTED_TRAIN_REAL_TEST,RealTest,Decision Tree,Good,0.000000,1.000000,0.000000
2026-06-24,20.000000,GÜLTEPE,Good,False,REAL,REAL,E2_AUGMENTED_TRAIN_REAL_TEST,RealTest,Decision Tree,Good,0.000000,1.000000,0.000000
2026-06-24,21.000000,ALTINDAĞ,Good,False,REAL,REAL,E2_AUGMENTED_TRAIN_REAL_TEST,RealTest,Decision Tree,Good,0.000000,1.000000,0.000000
2026-06-24,22.000000,ÇAMDİBİ,Good,False,REAL,REAL,E2_AUGMENTED_TRAIN_REAL_TEST,RealTest,Decision Tree,Good,0.000000,1.000000,0.000000
2026-06-24,23.000000,IŞIKKENT,Good,False,REAL,REAL,E2_AUGMENTED_TRAIN_REAL_TEST,RealTest,Decision Tree,Good,0.000000,1.000000,0.000000
2026-06-24,24.000000,PINARBAŞI,Good,False,REAL,REAL,E2_AUGMENTED_TRAIN_REAL_TEST,RealTest,Decision Tree,Good,0.000000,1.000000,0.000000
2026-06-24,25.000000,EVKA-3,Good,False,REAL,REAL,E2_AUGMENTED_TRAIN_REAL_TEST,RealTest,Decision Tree,Good,0.000000,1.000000,0.000000
2026-06-24,26.000000,BORNOVA,Good,False,REAL,REAL,E2_AUGMENTED_TRAIN_REAL_TEST,RealTest,Decision Tree,Good,0.000000,1.000000,0.000000
2026-06-24,27.000000,ATATÜRK MAH,Good,False,REAL,REAL,E2_AUGMENTED_TRAIN_REAL_TEST,RealTest,Decision Tree,Good,0.000000,1.000000,0.000000
2026-06-24,28.000000,OSMANGAZİ,Good,False,REAL,REAL,E2_AUGMENTED_TRAIN_REAL_TEST,RealTest,Decision Tree,Good,0.000000,1.000000,0.000000
2026-06-24,29.000000,ÖZKANLAR,Good,False,REAL,REAL,E2_AUGMENTED_TRAIN_REAL_TEST,RealTest,Decision Tree,Good,0.000000,1.000000,0.000000
2026-06-24,30.000000,MANAVKUYU,Good,False,REAL,REAL,E2_AUGMENTED_TRAIN_REAL_TEST,RealTest,Decision Tree,Good,0.000000,1.000000,0.000000
2026-06-24,32.000000,EGEKENT,Good,False,REAL,REAL,E2_AUGMENTED_TRAIN_REAL_TEST,RealTest,Decision Tree,Good,0.000000,1.000000,0.000000
2026-06-24,33.000000,BALATÇIK,Good,False,REAL,REAL,E2_AUGMENTED_TRAIN_REAL_TEST,RealTest,Decision Tree,Good,0.000000,1.000000,0.000000
2026-06-24,34.000000,ÇİĞLİ,Good,False,REAL,REAL,E2_AUGMENTED_TRAIN_REAL_TEST,RealTest,Decision Tree,Good,0.000000,1.000000,0.000000
2026-06-24,35.000000,BOSTANLI,Good,False,REAL,REAL,E2_AUGMENTED_TRAIN_REAL_TEST,RealTest,Decision Tree,Good,0.000000,1.000000,0.000000
2026-06-24,36.000000,ŞEMİKLER,Good,False,REAL,REAL,E2_AUGMENTED_TRAIN_REAL_TEST,RealTest,Decision Tree,Good,0.000000,1.000000,0.000000
2026-06-24,37.000000,KARŞIYAKA,Good,False,REAL,REAL,E2_AUGMENTED_TRAIN_REAL_TEST,RealTest,Decision Tree,Good,0.000000,1.000000,0.000000
2026-06-24,38.000000,EVKA-2,Good,False,REAL,REAL,E2_AUGMENTED_TRAIN_REAL_TEST,RealTest,Decision Tree,Good,0.000000,1.000000,0.000000
2026-06-24,39.000000,ÖRNEKKÖY,Good,False,REAL,REAL,E2_AUGMENTED_TRAIN_REAL_TEST,RealTest,Decision Tree,Good,0.000000,1.000000,0.000000
2026-06-24,40.000000,GÜMÜŞPALA,Good,False,REAL,REAL,E2_AUGMENTED_TRAIN_REAL_TEST,RealTest,Decision Tree,Good,0.000000,1.000000,0.000000
2026-07-01,41.000000,DOĞANÇAY,Good,False,REAL,REAL,E2_AUGMENTED_TRAIN_REAL_TEST,RealTest,Decision Tree,Good,0.000000,1.000000,0.000000
2026-07-01,42.000000,YAMANLAR,Good,False,REAL,REAL,E2_AUGMENTED_TRAIN_REAL_TEST,RealTest,Decision Tree,Good,0.000000,1.000000,0.000000
2026-07-01,43.000000,POSTACI MAH,Good,False,REAL,REAL,E2_AUGMENTED_TRAIN_REAL_TEST,RealTest,Decision Tree,Good,0.000000,1.000000,0.000000
2026-07-01,44.000000,YAMAÇ MAH,Good,False,REAL,REAL,E2_AUGMENTED_TRAIN_REAL_TEST,RealTest,Decision Tree,Good,0.000000,1.000000,0.000000
2026-07-01,45.000000,CUMHURİYET MAH,Good,False,REAL,REAL,E2_AUGMENTED_TRAIN_REAL_TEST,RealTest,Decision Tree,Good,0.000000,1.000000,0.000000
2026-07-01,46.000000,GÜZELTEPE,Good,False,REAL,REAL,E2_AUGMENTED_TRAIN_REAL_TEST,RealTest,Decision Tree,Good,0.000000,1.000000,0.000000
2026-07-01,47.000000,EVKA-5,Good,False,REAL,REAL,E2_AUGMENTED_TRAIN_REAL_TEST,RealTest,Decision Tree,Good,0.000000,1.000000,0.000000
2026-07-01,48.000000,EGEKENT-2,Good,False,REAL,REAL,E2_AUGMENTED_TRAIN_REAL_TEST,RealTest,Decision Tree,Good,0.000000,1.000000,0.000000
2026-07-01,49.000000,ALAYBEY,Good,False,REAL,REAL,E2_AUGMENTED_TRAIN_REAL_TEST,RealTest,Decision Tree,Good,0.000000,1.000000,0.000000
2026-07-01,50.000000,CENGİZHAN,Good,False,REAL,REAL,E2_AUGMENTED_TRAIN_REAL_TEST,RealTest,Decision Tree,Good,0.000000,1.000000,0.000000
2026-07-01,51.000000,ÇAY MAH,Good,False,REAL,REAL,E2_AUGMENTED_TRAIN_REAL_TEST,RealTest,Decision Tree,Good,0.000000,1.000000,0.000000
2026-07-01,52.000000,İZYUVA,Good,False,REAL,REAL,E2_AUGMENTED_TRAIN_REAL_TEST,RealTest,Decision Tree,Good,0.000000,1.000000,0.000000
2026-07-01,53.000000,NALDÖKEN,Good,False,REAL,REAL,E2_AUGMENTED_TRAIN_REAL_TEST,RealTest,Decision Tree,Good,0.000000,1.000000,0.000000
2026-07-01,54.000000,YEŞİLÇAM,Good,False,REAL,REAL,E2_AUGMENTED_TRAIN_REAL_TEST,RealTest,Decision Tree,Good,0.000000,1.000000,0.000000
2026-07-01,55.000000,MEVLANA,Good,False,REAL,REAL,E2_AUGMENTED_TRAIN_REAL_TEST,RealTest,Decision Tree,Good,0.000000,1.000000,0.000000
2026-07-01,56.000000,YEŞİLOVA,Good,False,REAL,REAL,E2_AUGMENTED_TRAIN_REAL_TEST,RealTest,Decision Tree,Good,0.000000,1.000000,0.000000
2026-07-01,57.000000,MERSİNLİ,Good,False,REAL,REAL,E2_AUGMENTED_TRAIN_REAL_TEST,RealTest,Decision Tree,Good,0.000000,1.000000,0.000000
2026-07-01,59.000000,ÇANKAYA,Good,False,REAL,REAL,E2_AUGMENTED_TRAIN_REAL_TEST,RealTest,Decision Tree,Good,0.000000,1.000000,0.000000
2026-07-01,60.000000,TOROS,Good,False,REAL,REAL,E2_AUGMENTED_TRAIN_REAL_TEST,RealTest,Decision Tree,Good,0.000000,1.000000,0.000000
2026-07-01,61.000000,LEVENT,Good,False,REAL,REAL,E2_AUGMENTED_TRAIN_REAL_TEST,RealTest,Decision Tree,Good,0.000000,1.000000,0.000000
2026-07-01,62.000000,UFUK MAH,Good,False,REAL,REAL,E2_AUGMENTED_TRAIN_REAL_TEST,RealTest,Decision Tree,Good,0.000000,1.000000,0.000000
2026-07-01,63.000000,EVKA-1,Good,False,REAL,REAL,E2_AUGMENTED_TRAIN_REAL_TEST,RealTest,Decision Tree,Good,0.000000,1.000000,0.000000
2026-07-01,64.000000,ADATEPE,Good,False,REAL,REAL,E2_AUGMENTED_TRAIN_REAL_TEST,RealTest,Decision Tree,Good,0.000000,1.000000,0.000000
2026-07-01,65.000000,KURUÇEŞME,Good,False,REAL,REAL,E2_AUGMENTED_TRAIN_REAL_TEST,RealTest,Decision Tree,Good,0.000000,1.000000,0.000000
2026-07-01,66.000000,KOZAĞAÇ,Good,False,REAL,REAL,E2_AUGMENTED_TRAIN_REAL_TEST,RealTest,Decision Tree,Good,0.000000,1.000000,0.000000
2026-07-01,67.000000,ÇAMLIKULE,Good,False,REAL,REAL,E2_AUGMENTED_TRAIN_REAL_TEST,RealTest,Decision Tree,Good,0.000000,1.000000,0.000000
2026-07-01,68.000000,AKINCILAR,Good,False,REAL,REAL,E2_AUGMENTED_TRAIN_REAL_TEST,RealTest,Decision Tree,Good,0.000000,1.000000,0.000000
2026-07-01,69.000000,UĞUR MUMCU MAH,Good,False,REAL,REAL,E2_AUGMENTED_TRAIN_REAL_TEST,RealTest,Decision Tree,Good,0.000000,1.000000,0.000000
2026-07-01,70.000000,ÇAMLIK MAH,Good,False,REAL,REAL,E2_AUGMENTED_TRAIN_REAL_TEST,RealTest,Decision Tree,Good,0.000000,1.000000,0.000000
2026-07-01,71.000000,AKTEPE,Good,False,REAL,REAL,E2_AUGMENTED_TRAIN_REAL_TEST,RealTest,Decision Tree,Good,0.000000,1.000000,0.000000
2026-07-01,72.000000,9 EYLÜL MAH,Good,False,REAL,REAL,E2_AUGMENTED_TRAIN_REAL_TEST,RealTest,Decision Tree,Good,0.000000,1.000000,0.000000
2026-07-01,73.000000,BEYAZEVLER,Good,False,REAL,REAL,E2_AUGMENTED_TRAIN_REAL_TEST,RealTest,Decision Tree,Good,0.000000,1.000000,0.000000
2026-07-01,74.000000,UZUNDERE,Good,False,REAL,REAL,E2_AUGMENTED_TRAIN_REAL_TEST,RealTest,Decision Tree,Good,0.000000,1.000000,0.000000
2026-07-01,75.000000,CENNETÇEŞME,Good,False,REAL,REAL,E2_AUGMENTED_TRAIN_REAL_TEST,RealTest,Decision Tree,Good,0.000000,1.000000,0.000000
2026-07-01,76.000000,GÜZELBAHÇE,Good,False,REAL,REAL,E2_AUGMENTED_TRAIN_REAL_TEST,RealTest,Decision Tree,Good,0.000000,1.000000,0.000000
2026-07-01,78.000000,İNCİRALTI,Good,False,REAL,REAL,E2_AUGMENTED_TRAIN_REAL_TEST,RealTest,Decision Tree,Good,0.000000,1.000000,0.000000
2026-07-01,79.000000,ESENDERE,Good,False,REAL,REAL,E2_AUGMENTED_TRAIN_REAL_TEST,RealTest,Decision Tree,Good,0.000000,1.000000,0.000000
2026-07-01,80.000000,KADİFEKALE,Good,False,REAL,REAL,E2_AUGMENTED_TRAIN_REAL_TEST,RealTest,Decision Tree,Good,0.000000,1.000000,0.000000
2026-07-08,2.000000,YENİŞEHİR,Good,False,REAL,REAL,E2_AUGMENTED_TRAIN_REAL_TEST,RealTest,Decision Tree,Good,0.000000,1.000000,0.000000
2026-07-08,3.000000,KONAK,Good,False,REAL,REAL,E2_AUGMENTED_TRAIN_REAL_TEST,RealTest,Decision Tree,Good,0.000000,1.000000,0.000000
2026-07-08,4.000000,GÜZELBAHÇE,Good,False,REAL,REAL,E2_AUGMENTED_TRAIN_REAL_TEST,RealTest,Decision Tree,Good,0.000000,1.000000,0.000000
2026-07-08,5.000000,NARLIDERE,Good,False,REAL,REAL,E2_AUGMENTED_TRAIN_REAL_TEST,RealTest,Decision Tree,Good,0.000000,1.000000,0.000000
2026-07-08,6.000000,BALÇOVA,Good,False,REAL,REAL,E2_AUGMENTED_TRAIN_REAL_TEST,RealTest,Decision Tree,Good,0.000000,1.000000,0.000000
2026-07-08,7.000000,ÜÇKUYULAR,Good,False,REAL,REAL,E2_AUGMENTED_TRAIN_REAL_TEST,RealTest,Decision Tree,Good,0.000000,1.000000,0.000000
2026-07-08,8.000000,GÜZELYALI,Good,False,REAL,REAL,E2_AUGMENTED_TRAIN_REAL_TEST,RealTest,Decision Tree,Good,0.000000,1.000000,0.000000
2026-07-08,9.000000,HATAY,Good,False,REAL,REAL,E2_AUGMENTED_TRAIN_REAL_TEST,RealTest,Decision Tree,Good,0.000000,1.000000,0.000000
2026-07-08,11.000000,YEŞİLYURT,Good,False,REAL,REAL,E2_AUGMENTED_TRAIN_REAL_TEST,RealTest,Decision Tree,Good,0.000000,1.000000,0.000000
2026-07-08,13.000000,KARABAĞLAR,Good,False,REAL,REAL,E2_AUGMENTED_TRAIN_REAL_TEST,RealTest,Decision Tree,Good,0.000000,1.000000,0.000000
2026-07-08,14.000000,ESKİ İZMİR,Good,False,REAL,REAL,E2_AUGMENTED_TRAIN_REAL_TEST,RealTest,Decision Tree,Good,0.000000,1.000000,0.000000
2026-07-08,15.000000,GAZİEMİR,Good,False,REAL,REAL,E2_AUGMENTED_TRAIN_REAL_TEST,RealTest,Decision Tree,Good,0.000000,1.000000,0.000000
2026-07-08,16.000000,GEDİZ,Good,False,REAL,REAL,E2_AUGMENTED_TRAIN_REAL_TEST,RealTest,Decision Tree,Good,0.000000,1.000000,0.000000
2026-07-08,17.000000,ŞİRİNYER,Good,False,REAL,REAL,E2_AUGMENTED_TRAIN_REAL_TEST,RealTest,Decision Tree,Good,0.000000,1.000000,0.000000
2026-07-08,18.000000,BUCA,Good,False,REAL,REAL,E2_AUGMENTED_TRAIN_REAL_TEST,RealTest,Decision Tree,Good,0.000000,1.000000,0.000000
2026-07-08,19.000000,GÜLÇEŞME,Good,False,REAL,REAL,E2_AUGMENTED_TRAIN_REAL_TEST,RealTest,Decision Tree,Good,0.000000,1.000000,0.000000
2026-07-08,20.000000,GÜLTEPE,Good,False,REAL,REAL,E2_AUGMENTED_TRAIN_REAL_TEST,RealTest,Decision Tree,Good,0.000000,1.000000,0.000000
2026-07-08,21.000000,ALTINDAĞ,Good,False,REAL,REAL,E2_AUGMENTED_TRAIN_REAL_TEST,RealTest,Decision Tree,Good,0.000000,1.000000,0.000000
2026-07-08,22.000000,ÇAMDİBİ,Good,False,REAL,REAL,E2_AUGMENTED_TRAIN_REAL_TEST,RealTest,Decision Tree,Good,0.000000,1.000000,0.000000
2026-07-08,23.000000,IŞIKKENT,Good,False,REAL,REAL,E2_AUGMENTED_TRAIN_REAL_TEST,RealTest,Decision Tree,Good,0.000000,1.000000,0.000000
2026-07-08,24.000000,PINARBAŞI,Good,False,REAL,REAL,E2_AUGMENTED_TRAIN_REAL_TEST,RealTest,Decision Tree,Good,0.000000,1.000000,0.000000
2026-07-08,25.000000,EVKA-3,Good,False,REAL,REAL,E2_AUGMENTED_TRAIN_REAL_TEST,RealTest,Decision Tree,Good,0.000000,1.000000,0.000000
2026-07-08,26.000000,BORNOVA,Good,False,REAL,REAL,E2_AUGMENTED_TRAIN_REAL_TEST,RealTest,Decision Tree,Good,0.000000,1.000000,0.000000
2026-07-08,27.000000,ATATÜRK MAH,Good,False,REAL,REAL,E2_AUGMENTED_TRAIN_REAL_TEST,RealTest,Decision Tree,Good,0.000000,1.000000,0.000000
2026-07-08,28.000000,OSMANGAZİ,Good,False,REAL,REAL,E2_AUGMENTED_TRAIN_REAL_TEST,RealTest,Decision Tree,Good,0.000000,1.000000,0.000000
2026-07-08,29.000000,ÖZKANLAR,Good,False,REAL,REAL,E2_AUGMENTED_TRAIN_REAL_TEST,RealTest,Decision Tree,Good,0.000000,1.000000,0.000000
2026-07-08,30.000000,MANAVKUYU,Good,False,REAL,REAL,E2_AUGMENTED_TRAIN_REAL_TEST,RealTest,Decision Tree,Good,0.000000,1.000000,0.000000
2026-07-08,32.000000,EGEKENT,Good,False,REAL,REAL,E2_AUGMENTED_TRAIN_REAL_TEST,RealTest,Decision Tree,Good,0.000000,1.000000,0.000000
2026-07-08,33.000000,BALATÇIK,Good,False,REAL,REAL,E2_AUGMENTED_TRAIN_REAL_TEST,RealTest,Decision Tree,Good,0.000000,1.000000,0.000000
2026-07-08,34.000000,ÇİĞLİ,Good,False,REAL,REAL,E2_AUGMENTED_TRAIN_REAL_TEST,RealTest,Decision Tree,Good,0.000000,1.000000,0.000000
2026-07-08,35.000000,BOSTANLI,Good,False,REAL,REAL,E2_AUGMENTED_TRAIN_REAL_TEST,RealTest,Decision Tree,Good,0.000000,1.000000,0.000000
2026-07-08,36.000000,ŞEMİKLER,Good,False,REAL,REAL,E2_AUGMENTED_TRAIN_REAL_TEST,RealTest,Decision Tree,Good,0.000000,1.000000,0.000000
2026-07-08,37.000000,KARŞIYAKA,Good,False,REAL,REAL,E2_AUGMENTED_TRAIN_REAL_TEST,RealTest,Decision Tree,Good,0.000000,1.000000,0.000000
2026-07-08,38.000000,EVKA-2,Good,False,REAL,REAL,E2_AUGMENTED_TRAIN_REAL_TEST,RealTest,Decision Tree,Good,0.000000,1.000000,0.000000
2026-07-08,39.000000,ÖRNEKKÖY,Good,False,REAL,REAL,E2_AUGMENTED_TRAIN_REAL_TEST,RealTest,Decision Tree,Good,0.000000,1.000000,0.000000
2026-07-08,40.000000,GÜMÜŞPALA,Good,False,REAL,REAL,E2_AUGMENTED_TRAIN_REAL_TEST,RealTest,Decision Tree,Good,0.000000,1.000000,0.000000
2026-07-22,41.000000,DOĞANÇAY,Good,False,REAL,REAL,E2_AUGMENTED_TRAIN_REAL_TEST,RealTest,Decision Tree,Good,0.000000,1.000000,0.000000
2026-07-22,42.000000,YAMANLAR,Good,False,REAL,REAL,E2_AUGMENTED_TRAIN_REAL_TEST,RealTest,Decision Tree,Good,0.000000,1.000000,0.000000
2026-07-22,43.000000,POSTACI MAH,Good,False,REAL,REAL,E2_AUGMENTED_TRAIN_REAL_TEST,RealTest,Decision Tree,Good,0.000000,1.000000,0.000000
2026-07-22,44.000000,YAMAÇ MAH,Good,False,REAL,REAL,E2_AUGMENTED_TRAIN_REAL_TEST,RealTest,Decision Tree,Good,0.000000,1.000000,0.000000
2026-07-22,46.000000,GÜZELTEPE,Good,False,REAL,REAL,E2_AUGMENTED_TRAIN_REAL_TEST,RealTest,Decision Tree,Good,0.000000,1.000000,0.000000
2026-07-22,47.000000,EVKA-5,Good,False,REAL,REAL,E2_AUGMENTED_TRAIN_REAL_TEST,RealTest,Decision Tree,Good,0.000000,1.000000,0.000000
2026-07-22,48.000000,EGEKENT-2,Good,False,REAL,REAL,E2_AUGMENTED_TRAIN_REAL_TEST,RealTest,Decision Tree,Good,0.000000,1.000000,0.000000
2026-07-22,51.000000,ÇAY MAH,Good,False,REAL,REAL,E2_AUGMENTED_TRAIN_REAL_TEST,RealTest,Decision Tree,Good,0.000000,1.000000,0.000000
2026-07-22,52.000000,İZYUVA,Good,False,REAL,REAL,E2_AUGMENTED_TRAIN_REAL_TEST,RealTest,Decision Tree,Good,0.000000,1.000000,0.000000
2026-07-22,54.000000,YEŞİLÇAM,Good,False,REAL,REAL,E2_AUGMENTED_TRAIN_REAL_TEST,RealTest,Decision Tree,Good,0.000000,1.000000,0.000000
2026-07-22,55.000000,MEVLANA,Good,False,REAL,REAL,E2_AUGMENTED_TRAIN_REAL_TEST,RealTest,Decision Tree,Good,0.000000,1.000000,0.000000
2026-07-22,57.000000,MERSİNLİ,Good,False,REAL,REAL,E2_AUGMENTED_TRAIN_REAL_TEST,RealTest,Decision Tree,Good,0.000000,1.000000,0.000000
2026-07-22,59.000000,ÇANKAYA,Good,False,REAL,REAL,E2_AUGMENTED_TRAIN_REAL_TEST,RealTest,Decision Tree,Good,0.000000,1.000000,0.000000
2026-07-22,60.000000,TOROS,Good,False,REAL,REAL,E2_AUGMENTED_TRAIN_REAL_TEST,RealTest,Decision Tree,Good,0.000000,1.000000,0.000000
2026-07-22,62.000000,UFUK MAH,Good,False,REAL,REAL,E2_AUGMENTED_TRAIN_REAL_TEST,RealTest,Decision Tree,Good,0.000000,1.000000,0.000000
2026-07-22,67.000000,ÇAMLIKULE,Good,False,REAL,REAL,E2_AUGMENTED_TRAIN_REAL_TEST,RealTest,Decision Tree,Good,0.000000,1.000000,0.000000
2026-07-22,70.000000,ÇAMLIK MAH,Good,False,REAL,REAL,E2_AUGMENTED_TRAIN_REAL_TEST,RealTest,Decision Tree,Good,0.000000,1.000000,0.000000
2026-07-22,72.000000,9 EYLÜL MAH,Good,False,REAL,REAL,E2_AUGMENTED_TRAIN_REAL_TEST,RealTest,Decision Tree,Good,0.000000,1.000000,0.000000
2026-07-22,73.000000,BEYAZEVLER,Good,False,REAL,REAL,E2_AUGMENTED_TRAIN_REAL_TEST,RealTest,Decision Tree,Good,0.000000,1.000000,0.000000
2026-07-22,75.000000,CENNETÇEŞME,Good,False,REAL,REAL,E2_AUGMENTED_TRAIN_REAL_TEST,RealTest,Decision Tree,Good,0.000000,1.000000,0.000000
2026-07-22,78.000000,İNCİRALTI,Good,False,REAL,REAL,E2_AUGMENTED_TRAIN_REAL_TEST,RealTest,Decision Tree,Good,0.000000,1.000000,0.000000
2026-07-22,80.000000,KADİFEKALE,Good,False,REAL,REAL,E2_AUGMENTED_TRAIN_REAL_TEST,RealTest,Decision Tree,Good,0.000000,1.000000,0.000000
2026-07-29,2.000000,YENİŞEHİR,Good,False,REAL,REAL,E2_AUGMENTED_TRAIN_REAL_TEST,RealTest,Decision Tree,Good,0.000000,1.000000,0.000000
2026-07-29,3.000000,KONAK,Good,False,REAL,REAL,E2_AUGMENTED_TRAIN_REAL_TEST,RealTest,Decision Tree,Good,0.000000,1.000000,0.000000
2026-07-29,4.000000,GÜZELBAHÇE,Good,False,REAL,REAL,E2_AUGMENTED_TRAIN_REAL_TEST,RealTest,Decision Tree,Good,0.000000,1.000000,0.000000
2026-07-29,5.000000,NARLIDERE,Good,False,REAL,REAL,E2_AUGMENTED_TRAIN_REAL_TEST,RealTest,Decision Tree,Good,0.000000,1.000000,0.000000
2026-07-29,7.000000,ÜÇKUYULAR,Good,False,REAL,REAL,E2_AUGMENTED_TRAIN_REAL_TEST,RealTest,Decision Tree,Good,0.000000,1.000000,0.000000
2026-07-29,8.000000,GÜZELYALI,Good,False,REAL,REAL,E2_AUGMENTED_TRAIN_REAL_TEST,RealTest,Decision Tree,Good,0.000000,1.000000,0.000000
2026-07-29,14.000000,ESKİ İZMİR,Good,False,REAL,REAL,E2_AUGMENTED_TRAIN_REAL_TEST,RealTest,Decision Tree,Good,0.000000,1.000000,0.000000
2026-07-29,15.000000,GAZİEMİR,Good,False,REAL,REAL,E2_AUGMENTED_TRAIN_REAL_TEST,RealTest,Decision Tree,Good,0.000000,1.000000,0.000000
2026-07-29,16.000000,GEDİZ,Good,False,REAL,REAL,E2_AUGMENTED_TRAIN_REAL_TEST,RealTest,Decision Tree,Good,0.000000,1.000000,0.000000
2026-07-29,17.000000,ŞİRİNYER,Good,False,REAL,REAL,E2_AUGMENTED_TRAIN_REAL_TEST,RealTest,Decision Tree,Good,0.000000,1.000000,0.000000
2026-07-29,19.000000,GÜLÇEŞME,Good,False,REAL,REAL,E2_AUGMENTED_TRAIN_REAL_TEST,RealTest,Decision Tree,Good,0.000000,1.000000,0.000000
2026-07-29,20.000000,GÜLTEPE,Good,False,REAL,REAL,E2_AUGMENTED_TRAIN_REAL_TEST,RealTest,Decision Tree,Good,0.000000,1.000000,0.000000
2026-07-29,21.000000,ALTINDAĞ,Good,False,REAL,REAL,E2_AUGMENTED_TRAIN_REAL_TEST,RealTest,Decision Tree,Good,0.000000,1.000000,0.000000
2026-07-29,22.000000,ÇAMDİBİ,Good,False,REAL,REAL,E2_AUGMENTED_TRAIN_REAL_TEST,RealTest,Decision Tree,Good,0.000000,1.000000,0.000000
2026-07-29,23.000000,IŞIKKENT,Good,False,REAL,REAL,E2_AUGMENTED_TRAIN_REAL_TEST,RealTest,Decision Tree,Good,0.000000,1.000000,0.000000
2026-07-29,25.000000,EVKA-3,Good,False,REAL,REAL,E2_AUGMENTED_TRAIN_REAL_TEST,RealTest,Decision Tree,Good,0.000000,1.000000,0.000000
2026-07-29,26.000000,BORNOVA,Good,False,REAL,REAL,E2_AUGMENTED_TRAIN_REAL_TEST,RealTest,Decision Tree,Good,0.000000,1.000000,0.000000
2026-07-29,27.000000,ATATÜRK MAH,Good,False,REAL,REAL,E2_AUGMENTED_TRAIN_REAL_TEST,RealTest,Decision Tree,Good,0.000000,1.000000,0.000000
2026-07-29,28.000000,OSMANGAZİ,Good,False,REAL,REAL,E2_AUGMENTED_TRAIN_REAL_TEST,RealTest,Decision Tree,Good,0.000000,1.000000,0.000000
2026-07-29,29.000000,ÖZKANLAR,Good,False,REAL,REAL,E2_AUGMENTED_TRAIN_REAL_TEST,RealTest,Decision Tree,Good,0.000000,1.000000,0.000000
2026-07-29,30.000000,MANAVKUYU,Good,False,REAL,REAL,E2_AUGMENTED_TRAIN_REAL_TEST,RealTest,Decision Tree,Good,0.000000,1.000000,0.000000
2026-07-29,32.000000,EGEKENT,Good,False,REAL,REAL,E2_AUGMENTED_TRAIN_REAL_TEST,RealTest,Decision Tree,Good,0.000000,1.000000,0.000000
2026-07-29,33.000000,BALATÇIK,Good,False,REAL,REAL,E2_AUGMENTED_TRAIN_REAL_TEST,RealTest,Decision Tree,Good,0.000000,1.000000,0.000000
2026-07-29,34.000000,ÇİĞLİ,Good,False,REAL,REAL,E2_AUGMENTED_TRAIN_REAL_TEST,RealTest,Decision Tree,Good,0.000000,1.000000,0.000000
2026-07-29,35.000000,BOSTANLI,Good,False,REAL,REAL,E2_AUGMENTED_TRAIN_REAL_TEST,RealTest,Decision Tree,Good,0.000000,1.000000,0.000000
2026-07-29,38.000000,EVKA-2,Good,False,REAL,REAL,E2_AUGMENTED_TRAIN_REAL_TEST,RealTest,Decision Tree,Good,0.000000,1.000000,0.000000
2026-07-29,39.000000,ÖRNEKKÖY,Good,False,REAL,REAL,E2_AUGMENTED_TRAIN_REAL_TEST,RealTest,Decision Tree,Good,0.000000,1.000000,0.000000
2026-07-29,40.000000,GÜMÜŞPALA,Good,False,REAL,REAL,E2_AUGMENTED_TRAIN_REAL_TEST,RealTest,Decision Tree,Good,0.000000,1.000000,0.000000
2026-06-17,41.000000,DOĞANÇAY,Caution,True,MULTI_PARAMETER_SUBSTANDARD,TEST,E3B_AUGMENTED_TRAIN_SYNTHETIC_TEST,SyntheticTest,Decision Tree,Caution,1.000000,0.000000,0.000000
2026-07-29,17.000000,ŞİRİNYER,Caution,True,MULTI_PARAMETER_SUBSTANDARD,TEST,E3B_AUGMENTED_TRAIN_SYNTHETIC_TEST,SyntheticTest,Decision Tree,Caution,1.000000,0.000000,0.000000
2026-06-17,73.000000,BEYAZEVLER,Caution,True,NITRITE_SUBSTANDARD,TEST,E3B_AUGMENTED_TRAIN_SYNTHETIC_TEST,SyntheticTest,Decision Tree,Caution,1.000000,0.000000,0.000000
2026-06-17,53.000000,NALDÖKEN,Caution,True,MULTI_PARAMETER_SUBSTANDARD,TEST,E3B_AUGMENTED_TRAIN_SYNTHETIC_TEST,SyntheticTest,Decision Tree,Caution,1.000000,0.000000,0.000000
2026-06-10,38.000000,EVKA-2,Caution,True,NITRITE_SUBSTANDARD,TEST,E3B_AUGMENTED_TRAIN_SYNTHETIC_TEST,SyntheticTest,Decision Tree,Caution,1.000000,0.000000,0.000000
2026-07-01,74.000000,UZUNDERE,Caution,True,NITRITE_SUBSTANDARD,TEST,E3B_AUGMENTED_TRAIN_SYNTHETIC_TEST,SyntheticTest,Decision Tree,Caution,1.000000,0.000000,0.000000
2026-07-22,43.000000,POSTACI MAH,Caution,True,NITRITE_SUBSTANDARD,TEST,E3B_AUGMENTED_TRAIN_SYNTHETIC_TEST,SyntheticTest,Decision Tree,Caution,1.000000,0.000000,0.000000
2026-07-29,34.000000,ÇİĞLİ,Caution,True,AMMONIUM_NEAR_STANDARD,TEST,E3B_AUGMENTED_TRAIN_SYNTHETIC_TEST,SyntheticTest,Decision Tree,Caution,1.000000,0.000000,0.000000
2026-06-10,8.000000,GÜZELYALI,Caution,True,AMMONIUM_NEAR_STANDARD,TEST,E3B_AUGMENTED_TRAIN_SYNTHETIC_TEST,SyntheticTest,Decision Tree,Caution,1.000000,0.000000,0.000000
2026-06-10,9.000000,HATAY,Caution,True,NITRITE_SUBSTANDARD,TEST,E3B_AUGMENTED_TRAIN_SYNTHETIC_TEST,SyntheticTest,Decision Tree,Caution,1.000000,0.000000,0.000000
2026-07-22,70.000000,ÇAMLIK MAH,Caution,True,AMMONIUM_NEAR_STANDARD,TEST,E3B_AUGMENTED_TRAIN_SYNTHETIC_TEST,SyntheticTest,Decision Tree,Caution,1.000000,0.000000,0.000000
2026-06-10,3.000000,KONAK,Caution,True,NITRITE_SUBSTANDARD,TEST,E3B_AUGMENTED_TRAIN_SYNTHETIC_TEST,SyntheticTest,Decision Tree,Caution,1.000000,0.000000,0.000000
2026-06-17,54.000000,YEŞİLÇAM,Caution,True,NITRITE_SUBSTANDARD,TEST,E3B_AUGMENTED_TRAIN_SYNTHETIC_TEST,SyntheticTest,Decision Tree,Caution,1.000000,0.000000,0.000000
2026-07-22,59.000000,ÇANKAYA,Caution,True,MULTI_PARAMETER_SUBSTANDARD,TEST,E3B_AUGMENTED_TRAIN_SYNTHETIC_TEST,SyntheticTest,Decision Tree,Caution,1.000000,0.000000,0.000000
2026-06-17,49.000000,ALAYBEY,Caution,True,AMMONIUM_NEAR_STANDARD,TEST,E3B_AUGMENTED_TRAIN_SYNTHETIC_TEST,SyntheticTest,Decision Tree,Caution,1.000000,0.000000,0.000000
2026-07-01,48.000000,EGEKENT-2,Caution,True,MULTI_PARAMETER_SUBSTANDARD,TEST,E3B_AUGMENTED_TRAIN_SYNTHETIC_TEST,SyntheticTest,Decision Tree,Caution,1.000000,0.000000,0.000000
2026-06-24,38.000000,EVKA-2,Caution,True,NITRITE_SUBSTANDARD,TEST,E3B_AUGMENTED_TRAIN_SYNTHETIC_TEST,SyntheticTest,Decision Tree,Caution,1.000000,0.000000,0.000000
2026-06-24,34.000000,ÇİĞLİ,Caution,True,MULTI_PARAMETER_SUBSTANDARD,TEST,E3B_AUGMENTED_TRAIN_SYNTHETIC_TEST,SyntheticTest,Decision Tree,Caution,1.000000,0.000000,0.000000
2026-07-01,47.000000,EVKA-5,Caution,True,AMMONIUM_NEAR_STANDARD,TEST,E3B_AUGMENTED_TRAIN_SYNTHETIC_TEST,SyntheticTest,Decision Tree,Caution,1.000000,0.000000,0.000000
2026-06-10,16.000000,GEDİZ,Caution,True,MULTI_PARAMETER_SUBSTANDARD,TEST,E3B_AUGMENTED_TRAIN_SYNTHETIC_TEST,SyntheticTest,Decision Tree,Caution,1.000000,0.000000,0.000000
2026-06-17,54.000000,YEŞİLÇAM,Caution,True,MULTI_PARAMETER_SUBSTANDARD,TEST,E3B_AUGMENTED_TRAIN_SYNTHETIC_TEST,SyntheticTest,Decision Tree,Caution,1.000000,0.000000,0.000000
2026-07-22,54.000000,YEŞİLÇAM,Caution,True,MULTI_PARAMETER_SUBSTANDARD,TEST,E3B_AUGMENTED_TRAIN_SYNTHETIC_TEST,SyntheticTest,Decision Tree,Caution,1.000000,0.000000,0.000000
2026-06-10,9.000000,HATAY,Caution,True,AMMONIUM_NEAR_STANDARD,TEST,E3B_AUGMENTED_TRAIN_SYNTHETIC_TEST,SyntheticTest,Decision Tree,Caution,1.000000,0.000000,0.000000
2026-06-24,37.000000,KARŞIYAKA,Caution,True,NITRITE_SUBSTANDARD,TEST,E3B_AUGMENTED_TRAIN_SYNTHETIC_TEST,SyntheticTest,Decision Tree,Caution,1.000000,0.000000,0.000000
2026-06-24,27.000000,ATATÜRK MAH,Caution,True,AMMONIUM_NEAR_STANDARD,TEST,E3B_AUGMENTED_TRAIN_SYNTHETIC_TEST,SyntheticTest,Decision Tree,Caution,1.000000,0.000000,0.000000
2026-07-01,45.000000,CUMHURİYET MAH,Caution,True,MULTI_PARAMETER_SUBSTANDARD,TEST,E3B_AUGMENTED_TRAIN_SYNTHETIC_TEST,SyntheticTest,Decision Tree,Caution,1.000000,0.000000,0.000000
2026-06-17,67.000000,ÇAMLIKULE,Caution,True,MULTI_PARAMETER_SUBSTANDARD,TEST,E3B_AUGMENTED_TRAIN_SYNTHETIC_TEST,SyntheticTest,Decision Tree,Caution,1.000000,0.000000,0.000000
2026-07-08,18.000000,BUCA,Caution,True,MULTI_PARAMETER_SUBSTANDARD,TEST,E3B_AUGMENTED_TRAIN_SYNTHETIC_TEST,SyntheticTest,Decision Tree,Caution,1.000000,0.000000,0.000000
2026-06-10,5.000000,NARLIDERE,Caution,True,AMMONIUM_NEAR_STANDARD,TEST,E3B_AUGMENTED_TRAIN_SYNTHETIC_TEST,SyntheticTest,Decision Tree,Caution,1.000000,0.000000,0.000000
2026-06-17,42.000000,YAMANLAR,Caution,True,NITRITE_SUBSTANDARD,TEST,E3B_AUGMENTED_TRAIN_SYNTHETIC_TEST,SyntheticTest,Decision Tree,Caution,1.000000,0.000000,0.000000
2026-06-24,33.000000,BALATÇIK,Caution,True,NITRITE_SUBSTANDARD,TEST,E3B_AUGMENTED_TRAIN_SYNTHETIC_TEST,SyntheticTest,Decision Tree,Caution,1.000000,0.000000,0.000000
2026-06-10,40.000000,GÜMÜŞPALA,Caution,True,MULTI_PARAMETER_SUBSTANDARD,TEST,E3B_AUGMENTED_TRAIN_SYNTHETIC_TEST,SyntheticTest,Decision Tree,Caution,1.000000,0.000000,0.000000
2026-06-10,2.000000,YENİŞEHİR,Caution,True,MULTI_PARAMETER_SUBSTANDARD,TEST,E3B_AUGMENTED_TRAIN_SYNTHETIC_TEST,SyntheticTest,Decision Tree,Caution,1.000000,0.000000,0.000000
2026-06-17,41.000000,DOĞANÇAY,Caution,True,MULTI_PARAMETER_SUBSTANDARD,TEST,E3B_AUGMENTED_TRAIN_SYNTHETIC_TEST,SyntheticTest,Decision Tree,Caution,1.000000,0.000000,0.000000
2026-06-24,15.000000,GAZİEMİR,Caution,True,NITRITE_SUBSTANDARD,TEST,E3B_AUGMENTED_TRAIN_SYNTHETIC_TEST,SyntheticTest,Decision Tree,Caution,1.000000,0.000000,0.000000
2026-06-10,15.000000,GAZİEMİR,Caution,True,MULTI_PARAMETER_SUBSTANDARD,TEST,E3B_AUGMENTED_TRAIN_SYNTHETIC_TEST,SyntheticTest,Decision Tree,Caution,1.000000,0.000000,0.000000
2026-06-17,51.000000,ÇAY MAH,Caution,True,NITRITE_SUBSTANDARD,TEST,E3B_AUGMENTED_TRAIN_SYNTHETIC_TEST,SyntheticTest,Decision Tree,Caution,1.000000,0.000000,0.000000
2026-07-22,67.000000,ÇAMLIKULE,Caution,True,NITRITE_SUBSTANDARD,TEST,E3B_AUGMENTED_TRAIN_SYNTHETIC_TEST,SyntheticTest,Decision Tree,Caution,1.000000,0.000000,0.000000
2026-07-08,30.000000,MANAVKUYU,Caution,True,NITRITE_SUBSTANDARD,TEST,E3B_AUGMENTED_TRAIN_SYNTHETIC_TEST,SyntheticTest,Decision Tree,Caution,1.000000,0.000000,0.000000
2026-06-17,69.000000,UĞUR MUMCU MAH,Caution,True,NITRITE_SUBSTANDARD,TEST,E3B_AUGMENTED_TRAIN_SYNTHETIC_TEST,SyntheticTest,Decision Tree,Caution,1.000000,0.000000,0.000000
2026-07-22,43.000000,POSTACI MAH,Caution,True,AMMONIUM_NEAR_STANDARD,TEST,E3B_AUGMENTED_TRAIN_SYNTHETIC_TEST,SyntheticTest,Decision Tree,Caution,1.000000,0.000000,0.000000
2026-07-08,4.000000,GÜZELBAHÇE,Caution,True,NITRITE_SUBSTANDARD,TEST,E3B_AUGMENTED_TRAIN_SYNTHETIC_TEST,SyntheticTest,Decision Tree,Caution,1.000000,0.000000,0.000000
2026-06-24,35.000000,BOSTANLI,Caution,True,NITRITE_SUBSTANDARD,TEST,E3B_AUGMENTED_TRAIN_SYNTHETIC_TEST,SyntheticTest,Decision Tree,Caution,1.000000,0.000000,0.000000
2026-07-01,68.000000,AKINCILAR,Caution,True,AMMONIUM_NEAR_STANDARD,TEST,E3B_AUGMENTED_TRAIN_SYNTHETIC_TEST,SyntheticTest,Decision Tree,Caution,1.000000,0.000000,0.000000
2026-06-17,70.000000,ÇAMLIK MAH,Caution,True,MULTI_PARAMETER_SUBSTANDARD,TEST,E3B_AUGMENTED_TRAIN_SYNTHETIC_TEST,SyntheticTest,Decision Tree,Caution,1.000000,0.000000,0.000000
2026-07-22,55.000000,MEVLANA,Caution,True,AMMONIUM_NEAR_STANDARD,TEST,E3B_AUGMENTED_TRAIN_SYNTHETIC_TEST,SyntheticTest,Decision Tree,Caution,1.000000,0.000000,0.000000
2026-07-29,32.000000,EGEKENT,Caution,True,AMMONIUM_NEAR_STANDARD,TEST,E3B_AUGMENTED_TRAIN_SYNTHETIC_TEST,SyntheticTest,Decision Tree,Caution,1.000000,0.000000,0.000000
2026-06-24,34.000000,ÇİĞLİ,Caution,True,MULTI_PARAMETER_SUBSTANDARD,TEST,E3B_AUGMENTED_TRAIN_SYNTHETIC_TEST,SyntheticTest,Decision Tree,Caution,1.000000,0.000000,0.000000
2026-06-10,17.000000,ŞİRİNYER,Caution,True,NITRITE_SUBSTANDARD,TEST,E3B_AUGMENTED_TRAIN_SYNTHETIC_TEST,SyntheticTest,Decision Tree,Caution,1.000000,0.000000,0.000000
2026-06-17,64.000000,ADATEPE,Caution,True,AMMONIUM_NEAR_STANDARD,TEST,E3B_AUGMENTED_TRAIN_SYNTHETIC_TEST,SyntheticTest,Decision Tree,Caution,1.000000,0.000000,0.000000
2026-07-29,32.000000,EGEKENT,Caution,True,NITRITE_SUBSTANDARD,TEST,E3B_AUGMENTED_TRAIN_SYNTHETIC_TEST,SyntheticTest,Decision Tree,Caution,1.000000,0.000000,0.000000
2026-06-10,26.000000,BORNOVA,Caution,True,AMMONIUM_NEAR_STANDARD,TEST,E3B_AUGMENTED_TRAIN_SYNTHETIC_TEST,SyntheticTest,Decision Tree,Caution,1.000000,0.000000,0.000000
2026-07-08,6.000000,BALÇOVA,Caution,True,NITRITE_SUBSTANDARD,TEST,E3B_AUGMENTED_TRAIN_SYNTHETIC_TEST,SyntheticTest,Decision Tree,Caution,1.000000,0.000000,0.000000
2026-06-10,19.000000,GÜLÇEŞME,Caution,True,MULTI_PARAMETER_SUBSTANDARD,TEST,E3B_AUGMENTED_TRAIN_SYNTHETIC_TEST,SyntheticTest,Decision Tree,Caution,1.000000,0.000000,0.000000
2026-07-08,20.000000,GÜLTEPE,Caution,True,MULTI_PARAMETER_SUBSTANDARD,TEST,E3B_AUGMENTED_TRAIN_SYNTHETIC_TEST,SyntheticTest,Decision Tree,Caution,1.000000,0.000000,0.000000
2026-06-24,34.000000,ÇİĞLİ,Caution,True,NITRITE_SUBSTANDARD,TEST,E3B_AUGMENTED_TRAIN_SYNTHETIC_TEST,SyntheticTest,Decision Tree,Caution,1.000000,0.000000,0.000000
2026-06-10,24.000000,PINARBAŞI,Caution,True,NITRITE_SUBSTANDARD,TEST,E3B_AUGMENTED_TRAIN_SYNTHETIC_TEST,SyntheticTest,Decision Tree,Caution,1.000000,0.000000,0.000000
2026-07-01,78.000000,İNCİRALTI,Caution,True,NITRITE_SUBSTANDARD,TEST,E3B_AUGMENTED_TRAIN_SYNTHETIC_TEST,SyntheticTest,Decision Tree,Caution,1.000000,0.000000,0.000000
2026-07-08,30.000000,MANAVKUYU,Caution,True,AMMONIUM_NEAR_STANDARD,TEST,E3B_AUGMENTED_TRAIN_SYNTHETIC_TEST,SyntheticTest,Decision Tree,Caution,1.000000,0.000000,0.000000
2026-06-24,20.000000,GÜLTEPE,Caution,True,NITRITE_SUBSTANDARD,TEST,E3B_AUGMENTED_TRAIN_SYNTHETIC_TEST,SyntheticTest,Decision Tree,Caution,1.000000,0.000000,0.000000
2026-07-08,4.000000,GÜZELBAHÇE,Caution,True,AMMONIUM_NEAR_STANDARD,TEST,E3B_AUGMENTED_TRAIN_SYNTHETIC_TEST,SyntheticTest,Decision Tree,Caution,1.000000,0.000000,0.000000
2026-07-08,27.000000,ATATÜRK MAH,Caution,True,MULTI_PARAMETER_SUBSTANDARD,TEST,E3B_AUGMENTED_TRAIN_SYNTHETIC_TEST,SyntheticTest,Decision Tree,Caution,1.000000,0.000000,0.000000
2026-06-17,42.000000,YAMANLAR,Caution,True,NITRITE_SUBSTANDARD,TEST,E3B_AUGMENTED_TRAIN_SYNTHETIC_TEST,SyntheticTest,Decision Tree,Caution,1.000000,0.000000,0.000000
2026-07-22,55.000000,MEVLANA,Caution,True,AMMONIUM_NEAR_STANDARD,TEST,E3B_AUGMENTED_TRAIN_SYNTHETIC_TEST,SyntheticTest,Decision Tree,Caution,1.000000,0.000000,0.000000
2026-07-08,28.000000,OSMANGAZİ,Caution,True,MULTI_PARAMETER_SUBSTANDARD,TEST,E3B_AUGMENTED_TRAIN_SYNTHETIC_TEST,SyntheticTest,Decision Tree,Caution,1.000000,0.000000,0.000000
2026-07-08,33.000000,BALATÇIK,Caution,True,NITRITE_SUBSTANDARD,TEST,E3B_AUGMENTED_TRAIN_SYNTHETIC_TEST,SyntheticTest,Decision Tree,Caution,1.000000,0.000000,0.000000
2026-07-29,25.000000,EVKA-3,Caution,True,NITRITE_SUBSTANDARD,TEST,E3B_AUGMENTED_TRAIN_SYNTHETIC_TEST,SyntheticTest,Decision Tree,Caution,1.000000,0.000000,0.000000
2026-06-24,5.000000,NARLIDERE,Caution,True,MULTI_PARAMETER_SUBSTANDARD,TEST,E3B_AUGMENTED_TRAIN_SYNTHETIC_TEST,SyntheticTest,Decision Tree,Caution,1.000000,0.000000,0.000000
2026-06-10,2.000000,YENİŞEHİR,Caution,True,NITRITE_SUBSTANDARD,TEST,E3B_AUGMENTED_TRAIN_SYNTHETIC_TEST,SyntheticTest,Decision Tree,Caution,1.000000,0.000000,0.000000
2026-06-10,22.000000,ÇAMDİBİ,Caution,True,NITRITE_SUBSTANDARD,TEST,E3B_AUGMENTED_TRAIN_SYNTHETIC_TEST,SyntheticTest,Decision Tree,Caution,1.000000,0.000000,0.000000
2026-06-10,3.000000,KONAK,Caution,True,AMMONIUM_NEAR_STANDARD,TEST,E3B_AUGMENTED_TRAIN_SYNTHETIC_TEST,SyntheticTest,Decision Tree,Caution,1.000000,0.000000,0.000000
2026-06-10,29.000000,ÖZKANLAR,Caution,True,MULTI_PARAMETER_SUBSTANDARD,TEST,E3B_AUGMENTED_TRAIN_SYNTHETIC_TEST,SyntheticTest,Decision Tree,Caution,1.000000,0.000000,0.000000
2026-07-01,56.000000,YEŞİLOVA,Caution,True,NITRITE_SUBSTANDARD,TEST,E3B_AUGMENTED_TRAIN_SYNTHETIC_TEST,SyntheticTest,Decision Tree,Caution,1.000000,0.000000,0.000000
2026-06-17,59.000000,ÇANKAYA,Caution,True,NITRITE_SUBSTANDARD,TEST,E3B_AUGMENTED_TRAIN_SYNTHETIC_TEST,SyntheticTest,Decision Tree,Caution,1.000000,0.000000,0.000000
2026-06-24,2.000000,YENİŞEHİR,Caution,True,MULTI_PARAMETER_SUBSTANDARD,TEST,E3B_AUGMENTED_TRAIN_SYNTHETIC_TEST,SyntheticTest,Decision Tree,Caution,1.000000,0.000000,0.000000
2026-06-17,61.000000,LEVENT,Caution,True,NITRITE_SUBSTANDARD,TEST,E3B_AUGMENTED_TRAIN_SYNTHETIC_TEST,SyntheticTest,Decision Tree,Caution,1.000000,0.000000,0.000000
2026-07-29,21.000000,ALTINDAĞ,Caution,True,AMMONIUM_NEAR_STANDARD,TEST,E3B_AUGMENTED_TRAIN_SYNTHETIC_TEST,SyntheticTest,Decision Tree,Caution,1.000000,0.000000,0.000000
2026-06-24,9.000000,HATAY,Caution,True,AMMONIUM_NEAR_STANDARD,TEST,E3B_AUGMENTED_TRAIN_SYNTHETIC_TEST,SyntheticTest,Decision Tree,Caution,1.000000,0.000000,0.000000
2026-07-22,41.000000,DOĞANÇAY,Caution,True,MULTI_PARAMETER_SUBSTANDARD,TEST,E3B_AUGMENTED_TRAIN_SYNTHETIC_TEST,SyntheticTest,Decision Tree,Caution,1.000000,0.000000,0.000000
2026-06-10,15.000000,GAZİEMİR,Caution,True,NITRITE_SUBSTANDARD,TEST,E3B_AUGMENTED_TRAIN_SYNTHETIC_TEST,SyntheticTest,Decision Tree,Caution,1.000000,0.000000,0.000000
2026-06-17,47.000000,EVKA-5,Caution,True,NITRITE_SUBSTANDARD,TEST,E3B_AUGMENTED_TRAIN_SYNTHETIC_TEST,SyntheticTest,Decision Tree,Caution,1.000000,0.000000,0.000000
2026-06-17,69.000000,UĞUR MUMCU MAH,Caution,True,NITRITE_SUBSTANDARD,TEST,E3B_AUGMENTED_TRAIN_SYNTHETIC_TEST,SyntheticTest,Decision Tree,Caution,1.000000,0.000000,0.000000
2026-06-17,57.000000,MERSİNLİ,Caution,True,NITRITE_SUBSTANDARD,TEST,E3B_AUGMENTED_TRAIN_SYNTHETIC_TEST,SyntheticTest,Decision Tree,Caution,1.000000,0.000000,0.000000
2026-07-01,47.000000,EVKA-5,Caution,True,MULTI_PARAMETER_SUBSTANDARD,TEST,E3B_AUGMENTED_TRAIN_SYNTHETIC_TEST,SyntheticTest,Decision Tree,Caution,1.000000,0.000000,0.000000
2026-07-08,27.000000,ATATÜRK MAH,Caution,True,AMMONIUM_NEAR_STANDARD,TEST,E3B_AUGMENTED_TRAIN_SYNTHETIC_TEST,SyntheticTest,Decision Tree,Caution,1.000000,0.000000,0.000000
2026-07-29,38.000000,EVKA-2,Caution,True,NITRITE_SUBSTANDARD,TEST,E3B_AUGMENTED_TRAIN_SYNTHETIC_TEST,SyntheticTest,Decision Tree,Caution,1.000000,0.000000,0.000000
2026-06-17,69.000000,UĞUR MUMCU MAH,Caution,True,AMMONIUM_NEAR_STANDARD,TEST,E3B_AUGMENTED_TRAIN_SYNTHETIC_TEST,SyntheticTest,Decision Tree,Caution,1.000000,0.000000,0.000000
2026-06-10,2.000000,YENİŞEHİR,Caution,True,MULTI_PARAMETER_SUBSTANDARD,TEST,E3B_AUGMENTED_TRAIN_SYNTHETIC_TEST,SyntheticTest,Decision Tree,Caution,1.000000,0.000000,0.000000
2026-07-08,15.000000,GAZİEMİR,Caution,True,AMMONIUM_NEAR_STANDARD,TEST,E3B_AUGMENTED_TRAIN_SYNTHETIC_TEST,SyntheticTest,Decision Tree,Caution,1.000000,0.000000,0.000000
2026-07-29,14.000000,ESKİ İZMİR,Caution,True,MULTI_PARAMETER_SUBSTANDARD,TEST,E3B_AUGMENTED_TRAIN_SYNTHETIC_TEST,SyntheticTest,Decision Tree,Caution,1.000000,0.000000,0.000000
2026-06-24,29.000000,ÖZKANLAR,Caution,True,MULTI_PARAMETER_SUBSTANDARD,TEST,E3B_AUGMENTED_TRAIN_SYNTHETIC_TEST,SyntheticTest,Decision Tree,Caution,1.000000,0.000000,0.000000
2026-07-08,27.000000,ATATÜRK MAH,Caution,True,NITRITE_SUBSTANDARD,TEST,E3B_AUGMENTED_TRAIN_SYNTHETIC_TEST,SyntheticTest,Decision Tree,Caution,1.000000,0.000000,0.000000
2026-06-10,30.000000,MANAVKUYU,Caution,True,AMMONIUM_NEAR_STANDARD,TEST,E3B_AUGMENTED_TRAIN_SYNTHETIC_TEST,SyntheticTest,Decision Tree,Caution,1.000000,0.000000,0.000000
2026-07-29,25.000000,EVKA-3,Caution,True,MULTI_PARAMETER_SUBSTANDARD,TEST,E3B_AUGMENTED_TRAIN_SYNTHETIC_TEST,SyntheticTest,Decision Tree,Caution,1.000000,0.000000,0.000000
2026-07-22,59.000000,ÇANKAYA,Caution,True,NITRITE_SUBSTANDARD,TEST,E3B_AUGMENTED_TRAIN_SYNTHETIC_TEST,SyntheticTest,Decision Tree,Caution,1.000000,0.000000,0.000000
2026-07-08,3.000000,KONAK,Caution,True,NITRITE_SUBSTANDARD,TEST,E3B_AUGMENTED_TRAIN_SYNTHETIC_TEST,SyntheticTest,Decision Tree,Caution,1.000000,0.000000,0.000000
2026-07-08,24.000000,PINARBAŞI,Caution,True,NITRITE_SUBSTANDARD,TEST,E3B_AUGMENTED_TRAIN_SYNTHETIC_TEST,SyntheticTest,Decision Tree,Caution,1.000000,0.000000,0.000000
2026-07-01,74.000000,UZUNDERE,Caution,True,NITRITE_SUBSTANDARD,TEST,E3B_AUGMENTED_TRAIN_SYNTHETIC_TEST,SyntheticTest,Decision Tree,Caution,1.000000,0.000000,0.000000
2026-06-24,4.000000,GÜZELBAHÇE,Caution,True,MULTI_PARAMETER_SUBSTANDARD,TEST,E3B_AUGMENTED_TRAIN_SYNTHETIC_TEST,SyntheticTest,Decision Tree,Caution,1.000000,0.000000,0.000000
2026-07-08,4.000000,GÜZELBAHÇE,Caution,True,MULTI_PARAMETER_SUBSTANDARD,TEST,E3B_AUGMENTED_TRAIN_SYNTHETIC_TEST,SyntheticTest,Decision Tree,Caution,1.000000,0.000000,0.000000
2026-06-17,56.000000,YEŞİLOVA,Caution,True,MULTI_PARAMETER_SUBSTANDARD,TEST,E3B_AUGMENTED_TRAIN_SYNTHETIC_TEST,SyntheticTest,Decision Tree,Caution,1.000000,0.000000,0.000000
2026-07-29,38.000000,EVKA-2,Caution,True,NITRITE_SUBSTANDARD,TEST,E3B_AUGMENTED_TRAIN_SYNTHETIC_TEST,SyntheticTest,Decision Tree,Caution,1.000000,0.000000,0.000000
2026-06-17,74.000000,UZUNDERE,Caution,True,MULTI_PARAMETER_SUBSTANDARD,TEST,E3B_AUGMENTED_TRAIN_SYNTHETIC_TEST,SyntheticTest,Decision Tree,Caution,1.000000,0.000000,0.000000
2026-07-29,30.000000,MANAVKUYU,Caution,True,AMMONIUM_NEAR_STANDARD,TEST,E3B_AUGMENTED_TRAIN_SYNTHETIC_TEST,SyntheticTest,Decision Tree,Caution,1.000000,0.000000,0.000000
2026-07-29,22.000000,ÇAMDİBİ,Caution,True,NITRITE_SUBSTANDARD,TEST,E3B_AUGMENTED_TRAIN_SYNTHETIC_TEST,SyntheticTest,Decision Tree,Caution,1.000000,0.000000,0.000000
2026-07-08,40.000000,GÜMÜŞPALA,Caution,True,MULTI_PARAMETER_SUBSTANDARD,TEST,E3B_AUGMENTED_TRAIN_SYNTHETIC_TEST,SyntheticTest,Decision Tree,Caution,1.000000,0.000000,0.000000
2026-07-01,42.000000,YAMANLAR,Caution,True,MULTI_PARAMETER_SUBSTANDARD,TEST,E3B_AUGMENTED_TRAIN_SYNTHETIC_TEST,SyntheticTest,Decision Tree,Caution,1.000000,0.000000,0.000000
2026-07-01,79.000000,ESENDERE,Caution,True,AMMONIUM_NEAR_STANDARD,TEST,E3B_AUGMENTED_TRAIN_SYNTHETIC_TEST,SyntheticTest,Decision Tree,Caution,1.000000,0.000000,0.000000
2026-07-08,8.000000,GÜZELYALI,Caution,True,AMMONIUM_NEAR_STANDARD,TEST,E3B_AUGMENTED_TRAIN_SYNTHETIC_TEST,SyntheticTest,Decision Tree,Caution,1.000000,0.000000,0.000000
2026-06-24,39.000000,ÖRNEKKÖY,Caution,True,NITRITE_SUBSTANDARD,TEST,E3B_AUGMENTED_TRAIN_SYNTHETIC_TEST,SyntheticTest,Decision Tree,Caution,1.000000,0.000000,0.000000
2026-06-24,20.000000,GÜLTEPE,Caution,True,AMMONIUM_NEAR_STANDARD,TEST,E3B_AUGMENTED_TRAIN_SYNTHETIC_TEST,SyntheticTest,Decision Tree,Caution,1.000000,0.000000,0.000000
2026-06-10,20.000000,GÜLTEPE,Caution,True,AMMONIUM_NEAR_STANDARD,TEST,E3B_AUGMENTED_TRAIN_SYNTHETIC_TEST,SyntheticTest,Decision Tree,Caution,1.000000,0.000000,0.000000
2026-06-17,79.000000,ESENDERE,Caution,True,AMMONIUM_NEAR_STANDARD,TEST,E3B_AUGMENTED_TRAIN_SYNTHETIC_TEST,SyntheticTest,Decision Tree,Caution,1.000000,0.000000,0.000000
2026-06-17,57.000000,MERSİNLİ,Caution,True,NITRITE_SUBSTANDARD,TEST,E3B_AUGMENTED_TRAIN_SYNTHETIC_TEST,SyntheticTest,Decision Tree,Caution,1.000000,0.000000,0.000000
2026-07-01,46.000000,GÜZELTEPE,Caution,True,AMMONIUM_NEAR_STANDARD,TEST,E3B_AUGMENTED_TRAIN_SYNTHETIC_TEST,SyntheticTest,Decision Tree,Caution,1.000000,0.000000,0.000000
2026-07-01,75.000000,CENNETÇEŞME,Caution,True,AMMONIUM_NEAR_STANDARD,TEST,E3B_AUGMENTED_TRAIN_SYNTHETIC_TEST,SyntheticTest,Decision Tree,Caution,1.000000,0.000000,0.000000
2026-07-29,22.000000,ÇAMDİBİ,Caution,True,MULTI_PARAMETER_SUBSTANDARD,TEST,E3B_AUGMENTED_TRAIN_SYNTHETIC_TEST,SyntheticTest,Decision Tree,Caution,1.000000,0.000000,0.000000
2026-07-29,23.000000,IŞIKKENT,Risk,True,COLIFORM_FAIL_FAST,TEST,E3B_AUGMENTED_TRAIN_SYNTHETIC_TEST,SyntheticTest,Decision Tree,Risk,0.000000,0.000000,1.000000
2026-07-29,2.000000,YENİŞEHİR,Risk,True,C_PERFRINGENS_FAIL_FAST,TEST,E3B_AUGMENTED_TRAIN_SYNTHETIC_TEST,SyntheticTest,Decision Tree,Risk,0.000000,0.000000,1.000000
2026-07-29,17.000000,ŞİRİNYER,Risk,True,E_COLI_FAIL_FAST,TEST,E3B_AUGMENTED_TRAIN_SYNTHETIC_TEST,SyntheticTest,Decision Tree,Risk,0.000000,0.000000,1.000000
2026-07-08,22.000000,ÇAMDİBİ,Risk,True,E_COLI_FAIL_FAST,TEST,E3B_AUGMENTED_TRAIN_SYNTHETIC_TEST,SyntheticTest,Decision Tree,Risk,0.000000,0.000000,1.000000
2026-06-24,23.000000,IŞIKKENT,Risk,True,COLIFORM_FAIL_FAST,TEST,E3B_AUGMENTED_TRAIN_SYNTHETIC_TEST,SyntheticTest,Decision Tree,Risk,0.000000,0.000000,1.000000
2026-07-29,20.000000,GÜLTEPE,Risk,True,COLIFORM_FAIL_FAST,TEST,E3B_AUGMENTED_TRAIN_SYNTHETIC_TEST,SyntheticTest,Decision Tree,Risk,0.000000,0.000000,1.000000
2026-07-08,32.000000,EGEKENT,Risk,True,COLIFORM_FAIL_FAST,TEST,E3B_AUGMENTED_TRAIN_SYNTHETIC_TEST,SyntheticTest,Decision Tree,Risk,0.000000,0.000000,1.000000
2026-07-08,20.000000,GÜLTEPE,Risk,True,NITRITE_FAIL_FAST,TEST,E3B_AUGMENTED_TRAIN_SYNTHETIC_TEST,SyntheticTest,Decision Tree,Risk,0.000000,0.000000,1.000000
2026-07-29,34.000000,ÇİĞLİ,Risk,True,NITRITE_FAIL_FAST,TEST,E3B_AUGMENTED_TRAIN_SYNTHETIC_TEST,SyntheticTest,Decision Tree,Risk,0.000000,0.000000,1.000000
2026-07-01,57.000000,MERSİNLİ,Risk,True,NITRITE_FAIL_FAST,TEST,E3B_AUGMENTED_TRAIN_SYNTHETIC_TEST,SyntheticTest,Decision Tree,Risk,0.000000,0.000000,1.000000
2026-07-29,21.000000,ALTINDAĞ,Risk,True,NITRITE_FAIL_FAST,TEST,E3B_AUGMENTED_TRAIN_SYNTHETIC_TEST,SyntheticTest,Decision Tree,Risk,0.000000,0.000000,1.000000
2026-06-10,37.000000,KARŞIYAKA,Risk,True,ARSENIC_FAIL_FAST,TEST,E3B_AUGMENTED_TRAIN_SYNTHETIC_TEST,SyntheticTest,Decision Tree,Risk,0.000000,0.000000,1.000000
2026-06-10,23.000000,IŞIKKENT,Risk,True,NITRITE_FAIL_FAST,TEST,E3B_AUGMENTED_TRAIN_SYNTHETIC_TEST,SyntheticTest,Decision Tree,Risk,0.000000,0.000000,1.000000
2026-06-10,19.000000,GÜLÇEŞME,Risk,True,C_PERFRINGENS_FAIL_FAST,TEST,E3B_AUGMENTED_TRAIN_SYNTHETIC_TEST,SyntheticTest,Decision Tree,Risk,0.000000,0.000000,1.000000
2026-06-17,76.000000,GÜZELBAHÇE,Risk,True,C_PERFRINGENS_FAIL_FAST,TEST,E3B_AUGMENTED_TRAIN_SYNTHETIC_TEST,SyntheticTest,Decision Tree,Risk,0.000000,0.000000,1.000000
2026-07-08,30.000000,MANAVKUYU,Risk,True,ARSENIC_FAIL_FAST,TEST,E3B_AUGMENTED_TRAIN_SYNTHETIC_TEST,SyntheticTest,Decision Tree,Risk,0.000000,0.000000,1.000000
2026-07-29,7.000000,ÜÇKUYULAR,Risk,True,C_PERFRINGENS_FAIL_FAST,TEST,E3B_AUGMENTED_TRAIN_SYNTHETIC_TEST,SyntheticTest,Decision Tree,Risk,0.000000,0.000000,1.000000
2026-06-24,26.000000,BORNOVA,Risk,True,E_COLI_FAIL_FAST,TEST,E3B_AUGMENTED_TRAIN_SYNTHETIC_TEST,SyntheticTest,Decision Tree,Risk,0.000000,0.000000,1.000000
2026-07-01,49.000000,ALAYBEY,Risk,True,C_PERFRINGENS_FAIL_FAST,TEST,E3B_AUGMENTED_TRAIN_SYNTHETIC_TEST,SyntheticTest,Decision Tree,Risk,0.000000,0.000000,1.000000
2026-07-22,52.000000,İZYUVA,Risk,True,C_PERFRINGENS_FAIL_FAST,TEST,E3B_AUGMENTED_TRAIN_SYNTHETIC_TEST,SyntheticTest,Decision Tree,Risk,0.000000,0.000000,1.000000
2026-06-17,45.000000,CUMHURİYET MAH,Risk,True,C_PERFRINGENS_FAIL_FAST,TEST,E3B_AUGMENTED_TRAIN_SYNTHETIC_TEST,SyntheticTest,Decision Tree,Risk,0.000000,0.000000,1.000000
2026-06-17,42.000000,YAMANLAR,Risk,True,NITRITE_FAIL_FAST,TEST,E3B_AUGMENTED_TRAIN_SYNTHETIC_TEST,SyntheticTest,Decision Tree,Risk,0.000000,0.000000,1.000000
2026-06-17,61.000000,LEVENT,Risk,True,C_PERFRINGENS_FAIL_FAST,TEST,E3B_AUGMENTED_TRAIN_SYNTHETIC_TEST,SyntheticTest,Decision Tree,Risk,0.000000,0.000000,1.000000
2026-07-29,30.000000,MANAVKUYU,Risk,True,ARSENIC_FAIL_FAST,TEST,E3B_AUGMENTED_TRAIN_SYNTHETIC_TEST,SyntheticTest,Decision Tree,Risk,0.000000,0.000000,1.000000
2026-06-17,43.000000,POSTACI MAH,Risk,True,E_COLI_FAIL_FAST,TEST,E3B_AUGMENTED_TRAIN_SYNTHETIC_TEST,SyntheticTest,Decision Tree,Risk,0.000000,0.000000,1.000000
2026-06-17,80.000000,KADİFEKALE,Risk,True,C_PERFRINGENS_FAIL_FAST,TEST,E3B_AUGMENTED_TRAIN_SYNTHETIC_TEST,SyntheticTest,Decision Tree,Risk,0.000000,0.000000,1.000000
2026-07-29,30.000000,MANAVKUYU,Risk,True,ARSENIC_FAIL_FAST,TEST,E3B_AUGMENTED_TRAIN_SYNTHETIC_TEST,SyntheticTest,Decision Tree,Risk,0.000000,0.000000,1.000000
2026-07-01,62.000000,UFUK MAH,Risk,True,C_PERFRINGENS_FAIL_FAST,TEST,E3B_AUGMENTED_TRAIN_SYNTHETIC_TEST,SyntheticTest,Decision Tree,Risk,0.000000,0.000000,1.000000
2026-06-10,39.000000,ÖRNEKKÖY,Risk,True,E_COLI_FAIL_FAST,TEST,E3B_AUGMENTED_TRAIN_SYNTHETIC_TEST,SyntheticTest,Decision Tree,Risk,0.000000,0.000000,1.000000
2026-06-17,43.000000,POSTACI MAH,Risk,True,NITRITE_FAIL_FAST,TEST,E3B_AUGMENTED_TRAIN_SYNTHETIC_TEST,SyntheticTest,Decision Tree,Risk,0.000000,0.000000,1.000000
2026-07-01,69.000000,UĞUR MUMCU MAH,Risk,True,C_PERFRINGENS_FAIL_FAST,TEST,E3B_AUGMENTED_TRAIN_SYNTHETIC_TEST,SyntheticTest,Decision Tree,Risk,0.000000,0.000000,1.000000
2026-07-22,48.000000,EGEKENT-2,Risk,True,COLIFORM_FAIL_FAST,TEST,E3B_AUGMENTED_TRAIN_SYNTHETIC_TEST,SyntheticTest,Decision Tree,Risk,0.000000,0.000000,1.000000
2026-07-01,47.000000,EVKA-5,Risk,True,COLIFORM_FAIL_FAST,TEST,E3B_AUGMENTED_TRAIN_SYNTHETIC_TEST,SyntheticTest,Decision Tree,Risk,0.000000,0.000000,1.000000
2026-06-17,55.000000,MEVLANA,Risk,True,NITRITE_FAIL_FAST,TEST,E3B_AUGMENTED_TRAIN_SYNTHETIC_TEST,SyntheticTest,Decision Tree,Risk,0.000000,0.000000,1.000000
2026-07-01,50.000000,CENGİZHAN,Risk,True,E_COLI_FAIL_FAST,TEST,E3B_AUGMENTED_TRAIN_SYNTHETIC_TEST,SyntheticTest,Decision Tree,Risk,0.000000,0.000000,1.000000
2026-06-24,16.000000,GEDİZ,Risk,True,NITRITE_FAIL_FAST,TEST,E3B_AUGMENTED_TRAIN_SYNTHETIC_TEST,SyntheticTest,Decision Tree,Risk,0.000000,0.000000,1.000000
2026-07-01,71.000000,AKTEPE,Risk,True,E_COLI_FAIL_FAST,TEST,E3B_AUGMENTED_TRAIN_SYNTHETIC_TEST,SyntheticTest,Decision Tree,Risk,0.000000,0.000000,1.000000
2026-07-29,23.000000,IŞIKKENT,Risk,True,E_COLI_FAIL_FAST,TEST,E3B_AUGMENTED_TRAIN_SYNTHETIC_TEST,SyntheticTest,Decision Tree,Risk,0.000000,0.000000,1.000000
2026-06-10,33.000000,BALATÇIK,Risk,True,C_PERFRINGENS_FAIL_FAST,TEST,E3B_AUGMENTED_TRAIN_SYNTHETIC_TEST,SyntheticTest,Decision Tree,Risk,0.000000,0.000000,1.000000
2026-07-01,47.000000,EVKA-5,Risk,True,NITRITE_FAIL_FAST,TEST,E3B_AUGMENTED_TRAIN_SYNTHETIC_TEST,SyntheticTest,Decision Tree,Risk,0.000000,0.000000,1.000000
2026-06-24,23.000000,IŞIKKENT,Risk,True,COLIFORM_FAIL_FAST,TEST,E3B_AUGMENTED_TRAIN_SYNTHETIC_TEST,SyntheticTest,Decision Tree,Risk,0.000000,0.000000,1.000000
2026-07-01,75.000000,CENNETÇEŞME,Risk,True,C_PERFRINGENS_FAIL_FAST,TEST,E3B_AUGMENTED_TRAIN_SYNTHETIC_TEST,SyntheticTest,Decision Tree,Risk,0.000000,0.000000,1.000000
2026-07-29,23.000000,IŞIKKENT,Risk,True,C_PERFRINGENS_FAIL_FAST,TEST,E3B_AUGMENTED_TRAIN_SYNTHETIC_TEST,SyntheticTest,Decision Tree,Risk,0.000000,0.000000,1.000000
2026-06-10,23.000000,IŞIKKENT,Risk,True,NITRITE_FAIL_FAST,TEST,E3B_AUGMENTED_TRAIN_SYNTHETIC_TEST,SyntheticTest,Decision Tree,Risk,0.000000,0.000000,1.000000
2026-06-24,4.000000,GÜZELBAHÇE,Risk,True,COLIFORM_FAIL_FAST,TEST,E3B_AUGMENTED_TRAIN_SYNTHETIC_TEST,SyntheticTest,Decision Tree,Risk,0.000000,0.000000,1.000000
2026-07-08,16.000000,GEDİZ,Risk,True,NITRITE_FAIL_FAST,TEST,E3B_AUGMENTED_TRAIN_SYNTHETIC_TEST,SyntheticTest,Decision Tree,Risk,0.000000,0.000000,1.000000
2026-07-08,9.000000,HATAY,Risk,True,NITRITE_FAIL_FAST,TEST,E3B_AUGMENTED_TRAIN_SYNTHETIC_TEST,SyntheticTest,Decision Tree,Risk,0.000000,0.000000,1.000000
2026-07-08,21.000000,ALTINDAĞ,Risk,True,E_COLI_FAIL_FAST,TEST,E3B_AUGMENTED_TRAIN_SYNTHETIC_TEST,SyntheticTest,Decision Tree,Risk,0.000000,0.000000,1.000000
2026-06-10,6.000000,BALÇOVA,Risk,True,C_PERFRINGENS_FAIL_FAST,TEST,E3B_AUGMENTED_TRAIN_SYNTHETIC_TEST,SyntheticTest,Decision Tree,Risk,0.000000,0.000000,1.000000
2026-06-17,76.000000,GÜZELBAHÇE,Risk,True,C_PERFRINGENS_FAIL_FAST,TEST,E3B_AUGMENTED_TRAIN_SYNTHETIC_TEST,SyntheticTest,Decision Tree,Risk,0.000000,0.000000,1.000000
2026-06-24,34.000000,ÇİĞLİ,Risk,True,NITRITE_FAIL_FAST,TEST,E3B_AUGMENTED_TRAIN_SYNTHETIC_TEST,SyntheticTest,Decision Tree,Risk,0.000000,0.000000,1.000000
2026-06-10,22.000000,ÇAMDİBİ,Risk,True,E_COLI_FAIL_FAST,TEST,E3B_AUGMENTED_TRAIN_SYNTHETIC_TEST,SyntheticTest,Decision Tree,Risk,0.000000,0.000000,1.000000
2026-07-08,21.000000,ALTINDAĞ,Risk,True,ARSENIC_FAIL_FAST,TEST,E3B_AUGMENTED_TRAIN_SYNTHETIC_TEST,SyntheticTest,Decision Tree,Risk,0.000000,0.000000,1.000000
2026-07-08,3.000000,KONAK,Risk,True,E_COLI_FAIL_FAST,TEST,E3B_AUGMENTED_TRAIN_SYNTHETIC_TEST,SyntheticTest,Decision Tree,Risk,0.000000,0.000000,1.000000
2026-06-24,27.000000,ATATÜRK MAH,Risk,True,ARSENIC_FAIL_FAST,TEST,E3B_AUGMENTED_TRAIN_SYNTHETIC_TEST,SyntheticTest,Decision Tree,Risk,0.000000,0.000000,1.000000
2026-06-10,36.000000,ŞEMİKLER,Risk,True,C_PERFRINGENS_FAIL_FAST,TEST,E3B_AUGMENTED_TRAIN_SYNTHETIC_TEST,SyntheticTest,Decision Tree,Risk,0.000000,0.000000,1.000000
2026-07-29,33.000000,BALATÇIK,Risk,True,NITRITE_FAIL_FAST,TEST,E3B_AUGMENTED_TRAIN_SYNTHETIC_TEST,SyntheticTest,Decision Tree,Risk,0.000000,0.000000,1.000000
2026-06-17,70.000000,ÇAMLIK MAH,Risk,True,E_COLI_FAIL_FAST,TEST,E3B_AUGMENTED_TRAIN_SYNTHETIC_TEST,SyntheticTest,Decision Tree,Risk,0.000000,0.000000,1.000000
2026-07-01,57.000000,MERSİNLİ,Risk,True,NITRITE_FAIL_FAST,TEST,E3B_AUGMENTED_TRAIN_SYNTHETIC_TEST,SyntheticTest,Decision Tree,Risk,0.000000,0.000000,1.000000
2026-07-22,67.000000,ÇAMLIKULE,Risk,True,C_PERFRINGENS_FAIL_FAST,TEST,E3B_AUGMENTED_TRAIN_SYNTHETIC_TEST,SyntheticTest,Decision Tree,Risk,0.000000,0.000000,1.000000
2026-07-22,47.000000,EVKA-5,Risk,True,E_COLI_FAIL_FAST,TEST,E3B_AUGMENTED_TRAIN_SYNTHETIC_TEST,SyntheticTest,Decision Tree,Risk,0.000000,0.000000,1.000000
2026-07-08,16.000000,GEDİZ,Risk,True,COLIFORM_FAIL_FAST,TEST,E3B_AUGMENTED_TRAIN_SYNTHETIC_TEST,SyntheticTest,Decision Tree,Risk,0.000000,0.000000,1.000000
2026-07-22,75.000000,CENNETÇEŞME,Risk,True,C_PERFRINGENS_FAIL_FAST,TEST,E3B_AUGMENTED_TRAIN_SYNTHETIC_TEST,SyntheticTest,Decision Tree,Risk,0.000000,0.000000,1.000000
2026-07-22,42.000000,YAMANLAR,Risk,True,E_COLI_FAIL_FAST,TEST,E3B_AUGMENTED_TRAIN_SYNTHETIC_TEST,SyntheticTest,Decision Tree,Risk,0.000000,0.000000,1.000000
2026-06-10,28.000000,OSMANGAZİ,Risk,True,COLIFORM_FAIL_FAST,TEST,E3B_AUGMENTED_TRAIN_SYNTHETIC_TEST,SyntheticTest,Decision Tree,Risk,0.000000,0.000000,1.000000
2026-06-24,18.000000,BUCA,Risk,True,COLIFORM_FAIL_FAST,TEST,E3B_AUGMENTED_TRAIN_SYNTHETIC_TEST,SyntheticTest,Decision Tree,Risk,0.000000,0.000000,1.000000
2026-06-24,13.000000,KARABAĞLAR,Risk,True,NITRITE_FAIL_FAST,TEST,E3B_AUGMENTED_TRAIN_SYNTHETIC_TEST,SyntheticTest,Decision Tree,Risk,0.000000,0.000000,1.000000
2026-06-17,69.000000,UĞUR MUMCU MAH,Risk,True,NITRITE_FAIL_FAST,TEST,E3B_AUGMENTED_TRAIN_SYNTHETIC_TEST,SyntheticTest,Decision Tree,Risk,0.000000,0.000000,1.000000
2026-06-24,22.000000,ÇAMDİBİ,Risk,True,C_PERFRINGENS_FAIL_FAST,TEST,E3B_AUGMENTED_TRAIN_SYNTHETIC_TEST,SyntheticTest,Decision Tree,Risk,0.000000,0.000000,1.000000
2026-06-10,5.000000,NARLIDERE,Risk,True,E_COLI_FAIL_FAST,TEST,E3B_AUGMENTED_TRAIN_SYNTHETIC_TEST,SyntheticTest,Decision Tree,Risk,0.000000,0.000000,1.000000
2026-06-17,49.000000,ALAYBEY,Risk,True,E_COLI_FAIL_FAST,TEST,E3B_AUGMENTED_TRAIN_SYNTHETIC_TEST,SyntheticTest,Decision Tree,Risk,0.000000,0.000000,1.000000
2026-07-08,24.000000,PINARBAŞI,Risk,True,COLIFORM_FAIL_FAST,TEST,E3B_AUGMENTED_TRAIN_SYNTHETIC_TEST,SyntheticTest,Decision Tree,Risk,0.000000,0.000000,1.000000
2026-06-10,25.000000,EVKA-3,Risk,True,E_COLI_FAIL_FAST,TEST,E3B_AUGMENTED_TRAIN_SYNTHETIC_TEST,SyntheticTest,Decision Tree,Risk,0.000000,0.000000,1.000000
2026-07-08,28.000000,OSMANGAZİ,Risk,True,NITRITE_FAIL_FAST,TEST,E3B_AUGMENTED_TRAIN_SYNTHETIC_TEST,SyntheticTest,Decision Tree,Risk,0.000000,0.000000,1.000000
2026-07-29,35.000000,BOSTANLI,Risk,True,E_COLI_FAIL_FAST,TEST,E3B_AUGMENTED_TRAIN_SYNTHETIC_TEST,SyntheticTest,Decision Tree,Risk,0.000000,0.000000,1.000000
2026-07-01,70.000000,ÇAMLIK MAH,Risk,True,NITRITE_FAIL_FAST,TEST,E3B_AUGMENTED_TRAIN_SYNTHETIC_TEST,SyntheticTest,Decision Tree,Risk,0.000000,0.000000,1.000000
2026-07-08,15.000000,GAZİEMİR,Risk,True,NITRITE_FAIL_FAST,TEST,E3B_AUGMENTED_TRAIN_SYNTHETIC_TEST,SyntheticTest,Decision Tree,Risk,0.000000,0.000000,1.000000
2026-07-01,48.000000,EGEKENT-2,Risk,True,NITRITE_FAIL_FAST,TEST,E3B_AUGMENTED_TRAIN_SYNTHETIC_TEST,SyntheticTest,Decision Tree,Risk,0.000000,0.000000,1.000000
2026-06-17,72.000000,9 EYLÜL MAH,Risk,True,ARSENIC_FAIL_FAST,TEST,E3B_AUGMENTED_TRAIN_SYNTHETIC_TEST,SyntheticTest,Decision Tree,Risk,0.000000,0.000000,1.000000
2026-07-01,80.000000,KADİFEKALE,Risk,True,ARSENIC_FAIL_FAST,TEST,E3B_AUGMENTED_TRAIN_SYNTHETIC_TEST,SyntheticTest,Decision Tree,Risk,0.000000,0.000000,1.000000
2026-06-24,16.000000,GEDİZ,Risk,True,E_COLI_FAIL_FAST,TEST,E3B_AUGMENTED_TRAIN_SYNTHETIC_TEST,SyntheticTest,Decision Tree,Risk,0.000000,0.000000,1.000000
2026-06-24,18.000000,BUCA,Risk,True,E_COLI_FAIL_FAST,TEST,E3B_AUGMENTED_TRAIN_SYNTHETIC_TEST,SyntheticTest,Decision Tree,Risk,0.000000,0.000000,1.000000
2026-07-29,19.000000,GÜLÇEŞME,Risk,True,NITRITE_FAIL_FAST,TEST,E3B_AUGMENTED_TRAIN_SYNTHETIC_TEST,SyntheticTest,Decision Tree,Risk,0.000000,0.000000,1.000000
2026-06-10,39.000000,ÖRNEKKÖY,Risk,True,ARSENIC_FAIL_FAST,TEST,E3B_AUGMENTED_TRAIN_SYNTHETIC_TEST,SyntheticTest,Decision Tree,Risk,0.000000,0.000000,1.000000
2026-07-08,32.000000,EGEKENT,Risk,True,ARSENIC_FAIL_FAST,TEST,E3B_AUGMENTED_TRAIN_SYNTHETIC_TEST,SyntheticTest,Decision Tree,Risk,0.000000,0.000000,1.000000
2026-06-10,29.000000,ÖZKANLAR,Risk,True,NITRITE_FAIL_FAST,TEST,E3B_AUGMENTED_TRAIN_SYNTHETIC_TEST,SyntheticTest,Decision Tree,Risk,0.000000,0.000000,1.000000
2026-07-08,27.000000,ATATÜRK MAH,Risk,True,C_PERFRINGENS_FAIL_FAST,TEST,E3B_AUGMENTED_TRAIN_SYNTHETIC_TEST,SyntheticTest,Decision Tree,Risk,0.000000,0.000000,1.000000
2026-06-10,28.000000,OSMANGAZİ,Risk,True,C_PERFRINGENS_FAIL_FAST,TEST,E3B_AUGMENTED_TRAIN_SYNTHETIC_TEST,SyntheticTest,Decision Tree,Risk,0.000000,0.000000,1.000000
2026-07-08,17.000000,ŞİRİNYER,Risk,True,NITRITE_FAIL_FAST,TEST,E3B_AUGMENTED_TRAIN_SYNTHETIC_TEST,SyntheticTest,Decision Tree,Risk,0.000000,0.000000,1.000000
2026-07-01,66.000000,KOZAĞAÇ,Risk,True,NITRITE_FAIL_FAST,TEST,E3B_AUGMENTED_TRAIN_SYNTHETIC_TEST,SyntheticTest,Decision Tree,Risk,0.000000,0.000000,1.000000
2026-06-24,40.000000,GÜMÜŞPALA,Risk,True,COLIFORM_FAIL_FAST,TEST,E3B_AUGMENTED_TRAIN_SYNTHETIC_TEST,SyntheticTest,Decision Tree,Risk,0.000000,0.000000,1.000000
2026-06-10,14.000000,ESKİ İZMİR,Risk,True,ARSENIC_FAIL_FAST,TEST,E3B_AUGMENTED_TRAIN_SYNTHETIC_TEST,SyntheticTest,Decision Tree,Risk,0.000000,0.000000,1.000000
2026-06-24,30.000000,MANAVKUYU,Risk,True,C_PERFRINGENS_FAIL_FAST,TEST,E3B_AUGMENTED_TRAIN_SYNTHETIC_TEST,SyntheticTest,Decision Tree,Risk,0.000000,0.000000,1.000000
2026-06-24,38.000000,EVKA-2,Risk,True,C_PERFRINGENS_FAIL_FAST,TEST,E3B_AUGMENTED_TRAIN_SYNTHETIC_TEST,SyntheticTest,Decision Tree,Risk,0.000000,0.000000,1.000000
2026-07-08,5.000000,NARLIDERE,Risk,True,ARSENIC_FAIL_FAST,TEST,E3B_AUGMENTED_TRAIN_SYNTHETIC_TEST,SyntheticTest,Decision Tree,Risk,0.000000,0.000000,1.000000
2026-07-29,14.000000,ESKİ İZMİR,Risk,True,E_COLI_FAIL_FAST,TEST,E3B_AUGMENTED_TRAIN_SYNTHETIC_TEST,SyntheticTest,Decision Tree,Risk,0.000000,0.000000,1.000000
2026-06-10,35.000000,BOSTANLI,Risk,True,COLIFORM_FAIL_FAST,TEST,E3B_AUGMENTED_TRAIN_SYNTHETIC_TEST,SyntheticTest,Decision Tree,Risk,0.000000,0.000000,1.000000
2026-07-01,70.000000,ÇAMLIK MAH,Risk,True,C_PERFRINGENS_FAIL_FAST,TEST,E3B_AUGMENTED_TRAIN_SYNTHETIC_TEST,SyntheticTest,Decision Tree,Risk,0.000000,0.000000,1.000000
2026-07-01,63.000000,EVKA-1,Risk,True,ARSENIC_FAIL_FAST,TEST,E3B_AUGMENTED_TRAIN_SYNTHETIC_TEST,SyntheticTest,Decision Tree,Risk,0.000000,0.000000,1.000000
2026-06-17,74.000000,UZUNDERE,Risk,True,NITRITE_FAIL_FAST,TEST,E3B_AUGMENTED_TRAIN_SYNTHETIC_TEST,SyntheticTest,Decision Tree,Risk,0.000000,0.000000,1.000000
2026-06-10,22.000000,ÇAMDİBİ,Risk,True,COLIFORM_FAIL_FAST,TEST,E3B_AUGMENTED_TRAIN_SYNTHETIC_TEST,SyntheticTest,Decision Tree,Risk,0.000000,0.000000,1.000000
2026-07-08,38.000000,EVKA-2,Risk,True,E_COLI_FAIL_FAST,TEST,E3B_AUGMENTED_TRAIN_SYNTHETIC_TEST,SyntheticTest,Decision Tree,Risk,0.000000,0.000000,1.000000
2026-06-10,24.000000,PINARBAŞI,Risk,True,COLIFORM_FAIL_FAST,TEST,E3B_AUGMENTED_TRAIN_SYNTHETIC_TEST,SyntheticTest,Decision Tree,Risk,0.000000,0.000000,1.000000
2026-07-29,20.000000,GÜLTEPE,Risk,True,NITRITE_FAIL_FAST,TEST,E3B_AUGMENTED_TRAIN_SYNTHETIC_TEST,SyntheticTest,Decision Tree,Risk,0.000000,0.000000,1.000000
2026-07-29,16.000000,GEDİZ,Risk,True,NITRITE_FAIL_FAST,TEST,E3B_AUGMENTED_TRAIN_SYNTHETIC_TEST,SyntheticTest,Decision Tree,Risk,0.000000,0.000000,1.000000
2026-07-01,56.000000,YEŞİLOVA,Risk,True,E_COLI_FAIL_FAST,TEST,E3B_AUGMENTED_TRAIN_SYNTHETIC_TEST,SyntheticTest,Decision Tree,Risk,0.000000,0.000000,1.000000
2026-06-17,75.000000,CENNETÇEŞME,Risk,True,C_PERFRINGENS_FAIL_FAST,TEST,E3B_AUGMENTED_TRAIN_SYNTHETIC_TEST,SyntheticTest,Decision Tree,Risk,0.000000,0.000000,1.000000
2026-06-17,76.000000,GÜZELBAHÇE,Risk,True,NITRITE_FAIL_FAST,TEST,E3B_AUGMENTED_TRAIN_SYNTHETIC_TEST,SyntheticTest,Decision Tree,Risk,0.000000,0.000000,1.000000
2026-06-17,44.000000,YAMAÇ MAH,Risk,True,NITRITE_FAIL_FAST,TEST,E3B_AUGMENTED_TRAIN_SYNTHETIC_TEST,SyntheticTest,Decision Tree,Risk,0.000000,0.000000,1.000000
2026-07-01,41.000000,DOĞANÇAY,Risk,True,ARSENIC_FAIL_FAST,TEST,E3B_AUGMENTED_TRAIN_SYNTHETIC_TEST,SyntheticTest,Decision Tree,Risk,0.000000,0.000000,1.000000
2026-07-01,47.000000,EVKA-5,Risk,True,ARSENIC_FAIL_FAST,TEST,E3B_AUGMENTED_TRAIN_SYNTHETIC_TEST,SyntheticTest,Decision Tree,Risk,0.000000,0.000000,1.000000
2026-07-08,37.000000,KARŞIYAKA,Risk,True,ARSENIC_FAIL_FAST,TEST,E3B_AUGMENTED_TRAIN_SYNTHETIC_TEST,SyntheticTest,Decision Tree,Risk,0.000000,0.000000,1.000000
2026-06-10,19.000000,GÜLÇEŞME,Risk,True,COLIFORM_FAIL_FAST,TEST,E3B_AUGMENTED_TRAIN_SYNTHETIC_TEST,SyntheticTest,Decision Tree,Risk,0.000000,0.000000,1.000000
2026-06-10,28.000000,OSMANGAZİ,Risk,True,COLIFORM_FAIL_FAST,TEST,E3B_AUGMENTED_TRAIN_SYNTHETIC_TEST,SyntheticTest,Decision Tree,Risk,0.000000,0.000000,1.000000
2026-07-08,7.000000,ÜÇKUYULAR,Risk,True,COLIFORM_FAIL_FAST,TEST,E3B_AUGMENTED_TRAIN_SYNTHETIC_TEST,SyntheticTest,Decision Tree,Risk,0.000000,0.000000,1.000000
2026-06-10,3.000000,KONAK,Risk,True,COLIFORM_FAIL_FAST,TEST,E3B_AUGMENTED_TRAIN_SYNTHETIC_TEST,SyntheticTest,Decision Tree,Risk,0.000000,0.000000,1.000000
2026-07-08,24.000000,PINARBAŞI,Risk,True,E_COLI_FAIL_FAST,TEST,E3B_AUGMENTED_TRAIN_SYNTHETIC_TEST,SyntheticTest,Decision Tree,Risk,0.000000,0.000000,1.000000
2026-06-17,61.000000,LEVENT,Good,False,REAL,REAL,E3_AUGMENTED_TRAIN_MIXED_TEST,MixedTest,Decision Tree,Good,0.000000,1.000000,0.000000
2026-06-17,69.000000,UĞUR MUMCU MAH,Good,False,REAL,REAL,E3_AUGMENTED_TRAIN_MIXED_TEST,MixedTest,Decision Tree,Good,0.000000,1.000000,0.000000
2026-06-10,38.000000,EVKA-2,Good,False,REAL,REAL,E3_AUGMENTED_TRAIN_MIXED_TEST,MixedTest,Decision Tree,Good,0.000000,1.000000,0.000000
2026-07-22,55.000000,MEVLANA,Caution,True,AMMONIUM_NEAR_STANDARD,TEST,E3_AUGMENTED_TRAIN_MIXED_TEST,MixedTest,Decision Tree,Caution,1.000000,0.000000,0.000000
2026-06-17,79.000000,ESENDERE,Good,False,REAL,REAL,E3_AUGMENTED_TRAIN_MIXED_TEST,MixedTest,Decision Tree,Good,0.000000,1.000000,0.000000
2026-07-29,33.000000,BALATÇIK,Good,False,REAL,REAL,E3_AUGMENTED_TRAIN_MIXED_TEST,MixedTest,Decision Tree,Good,0.000000,1.000000,0.000000
2026-07-29,5.000000,NARLIDERE,Good,False,REAL,REAL,E3_AUGMENTED_TRAIN_MIXED_TEST,MixedTest,Decision Tree,Good,0.000000,1.000000,0.000000
2026-06-10,13.000000,KARABAĞLAR,Good,False,REAL,REAL,E3_AUGMENTED_TRAIN_MIXED_TEST,MixedTest,Decision Tree,Good,0.000000,1.000000,0.000000
2026-07-01,48.000000,EGEKENT-2,Risk,True,NITRITE_FAIL_FAST,TEST,E3_AUGMENTED_TRAIN_MIXED_TEST,MixedTest,Decision Tree,Risk,0.000000,0.000000,1.000000
2026-07-29,38.000000,EVKA-2,Good,False,REAL,REAL,E3_AUGMENTED_TRAIN_MIXED_TEST,MixedTest,Decision Tree,Good,0.000000,1.000000,0.000000
2026-06-24,5.000000,NARLIDERE,Good,False,REAL,REAL,E3_AUGMENTED_TRAIN_MIXED_TEST,MixedTest,Decision Tree,Good,0.000000,1.000000,0.000000
2026-06-17,80.000000,KADİFEKALE,Good,False,REAL,REAL,E3_AUGMENTED_TRAIN_MIXED_TEST,MixedTest,Decision Tree,Good,0.000000,1.000000,0.000000
2026-07-01,75.000000,CENNETÇEŞME,Caution,True,AMMONIUM_NEAR_STANDARD,TEST,E3_AUGMENTED_TRAIN_MIXED_TEST,MixedTest,Decision Tree,Caution,1.000000,0.000000,0.000000
2026-06-24,11.000000,YEŞİLYURT,Good,False,REAL,REAL,E3_AUGMENTED_TRAIN_MIXED_TEST,MixedTest,Decision Tree,Good,0.000000,1.000000,0.000000
2026-07-29,32.000000,EGEKENT,Caution,True,NITRITE_SUBSTANDARD,TEST,E3_AUGMENTED_TRAIN_MIXED_TEST,MixedTest,Decision Tree,Caution,1.000000,0.000000,0.000000
2026-06-24,15.000000,GAZİEMİR,Caution,True,NITRITE_SUBSTANDARD,TEST,E3_AUGMENTED_TRAIN_MIXED_TEST,MixedTest,Decision Tree,Caution,1.000000,0.000000,0.000000
2026-07-01,47.000000,EVKA-5,Risk,True,ARSENIC_FAIL_FAST,TEST,E3_AUGMENTED_TRAIN_MIXED_TEST,MixedTest,Decision Tree,Risk,0.000000,0.000000,1.000000
2026-06-17,76.000000,GÜZELBAHÇE,Risk,True,NITRITE_FAIL_FAST,TEST,E3_AUGMENTED_TRAIN_MIXED_TEST,MixedTest,Decision Tree,Risk,0.000000,0.000000,1.000000
2026-07-29,35.000000,BOSTANLI,Risk,True,E_COLI_FAIL_FAST,TEST,E3_AUGMENTED_TRAIN_MIXED_TEST,MixedTest,Decision Tree,Risk,0.000000,0.000000,1.000000
2026-06-24,4.000000,GÜZELBAHÇE,Good,False,REAL,REAL,E3_AUGMENTED_TRAIN_MIXED_TEST,MixedTest,Decision Tree,Good,0.000000,1.000000,0.000000
2026-06-10,2.000000,YENİŞEHİR,Good,False,REAL,REAL,E3_AUGMENTED_TRAIN_MIXED_TEST,MixedTest,Decision Tree,Good,0.000000,1.000000,0.000000
2026-06-24,23.000000,IŞIKKENT,Good,False,REAL,REAL,E3_AUGMENTED_TRAIN_MIXED_TEST,MixedTest,Decision Tree,Good,0.000000,1.000000,0.000000
2026-06-10,15.000000,GAZİEMİR,Good,False,REAL,REAL,E3_AUGMENTED_TRAIN_MIXED_TEST,MixedTest,Decision Tree,Good,0.000000,1.000000,0.000000
2026-07-22,42.000000,YAMANLAR,Risk,True,E_COLI_FAIL_FAST,TEST,E3_AUGMENTED_TRAIN_MIXED_TEST,MixedTest,Decision Tree,Risk,0.000000,0.000000,1.000000
2026-06-24,3.000000,KONAK,Good,False,REAL,REAL,E3_AUGMENTED_TRAIN_MIXED_TEST,MixedTest,Decision Tree,Good,0.000000,1.000000,0.000000
2026-07-01,72.000000,9 EYLÜL MAH,Good,False,REAL,REAL,E3_AUGMENTED_TRAIN_MIXED_TEST,MixedTest,Decision Tree,Good,0.000000,1.000000,0.000000
2026-07-22,41.000000,DOĞANÇAY,Caution,True,MULTI_PARAMETER_SUBSTANDARD,TEST,E3_AUGMENTED_TRAIN_MIXED_TEST,MixedTest,Decision Tree,Caution,1.000000,0.000000,0.000000
2026-07-29,14.000000,ESKİ İZMİR,Caution,True,MULTI_PARAMETER_SUBSTANDARD,TEST,E3_AUGMENTED_TRAIN_MIXED_TEST,MixedTest,Decision Tree,Caution,1.000000,0.000000,0.000000
2026-06-10,35.000000,BOSTANLI,Good,False,REAL,REAL,E3_AUGMENTED_TRAIN_MIXED_TEST,MixedTest,Decision Tree,Good,0.000000,1.000000,0.000000
2026-07-08,21.000000,ALTINDAĞ,Risk,True,ARSENIC_FAIL_FAST,TEST,E3_AUGMENTED_TRAIN_MIXED_TEST,MixedTest,Decision Tree,Risk,0.000000,0.000000,1.000000
2026-07-08,29.000000,ÖZKANLAR,Good,False,REAL,REAL,E3_AUGMENTED_TRAIN_MIXED_TEST,MixedTest,Decision Tree,Good,0.000000,1.000000,0.000000
2026-07-01,69.000000,UĞUR MUMCU MAH,Good,False,REAL,REAL,E3_AUGMENTED_TRAIN_MIXED_TEST,MixedTest,Decision Tree,Good,0.000000,1.000000,0.000000
2026-07-22,48.000000,EGEKENT-2,Risk,True,COLIFORM_FAIL_FAST,TEST,E3_AUGMENTED_TRAIN_MIXED_TEST,MixedTest,Decision Tree,Risk,0.000000,0.000000,1.000000
2026-06-24,20.000000,GÜLTEPE,Good,False,REAL,REAL,E3_AUGMENTED_TRAIN_MIXED_TEST,MixedTest,Decision Tree,Good,0.000000,1.000000,0.000000
2026-06-10,22.000000,ÇAMDİBİ,Good,False,REAL,REAL,E3_AUGMENTED_TRAIN_MIXED_TEST,MixedTest,Decision Tree,Good,0.000000,1.000000,0.000000
2026-06-17,44.000000,YAMAÇ MAH,Good,False,REAL,REAL,E3_AUGMENTED_TRAIN_MIXED_TEST,MixedTest,Decision Tree,Good,0.000000,1.000000,0.000000
2026-06-24,7.000000,ÜÇKUYULAR,Good,False,REAL,REAL,E3_AUGMENTED_TRAIN_MIXED_TEST,MixedTest,Decision Tree,Good,0.000000,1.000000,0.000000
2026-06-17,76.000000,GÜZELBAHÇE,Good,False,REAL,REAL,E3_AUGMENTED_TRAIN_MIXED_TEST,MixedTest,Decision Tree,Good,0.000000,1.000000,0.000000
2026-07-01,64.000000,ADATEPE,Good,False,REAL,REAL,E3_AUGMENTED_TRAIN_MIXED_TEST,MixedTest,Decision Tree,Good,0.000000,1.000000,0.000000
2026-07-22,54.000000,YEŞİLÇAM,Good,False,REAL,REAL,E3_AUGMENTED_TRAIN_MIXED_TEST,MixedTest,Decision Tree,Good,0.000000,1.000000,0.000000
2026-06-24,32.000000,EGEKENT,Good,False,REAL,REAL,E3_AUGMENTED_TRAIN_MIXED_TEST,MixedTest,Decision Tree,Good,0.000000,1.000000,0.000000
2026-07-08,2.000000,YENİŞEHİR,Good,False,REAL,REAL,E3_AUGMENTED_TRAIN_MIXED_TEST,MixedTest,Decision Tree,Good,0.000000,1.000000,0.000000
2026-06-10,19.000000,GÜLÇEŞME,Risk,True,C_PERFRINGENS_FAIL_FAST,TEST,E3_AUGMENTED_TRAIN_MIXED_TEST,MixedTest,Decision Tree,Risk,0.000000,0.000000,1.000000
2026-07-01,63.000000,EVKA-1,Risk,True,ARSENIC_FAIL_FAST,TEST,E3_AUGMENTED_TRAIN_MIXED_TEST,MixedTest,Decision Tree,Risk,0.000000,0.000000,1.000000
2026-07-01,56.000000,YEŞİLOVA,Risk,True,E_COLI_FAIL_FAST,TEST,E3_AUGMENTED_TRAIN_MIXED_TEST,MixedTest,Decision Tree,Risk,0.000000,0.000000,1.000000
2026-06-17,69.000000,UĞUR MUMCU MAH,Caution,True,AMMONIUM_NEAR_STANDARD,TEST,E3_AUGMENTED_TRAIN_MIXED_TEST,MixedTest,Decision Tree,Caution,1.000000,0.000000,0.000000
2026-06-17,42.000000,YAMANLAR,Caution,True,NITRITE_SUBSTANDARD,TEST,E3_AUGMENTED_TRAIN_MIXED_TEST,MixedTest,Decision Tree,Caution,1.000000,0.000000,0.000000
2026-07-08,37.000000,KARŞIYAKA,Risk,True,ARSENIC_FAIL_FAST,TEST,E3_AUGMENTED_TRAIN_MIXED_TEST,MixedTest,Decision Tree,Risk,0.000000,0.000000,1.000000
2026-06-24,27.000000,ATATÜRK MAH,Risk,True,ARSENIC_FAIL_FAST,TEST,E3_AUGMENTED_TRAIN_MIXED_TEST,MixedTest,Decision Tree,Risk,0.000000,0.000000,1.000000
2026-07-01,75.000000,CENNETÇEŞME,Risk,True,C_PERFRINGENS_FAIL_FAST,TEST,E3_AUGMENTED_TRAIN_MIXED_TEST,MixedTest,Decision Tree,Risk,0.000000,0.000000,1.000000
2026-07-29,16.000000,GEDİZ,Risk,True,NITRITE_FAIL_FAST,TEST,E3_AUGMENTED_TRAIN_MIXED_TEST,MixedTest,Decision Tree,Risk,0.000000,0.000000,1.000000
2026-06-17,59.000000,ÇANKAYA,Caution,True,NITRITE_SUBSTANDARD,TEST,E3_AUGMENTED_TRAIN_MIXED_TEST,MixedTest,Decision Tree,Caution,1.000000,0.000000,0.000000
2026-07-08,37.000000,KARŞIYAKA,Good,False,REAL,REAL,E3_AUGMENTED_TRAIN_MIXED_TEST,MixedTest,Decision Tree,Good,0.000000,1.000000,0.000000
2026-06-24,34.000000,ÇİĞLİ,Caution,True,NITRITE_SUBSTANDARD,TEST,E3_AUGMENTED_TRAIN_MIXED_TEST,MixedTest,Decision Tree,Caution,1.000000,0.000000,0.000000
2026-07-22,54.000000,YEŞİLÇAM,Caution,True,MULTI_PARAMETER_SUBSTANDARD,TEST,E3_AUGMENTED_TRAIN_MIXED_TEST,MixedTest,Decision Tree,Caution,1.000000,0.000000,0.000000
2026-07-01,63.000000,EVKA-1,Good,False,REAL,REAL,E3_AUGMENTED_TRAIN_MIXED_TEST,MixedTest,Decision Tree,Good,0.000000,1.000000,0.000000
2026-06-24,6.000000,BALÇOVA,Good,False,REAL,REAL,E3_AUGMENTED_TRAIN_MIXED_TEST,MixedTest,Decision Tree,Good,0.000000,1.000000,0.000000
2026-07-29,19.000000,GÜLÇEŞME,Risk,True,NITRITE_FAIL_FAST,TEST,E3_AUGMENTED_TRAIN_MIXED_TEST,MixedTest,Decision Tree,Risk,0.000000,0.000000,1.000000
2026-07-08,9.000000,HATAY,Risk,True,NITRITE_FAIL_FAST,TEST,E3_AUGMENTED_TRAIN_MIXED_TEST,MixedTest,Decision Tree,Risk,0.000000,0.000000,1.000000
2026-06-17,61.000000,LEVENT,Risk,True,C_PERFRINGENS_FAIL_FAST,TEST,E3_AUGMENTED_TRAIN_MIXED_TEST,MixedTest,Decision Tree,Risk,0.000000,0.000000,1.000000
2026-07-08,8.000000,GÜZELYALI,Good,False,REAL,REAL,E3_AUGMENTED_TRAIN_MIXED_TEST,MixedTest,Decision Tree,Good,0.000000,1.000000,0.000000
2026-06-24,5.000000,NARLIDERE,Caution,True,MULTI_PARAMETER_SUBSTANDARD,TEST,E3_AUGMENTED_TRAIN_MIXED_TEST,MixedTest,Decision Tree,Caution,1.000000,0.000000,0.000000
2026-06-17,44.000000,YAMAÇ MAH,Risk,True,NITRITE_FAIL_FAST,TEST,E3_AUGMENTED_TRAIN_MIXED_TEST,MixedTest,Decision Tree,Risk,0.000000,0.000000,1.000000
2026-07-08,32.000000,EGEKENT,Good,False,REAL,REAL,E3_AUGMENTED_TRAIN_MIXED_TEST,MixedTest,Decision Tree,Good,0.000000,1.000000,0.000000
2026-07-08,17.000000,ŞİRİNYER,Risk,True,NITRITE_FAIL_FAST,TEST,E3_AUGMENTED_TRAIN_MIXED_TEST,MixedTest,Decision Tree,Risk,0.000000,0.000000,1.000000
2026-07-01,44.000000,YAMAÇ MAH,Good,False,REAL,REAL,E3_AUGMENTED_TRAIN_MIXED_TEST,MixedTest,Decision Tree,Good,0.000000,1.000000,0.000000
2026-07-22,57.000000,MERSİNLİ,Good,False,REAL,REAL,E3_AUGMENTED_TRAIN_MIXED_TEST,MixedTest,Decision Tree,Good,0.000000,1.000000,0.000000
2026-07-01,55.000000,MEVLANA,Good,False,REAL,REAL,E3_AUGMENTED_TRAIN_MIXED_TEST,MixedTest,Decision Tree,Good,0.000000,1.000000,0.000000
2026-07-08,27.000000,ATATÜRK MAH,Caution,True,NITRITE_SUBSTANDARD,TEST,E3_AUGMENTED_TRAIN_MIXED_TEST,MixedTest,Decision Tree,Caution,1.000000,0.000000,0.000000
2026-07-08,16.000000,GEDİZ,Risk,True,COLIFORM_FAIL_FAST,TEST,E3_AUGMENTED_TRAIN_MIXED_TEST,MixedTest,Decision Tree,Risk,0.000000,0.000000,1.000000
2026-06-10,19.000000,GÜLÇEŞME,Good,False,REAL,REAL,E3_AUGMENTED_TRAIN_MIXED_TEST,MixedTest,Decision Tree,Good,0.000000,1.000000,0.000000
2026-06-24,16.000000,GEDİZ,Risk,True,NITRITE_FAIL_FAST,TEST,E3_AUGMENTED_TRAIN_MIXED_TEST,MixedTest,Decision Tree,Risk,0.000000,0.000000,1.000000
2026-07-01,70.000000,ÇAMLIK MAH,Risk,True,NITRITE_FAIL_FAST,TEST,E3_AUGMENTED_TRAIN_MIXED_TEST,MixedTest,Decision Tree,Risk,0.000000,0.000000,1.000000
2026-06-10,23.000000,IŞIKKENT,Good,False,REAL,REAL,E3_AUGMENTED_TRAIN_MIXED_TEST,MixedTest,Decision Tree,Good,0.000000,1.000000,0.000000
2026-06-10,2.000000,YENİŞEHİR,Caution,True,NITRITE_SUBSTANDARD,TEST,E3_AUGMENTED_TRAIN_MIXED_TEST,MixedTest,Decision Tree,Caution,1.000000,0.000000,0.000000
2026-06-24,9.000000,HATAY,Caution,True,AMMONIUM_NEAR_STANDARD,TEST,E3_AUGMENTED_TRAIN_MIXED_TEST,MixedTest,Decision Tree,Caution,1.000000,0.000000,0.000000
2026-06-17,62.000000,UFUK MAH,Good,False,REAL,REAL,E3_AUGMENTED_TRAIN_MIXED_TEST,MixedTest,Decision Tree,Good,0.000000,1.000000,0.000000
2026-06-17,49.000000,ALAYBEY,Caution,True,AMMONIUM_NEAR_STANDARD,TEST,E3_AUGMENTED_TRAIN_MIXED_TEST,MixedTest,Decision Tree,Caution,1.000000,0.000000,0.000000
2026-07-08,4.000000,GÜZELBAHÇE,Caution,True,NITRITE_SUBSTANDARD,TEST,E3_AUGMENTED_TRAIN_MIXED_TEST,MixedTest,Decision Tree,Caution,1.000000,0.000000,0.000000
2026-07-29,21.000000,ALTINDAĞ,Caution,True,AMMONIUM_NEAR_STANDARD,TEST,E3_AUGMENTED_TRAIN_MIXED_TEST,MixedTest,Decision Tree,Caution,1.000000,0.000000,0.000000
2026-06-10,24.000000,PINARBAŞI,Risk,True,COLIFORM_FAIL_FAST,TEST,E3_AUGMENTED_TRAIN_MIXED_TEST,MixedTest,Decision Tree,Risk,0.000000,0.000000,1.000000
2026-06-10,19.000000,GÜLÇEŞME,Risk,True,COLIFORM_FAIL_FAST,TEST,E3_AUGMENTED_TRAIN_MIXED_TEST,MixedTest,Decision Tree,Risk,0.000000,0.000000,1.000000
2026-06-10,6.000000,BALÇOVA,Risk,True,C_PERFRINGENS_FAIL_FAST,TEST,E3_AUGMENTED_TRAIN_MIXED_TEST,MixedTest,Decision Tree,Risk,0.000000,0.000000,1.000000
2026-06-10,29.000000,ÖZKANLAR,Good,False,REAL,REAL,E3_AUGMENTED_TRAIN_MIXED_TEST,MixedTest,Decision Tree,Good,0.000000,1.000000,0.000000
2026-07-22,78.000000,İNCİRALTI,Good,False,REAL,REAL,E3_AUGMENTED_TRAIN_MIXED_TEST,MixedTest,Decision Tree,Good,0.000000,1.000000,0.000000
2026-06-10,38.000000,EVKA-2,Caution,True,NITRITE_SUBSTANDARD,TEST,E3_AUGMENTED_TRAIN_MIXED_TEST,MixedTest,Decision Tree,Caution,1.000000,0.000000,0.000000
2026-07-08,7.000000,ÜÇKUYULAR,Good,False,REAL,REAL,E3_AUGMENTED_TRAIN_MIXED_TEST,MixedTest,Decision Tree,Good,0.000000,1.000000,0.000000
2026-06-17,47.000000,EVKA-5,Good,False,REAL,REAL,E3_AUGMENTED_TRAIN_MIXED_TEST,MixedTest,Decision Tree,Good,0.000000,1.000000,0.000000
2026-07-01,47.000000,EVKA-5,Risk,True,NITRITE_FAIL_FAST,TEST,E3_AUGMENTED_TRAIN_MIXED_TEST,MixedTest,Decision Tree,Risk,0.000000,0.000000,1.000000
2026-06-24,13.000000,KARABAĞLAR,Risk,True,NITRITE_FAIL_FAST,TEST,E3_AUGMENTED_TRAIN_MIXED_TEST,MixedTest,Decision Tree,Risk,0.000000,0.000000,1.000000
2026-06-17,56.000000,YEŞİLOVA,Caution,True,MULTI_PARAMETER_SUBSTANDARD,TEST,E3_AUGMENTED_TRAIN_MIXED_TEST,MixedTest,Decision Tree,Caution,1.000000,0.000000,0.000000
2026-06-17,41.000000,DOĞANÇAY,Caution,True,MULTI_PARAMETER_SUBSTANDARD,TEST,E3_AUGMENTED_TRAIN_MIXED_TEST,MixedTest,Decision Tree,Caution,1.000000,0.000000,0.000000
2026-07-22,59.000000,ÇANKAYA,Good,False,REAL,REAL,E3_AUGMENTED_TRAIN_MIXED_TEST,MixedTest,Decision Tree,Good,0.000000,1.000000,0.000000
2026-06-10,14.000000,ESKİ İZMİR,Risk,True,ARSENIC_FAIL_FAST,TEST,E3_AUGMENTED_TRAIN_MIXED_TEST,MixedTest,Decision Tree,Risk,0.000000,0.000000,1.000000
2026-06-10,3.000000,KONAK,Caution,True,AMMONIUM_NEAR_STANDARD,TEST,E3_AUGMENTED_TRAIN_MIXED_TEST,MixedTest,Decision Tree,Caution,1.000000,0.000000,0.000000
2026-06-10,26.000000,BORNOVA,Good,False,REAL,REAL,E3_AUGMENTED_TRAIN_MIXED_TEST,MixedTest,Decision Tree,Good,0.000000,1.000000,0.000000
2026-06-17,49.000000,ALAYBEY,Risk,True,E_COLI_FAIL_FAST,TEST,E3_AUGMENTED_TRAIN_MIXED_TEST,MixedTest,Decision Tree,Risk,0.000000,0.000000,1.000000
2026-06-17,51.000000,ÇAY MAH,Good,False,REAL,REAL,E3_AUGMENTED_TRAIN_MIXED_TEST,MixedTest,Decision Tree,Good,0.000000,1.000000,0.000000
2026-07-08,28.000000,OSMANGAZİ,Good,False,REAL,REAL,E3_AUGMENTED_TRAIN_MIXED_TEST,MixedTest,Decision Tree,Good,0.000000,1.000000,0.000000
2026-07-01,49.000000,ALAYBEY,Risk,True,C_PERFRINGENS_FAIL_FAST,TEST,E3_AUGMENTED_TRAIN_MIXED_TEST,MixedTest,Decision Tree,Risk,0.000000,0.000000,1.000000
2026-07-01,48.000000,EGEKENT-2,Caution,True,MULTI_PARAMETER_SUBSTANDARD,TEST,E3_AUGMENTED_TRAIN_MIXED_TEST,MixedTest,Decision Tree,Caution,1.000000,0.000000,0.000000
2026-07-08,24.000000,PINARBAŞI,Good,False,REAL,REAL,E3_AUGMENTED_TRAIN_MIXED_TEST,MixedTest,Decision Tree,Good,0.000000,1.000000,0.000000
2026-06-17,63.000000,EVKA-1,Good,False,REAL,REAL,E3_AUGMENTED_TRAIN_MIXED_TEST,MixedTest,Decision Tree,Good,0.000000,1.000000,0.000000
2026-07-08,33.000000,BALATÇIK,Caution,True,NITRITE_SUBSTANDARD,TEST,E3_AUGMENTED_TRAIN_MIXED_TEST,MixedTest,Decision Tree,Caution,1.000000,0.000000,0.000000
2026-07-01,48.000000,EGEKENT-2,Good,False,REAL,REAL,E3_AUGMENTED_TRAIN_MIXED_TEST,MixedTest,Decision Tree,Good,0.000000,1.000000,0.000000
2026-07-29,23.000000,IŞIKKENT,Risk,True,C_PERFRINGENS_FAIL_FAST,TEST,E3_AUGMENTED_TRAIN_MIXED_TEST,MixedTest,Decision Tree,Risk,0.000000,0.000000,1.000000
2026-06-10,28.000000,OSMANGAZİ,Good,False,REAL,REAL,E3_AUGMENTED_TRAIN_MIXED_TEST,MixedTest,Decision Tree,Good,0.000000,1.000000,0.000000
2026-06-10,21.000000,ALTINDAĞ,Good,False,REAL,REAL,E3_AUGMENTED_TRAIN_MIXED_TEST,MixedTest,Decision Tree,Good,0.000000,1.000000,0.000000
2026-06-17,72.000000,9 EYLÜL MAH,Good,False,REAL,REAL,E3_AUGMENTED_TRAIN_MIXED_TEST,MixedTest,Decision Tree,Good,0.000000,1.000000,0.000000
2026-07-29,21.000000,ALTINDAĞ,Risk,True,NITRITE_FAIL_FAST,TEST,E3_AUGMENTED_TRAIN_MIXED_TEST,MixedTest,Decision Tree,Risk,0.000000,0.000000,1.000000
2026-06-24,16.000000,GEDİZ,Good,False,REAL,REAL,E3_AUGMENTED_TRAIN_MIXED_TEST,MixedTest,Decision Tree,Good,0.000000,1.000000,0.000000
2026-06-10,36.000000,ŞEMİKLER,Good,False,REAL,REAL,E3_AUGMENTED_TRAIN_MIXED_TEST,MixedTest,Decision Tree,Good,0.000000,1.000000,0.000000
2026-06-24,14.000000,ESKİ İZMİR,Good,False,REAL,REAL,E3_AUGMENTED_TRAIN_MIXED_TEST,MixedTest,Decision Tree,Good,0.000000,1.000000,0.000000
2026-07-08,15.000000,GAZİEMİR,Caution,True,AMMONIUM_NEAR_STANDARD,TEST,E3_AUGMENTED_TRAIN_MIXED_TEST,MixedTest,Decision Tree,Caution,1.000000,0.000000,0.000000
2026-06-17,53.000000,NALDÖKEN,Caution,True,MULTI_PARAMETER_SUBSTANDARD,TEST,E3_AUGMENTED_TRAIN_MIXED_TEST,MixedTest,Decision Tree,Caution,1.000000,0.000000,0.000000
2026-07-29,21.000000,ALTINDAĞ,Good,False,REAL,REAL,E3_AUGMENTED_TRAIN_MIXED_TEST,MixedTest,Decision Tree,Good,0.000000,1.000000,0.000000
2026-07-01,57.000000,MERSİNLİ,Good,False,REAL,REAL,E3_AUGMENTED_TRAIN_MIXED_TEST,MixedTest,Decision Tree,Good,0.000000,1.000000,0.000000
2026-06-24,24.000000,PINARBAŞI,Good,False,REAL,REAL,E3_AUGMENTED_TRAIN_MIXED_TEST,MixedTest,Decision Tree,Good,0.000000,1.000000,0.000000
2026-06-10,35.000000,BOSTANLI,Risk,True,COLIFORM_FAIL_FAST,TEST,E3_AUGMENTED_TRAIN_MIXED_TEST,MixedTest,Decision Tree,Risk,0.000000,0.000000,1.000000
2026-07-08,6.000000,BALÇOVA,Caution,True,NITRITE_SUBSTANDARD,TEST,E3_AUGMENTED_TRAIN_MIXED_TEST,MixedTest,Decision Tree,Caution,1.000000,0.000000,0.000000
2026-06-24,38.000000,EVKA-2,Risk,True,C_PERFRINGENS_FAIL_FAST,TEST,E3_AUGMENTED_TRAIN_MIXED_TEST,MixedTest,Decision Tree,Risk,0.000000,0.000000,1.000000
2026-07-01,47.000000,EVKA-5,Risk,True,COLIFORM_FAIL_FAST,TEST,E3_AUGMENTED_TRAIN_MIXED_TEST,MixedTest,Decision Tree,Risk,0.000000,0.000000,1.000000
2026-07-08,28.000000,OSMANGAZİ,Risk,True,NITRITE_FAIL_FAST,TEST,E3_AUGMENTED_TRAIN_MIXED_TEST,MixedTest,Decision Tree,Risk,0.000000,0.000000,1.000000
2026-07-22,52.000000,İZYUVA,Good,False,REAL,REAL,E3_AUGMENTED_TRAIN_MIXED_TEST,MixedTest,Decision Tree,Good,0.000000,1.000000,0.000000
2026-06-24,35.000000,BOSTANLI,Good,False,REAL,REAL,E3_AUGMENTED_TRAIN_MIXED_TEST,MixedTest,Decision Tree,Good,0.000000,1.000000,0.000000
2026-06-24,34.000000,ÇİĞLİ,Caution,True,MULTI_PARAMETER_SUBSTANDARD,TEST,E3_AUGMENTED_TRAIN_MIXED_TEST,MixedTest,Decision Tree,Caution,1.000000,0.000000,0.000000
2026-07-01,74.000000,UZUNDERE,Caution,True,NITRITE_SUBSTANDARD,TEST,E3_AUGMENTED_TRAIN_MIXED_TEST,MixedTest,Decision Tree,Caution,1.000000,0.000000,0.000000
2026-06-10,7.000000,ÜÇKUYULAR,Good,False,REAL,REAL,E3_AUGMENTED_TRAIN_MIXED_TEST,MixedTest,Decision Tree,Good,0.000000,1.000000,0.000000
2026-07-01,47.000000,EVKA-5,Good,False,REAL,REAL,E3_AUGMENTED_TRAIN_MIXED_TEST,MixedTest,Decision Tree,Good,0.000000,1.000000,0.000000
2026-06-17,50.000000,CENGİZHAN,Good,False,REAL,REAL,E3_AUGMENTED_TRAIN_MIXED_TEST,MixedTest,Decision Tree,Good,0.000000,1.000000,0.000000
2026-06-10,20.000000,GÜLTEPE,Good,False,REAL,REAL,E3_AUGMENTED_TRAIN_MIXED_TEST,MixedTest,Decision Tree,Good,0.000000,1.000000,0.000000
2026-06-10,39.000000,ÖRNEKKÖY,Risk,True,ARSENIC_FAIL_FAST,TEST,E3_AUGMENTED_TRAIN_MIXED_TEST,MixedTest,Decision Tree,Risk,0.000000,0.000000,1.000000
2026-07-29,38.000000,EVKA-2,Caution,True,NITRITE_SUBSTANDARD,TEST,E3_AUGMENTED_TRAIN_MIXED_TEST,MixedTest,Decision Tree,Caution,1.000000,0.000000,0.000000
2026-06-10,5.000000,NARLIDERE,Good,False,REAL,REAL,E3_AUGMENTED_TRAIN_MIXED_TEST,MixedTest,Decision Tree,Good,0.000000,1.000000,0.000000
2026-07-08,13.000000,KARABAĞLAR,Good,False,REAL,REAL,E3_AUGMENTED_TRAIN_MIXED_TEST,MixedTest,Decision Tree,Good,0.000000,1.000000,0.000000
2026-06-17,66.000000,KOZAĞAÇ,Good,False,REAL,REAL,E3_AUGMENTED_TRAIN_MIXED_TEST,MixedTest,Decision Tree,Good,0.000000,1.000000,0.000000
2026-07-01,41.000000,DOĞANÇAY,Good,False,REAL,REAL,E3_AUGMENTED_TRAIN_MIXED_TEST,MixedTest,Decision Tree,Good,0.000000,1.000000,0.000000
2026-07-08,28.000000,OSMANGAZİ,Caution,True,MULTI_PARAMETER_SUBSTANDARD,TEST,E3_AUGMENTED_TRAIN_MIXED_TEST,MixedTest,Decision Tree,Caution,1.000000,0.000000,0.000000
2026-06-10,29.000000,ÖZKANLAR,Risk,True,NITRITE_FAIL_FAST,TEST,E3_AUGMENTED_TRAIN_MIXED_TEST,MixedTest,Decision Tree,Risk,0.000000,0.000000,1.000000
2026-06-10,34.000000,ÇİĞLİ,Good,False,REAL,REAL,E3_AUGMENTED_TRAIN_MIXED_TEST,MixedTest,Decision Tree,Good,0.000000,1.000000,0.000000
2026-06-24,34.000000,ÇİĞLİ,Risk,True,NITRITE_FAIL_FAST,TEST,E3_AUGMENTED_TRAIN_MIXED_TEST,MixedTest,Decision Tree,Risk,0.000000,0.000000,1.000000
2026-06-17,47.000000,EVKA-5,Caution,True,NITRITE_SUBSTANDARD,TEST,E3_AUGMENTED_TRAIN_MIXED_TEST,MixedTest,Decision Tree,Caution,1.000000,0.000000,0.000000
2026-06-10,30.000000,MANAVKUYU,Good,False,REAL,REAL,E3_AUGMENTED_TRAIN_MIXED_TEST,MixedTest,Decision Tree,Good,0.000000,1.000000,0.000000
2026-06-10,9.000000,HATAY,Good,False,REAL,REAL,E3_AUGMENTED_TRAIN_MIXED_TEST,MixedTest,Decision Tree,Good,0.000000,1.000000,0.000000
2026-07-08,15.000000,GAZİEMİR,Risk,True,NITRITE_FAIL_FAST,TEST,E3_AUGMENTED_TRAIN_MIXED_TEST,MixedTest,Decision Tree,Risk,0.000000,0.000000,1.000000
2026-06-24,39.000000,ÖRNEKKÖY,Good,False,REAL,REAL,E3_AUGMENTED_TRAIN_MIXED_TEST,MixedTest,Decision Tree,Good,0.000000,1.000000,0.000000
2026-07-22,70.000000,ÇAMLIK MAH,Caution,True,AMMONIUM_NEAR_STANDARD,TEST,E3_AUGMENTED_TRAIN_MIXED_TEST,MixedTest,Decision Tree,Caution,1.000000,0.000000,0.000000
2026-06-10,28.000000,OSMANGAZİ,Risk,True,C_PERFRINGENS_FAIL_FAST,TEST,E3_AUGMENTED_TRAIN_MIXED_TEST,MixedTest,Decision Tree,Risk,0.000000,0.000000,1.000000
2026-07-01,49.000000,ALAYBEY,Good,False,REAL,REAL,E3_AUGMENTED_TRAIN_MIXED_TEST,MixedTest,Decision Tree,Good,0.000000,1.000000,0.000000
2026-07-01,45.000000,CUMHURİYET MAH,Good,False,REAL,REAL,E3_AUGMENTED_TRAIN_MIXED_TEST,MixedTest,Decision Tree,Good,0.000000,1.000000,0.000000
2026-07-08,33.000000,BALATÇIK,Good,False,REAL,REAL,E3_AUGMENTED_TRAIN_MIXED_TEST,MixedTest,Decision Tree,Good,0.000000,1.000000,0.000000
2026-07-08,9.000000,HATAY,Good,False,REAL,REAL,E3_AUGMENTED_TRAIN_MIXED_TEST,MixedTest,Decision Tree,Good,0.000000,1.000000,0.000000
2026-06-10,3.000000,KONAK,Caution,True,NITRITE_SUBSTANDARD,TEST,E3_AUGMENTED_TRAIN_MIXED_TEST,MixedTest,Decision Tree,Caution,1.000000,0.000000,0.000000
2026-06-17,57.000000,MERSİNLİ,Caution,True,NITRITE_SUBSTANDARD,TEST,E3_AUGMENTED_TRAIN_MIXED_TEST,MixedTest,Decision Tree,Caution,1.000000,0.000000,0.000000
2026-07-08,32.000000,EGEKENT,Risk,True,COLIFORM_FAIL_FAST,TEST,E3_AUGMENTED_TRAIN_MIXED_TEST,MixedTest,Decision Tree,Risk,0.000000,0.000000,1.000000
2026-07-01,42.000000,YAMANLAR,Caution,True,MULTI_PARAMETER_SUBSTANDARD,TEST,E3_AUGMENTED_TRAIN_MIXED_TEST,MixedTest,Decision Tree,Caution,1.000000,0.000000,0.000000
2026-07-22,42.000000,YAMANLAR,Good,False,REAL,REAL,E3_AUGMENTED_TRAIN_MIXED_TEST,MixedTest,Decision Tree,Good,0.000000,1.000000,0.000000
2026-06-24,26.000000,BORNOVA,Risk,True,E_COLI_FAIL_FAST,TEST,E3_AUGMENTED_TRAIN_MIXED_TEST,MixedTest,Decision Tree,Risk,0.000000,0.000000,1.000000
2026-06-24,22.000000,ÇAMDİBİ,Risk,True,C_PERFRINGENS_FAIL_FAST,TEST,E3_AUGMENTED_TRAIN_MIXED_TEST,MixedTest,Decision Tree,Risk,0.000000,0.000000,1.000000
2026-07-01,73.000000,BEYAZEVLER,Good,False,REAL,REAL,E3_AUGMENTED_TRAIN_MIXED_TEST,MixedTest,Decision Tree,Good,0.000000,1.000000,0.000000
2026-07-08,21.000000,ALTINDAĞ,Risk,True,E_COLI_FAIL_FAST,TEST,E3_AUGMENTED_TRAIN_MIXED_TEST,MixedTest,Decision Tree,Risk,0.000000,0.000000,1.000000
2026-06-24,38.000000,EVKA-2,Caution,True,NITRITE_SUBSTANDARD,TEST,E3_AUGMENTED_TRAIN_MIXED_TEST,MixedTest,Decision Tree,Caution,1.000000,0.000000,0.000000
2026-07-08,38.000000,EVKA-2,Good,False,REAL,REAL,E3_AUGMENTED_TRAIN_MIXED_TEST,MixedTest,Decision Tree,Good,0.000000,1.000000,0.000000
2026-07-29,17.000000,ŞİRİNYER,Risk,True,E_COLI_FAIL_FAST,TEST,E3_AUGMENTED_TRAIN_MIXED_TEST,MixedTest,Decision Tree,Risk,0.000000,0.000000,1.000000
2026-07-22,59.000000,ÇANKAYA,Caution,True,MULTI_PARAMETER_SUBSTANDARD,TEST,E3_AUGMENTED_TRAIN_MIXED_TEST,MixedTest,Decision Tree,Caution,1.000000,0.000000,0.000000
2026-07-29,30.000000,MANAVKUYU,Risk,True,ARSENIC_FAIL_FAST,TEST,E3_AUGMENTED_TRAIN_MIXED_TEST,MixedTest,Decision Tree,Risk,0.000000,0.000000,1.000000
2026-06-24,40.000000,GÜMÜŞPALA,Good,False,REAL,REAL,E3_AUGMENTED_TRAIN_MIXED_TEST,MixedTest,Decision Tree,Good,0.000000,1.000000,0.000000
2026-07-01,69.000000,UĞUR MUMCU MAH,Risk,True,C_PERFRINGENS_FAIL_FAST,TEST,E3_AUGMENTED_TRAIN_MIXED_TEST,MixedTest,Decision Tree,Risk,0.000000,0.000000,1.000000
2026-07-01,78.000000,İNCİRALTI,Good,False,REAL,REAL,E3_AUGMENTED_TRAIN_MIXED_TEST,MixedTest,Decision Tree,Good,0.000000,1.000000,0.000000
2026-07-29,34.000000,ÇİĞLİ,Good,False,REAL,REAL,E3_AUGMENTED_TRAIN_MIXED_TEST,MixedTest,Decision Tree,Good,0.000000,1.000000,0.000000
2026-07-08,6.000000,BALÇOVA,Good,False,REAL,REAL,E3_AUGMENTED_TRAIN_MIXED_TEST,MixedTest,Decision Tree,Good,0.000000,1.000000,0.000000
2026-06-10,36.000000,ŞEMİKLER,Risk,True,C_PERFRINGENS_FAIL_FAST,TEST,E3_AUGMENTED_TRAIN_MIXED_TEST,MixedTest,Decision Tree,Risk,0.000000,0.000000,1.000000
2026-07-22,67.000000,ÇAMLIKULE,Good,False,REAL,REAL,E3_AUGMENTED_TRAIN_MIXED_TEST,MixedTest,Decision Tree,Good,0.000000,1.000000,0.000000
2026-06-24,13.000000,KARABAĞLAR,Good,False,REAL,REAL,E3_AUGMENTED_TRAIN_MIXED_TEST,MixedTest,Decision Tree,Good,0.000000,1.000000,0.000000
2026-07-29,8.000000,GÜZELYALI,Good,False,REAL,REAL,E3_AUGMENTED_TRAIN_MIXED_TEST,MixedTest,Decision Tree,Good,0.000000,1.000000,0.000000
2026-07-08,21.000000,ALTINDAĞ,Good,False,REAL,REAL,E3_AUGMENTED_TRAIN_MIXED_TEST,MixedTest,Decision Tree,Good,0.000000,1.000000,0.000000
2026-07-29,29.000000,ÖZKANLAR,Good,False,REAL,REAL,E3_AUGMENTED_TRAIN_MIXED_TEST,MixedTest,Decision Tree,Good,0.000000,1.000000,0.000000
2026-07-01,74.000000,UZUNDERE,Caution,True,NITRITE_SUBSTANDARD,TEST,E3_AUGMENTED_TRAIN_MIXED_TEST,MixedTest,Decision Tree,Caution,1.000000,0.000000,0.000000
2026-06-24,2.000000,YENİŞEHİR,Good,False,REAL,REAL,E3_AUGMENTED_TRAIN_MIXED_TEST,MixedTest,Decision Tree,Good,0.000000,1.000000,0.000000
2026-07-22,47.000000,EVKA-5,Risk,True,E_COLI_FAIL_FAST,TEST,E3_AUGMENTED_TRAIN_MIXED_TEST,MixedTest,Decision Tree,Risk,0.000000,0.000000,1.000000
2026-07-29,4.000000,GÜZELBAHÇE,Good,False,REAL,REAL,E3_AUGMENTED_TRAIN_MIXED_TEST,MixedTest,Decision Tree,Good,0.000000,1.000000,0.000000
2026-07-22,52.000000,İZYUVA,Risk,True,C_PERFRINGENS_FAIL_FAST,TEST,E3_AUGMENTED_TRAIN_MIXED_TEST,MixedTest,Decision Tree,Risk,0.000000,0.000000,1.000000
2026-07-01,50.000000,CENGİZHAN,Good,False,REAL,REAL,E3_AUGMENTED_TRAIN_MIXED_TEST,MixedTest,Decision Tree,Good,0.000000,1.000000,0.000000
2026-06-10,5.000000,NARLIDERE,Caution,True,AMMONIUM_NEAR_STANDARD,TEST,E3_AUGMENTED_TRAIN_MIXED_TEST,MixedTest,Decision Tree,Caution,1.000000,0.000000,0.000000
2026-06-17,45.000000,CUMHURİYET MAH,Risk,True,C_PERFRINGENS_FAIL_FAST,TEST,E3_AUGMENTED_TRAIN_MIXED_TEST,MixedTest,Decision Tree,Risk,0.000000,0.000000,1.000000
2026-07-29,23.000000,IŞIKKENT,Good,False,REAL,REAL,E3_AUGMENTED_TRAIN_MIXED_TEST,MixedTest,Decision Tree,Good,0.000000,1.000000,0.000000
2026-06-24,4.000000,GÜZELBAHÇE,Caution,True,MULTI_PARAMETER_SUBSTANDARD,TEST,E3_AUGMENTED_TRAIN_MIXED_TEST,MixedTest,Decision Tree,Caution,1.000000,0.000000,0.000000
2026-07-29,26.000000,BORNOVA,Good,False,REAL,REAL,E3_AUGMENTED_TRAIN_MIXED_TEST,MixedTest,Decision Tree,Good,0.000000,1.000000,0.000000
2026-07-01,47.000000,EVKA-5,Caution,True,MULTI_PARAMETER_SUBSTANDARD,TEST,E3_AUGMENTED_TRAIN_MIXED_TEST,MixedTest,Decision Tree,Caution,1.000000,0.000000,0.000000
2026-07-22,75.000000,CENNETÇEŞME,Good,False,REAL,REAL,E3_AUGMENTED_TRAIN_MIXED_TEST,MixedTest,Decision Tree,Good,0.000000,1.000000,0.000000
2026-07-01,57.000000,MERSİNLİ,Risk,True,NITRITE_FAIL_FAST,TEST,E3_AUGMENTED_TRAIN_MIXED_TEST,MixedTest,Decision Tree,Risk,0.000000,0.000000,1.000000
2026-07-08,27.000000,ATATÜRK MAH,Risk,True,C_PERFRINGENS_FAIL_FAST,TEST,E3_AUGMENTED_TRAIN_MIXED_TEST,MixedTest,Decision Tree,Risk,0.000000,0.000000,1.000000
2026-06-17,41.000000,DOĞANÇAY,Good,False,REAL,REAL,E3_AUGMENTED_TRAIN_MIXED_TEST,MixedTest,Decision Tree,Good,0.000000,1.000000,0.000000
2026-07-01,71.000000,AKTEPE,Good,False,REAL,REAL,E3_AUGMENTED_TRAIN_MIXED_TEST,MixedTest,Decision Tree,Good,0.000000,1.000000,0.000000
2026-07-08,8.000000,GÜZELYALI,Caution,True,AMMONIUM_NEAR_STANDARD,TEST,E3_AUGMENTED_TRAIN_MIXED_TEST,MixedTest,Decision Tree,Caution,1.000000,0.000000,0.000000
2026-07-29,7.000000,ÜÇKUYULAR,Good,False,REAL,REAL,E3_AUGMENTED_TRAIN_MIXED_TEST,MixedTest,Decision Tree,Good,0.000000,1.000000,0.000000
2026-06-10,40.000000,GÜMÜŞPALA,Caution,True,MULTI_PARAMETER_SUBSTANDARD,TEST,E3_AUGMENTED_TRAIN_MIXED_TEST,MixedTest,Decision Tree,Caution,1.000000,0.000000,0.000000
2026-06-10,2.000000,YENİŞEHİR,Caution,True,MULTI_PARAMETER_SUBSTANDARD,TEST,E3_AUGMENTED_TRAIN_MIXED_TEST,MixedTest,Decision Tree,Caution,1.000000,0.000000,0.000000
2026-06-17,65.000000,KURUÇEŞME,Good,False,REAL,REAL,E3_AUGMENTED_TRAIN_MIXED_TEST,MixedTest,Decision Tree,Good,0.000000,1.000000,0.000000
2026-07-01,42.000000,YAMANLAR,Good,False,REAL,REAL,E3_AUGMENTED_TRAIN_MIXED_TEST,MixedTest,Decision Tree,Good,0.000000,1.000000,0.000000
2026-07-08,18.000000,BUCA,Caution,True,MULTI_PARAMETER_SUBSTANDARD,TEST,E3_AUGMENTED_TRAIN_MIXED_TEST,MixedTest,Decision Tree,Caution,1.000000,0.000000,0.000000
2026-07-08,5.000000,NARLIDERE,Risk,True,ARSENIC_FAIL_FAST,TEST,E3_AUGMENTED_TRAIN_MIXED_TEST,MixedTest,Decision Tree,Risk,0.000000,0.000000,1.000000
2026-06-10,8.000000,GÜZELYALI,Good,False,REAL,REAL,E3_AUGMENTED_TRAIN_MIXED_TEST,MixedTest,Decision Tree,Good,0.000000,1.000000,0.000000
2026-07-29,22.000000,ÇAMDİBİ,Caution,True,NITRITE_SUBSTANDARD,TEST,E3_AUGMENTED_TRAIN_MIXED_TEST,MixedTest,Decision Tree,Caution,1.000000,0.000000,0.000000
2026-06-24,29.000000,ÖZKANLAR,Caution,True,MULTI_PARAMETER_SUBSTANDARD,TEST,E3_AUGMENTED_TRAIN_MIXED_TEST,MixedTest,Decision Tree,Caution,1.000000,0.000000,0.000000
2026-07-08,14.000000,ESKİ İZMİR,Good,False,REAL,REAL,E3_AUGMENTED_TRAIN_MIXED_TEST,MixedTest,Decision Tree,Good,0.000000,1.000000,0.000000
2026-07-08,4.000000,GÜZELBAHÇE,Good,False,REAL,REAL,E3_AUGMENTED_TRAIN_MIXED_TEST,MixedTest,Decision Tree,Good,0.000000,1.000000,0.000000
2026-07-08,34.000000,ÇİĞLİ,Good,False,REAL,REAL,E3_AUGMENTED_TRAIN_MIXED_TEST,MixedTest,Decision Tree,Good,0.000000,1.000000,0.000000
2026-07-22,41.000000,DOĞANÇAY,Good,False,REAL,REAL,E3_AUGMENTED_TRAIN_MIXED_TEST,MixedTest,Decision Tree,Good,0.000000,1.000000,0.000000
2026-06-10,14.000000,ESKİ İZMİR,Good,False,REAL,REAL,E3_AUGMENTED_TRAIN_MIXED_TEST,MixedTest,Decision Tree,Good,0.000000,1.000000,0.000000
2026-07-08,20.000000,GÜLTEPE,Risk,True,NITRITE_FAIL_FAST,TEST,E3_AUGMENTED_TRAIN_MIXED_TEST,MixedTest,Decision Tree,Risk,0.000000,0.000000,1.000000
2026-06-24,34.000000,ÇİĞLİ,Good,False,REAL,REAL,E3_AUGMENTED_TRAIN_MIXED_TEST,MixedTest,Decision Tree,Good,0.000000,1.000000,0.000000
2026-06-24,9.000000,HATAY,Good,False,REAL,REAL,E3_AUGMENTED_TRAIN_MIXED_TEST,MixedTest,Decision Tree,Good,0.000000,1.000000,0.000000
2026-06-17,43.000000,POSTACI MAH,Good,False,REAL,REAL,E3_AUGMENTED_TRAIN_MIXED_TEST,MixedTest,Decision Tree,Good,0.000000,1.000000,0.000000
2026-07-08,4.000000,GÜZELBAHÇE,Caution,True,AMMONIUM_NEAR_STANDARD,TEST,E3_AUGMENTED_TRAIN_MIXED_TEST,MixedTest,Decision Tree,Caution,1.000000,0.000000,0.000000
2026-07-08,23.000000,IŞIKKENT,Good,False,REAL,REAL,E3_AUGMENTED_TRAIN_MIXED_TEST,MixedTest,Decision Tree,Good,0.000000,1.000000,0.000000
2026-07-01,66.000000,KOZAĞAÇ,Risk,True,NITRITE_FAIL_FAST,TEST,E3_AUGMENTED_TRAIN_MIXED_TEST,MixedTest,Decision Tree,Risk,0.000000,0.000000,1.000000
2026-06-24,18.000000,BUCA,Risk,True,COLIFORM_FAIL_FAST,TEST,E3_AUGMENTED_TRAIN_MIXED_TEST,MixedTest,Decision Tree,Risk,0.000000,0.000000,1.000000
2026-07-22,62.000000,UFUK MAH,Good,False,REAL,REAL,E3_AUGMENTED_TRAIN_MIXED_TEST,MixedTest,Decision Tree,Good,0.000000,1.000000,0.000000
2026-07-01,68.000000,AKINCILAR,Caution,True,AMMONIUM_NEAR_STANDARD,TEST,E3_AUGMENTED_TRAIN_MIXED_TEST,MixedTest,Decision Tree,Caution,1.000000,0.000000,0.000000
2026-07-29,32.000000,EGEKENT,Good,False,REAL,REAL,E3_AUGMENTED_TRAIN_MIXED_TEST,MixedTest,Decision Tree,Good,0.000000,1.000000,0.000000
2026-07-29,23.000000,IŞIKKENT,Risk,True,COLIFORM_FAIL_FAST,TEST,E3_AUGMENTED_TRAIN_MIXED_TEST,MixedTest,Decision Tree,Risk,0.000000,0.000000,1.000000
2026-07-22,55.000000,MEVLANA,Good,False,REAL,REAL,E3_AUGMENTED_TRAIN_MIXED_TEST,MixedTest,Decision Tree,Good,0.000000,1.000000,0.000000
2026-06-24,19.000000,GÜLÇEŞME,Good,False,REAL,REAL,E3_AUGMENTED_TRAIN_MIXED_TEST,MixedTest,Decision Tree,Good,0.000000,1.000000,0.000000
2026-07-01,79.000000,ESENDERE,Good,False,REAL,REAL,E3_AUGMENTED_TRAIN_MIXED_TEST,MixedTest,Decision Tree,Good,0.000000,1.000000,0.000000
2026-07-08,19.000000,GÜLÇEŞME,Good,False,REAL,REAL,E3_AUGMENTED_TRAIN_MIXED_TEST,MixedTest,Decision Tree,Good,0.000000,1.000000,0.000000
2026-06-24,40.000000,GÜMÜŞPALA,Risk,True,COLIFORM_FAIL_FAST,TEST,E3_AUGMENTED_TRAIN_MIXED_TEST,MixedTest,Decision Tree,Risk,0.000000,0.000000,1.000000
2026-07-01,80.000000,KADİFEKALE,Good,False,REAL,REAL,E3_AUGMENTED_TRAIN_MIXED_TEST,MixedTest,Decision Tree,Good,0.000000,1.000000,0.000000
2026-06-10,4.000000,GÜZELBAHÇE,Good,False,REAL,REAL,E3_AUGMENTED_TRAIN_MIXED_TEST,MixedTest,Decision Tree,Good,0.000000,1.000000,0.000000
2026-06-24,22.000000,ÇAMDİBİ,Good,False,REAL,REAL,E3_AUGMENTED_TRAIN_MIXED_TEST,MixedTest,Decision Tree,Good,0.000000,1.000000,0.000000
2026-06-17,80.000000,KADİFEKALE,Risk,True,C_PERFRINGENS_FAIL_FAST,TEST,E3_AUGMENTED_TRAIN_MIXED_TEST,MixedTest,Decision Tree,Risk,0.000000,0.000000,1.000000
2026-06-17,75.000000,CENNETÇEŞME,Good,False,REAL,REAL,E3_AUGMENTED_TRAIN_MIXED_TEST,MixedTest,Decision Tree,Good,0.000000,1.000000,0.000000
2026-07-08,30.000000,MANAVKUYU,Caution,True,NITRITE_SUBSTANDARD,TEST,E3_AUGMENTED_TRAIN_MIXED_TEST,MixedTest,Decision Tree,Caution,1.000000,0.000000,0.000000
2026-07-01,54.000000,YEŞİLÇAM,Good,False,REAL,REAL,E3_AUGMENTED_TRAIN_MIXED_TEST,MixedTest,Decision Tree,Good,0.000000,1.000000,0.000000
2026-06-17,79.000000,ESENDERE,Caution,True,AMMONIUM_NEAR_STANDARD,TEST,E3_AUGMENTED_TRAIN_MIXED_TEST,MixedTest,Decision Tree,Caution,1.000000,0.000000,0.000000
2026-06-24,26.000000,BORNOVA,Good,False,REAL,REAL,E3_AUGMENTED_TRAIN_MIXED_TEST,MixedTest,Decision Tree,Good,0.000000,1.000000,0.000000
2026-07-01,75.000000,CENNETÇEŞME,Good,False,REAL,REAL,E3_AUGMENTED_TRAIN_MIXED_TEST,MixedTest,Decision Tree,Good,0.000000,1.000000,0.000000
2026-06-24,23.000000,IŞIKKENT,Risk,True,COLIFORM_FAIL_FAST,TEST,E3_AUGMENTED_TRAIN_MIXED_TEST,MixedTest,Decision Tree,Risk,0.000000,0.000000,1.000000
2026-06-17,74.000000,UZUNDERE,Caution,True,MULTI_PARAMETER_SUBSTANDARD,TEST,E3_AUGMENTED_TRAIN_MIXED_TEST,MixedTest,Decision Tree,Caution,1.000000,0.000000,0.000000
2026-06-10,16.000000,GEDİZ,Caution,True,MULTI_PARAMETER_SUBSTANDARD,TEST,E3_AUGMENTED_TRAIN_MIXED_TEST,MixedTest,Decision Tree,Caution,1.000000,0.000000,0.000000
2026-06-24,27.000000,ATATÜRK MAH,Good,False,REAL,REAL,E3_AUGMENTED_TRAIN_MIXED_TEST,MixedTest,Decision Tree,Good,0.000000,1.000000,0.000000
2026-07-29,2.000000,YENİŞEHİR,Risk,True,C_PERFRINGENS_FAIL_FAST,TEST,E3_AUGMENTED_TRAIN_MIXED_TEST,MixedTest,Decision Tree,Risk,0.000000,0.000000,1.000000
2026-06-17,74.000000,UZUNDERE,Good,False,REAL,REAL,E3_AUGMENTED_TRAIN_MIXED_TEST,MixedTest,Decision Tree,Good,0.000000,1.000000,0.000000
2026-06-10,27.000000,ATATÜRK MAH,Good,False,REAL,REAL,E3_AUGMENTED_TRAIN_MIXED_TEST,MixedTest,Decision Tree,Good,0.000000,1.000000,0.000000
2026-06-17,42.000000,YAMANLAR,Good,False,REAL,REAL,E3_AUGMENTED_TRAIN_MIXED_TEST,MixedTest,Decision Tree,Good,0.000000,1.000000,0.000000
2026-07-01,76.000000,GÜZELBAHÇE,Good,False,REAL,REAL,E3_AUGMENTED_TRAIN_MIXED_TEST,MixedTest,Decision Tree,Good,0.000000,1.000000,0.000000
2026-07-01,53.000000,NALDÖKEN,Good,False,REAL,REAL,E3_AUGMENTED_TRAIN_MIXED_TEST,MixedTest,Decision Tree,Good,0.000000,1.000000,0.000000
2026-07-08,40.000000,GÜMÜŞPALA,Good,False,REAL,REAL,E3_AUGMENTED_TRAIN_MIXED_TEST,MixedTest,Decision Tree,Good,0.000000,1.000000,0.000000
2026-07-22,73.000000,BEYAZEVLER,Good,False,REAL,REAL,E3_AUGMENTED_TRAIN_MIXED_TEST,MixedTest,Decision Tree,Good,0.000000,1.000000,0.000000
2026-07-08,39.000000,ÖRNEKKÖY,Good,False,REAL,REAL,E3_AUGMENTED_TRAIN_MIXED_TEST,MixedTest,Decision Tree,Good,0.000000,1.000000,0.000000
2026-06-17,73.000000,BEYAZEVLER,Good,False,REAL,REAL,E3_AUGMENTED_TRAIN_MIXED_TEST,MixedTest,Decision Tree,Good,0.000000,1.000000,0.000000
2026-06-17,54.000000,YEŞİLÇAM,Caution,True,NITRITE_SUBSTANDARD,TEST,E3_AUGMENTED_TRAIN_MIXED_TEST,MixedTest,Decision Tree,Caution,1.000000,0.000000,0.000000
2026-06-17,69.000000,UĞUR MUMCU MAH,Risk,True,NITRITE_FAIL_FAST,TEST,E3_AUGMENTED_TRAIN_MIXED_TEST,MixedTest,Decision Tree,Risk,0.000000,0.000000,1.000000
2026-07-01,62.000000,UFUK MAH,Risk,True,C_PERFRINGENS_FAIL_FAST,TEST,E3_AUGMENTED_TRAIN_MIXED_TEST,MixedTest,Decision Tree,Risk,0.000000,0.000000,1.000000
2026-06-17,70.000000,ÇAMLIK MAH,Caution,True,MULTI_PARAMETER_SUBSTANDARD,TEST,E3_AUGMENTED_TRAIN_MIXED_TEST,MixedTest,Decision Tree,Caution,1.000000,0.000000,0.000000
2026-07-08,3.000000,KONAK,Caution,True,NITRITE_SUBSTANDARD,TEST,E3_AUGMENTED_TRAIN_MIXED_TEST,MixedTest,Decision Tree,Caution,1.000000,0.000000,0.000000
2026-07-29,32.000000,EGEKENT,Caution,True,AMMONIUM_NEAR_STANDARD,TEST,E3_AUGMENTED_TRAIN_MIXED_TEST,MixedTest,Decision Tree,Caution,1.000000,0.000000,0.000000
2026-07-29,20.000000,GÜLTEPE,Risk,True,NITRITE_FAIL_FAST,TEST,E3_AUGMENTED_TRAIN_MIXED_TEST,MixedTest,Decision Tree,Risk,0.000000,0.000000,1.000000
2026-07-22,67.000000,ÇAMLIKULE,Risk,True,C_PERFRINGENS_FAIL_FAST,TEST,E3_AUGMENTED_TRAIN_MIXED_TEST,MixedTest,Decision Tree,Risk,0.000000,0.000000,1.000000
2026-07-01,56.000000,YEŞİLOVA,Good,False,REAL,REAL,E3_AUGMENTED_TRAIN_MIXED_TEST,MixedTest,Decision Tree,Good,0.000000,1.000000,0.000000
2026-06-10,24.000000,PINARBAŞI,Caution,True,NITRITE_SUBSTANDARD,TEST,E3_AUGMENTED_TRAIN_MIXED_TEST,MixedTest,Decision Tree,Caution,1.000000,0.000000,0.000000
2026-07-29,27.000000,ATATÜRK MAH,Good,False,REAL,REAL,E3_AUGMENTED_TRAIN_MIXED_TEST,MixedTest,Decision Tree,Good,0.000000,1.000000,0.000000
2026-06-10,23.000000,IŞIKKENT,Risk,True,NITRITE_FAIL_FAST,TEST,E3_AUGMENTED_TRAIN_MIXED_TEST,MixedTest,Decision Tree,Risk,0.000000,0.000000,1.000000
2026-07-29,22.000000,ÇAMDİBİ,Good,False,REAL,REAL,E3_AUGMENTED_TRAIN_MIXED_TEST,MixedTest,Decision Tree,Good,0.000000,1.000000,0.000000
2026-07-01,61.000000,LEVENT,Good,False,REAL,REAL,E3_AUGMENTED_TRAIN_MIXED_TEST,MixedTest,Decision Tree,Good,0.000000,1.000000,0.000000
2026-07-08,16.000000,GEDİZ,Risk,True,NITRITE_FAIL_FAST,TEST,E3_AUGMENTED_TRAIN_MIXED_TEST,MixedTest,Decision Tree,Risk,0.000000,0.000000,1.000000
2026-07-29,33.000000,BALATÇIK,Risk,True,NITRITE_FAIL_FAST,TEST,E3_AUGMENTED_TRAIN_MIXED_TEST,MixedTest,Decision Tree,Risk,0.000000,0.000000,1.000000
2026-07-01,70.000000,ÇAMLIK MAH,Risk,True,C_PERFRINGENS_FAIL_FAST,TEST,E3_AUGMENTED_TRAIN_MIXED_TEST,MixedTest,Decision Tree,Risk,0.000000,0.000000,1.000000
2026-07-08,22.000000,ÇAMDİBİ,Risk,True,E_COLI_FAIL_FAST,TEST,E3_AUGMENTED_TRAIN_MIXED_TEST,MixedTest,Decision Tree,Risk,0.000000,0.000000,1.000000
2026-07-22,67.000000,ÇAMLIKULE,Caution,True,NITRITE_SUBSTANDARD,TEST,E3_AUGMENTED_TRAIN_MIXED_TEST,MixedTest,Decision Tree,Caution,1.000000,0.000000,0.000000
2026-07-08,4.000000,GÜZELBAHÇE,Caution,True,MULTI_PARAMETER_SUBSTANDARD,TEST,E3_AUGMENTED_TRAIN_MIXED_TEST,MixedTest,Decision Tree,Caution,1.000000,0.000000,0.000000
2026-07-22,43.000000,POSTACI MAH,Caution,True,AMMONIUM_NEAR_STANDARD,TEST,E3_AUGMENTED_TRAIN_MIXED_TEST,MixedTest,Decision Tree,Caution,1.000000,0.000000,0.000000
2026-06-10,37.000000,KARŞIYAKA,Risk,True,ARSENIC_FAIL_FAST,TEST,E3_AUGMENTED_TRAIN_MIXED_TEST,MixedTest,Decision Tree,Risk,0.000000,0.000000,1.000000
2026-06-10,25.000000,EVKA-3,Risk,True,E_COLI_FAIL_FAST,TEST,E3_AUGMENTED_TRAIN_MIXED_TEST,MixedTest,Decision Tree,Risk,0.000000,0.000000,1.000000
2026-07-01,43.000000,POSTACI MAH,Good,False,REAL,REAL,E3_AUGMENTED_TRAIN_MIXED_TEST,MixedTest,Decision Tree,Good,0.000000,1.000000,0.000000
2026-07-08,36.000000,ŞEMİKLER,Good,False,REAL,REAL,E3_AUGMENTED_TRAIN_MIXED_TEST,MixedTest,Decision Tree,Good,0.000000,1.000000,0.000000
2026-06-10,19.000000,GÜLÇEŞME,Caution,True,MULTI_PARAMETER_SUBSTANDARD,TEST,E3_AUGMENTED_TRAIN_MIXED_TEST,MixedTest,Decision Tree,Caution,1.000000,0.000000,0.000000
2026-07-08,27.000000,ATATÜRK MAH,Caution,True,AMMONIUM_NEAR_STANDARD,TEST,E3_AUGMENTED_TRAIN_MIXED_TEST,MixedTest,Decision Tree,Caution,1.000000,0.000000,0.000000
2026-06-24,23.000000,IŞIKKENT,Risk,True,COLIFORM_FAIL_FAST,TEST,E3_AUGMENTED_TRAIN_MIXED_TEST,MixedTest,Decision Tree,Risk,0.000000,0.000000,1.000000
2026-06-10,22.000000,ÇAMDİBİ,Risk,True,COLIFORM_FAIL_FAST,TEST,E3_AUGMENTED_TRAIN_MIXED_TEST,MixedTest,Decision Tree,Risk,0.000000,0.000000,1.000000
2026-07-29,30.000000,MANAVKUYU,Risk,True,ARSENIC_FAIL_FAST,TEST,E3_AUGMENTED_TRAIN_MIXED_TEST,MixedTest,Decision Tree,Risk,0.000000,0.000000,1.000000
2026-07-29,40.000000,GÜMÜŞPALA,Good,False,REAL,REAL,E3_AUGMENTED_TRAIN_MIXED_TEST,MixedTest,Decision Tree,Good,0.000000,1.000000,0.000000
2026-07-01,78.000000,İNCİRALTI,Caution,True,NITRITE_SUBSTANDARD,TEST,E3_AUGMENTED_TRAIN_MIXED_TEST,MixedTest,Decision Tree,Caution,1.000000,0.000000,0.000000
2026-07-08,20.000000,GÜLTEPE,Good,False,REAL,REAL,E3_AUGMENTED_TRAIN_MIXED_TEST,MixedTest,Decision Tree,Good,0.000000,1.000000,0.000000
2026-07-01,68.000000,AKINCILAR,Good,False,REAL,REAL,E3_AUGMENTED_TRAIN_MIXED_TEST,MixedTest,Decision Tree,Good,0.000000,1.000000,0.000000
2026-07-22,60.000000,TOROS,Good,False,REAL,REAL,E3_AUGMENTED_TRAIN_MIXED_TEST,MixedTest,Decision Tree,Good,0.000000,1.000000,0.000000
2026-06-24,27.000000,ATATÜRK MAH,Caution,True,AMMONIUM_NEAR_STANDARD,TEST,E3_AUGMENTED_TRAIN_MIXED_TEST,MixedTest,Decision Tree,Caution,1.000000,0.000000,0.000000
2026-07-29,39.000000,ÖRNEKKÖY,Good,False,REAL,REAL,E3_AUGMENTED_TRAIN_MIXED_TEST,MixedTest,Decision Tree,Good,0.000000,1.000000,0.000000
2026-07-01,46.000000,GÜZELTEPE,Good,False,REAL,REAL,E3_AUGMENTED_TRAIN_MIXED_TEST,MixedTest,Decision Tree,Good,0.000000,1.000000,0.000000
2026-07-01,51.000000,ÇAY MAH,Good,False,REAL,REAL,E3_AUGMENTED_TRAIN_MIXED_TEST,MixedTest,Decision Tree,Good,0.000000,1.000000,0.000000
2026-07-01,57.000000,MERSİNLİ,Risk,True,NITRITE_FAIL_FAST,TEST,E3_AUGMENTED_TRAIN_MIXED_TEST,MixedTest,Decision Tree,Risk,0.000000,0.000000,1.000000
2026-07-29,28.000000,OSMANGAZİ,Good,False,REAL,REAL,E3_AUGMENTED_TRAIN_MIXED_TEST,MixedTest,Decision Tree,Good,0.000000,1.000000,0.000000
2026-06-10,39.000000,ÖRNEKKÖY,Risk,True,E_COLI_FAIL_FAST,TEST,E3_AUGMENTED_TRAIN_MIXED_TEST,MixedTest,Decision Tree,Risk,0.000000,0.000000,1.000000
2026-06-17,57.000000,MERSİNLİ,Caution,True,NITRITE_SUBSTANDARD,TEST,E3_AUGMENTED_TRAIN_MIXED_TEST,MixedTest,Decision Tree,Caution,1.000000,0.000000,0.000000
2026-07-01,59.000000,ÇANKAYA,Good,False,REAL,REAL,E3_AUGMENTED_TRAIN_MIXED_TEST,MixedTest,Decision Tree,Good,0.000000,1.000000,0.000000
2026-06-10,26.000000,BORNOVA,Caution,True,AMMONIUM_NEAR_STANDARD,TEST,E3_AUGMENTED_TRAIN_MIXED_TEST,MixedTest,Decision Tree,Caution,1.000000,0.000000,0.000000
2026-07-29,23.000000,IŞIKKENT,Risk,True,E_COLI_FAIL_FAST,TEST,E3_AUGMENTED_TRAIN_MIXED_TEST,MixedTest,Decision Tree,Risk,0.000000,0.000000,1.000000
2026-06-24,38.000000,EVKA-2,Good,False,REAL,REAL,E3_AUGMENTED_TRAIN_MIXED_TEST,MixedTest,Decision Tree,Good,0.000000,1.000000,0.000000
2026-07-08,7.000000,ÜÇKUYULAR,Risk,True,COLIFORM_FAIL_FAST,TEST,E3_AUGMENTED_TRAIN_MIXED_TEST,MixedTest,Decision Tree,Risk,0.000000,0.000000,1.000000
2026-06-10,29.000000,ÖZKANLAR,Caution,True,MULTI_PARAMETER_SUBSTANDARD,TEST,E3_AUGMENTED_TRAIN_MIXED_TEST,MixedTest,Decision Tree,Caution,1.000000,0.000000,0.000000
2026-07-01,65.000000,KURUÇEŞME,Good,False,REAL,REAL,E3_AUGMENTED_TRAIN_MIXED_TEST,MixedTest,Decision Tree,Good,0.000000,1.000000,0.000000
2026-07-01,79.000000,ESENDERE,Caution,True,AMMONIUM_NEAR_STANDARD,TEST,E3_AUGMENTED_TRAIN_MIXED_TEST,MixedTest,Decision Tree,Caution,1.000000,0.000000,0.000000
2026-06-17,49.000000,ALAYBEY,Good,False,REAL,REAL,E3_AUGMENTED_TRAIN_MIXED_TEST,MixedTest,Decision Tree,Good,0.000000,1.000000,0.000000
2026-06-24,18.000000,BUCA,Risk,True,E_COLI_FAIL_FAST,TEST,E3_AUGMENTED_TRAIN_MIXED_TEST,MixedTest,Decision Tree,Risk,0.000000,0.000000,1.000000
2026-06-17,71.000000,AKTEPE,Good,False,REAL,REAL,E3_AUGMENTED_TRAIN_MIXED_TEST,MixedTest,Decision Tree,Good,0.000000,1.000000,0.000000
2026-06-17,64.000000,ADATEPE,Caution,True,AMMONIUM_NEAR_STANDARD,TEST,E3_AUGMENTED_TRAIN_MIXED_TEST,MixedTest,Decision Tree,Caution,1.000000,0.000000,0.000000
2026-06-24,15.000000,GAZİEMİR,Good,False,REAL,REAL,E3_AUGMENTED_TRAIN_MIXED_TEST,MixedTest,Decision Tree,Good,0.000000,1.000000,0.000000
2026-06-10,8.000000,GÜZELYALI,Caution,True,AMMONIUM_NEAR_STANDARD,TEST,E3_AUGMENTED_TRAIN_MIXED_TEST,MixedTest,Decision Tree,Caution,1.000000,0.000000,0.000000
2026-07-22,43.000000,POSTACI MAH,Good,False,REAL,REAL,E3_AUGMENTED_TRAIN_MIXED_TEST,MixedTest,Decision Tree,Good,0.000000,1.000000,0.000000
2026-07-08,15.000000,GAZİEMİR,Good,False,REAL,REAL,E3_AUGMENTED_TRAIN_MIXED_TEST,MixedTest,Decision Tree,Good,0.000000,1.000000,0.000000
2026-06-10,16.000000,GEDİZ,Good,False,REAL,REAL,E3_AUGMENTED_TRAIN_MIXED_TEST,MixedTest,Decision Tree,Good,0.000000,1.000000,0.000000
2026-06-10,40.000000,GÜMÜŞPALA,Good,False,REAL,REAL,E3_AUGMENTED_TRAIN_MIXED_TEST,MixedTest,Decision Tree,Good,0.000000,1.000000,0.000000
2026-06-10,33.000000,BALATÇIK,Good,False,REAL,REAL,E3_AUGMENTED_TRAIN_MIXED_TEST,MixedTest,Decision Tree,Good,0.000000,1.000000,0.000000
2026-07-08,26.000000,BORNOVA,Good,False,REAL,REAL,E3_AUGMENTED_TRAIN_MIXED_TEST,MixedTest,Decision Tree,Good,0.000000,1.000000,0.000000
2026-07-01,74.000000,UZUNDERE,Good,False,REAL,REAL,E3_AUGMENTED_TRAIN_MIXED_TEST,MixedTest,Decision Tree,Good,0.000000,1.000000,0.000000
2026-06-17,43.000000,POSTACI MAH,Risk,True,E_COLI_FAIL_FAST,TEST,E3_AUGMENTED_TRAIN_MIXED_TEST,MixedTest,Decision Tree,Risk,0.000000,0.000000,1.000000
2026-06-10,2.000000,YENİŞEHİR,Caution,True,MULTI_PARAMETER_SUBSTANDARD,TEST,E3_AUGMENTED_TRAIN_MIXED_TEST,MixedTest,Decision Tree,Caution,1.000000,0.000000,0.000000
2026-07-29,25.000000,EVKA-3,Good,False,REAL,REAL,E3_AUGMENTED_TRAIN_MIXED_TEST,MixedTest,Decision Tree,Good,0.000000,1.000000,0.000000
2026-06-24,25.000000,EVKA-3,Good,False,REAL,REAL,E3_AUGMENTED_TRAIN_MIXED_TEST,MixedTest,Decision Tree,Good,0.000000,1.000000,0.000000
2026-06-17,56.000000,YEŞİLOVA,Good,False,REAL,REAL,E3_AUGMENTED_TRAIN_MIXED_TEST,MixedTest,Decision Tree,Good,0.000000,1.000000,0.000000
2026-07-22,43.000000,POSTACI MAH,Caution,True,NITRITE_SUBSTANDARD,TEST,E3_AUGMENTED_TRAIN_MIXED_TEST,MixedTest,Decision Tree,Caution,1.000000,0.000000,0.000000
2026-06-17,55.000000,MEVLANA,Risk,True,NITRITE_FAIL_FAST,TEST,E3_AUGMENTED_TRAIN_MIXED_TEST,MixedTest,Decision Tree,Risk,0.000000,0.000000,1.000000
2026-07-29,20.000000,GÜLTEPE,Risk,True,COLIFORM_FAIL_FAST,TEST,E3_AUGMENTED_TRAIN_MIXED_TEST,MixedTest,Decision Tree,Risk,0.000000,0.000000,1.000000
2026-07-08,35.000000,BOSTANLI,Good,False,REAL,REAL,E3_AUGMENTED_TRAIN_MIXED_TEST,MixedTest,Decision Tree,Good,0.000000,1.000000,0.000000
2026-06-17,46.000000,GÜZELTEPE,Good,False,REAL,REAL,E3_AUGMENTED_TRAIN_MIXED_TEST,MixedTest,Decision Tree,Good,0.000000,1.000000,0.000000
2026-06-17,76.000000,GÜZELBAHÇE,Risk,True,C_PERFRINGENS_FAIL_FAST,TEST,E3_AUGMENTED_TRAIN_MIXED_TEST,MixedTest,Decision Tree,Risk,0.000000,0.000000,1.000000
2026-07-29,2.000000,YENİŞEHİR,Good,False,REAL,REAL,E3_AUGMENTED_TRAIN_MIXED_TEST,MixedTest,Decision Tree,Good,0.000000,1.000000,0.000000
2026-06-10,17.000000,ŞİRİNYER,Caution,True,NITRITE_SUBSTANDARD,TEST,E3_AUGMENTED_TRAIN_MIXED_TEST,MixedTest,Decision Tree,Caution,1.000000,0.000000,0.000000
2026-06-17,54.000000,YEŞİLÇAM,Caution,True,MULTI_PARAMETER_SUBSTANDARD,TEST,E3_AUGMENTED_TRAIN_MIXED_TEST,MixedTest,Decision Tree,Caution,1.000000,0.000000,0.000000
2026-06-24,4.000000,GÜZELBAHÇE,Risk,True,COLIFORM_FAIL_FAST,TEST,E3_AUGMENTED_TRAIN_MIXED_TEST,MixedTest,Decision Tree,Risk,0.000000,0.000000,1.000000
2026-06-10,6.000000,BALÇOVA,Good,False,REAL,REAL,E3_AUGMENTED_TRAIN_MIXED_TEST,MixedTest,Decision Tree,Good,0.000000,1.000000,0.000000
2026-06-10,9.000000,HATAY,Caution,True,AMMONIUM_NEAR_STANDARD,TEST,E3_AUGMENTED_TRAIN_MIXED_TEST,MixedTest,Decision Tree,Caution,1.000000,0.000000,0.000000
2026-07-08,24.000000,PINARBAŞI,Risk,True,COLIFORM_FAIL_FAST,TEST,E3_AUGMENTED_TRAIN_MIXED_TEST,MixedTest,Decision Tree,Risk,0.000000,0.000000,1.000000
2026-06-24,30.000000,MANAVKUYU,Good,False,REAL,REAL,E3_AUGMENTED_TRAIN_MIXED_TEST,MixedTest,Decision Tree,Good,0.000000,1.000000,0.000000
2026-07-29,30.000000,MANAVKUYU,Good,False,REAL,REAL,E3_AUGMENTED_TRAIN_MIXED_TEST,MixedTest,Decision Tree,Good,0.000000,1.000000,0.000000
2026-06-10,22.000000,ÇAMDİBİ,Risk,True,E_COLI_FAIL_FAST,TEST,E3_AUGMENTED_TRAIN_MIXED_TEST,MixedTest,Decision Tree,Risk,0.000000,0.000000,1.000000
2026-07-29,15.000000,GAZİEMİR,Good,False,REAL,REAL,E3_AUGMENTED_TRAIN_MIXED_TEST,MixedTest,Decision Tree,Good,0.000000,1.000000,0.000000
2026-07-08,27.000000,ATATÜRK MAH,Good,False,REAL,REAL,E3_AUGMENTED_TRAIN_MIXED_TEST,MixedTest,Decision Tree,Good,0.000000,1.000000,0.000000
2026-06-24,28.000000,OSMANGAZİ,Good,False,REAL,REAL,E3_AUGMENTED_TRAIN_MIXED_TEST,MixedTest,Decision Tree,Good,0.000000,1.000000,0.000000
2026-07-08,30.000000,MANAVKUYU,Caution,True,AMMONIUM_NEAR_STANDARD,TEST,E3_AUGMENTED_TRAIN_MIXED_TEST,MixedTest,Decision Tree,Caution,1.000000,0.000000,0.000000
2026-07-29,17.000000,ŞİRİNYER,Good,False,REAL,REAL,E3_AUGMENTED_TRAIN_MIXED_TEST,MixedTest,Decision Tree,Good,0.000000,1.000000,0.000000
2026-06-17,67.000000,ÇAMLIKULE,Good,False,REAL,REAL,E3_AUGMENTED_TRAIN_MIXED_TEST,MixedTest,Decision Tree,Good,0.000000,1.000000,0.000000
2026-06-17,52.000000,İZYUVA,Good,False,REAL,REAL,E3_AUGMENTED_TRAIN_MIXED_TEST,MixedTest,Decision Tree,Good,0.000000,1.000000,0.000000
2026-06-10,37.000000,KARŞIYAKA,Good,False,REAL,REAL,E3_AUGMENTED_TRAIN_MIXED_TEST,MixedTest,Decision Tree,Good,0.000000,1.000000,0.000000
2026-06-17,41.000000,DOĞANÇAY,Caution,True,MULTI_PARAMETER_SUBSTANDARD,TEST,E3_AUGMENTED_TRAIN_MIXED_TEST,MixedTest,Decision Tree,Caution,1.000000,0.000000,0.000000
2026-07-29,25.000000,EVKA-3,Caution,True,MULTI_PARAMETER_SUBSTANDARD,TEST,E3_AUGMENTED_TRAIN_MIXED_TEST,MixedTest,Decision Tree,Caution,1.000000,0.000000,0.000000
2026-07-22,70.000000,ÇAMLIK MAH,Good,False,REAL,REAL,E3_AUGMENTED_TRAIN_MIXED_TEST,MixedTest,Decision Tree,Good,0.000000,1.000000,0.000000
2026-06-10,5.000000,NARLIDERE,Risk,True,E_COLI_FAIL_FAST,TEST,E3_AUGMENTED_TRAIN_MIXED_TEST,MixedTest,Decision Tree,Risk,0.000000,0.000000,1.000000
2026-06-10,32.000000,EGEKENT,Good,False,REAL,REAL,E3_AUGMENTED_TRAIN_MIXED_TEST,MixedTest,Decision Tree,Good,0.000000,1.000000,0.000000
2026-07-29,7.000000,ÜÇKUYULAR,Risk,True,C_PERFRINGENS_FAIL_FAST,TEST,E3_AUGMENTED_TRAIN_MIXED_TEST,MixedTest,Decision Tree,Risk,0.000000,0.000000,1.000000
2026-07-29,35.000000,BOSTANLI,Good,False,REAL,REAL,E3_AUGMENTED_TRAIN_MIXED_TEST,MixedTest,Decision Tree,Good,0.000000,1.000000,0.000000
2026-06-17,67.000000,ÇAMLIKULE,Caution,True,MULTI_PARAMETER_SUBSTANDARD,TEST,E3_AUGMENTED_TRAIN_MIXED_TEST,MixedTest,Decision Tree,Caution,1.000000,0.000000,0.000000
2026-07-08,20.000000,GÜLTEPE,Caution,True,MULTI_PARAMETER_SUBSTANDARD,TEST,E3_AUGMENTED_TRAIN_MIXED_TEST,MixedTest,Decision Tree,Caution,1.000000,0.000000,0.000000
2026-07-08,18.000000,BUCA,Good,False,REAL,REAL,E3_AUGMENTED_TRAIN_MIXED_TEST,MixedTest,Decision Tree,Good,0.000000,1.000000,0.000000
2026-06-17,76.000000,GÜZELBAHÇE,Risk,True,C_PERFRINGENS_FAIL_FAST,TEST,E3_AUGMENTED_TRAIN_MIXED_TEST,MixedTest,Decision Tree,Risk,0.000000,0.000000,1.000000
2026-07-01,70.000000,ÇAMLIK MAH,Good,False,REAL,REAL,E3_AUGMENTED_TRAIN_MIXED_TEST,MixedTest,Decision Tree,Good,0.000000,1.000000,0.000000
2026-06-17,68.000000,AKINCILAR,Good,False,REAL,REAL,E3_AUGMENTED_TRAIN_MIXED_TEST,MixedTest,Decision Tree,Good,0.000000,1.000000,0.000000
2026-07-01,67.000000,ÇAMLIKULE,Good,False,REAL,REAL,E3_AUGMENTED_TRAIN_MIXED_TEST,MixedTest,Decision Tree,Good,0.000000,1.000000,0.000000
2026-07-01,60.000000,TOROS,Good,False,REAL,REAL,E3_AUGMENTED_TRAIN_MIXED_TEST,MixedTest,Decision Tree,Good,0.000000,1.000000,0.000000
2026-07-29,14.000000,ESKİ İZMİR,Risk,True,E_COLI_FAIL_FAST,TEST,E3_AUGMENTED_TRAIN_MIXED_TEST,MixedTest,Decision Tree,Risk,0.000000,0.000000,1.000000
2026-06-10,11.000000,YEŞİLYURT,Good,False,REAL,REAL,E3_AUGMENTED_TRAIN_MIXED_TEST,MixedTest,Decision Tree,Good,0.000000,1.000000,0.000000
2026-06-10,30.000000,MANAVKUYU,Caution,True,AMMONIUM_NEAR_STANDARD,TEST,E3_AUGMENTED_TRAIN_MIXED_TEST,MixedTest,Decision Tree,Caution,1.000000,0.000000,0.000000
2026-06-10,3.000000,KONAK,Risk,True,COLIFORM_FAIL_FAST,TEST,E3_AUGMENTED_TRAIN_MIXED_TEST,MixedTest,Decision Tree,Risk,0.000000,0.000000,1.000000
2026-06-17,70.000000,ÇAMLIK MAH,Good,False,REAL,REAL,E3_AUGMENTED_TRAIN_MIXED_TEST,MixedTest,Decision Tree,Good,0.000000,1.000000,0.000000
2026-07-29,25.000000,EVKA-3,Caution,True,NITRITE_SUBSTANDARD,TEST,E3_AUGMENTED_TRAIN_MIXED_TEST,MixedTest,Decision Tree,Caution,1.000000,0.000000,0.000000
2026-06-10,18.000000,BUCA,Good,False,REAL,REAL,E3_AUGMENTED_TRAIN_MIXED_TEST,MixedTest,Decision Tree,Good,0.000000,1.000000,0.000000
2026-07-08,11.000000,YEŞİLYURT,Good,False,REAL,REAL,E3_AUGMENTED_TRAIN_MIXED_TEST,MixedTest,Decision Tree,Good,0.000000,1.000000,0.000000
2026-06-17,45.000000,CUMHURİYET MAH,Good,False,REAL,REAL,E3_AUGMENTED_TRAIN_MIXED_TEST,MixedTest,Decision Tree,Good,0.000000,1.000000,0.000000
2026-06-24,16.000000,GEDİZ,Risk,True,E_COLI_FAIL_FAST,TEST,E3_AUGMENTED_TRAIN_MIXED_TEST,MixedTest,Decision Tree,Risk,0.000000,0.000000,1.000000
2026-06-17,43.000000,POSTACI MAH,Risk,True,NITRITE_FAIL_FAST,TEST,E3_AUGMENTED_TRAIN_MIXED_TEST,MixedTest,Decision Tree,Risk,0.000000,0.000000,1.000000
2026-07-29,19.000000,GÜLÇEŞME,Good,False,REAL,REAL,E3_AUGMENTED_TRAIN_MIXED_TEST,MixedTest,Decision Tree,Good,0.000000,1.000000,0.000000
2026-07-22,55.000000,MEVLANA,Caution,True,AMMONIUM_NEAR_STANDARD,TEST,E3_AUGMENTED_TRAIN_MIXED_TEST,MixedTest,Decision Tree,Caution,1.000000,0.000000,0.000000
2026-06-17,70.000000,ÇAMLIK MAH,Risk,True,E_COLI_FAIL_FAST,TEST,E3_AUGMENTED_TRAIN_MIXED_TEST,MixedTest,Decision Tree,Risk,0.000000,0.000000,1.000000
2026-07-08,3.000000,KONAK,Risk,True,E_COLI_FAIL_FAST,TEST,E3_AUGMENTED_TRAIN_MIXED_TEST,MixedTest,Decision Tree,Risk,0.000000,0.000000,1.000000
2026-07-29,30.000000,MANAVKUYU,Caution,True,AMMONIUM_NEAR_STANDARD,TEST,E3_AUGMENTED_TRAIN_MIXED_TEST,MixedTest,Decision Tree,Caution,1.000000,0.000000,0.000000
2026-06-17,73.000000,BEYAZEVLER,Caution,True,NITRITE_SUBSTANDARD,TEST,E3_AUGMENTED_TRAIN_MIXED_TEST,MixedTest,Decision Tree,Caution,1.000000,0.000000,0.000000
2026-07-29,3.000000,KONAK,Good,False,REAL,REAL,E3_AUGMENTED_TRAIN_MIXED_TEST,MixedTest,Decision Tree,Good,0.000000,1.000000,0.000000
2026-07-29,14.000000,ESKİ İZMİR,Good,False,REAL,REAL,E3_AUGMENTED_TRAIN_MIXED_TEST,MixedTest,Decision Tree,Good,0.000000,1.000000,0.000000
2026-07-08,27.000000,ATATÜRK MAH,Caution,True,MULTI_PARAMETER_SUBSTANDARD,TEST,E3_AUGMENTED_TRAIN_MIXED_TEST,MixedTest,Decision Tree,Caution,1.000000,0.000000,0.000000
2026-06-17,72.000000,9 EYLÜL MAH,Risk,True,ARSENIC_FAIL_FAST,TEST,E3_AUGMENTED_TRAIN_MIXED_TEST,MixedTest,Decision Tree,Risk,0.000000,0.000000,1.000000
2026-06-24,34.000000,ÇİĞLİ,Caution,True,MULTI_PARAMETER_SUBSTANDARD,TEST,E3_AUGMENTED_TRAIN_MIXED_TEST,MixedTest,Decision Tree,Caution,1.000000,0.000000,0.000000
2026-06-17,75.000000,CENNETÇEŞME,Risk,True,C_PERFRINGENS_FAIL_FAST,TEST,E3_AUGMENTED_TRAIN_MIXED_TEST,MixedTest,Decision Tree,Risk,0.000000,0.000000,1.000000
2026-07-01,80.000000,KADİFEKALE,Risk,True,ARSENIC_FAIL_FAST,TEST,E3_AUGMENTED_TRAIN_MIXED_TEST,MixedTest,Decision Tree,Risk,0.000000,0.000000,1.000000
2026-06-10,22.000000,ÇAMDİBİ,Caution,True,NITRITE_SUBSTANDARD,TEST,E3_AUGMENTED_TRAIN_MIXED_TEST,MixedTest,Decision Tree,Caution,1.000000,0.000000,0.000000
2026-07-29,22.000000,ÇAMDİBİ,Caution,True,MULTI_PARAMETER_SUBSTANDARD,TEST,E3_AUGMENTED_TRAIN_MIXED_TEST,MixedTest,Decision Tree,Caution,1.000000,0.000000,0.000000
2026-06-10,15.000000,GAZİEMİR,Caution,True,MULTI_PARAMETER_SUBSTANDARD,TEST,E3_AUGMENTED_TRAIN_MIXED_TEST,MixedTest,Decision Tree,Caution,1.000000,0.000000,0.000000
2026-07-22,72.000000,9 EYLÜL MAH,Good,False,REAL,REAL,E3_AUGMENTED_TRAIN_MIXED_TEST,MixedTest,Decision Tree,Good,0.000000,1.000000,0.000000
2026-07-08,17.000000,ŞİRİNYER,Good,False,REAL,REAL,E3_AUGMENTED_TRAIN_MIXED_TEST,MixedTest,Decision Tree,Good,0.000000,1.000000,0.000000
2026-06-17,48.000000,EGEKENT-2,Good,False,REAL,REAL,E3_AUGMENTED_TRAIN_MIXED_TEST,MixedTest,Decision Tree,Good,0.000000,1.000000,0.000000
2026-07-29,20.000000,GÜLTEPE,Good,False,REAL,REAL,E3_AUGMENTED_TRAIN_MIXED_TEST,MixedTest,Decision Tree,Good,0.000000,1.000000,0.000000
2026-07-22,48.000000,EGEKENT-2,Good,False,REAL,REAL,E3_AUGMENTED_TRAIN_MIXED_TEST,MixedTest,Decision Tree,Good,0.000000,1.000000,0.000000
2026-06-17,61.000000,LEVENT,Caution,True,NITRITE_SUBSTANDARD,TEST,E3_AUGMENTED_TRAIN_MIXED_TEST,MixedTest,Decision Tree,Caution,1.000000,0.000000,0.000000
2026-07-01,45.000000,CUMHURİYET MAH,Caution,True,MULTI_PARAMETER_SUBSTANDARD,TEST,E3_AUGMENTED_TRAIN_MIXED_TEST,MixedTest,Decision Tree,Caution,1.000000,0.000000,0.000000
2026-06-24,36.000000,ŞEMİKLER,Good,False,REAL,REAL,E3_AUGMENTED_TRAIN_MIXED_TEST,MixedTest,Decision Tree,Good,0.000000,1.000000,0.000000
2026-06-17,59.000000,ÇANKAYA,Good,False,REAL,REAL,E3_AUGMENTED_TRAIN_MIXED_TEST,MixedTest,Decision Tree,Good,0.000000,1.000000,0.000000
2026-06-10,33.000000,BALATÇIK,Risk,True,C_PERFRINGENS_FAIL_FAST,TEST,E3_AUGMENTED_TRAIN_MIXED_TEST,MixedTest,Decision Tree,Risk,0.000000,0.000000,1.000000
2026-06-10,3.000000,KONAK,Good,False,REAL,REAL,E3_AUGMENTED_TRAIN_MIXED_TEST,MixedTest,Decision Tree,Good,0.000000,1.000000,0.000000
2026-06-10,28.000000,OSMANGAZİ,Risk,True,COLIFORM_FAIL_FAST,TEST,E3_AUGMENTED_TRAIN_MIXED_TEST,MixedTest,Decision Tree,Risk,0.000000,0.000000,1.000000
2026-07-08,38.000000,EVKA-2,Risk,True,E_COLI_FAIL_FAST,TEST,E3_AUGMENTED_TRAIN_MIXED_TEST,MixedTest,Decision Tree,Risk,0.000000,0.000000,1.000000
2026-06-17,54.000000,YEŞİLÇAM,Good,False,REAL,REAL,E3_AUGMENTED_TRAIN_MIXED_TEST,MixedTest,Decision Tree,Good,0.000000,1.000000,0.000000
2026-06-24,8.000000,GÜZELYALI,Good,False,REAL,REAL,E3_AUGMENTED_TRAIN_MIXED_TEST,MixedTest,Decision Tree,Good,0.000000,1.000000,0.000000
2026-07-22,80.000000,KADİFEKALE,Good,False,REAL,REAL,E3_AUGMENTED_TRAIN_MIXED_TEST,MixedTest,Decision Tree,Good,0.000000,1.000000,0.000000
2026-06-10,39.000000,ÖRNEKKÖY,Good,False,REAL,REAL,E3_AUGMENTED_TRAIN_MIXED_TEST,MixedTest,Decision Tree,Good,0.000000,1.000000,0.000000
2026-06-17,42.000000,YAMANLAR,Caution,True,NITRITE_SUBSTANDARD,TEST,E3_AUGMENTED_TRAIN_MIXED_TEST,MixedTest,Decision Tree,Caution,1.000000,0.000000,0.000000
2026-07-08,30.000000,MANAVKUYU,Risk,True,ARSENIC_FAIL_FAST,TEST,E3_AUGMENTED_TRAIN_MIXED_TEST,MixedTest,Decision Tree,Risk,0.000000,0.000000,1.000000
2026-06-24,21.000000,ALTINDAĞ,Good,False,REAL,REAL,E3_AUGMENTED_TRAIN_MIXED_TEST,MixedTest,Decision Tree,Good,0.000000,1.000000,0.000000
2026-07-08,40.000000,GÜMÜŞPALA,Caution,True,MULTI_PARAMETER_SUBSTANDARD,TEST,E3_AUGMENTED_TRAIN_MIXED_TEST,MixedTest,Decision Tree,Caution,1.000000,0.000000,0.000000
2026-06-24,30.000000,MANAVKUYU,Risk,True,C_PERFRINGENS_FAIL_FAST,TEST,E3_AUGMENTED_TRAIN_MIXED_TEST,MixedTest,Decision Tree,Risk,0.000000,0.000000,1.000000
2026-06-17,57.000000,MERSİNLİ,Good,False,REAL,REAL,E3_AUGMENTED_TRAIN_MIXED_TEST,MixedTest,Decision Tree,Good,0.000000,1.000000,0.000000
2026-06-10,20.000000,GÜLTEPE,Caution,True,AMMONIUM_NEAR_STANDARD,TEST,E3_AUGMENTED_TRAIN_MIXED_TEST,MixedTest,Decision Tree,Caution,1.000000,0.000000,0.000000
2026-06-24,33.000000,BALATÇIK,Caution,True,NITRITE_SUBSTANDARD,TEST,E3_AUGMENTED_TRAIN_MIXED_TEST,MixedTest,Decision Tree,Caution,1.000000,0.000000,0.000000
2026-07-29,34.000000,ÇİĞLİ,Caution,True,AMMONIUM_NEAR_STANDARD,TEST,E3_AUGMENTED_TRAIN_MIXED_TEST,MixedTest,Decision Tree,Caution,1.000000,0.000000,0.000000
2026-06-10,17.000000,ŞİRİNYER,Good,False,REAL,REAL,E3_AUGMENTED_TRAIN_MIXED_TEST,MixedTest,Decision Tree,Good,0.000000,1.000000,0.000000
2026-06-17,69.000000,UĞUR MUMCU MAH,Caution,True,NITRITE_SUBSTANDARD,TEST,E3_AUGMENTED_TRAIN_MIXED_TEST,MixedTest,Decision Tree,Caution,1.000000,0.000000,0.000000
2026-06-24,18.000000,BUCA,Good,False,REAL,REAL,E3_AUGMENTED_TRAIN_MIXED_TEST,MixedTest,Decision Tree,Good,0.000000,1.000000,0.000000
2026-07-01,71.000000,AKTEPE,Risk,True,E_COLI_FAIL_FAST,TEST,E3_AUGMENTED_TRAIN_MIXED_TEST,MixedTest,Decision Tree,Risk,0.000000,0.000000,1.000000
2026-06-17,69.000000,UĞUR MUMCU MAH,Caution,True,NITRITE_SUBSTANDARD,TEST,E3_AUGMENTED_TRAIN_MIXED_TEST,MixedTest,Decision Tree,Caution,1.000000,0.000000,0.000000
2026-07-08,22.000000,ÇAMDİBİ,Good,False,REAL,REAL,E3_AUGMENTED_TRAIN_MIXED_TEST,MixedTest,Decision Tree,Good,0.000000,1.000000,0.000000
2026-07-22,59.000000,ÇANKAYA,Caution,True,NITRITE_SUBSTANDARD,TEST,E3_AUGMENTED_TRAIN_MIXED_TEST,MixedTest,Decision Tree,Caution,1.000000,0.000000,0.000000
2026-07-01,41.000000,DOĞANÇAY,Risk,True,ARSENIC_FAIL_FAST,TEST,E3_AUGMENTED_TRAIN_MIXED_TEST,MixedTest,Decision Tree,Risk,0.000000,0.000000,1.000000
2026-07-01,66.000000,KOZAĞAÇ,Good,False,REAL,REAL,E3_AUGMENTED_TRAIN_MIXED_TEST,MixedTest,Decision Tree,Good,0.000000,1.000000,0.000000
2026-07-01,56.000000,YEŞİLOVA,Caution,True,NITRITE_SUBSTANDARD,TEST,E3_AUGMENTED_TRAIN_MIXED_TEST,MixedTest,Decision Tree,Caution,1.000000,0.000000,0.000000
2026-06-17,74.000000,UZUNDERE,Risk,True,NITRITE_FAIL_FAST,TEST,E3_AUGMENTED_TRAIN_MIXED_TEST,MixedTest,Decision Tree,Risk,0.000000,0.000000,1.000000
2026-07-29,38.000000,EVKA-2,Caution,True,NITRITE_SUBSTANDARD,TEST,E3_AUGMENTED_TRAIN_MIXED_TEST,MixedTest,Decision Tree,Caution,1.000000,0.000000,0.000000
2026-06-10,9.000000,HATAY,Caution,True,NITRITE_SUBSTANDARD,TEST,E3_AUGMENTED_TRAIN_MIXED_TEST,MixedTest,Decision Tree,Caution,1.000000,0.000000,0.000000
2026-06-17,60.000000,TOROS,Good,False,REAL,REAL,E3_AUGMENTED_TRAIN_MIXED_TEST,MixedTest,Decision Tree,Good,0.000000,1.000000,0.000000
2026-06-10,23.000000,IŞIKKENT,Risk,True,NITRITE_FAIL_FAST,TEST,E3_AUGMENTED_TRAIN_MIXED_TEST,MixedTest,Decision Tree,Risk,0.000000,0.000000,1.000000
2026-06-17,55.000000,MEVLANA,Good,False,REAL,REAL,E3_AUGMENTED_TRAIN_MIXED_TEST,MixedTest,Decision Tree,Good,0.000000,1.000000,0.000000
2026-07-08,30.000000,MANAVKUYU,Good,False,REAL,REAL,E3_AUGMENTED_TRAIN_MIXED_TEST,MixedTest,Decision Tree,Good,0.000000,1.000000,0.000000
2026-07-22,47.000000,EVKA-5,Good,False,REAL,REAL,E3_AUGMENTED_TRAIN_MIXED_TEST,MixedTest,Decision Tree,Good,0.000000,1.000000,0.000000
2026-06-10,28.000000,OSMANGAZİ,Risk,True,COLIFORM_FAIL_FAST,TEST,E3_AUGMENTED_TRAIN_MIXED_TEST,MixedTest,Decision Tree,Risk,0.000000,0.000000,1.000000
2026-07-22,44.000000,YAMAÇ MAH,Good,False,REAL,REAL,E3_AUGMENTED_TRAIN_MIXED_TEST,MixedTest,Decision Tree,Good,0.000000,1.000000,0.000000
2026-07-08,25.000000,EVKA-3,Good,False,REAL,REAL,E3_AUGMENTED_TRAIN_MIXED_TEST,MixedTest,Decision Tree,Good,0.000000,1.000000,0.000000
2026-06-17,64.000000,ADATEPE,Good,False,REAL,REAL,E3_AUGMENTED_TRAIN_MIXED_TEST,MixedTest,Decision Tree,Good,0.000000,1.000000,0.000000
2026-06-17,53.000000,NALDÖKEN,Good,False,REAL,REAL,E3_AUGMENTED_TRAIN_MIXED_TEST,MixedTest,Decision Tree,Good,0.000000,1.000000,0.000000
2026-06-24,20.000000,GÜLTEPE,Caution,True,AMMONIUM_NEAR_STANDARD,TEST,E3_AUGMENTED_TRAIN_MIXED_TEST,MixedTest,Decision Tree,Caution,1.000000,0.000000,0.000000
2026-07-29,17.000000,ŞİRİNYER,Caution,True,MULTI_PARAMETER_SUBSTANDARD,TEST,E3_AUGMENTED_TRAIN_MIXED_TEST,MixedTest,Decision Tree,Caution,1.000000,0.000000,0.000000
2026-07-01,47.000000,EVKA-5,Caution,True,AMMONIUM_NEAR_STANDARD,TEST,E3_AUGMENTED_TRAIN_MIXED_TEST,MixedTest,Decision Tree,Caution,1.000000,0.000000,0.000000
2026-06-10,25.000000,EVKA-3,Good,False,REAL,REAL,E3_AUGMENTED_TRAIN_MIXED_TEST,MixedTest,Decision Tree,Good,0.000000,1.000000,0.000000
2026-06-10,15.000000,GAZİEMİR,Caution,True,NITRITE_SUBSTANDARD,TEST,E3_AUGMENTED_TRAIN_MIXED_TEST,MixedTest,Decision Tree,Caution,1.000000,0.000000,0.000000
2026-07-08,16.000000,GEDİZ,Good,False,REAL,REAL,E3_AUGMENTED_TRAIN_MIXED_TEST,MixedTest,Decision Tree,Good,0.000000,1.000000,0.000000
2026-06-24,35.000000,BOSTANLI,Caution,True,NITRITE_SUBSTANDARD,TEST,E3_AUGMENTED_TRAIN_MIXED_TEST,MixedTest,Decision Tree,Caution,1.000000,0.000000,0.000000
2026-07-22,51.000000,ÇAY MAH,Good,False,REAL,REAL,E3_AUGMENTED_TRAIN_MIXED_TEST,MixedTest,Decision Tree,Good,0.000000,1.000000,0.000000
2026-07-01,50.000000,CENGİZHAN,Risk,True,E_COLI_FAIL_FAST,TEST,E3_AUGMENTED_TRAIN_MIXED_TEST,MixedTest,Decision Tree,Risk,0.000000,0.000000,1.000000
2026-06-24,20.000000,GÜLTEPE,Caution,True,NITRITE_SUBSTANDARD,TEST,E3_AUGMENTED_TRAIN_MIXED_TEST,MixedTest,Decision Tree,Caution,1.000000,0.000000,0.000000
2026-07-22,75.000000,CENNETÇEŞME,Risk,True,C_PERFRINGENS_FAIL_FAST,TEST,E3_AUGMENTED_TRAIN_MIXED_TEST,MixedTest,Decision Tree,Risk,0.000000,0.000000,1.000000
2026-06-24,39.000000,ÖRNEKKÖY,Caution,True,NITRITE_SUBSTANDARD,TEST,E3_AUGMENTED_TRAIN_MIXED_TEST,MixedTest,Decision Tree,Caution,1.000000,0.000000,0.000000
2026-06-24,37.000000,KARŞIYAKA,Caution,True,NITRITE_SUBSTANDARD,TEST,E3_AUGMENTED_TRAIN_MIXED_TEST,MixedTest,Decision Tree,Caution,1.000000,0.000000,0.000000
2026-06-24,2.000000,YENİŞEHİR,Caution,True,MULTI_PARAMETER_SUBSTANDARD,TEST,E3_AUGMENTED_TRAIN_MIXED_TEST,MixedTest,Decision Tree,Caution,1.000000,0.000000,0.000000
2026-07-08,3.000000,KONAK,Good,False,REAL,REAL,E3_AUGMENTED_TRAIN_MIXED_TEST,MixedTest,Decision Tree,Good,0.000000,1.000000,0.000000
2026-07-01,62.000000,UFUK MAH,Good,False,REAL,REAL,E3_AUGMENTED_TRAIN_MIXED_TEST,MixedTest,Decision Tree,Good,0.000000,1.000000,0.000000
2026-07-08,5.000000,NARLIDERE,Good,False,REAL,REAL,E3_AUGMENTED_TRAIN_MIXED_TEST,MixedTest,Decision Tree,Good,0.000000,1.000000,0.000000
2026-07-29,34.000000,ÇİĞLİ,Risk,True,NITRITE_FAIL_FAST,TEST,E3_AUGMENTED_TRAIN_MIXED_TEST,MixedTest,Decision Tree,Risk,0.000000,0.000000,1.000000
2026-06-24,29.000000,ÖZKANLAR,Good,False,REAL,REAL,E3_AUGMENTED_TRAIN_MIXED_TEST,MixedTest,Decision Tree,Good,0.000000,1.000000,0.000000
2026-06-17,42.000000,YAMANLAR,Risk,True,NITRITE_FAIL_FAST,TEST,E3_AUGMENTED_TRAIN_MIXED_TEST,MixedTest,Decision Tree,Risk,0.000000,0.000000,1.000000
2026-06-24,17.000000,ŞİRİNYER,Good,False,REAL,REAL,E3_AUGMENTED_TRAIN_MIXED_TEST,MixedTest,Decision Tree,Good,0.000000,1.000000,0.000000
2026-07-08,24.000000,PINARBAŞI,Caution,True,NITRITE_SUBSTANDARD,TEST,E3_AUGMENTED_TRAIN_MIXED_TEST,MixedTest,Decision Tree,Caution,1.000000,0.000000,0.000000
2026-07-29,16.000000,GEDİZ,Good,False,REAL,REAL,E3_AUGMENTED_TRAIN_MIXED_TEST,MixedTest,Decision Tree,Good,0.000000,1.000000,0.000000
2026-07-01,52.000000,İZYUVA,Good,False,REAL,REAL,E3_AUGMENTED_TRAIN_MIXED_TEST,MixedTest,Decision Tree,Good,0.000000,1.000000,0.000000
2026-07-08,24.000000,PINARBAŞI,Risk,True,E_COLI_FAIL_FAST,TEST,E3_AUGMENTED_TRAIN_MIXED_TEST,MixedTest,Decision Tree,Risk,0.000000,0.000000,1.000000
2026-06-10,24.000000,PINARBAŞI,Good,False,REAL,REAL,E3_AUGMENTED_TRAIN_MIXED_TEST,MixedTest,Decision Tree,Good,0.000000,1.000000,0.000000
2026-07-22,46.000000,GÜZELTEPE,Good,False,REAL,REAL,E3_AUGMENTED_TRAIN_MIXED_TEST,MixedTest,Decision Tree,Good,0.000000,1.000000,0.000000
2026-06-17,78.000000,İNCİRALTI,Good,False,REAL,REAL,E3_AUGMENTED_TRAIN_MIXED_TEST,MixedTest,Decision Tree,Good,0.000000,1.000000,0.000000
2026-06-24,37.000000,KARŞIYAKA,Good,False,REAL,REAL,E3_AUGMENTED_TRAIN_MIXED_TEST,MixedTest,Decision Tree,Good,0.000000,1.000000,0.000000
2026-06-17,51.000000,ÇAY MAH,Caution,True,NITRITE_SUBSTANDARD,TEST,E3_AUGMENTED_TRAIN_MIXED_TEST,MixedTest,Decision Tree,Caution,1.000000,0.000000,0.000000
2026-07-01,46.000000,GÜZELTEPE,Caution,True,AMMONIUM_NEAR_STANDARD,TEST,E3_AUGMENTED_TRAIN_MIXED_TEST,MixedTest,Decision Tree,Caution,1.000000,0.000000,0.000000
2026-07-08,32.000000,EGEKENT,Risk,True,ARSENIC_FAIL_FAST,TEST,E3_AUGMENTED_TRAIN_MIXED_TEST,MixedTest,Decision Tree,Risk,0.000000,0.000000,1.000000
2026-06-24,33.000000,BALATÇIK,Good,False,REAL,REAL,E3_AUGMENTED_TRAIN_MIXED_TEST,MixedTest,Decision Tree,Good,0.000000,1.000000,0.000000
2026-06-10,2.000000,YENİŞEHİR,Good,False,REAL,REAL,E2_AUGMENTED_TRAIN_REAL_TEST,RealTest,Random Forest,Good,0.035792,0.782886,0.181322
2026-06-10,3.000000,KONAK,Good,False,REAL,REAL,E2_AUGMENTED_TRAIN_REAL_TEST,RealTest,Random Forest,Good,0.035131,0.793163,0.171706
2026-06-10,4.000000,GÜZELBAHÇE,Good,False,REAL,REAL,E2_AUGMENTED_TRAIN_REAL_TEST,RealTest,Random Forest,Good,0.027600,0.839741,0.132659
2026-06-10,5.000000,NARLIDERE,Good,False,REAL,REAL,E2_AUGMENTED_TRAIN_REAL_TEST,RealTest,Random Forest,Good,0.027600,0.839792,0.132608
2026-06-10,6.000000,BALÇOVA,Good,False,REAL,REAL,E2_AUGMENTED_TRAIN_REAL_TEST,RealTest,Random Forest,Good,0.025852,0.825504,0.148644
2026-06-10,7.000000,ÜÇKUYULAR,Good,False,REAL,REAL,E2_AUGMENTED_TRAIN_REAL_TEST,RealTest,Random Forest,Good,0.024882,0.834022,0.141096
2026-06-10,8.000000,GÜZELYALI,Good,False,REAL,REAL,E2_AUGMENTED_TRAIN_REAL_TEST,RealTest,Random Forest,Good,0.025852,0.825814,0.148333
2026-06-10,9.000000,HATAY,Good,False,REAL,REAL,E2_AUGMENTED_TRAIN_REAL_TEST,RealTest,Random Forest,Good,0.018433,0.859288,0.122279
2026-06-10,11.000000,YEŞİLYURT,Good,False,REAL,REAL,E2_AUGMENTED_TRAIN_REAL_TEST,RealTest,Random Forest,Good,0.017298,0.854727,0.127975
2026-06-10,13.000000,KARABAĞLAR,Good,False,REAL,REAL,E2_AUGMENTED_TRAIN_REAL_TEST,RealTest,Random Forest,Good,0.017177,0.854563,0.128260
2026-06-10,14.000000,ESKİ İZMİR,Good,False,REAL,REAL,E2_AUGMENTED_TRAIN_REAL_TEST,RealTest,Random Forest,Good,0.018433,0.859288,0.122279
2026-06-10,15.000000,GAZİEMİR,Good,False,REAL,REAL,E2_AUGMENTED_TRAIN_REAL_TEST,RealTest,Random Forest,Good,0.017824,0.855548,0.126628
2026-06-10,16.000000,GEDİZ,Good,False,REAL,REAL,E2_AUGMENTED_TRAIN_REAL_TEST,RealTest,Random Forest,Good,0.028286,0.816942,0.154773
2026-06-10,17.000000,ŞİRİNYER,Good,False,REAL,REAL,E2_AUGMENTED_TRAIN_REAL_TEST,RealTest,Random Forest,Good,0.028853,0.813454,0.157693
2026-06-10,18.000000,BUCA,Good,False,REAL,REAL,E2_AUGMENTED_TRAIN_REAL_TEST,RealTest,Random Forest,Good,0.028505,0.817568,0.153928
2026-06-10,19.000000,GÜLÇEŞME,Good,False,REAL,REAL,E2_AUGMENTED_TRAIN_REAL_TEST,RealTest,Random Forest,Good,0.028853,0.812554,0.158593
2026-06-10,20.000000,GÜLTEPE,Good,False,REAL,REAL,E2_AUGMENTED_TRAIN_REAL_TEST,RealTest,Random Forest,Good,0.037763,0.791522,0.170715
2026-06-10,21.000000,ALTINDAĞ,Good,False,REAL,REAL,E2_AUGMENTED_TRAIN_REAL_TEST,RealTest,Random Forest,Good,0.023280,0.824660,0.152060
2026-06-10,22.000000,ÇAMDİBİ,Good,False,REAL,REAL,E2_AUGMENTED_TRAIN_REAL_TEST,RealTest,Random Forest,Good,0.021553,0.826284,0.152163
2026-06-10,23.000000,IŞIKKENT,Good,False,REAL,REAL,E2_AUGMENTED_TRAIN_REAL_TEST,RealTest,Random Forest,Good,0.023971,0.825610,0.150418
2026-06-10,24.000000,PINARBAŞI,Good,False,REAL,REAL,E2_AUGMENTED_TRAIN_REAL_TEST,RealTest,Random Forest,Good,0.021457,0.825057,0.153486
2026-06-10,25.000000,EVKA-3,Good,False,REAL,REAL,E2_AUGMENTED_TRAIN_REAL_TEST,RealTest,Random Forest,Good,0.022722,0.828882,0.148396
2026-06-10,26.000000,BORNOVA,Good,False,REAL,REAL,E2_AUGMENTED_TRAIN_REAL_TEST,RealTest,Random Forest,Good,0.021667,0.831782,0.146551
2026-06-10,27.000000,ATATÜRK MAH,Good,False,REAL,REAL,E2_AUGMENTED_TRAIN_REAL_TEST,RealTest,Random Forest,Good,0.037290,0.773078,0.189631
2026-06-10,28.000000,OSMANGAZİ,Good,False,REAL,REAL,E2_AUGMENTED_TRAIN_REAL_TEST,RealTest,Random Forest,Good,0.033822,0.722119,0.244059
2026-06-10,29.000000,ÖZKANLAR,Good,False,REAL,REAL,E2_AUGMENTED_TRAIN_REAL_TEST,RealTest,Random Forest,Good,0.033822,0.724580,0.241599
2026-06-10,30.000000,MANAVKUYU,Good,False,REAL,REAL,E2_AUGMENTED_TRAIN_REAL_TEST,RealTest,Random Forest,Good,0.030334,0.738550,0.231116
2026-06-10,32.000000,EGEKENT,Good,False,REAL,REAL,E2_AUGMENTED_TRAIN_REAL_TEST,RealTest,Random Forest,Good,0.036845,0.684247,0.278908
2026-06-10,33.000000,BALATÇIK,Good,False,REAL,REAL,E2_AUGMENTED_TRAIN_REAL_TEST,RealTest,Random Forest,Good,0.042925,0.663725,0.293351
2026-06-10,34.000000,ÇİĞLİ,Good,False,REAL,REAL,E2_AUGMENTED_TRAIN_REAL_TEST,RealTest,Random Forest,Good,0.034688,0.778381,0.186932
2026-06-10,35.000000,BOSTANLI,Good,False,REAL,REAL,E2_AUGMENTED_TRAIN_REAL_TEST,RealTest,Random Forest,Good,0.034761,0.715298,0.249942
2026-06-10,36.000000,ŞEMİKLER,Good,False,REAL,REAL,E2_AUGMENTED_TRAIN_REAL_TEST,RealTest,Random Forest,Good,0.035305,0.721894,0.242801
2026-06-10,37.000000,KARŞIYAKA,Good,False,REAL,REAL,E2_AUGMENTED_TRAIN_REAL_TEST,RealTest,Random Forest,Good,0.035531,0.721182,0.243287
2026-06-10,38.000000,EVKA-2,Good,False,REAL,REAL,E2_AUGMENTED_TRAIN_REAL_TEST,RealTest,Random Forest,Good,0.035531,0.721182,0.243287
2026-06-10,39.000000,ÖRNEKKÖY,Good,False,REAL,REAL,E2_AUGMENTED_TRAIN_REAL_TEST,RealTest,Random Forest,Good,0.033594,0.742938,0.223468
2026-06-10,40.000000,GÜMÜŞPALA,Good,False,REAL,REAL,E2_AUGMENTED_TRAIN_REAL_TEST,RealTest,Random Forest,Good,0.034005,0.739161,0.226834
2026-06-17,41.000000,DOĞANÇAY,Good,False,REAL,REAL,E2_AUGMENTED_TRAIN_REAL_TEST,RealTest,Random Forest,Good,0.034526,0.811154,0.154320
2026-06-17,42.000000,YAMANLAR,Good,False,REAL,REAL,E2_AUGMENTED_TRAIN_REAL_TEST,RealTest,Random Forest,Good,0.034588,0.809238,0.156173
2026-06-17,43.000000,POSTACI MAH,Good,False,REAL,REAL,E2_AUGMENTED_TRAIN_REAL_TEST,RealTest,Random Forest,Good,0.033611,0.815015,0.151373
2026-06-17,44.000000,YAMAÇ MAH,Good,False,REAL,REAL,E2_AUGMENTED_TRAIN_REAL_TEST,RealTest,Random Forest,Good,0.034588,0.812065,0.153347
2026-06-17,45.000000,CUMHURİYET MAH,Good,False,REAL,REAL,E2_AUGMENTED_TRAIN_REAL_TEST,RealTest,Random Forest,Good,0.034308,0.813104,0.152588
2026-06-17,46.000000,GÜZELTEPE,Good,False,REAL,REAL,E2_AUGMENTED_TRAIN_REAL_TEST,RealTest,Random Forest,Good,0.032965,0.808850,0.158185
2026-06-17,47.000000,EVKA-5,Good,False,REAL,REAL,E2_AUGMENTED_TRAIN_REAL_TEST,RealTest,Random Forest,Good,0.033513,0.734945,0.231543
2026-06-17,48.000000,EGEKENT-2,Good,False,REAL,REAL,E2_AUGMENTED_TRAIN_REAL_TEST,RealTest,Random Forest,Good,0.047220,0.722525,0.230255
2026-06-17,49.000000,ALAYBEY,Good,False,REAL,REAL,E2_AUGMENTED_TRAIN_REAL_TEST,RealTest,Random Forest,Good,0.034308,0.812972,0.152720
2026-06-17,50.000000,CENGİZHAN,Good,False,REAL,REAL,E2_AUGMENTED_TRAIN_REAL_TEST,RealTest,Random Forest,Good,0.032965,0.807315,0.159720
2026-06-17,51.000000,ÇAY MAH,Good,False,REAL,REAL,E2_AUGMENTED_TRAIN_REAL_TEST,RealTest,Random Forest,Good,0.034933,0.810176,0.154891
2026-06-17,52.000000,İZYUVA,Good,False,REAL,REAL,E2_AUGMENTED_TRAIN_REAL_TEST,RealTest,Random Forest,Good,0.028505,0.819973,0.151523
2026-06-17,53.000000,NALDÖKEN,Good,False,REAL,REAL,E2_AUGMENTED_TRAIN_REAL_TEST,RealTest,Random Forest,Good,0.021472,0.843679,0.134849
2026-06-17,54.000000,YEŞİLÇAM,Good,False,REAL,REAL,E2_AUGMENTED_TRAIN_REAL_TEST,RealTest,Random Forest,Good,0.026920,0.818383,0.154697
2026-06-17,55.000000,MEVLANA,Good,False,REAL,REAL,E2_AUGMENTED_TRAIN_REAL_TEST,RealTest,Random Forest,Good,0.026687,0.819849,0.153464
2026-06-17,56.000000,YEŞİLOVA,Good,False,REAL,REAL,E2_AUGMENTED_TRAIN_REAL_TEST,RealTest,Random Forest,Good,0.030794,0.814153,0.155054
2026-06-17,57.000000,MERSİNLİ,Good,False,REAL,REAL,E2_AUGMENTED_TRAIN_REAL_TEST,RealTest,Random Forest,Good,0.032552,0.808926,0.158522
2026-06-17,59.000000,ÇANKAYA,Good,False,REAL,REAL,E2_AUGMENTED_TRAIN_REAL_TEST,RealTest,Random Forest,Good,0.037312,0.808745,0.153942
2026-06-17,60.000000,TOROS,Good,False,REAL,REAL,E2_AUGMENTED_TRAIN_REAL_TEST,RealTest,Random Forest,Good,0.030649,0.802822,0.166529
2026-06-17,61.000000,LEVENT,Good,False,REAL,REAL,E2_AUGMENTED_TRAIN_REAL_TEST,RealTest,Random Forest,Good,0.031895,0.803239,0.164866
2026-06-17,62.000000,UFUK MAH,Good,False,REAL,REAL,E2_AUGMENTED_TRAIN_REAL_TEST,RealTest,Random Forest,Good,0.032042,0.809020,0.158937
2026-06-17,63.000000,EVKA-1,Good,False,REAL,REAL,E2_AUGMENTED_TRAIN_REAL_TEST,RealTest,Random Forest,Good,0.023280,0.824148,0.152573
2026-06-17,64.000000,ADATEPE,Good,False,REAL,REAL,E2_AUGMENTED_TRAIN_REAL_TEST,RealTest,Random Forest,Good,0.017460,0.835104,0.147436
2026-06-17,65.000000,KURUÇEŞME,Good,False,REAL,REAL,E2_AUGMENTED_TRAIN_REAL_TEST,RealTest,Random Forest,Good,0.014840,0.832563,0.152597
2026-06-17,66.000000,KOZAĞAÇ,Good,False,REAL,REAL,E2_AUGMENTED_TRAIN_REAL_TEST,RealTest,Random Forest,Good,0.021451,0.830058,0.148492
2026-06-17,67.000000,ÇAMLIKULE,Good,False,REAL,REAL,E2_AUGMENTED_TRAIN_REAL_TEST,RealTest,Random Forest,Good,0.020223,0.828982,0.150796
2026-06-17,68.000000,AKINCILAR,Good,False,REAL,REAL,E2_AUGMENTED_TRAIN_REAL_TEST,RealTest,Random Forest,Good,0.021210,0.830744,0.148046
2026-06-17,69.000000,UĞUR MUMCU MAH,Good,False,REAL,REAL,E2_AUGMENTED_TRAIN_REAL_TEST,RealTest,Random Forest,Good,0.016798,0.856342,0.126860
2026-06-17,70.000000,ÇAMLIK MAH,Good,False,REAL,REAL,E2_AUGMENTED_TRAIN_REAL_TEST,RealTest,Random Forest,Good,0.018073,0.847821,0.134106
2026-06-17,71.000000,AKTEPE,Good,False,REAL,REAL,E2_AUGMENTED_TRAIN_REAL_TEST,RealTest,Random Forest,Good,0.015498,0.839516,0.144986
2026-06-17,72.000000,9 EYLÜL MAH,Good,False,REAL,REAL,E2_AUGMENTED_TRAIN_REAL_TEST,RealTest,Random Forest,Good,0.016942,0.847013,0.136045
2026-06-17,73.000000,BEYAZEVLER,Good,False,REAL,REAL,E2_AUGMENTED_TRAIN_REAL_TEST,RealTest,Random Forest,Good,0.018073,0.849256,0.132671
2026-06-17,74.000000,UZUNDERE,Good,False,REAL,REAL,E2_AUGMENTED_TRAIN_REAL_TEST,RealTest,Random Forest,Good,0.016250,0.857572,0.126178
2026-06-17,75.000000,CENNETÇEŞME,Good,False,REAL,REAL,E2_AUGMENTED_TRAIN_REAL_TEST,RealTest,Random Forest,Good,0.017464,0.845281,0.137255
2026-06-17,76.000000,GÜZELBAHÇE,Good,False,REAL,REAL,E2_AUGMENTED_TRAIN_REAL_TEST,RealTest,Random Forest,Good,0.021594,0.848111,0.130295
2026-06-17,78.000000,İNCİRALTI,Good,False,REAL,REAL,E2_AUGMENTED_TRAIN_REAL_TEST,RealTest,Random Forest,Good,0.021594,0.850476,0.127931
2026-06-17,79.000000,ESENDERE,Good,False,REAL,REAL,E2_AUGMENTED_TRAIN_REAL_TEST,RealTest,Random Forest,Good,0.016968,0.843333,0.139699
2026-06-17,80.000000,KADİFEKALE,Good,False,REAL,REAL,E2_AUGMENTED_TRAIN_REAL_TEST,RealTest,Random Forest,Good,0.018121,0.856682,0.125197
2026-06-24,2.000000,YENİŞEHİR,Good,False,REAL,REAL,E2_AUGMENTED_TRAIN_REAL_TEST,RealTest,Random Forest,Good,0.033975,0.814635,0.151390
2026-06-24,3.000000,KONAK,Good,False,REAL,REAL,E2_AUGMENTED_TRAIN_REAL_TEST,RealTest,Random Forest,Good,0.033660,0.820343,0.145996
2026-06-24,4.000000,GÜZELBAHÇE,Good,False,REAL,REAL,E2_AUGMENTED_TRAIN_REAL_TEST,RealTest,Random Forest,Good,0.020783,0.854331,0.124885
2026-06-24,5.000000,NARLIDERE,Good,False,REAL,REAL,E2_AUGMENTED_TRAIN_REAL_TEST,RealTest,Random Forest,Good,0.020658,0.848384,0.130957
2026-06-24,6.000000,BALÇOVA,Good,False,REAL,REAL,E2_AUGMENTED_TRAIN_REAL_TEST,RealTest,Random Forest,Good,0.028515,0.835954,0.135531
2026-06-24,7.000000,ÜÇKUYULAR,Good,False,REAL,REAL,E2_AUGMENTED_TRAIN_REAL_TEST,RealTest,Random Forest,Good,0.029999,0.830930,0.139070
2026-06-24,8.000000,GÜZELYALI,Good,False,REAL,REAL,E2_AUGMENTED_TRAIN_REAL_TEST,RealTest,Random Forest,Good,0.023083,0.847012,0.129905
2026-06-24,9.000000,HATAY,Good,False,REAL,REAL,E2_AUGMENTED_TRAIN_REAL_TEST,RealTest,Random Forest,Good,0.015742,0.849786,0.134472
2026-06-24,11.000000,YEŞİLYURT,Good,False,REAL,REAL,E2_AUGMENTED_TRAIN_REAL_TEST,RealTest,Random Forest,Good,0.016873,0.851972,0.131155
2026-06-24,13.000000,KARABAĞLAR,Good,False,REAL,REAL,E2_AUGMENTED_TRAIN_REAL_TEST,RealTest,Random Forest,Good,0.017557,0.847574,0.134869
2026-06-24,14.000000,ESKİ İZMİR,Good,False,REAL,REAL,E2_AUGMENTED_TRAIN_REAL_TEST,RealTest,Random Forest,Good,0.017431,0.845712,0.136857
2026-06-24,15.000000,GAZİEMİR,Good,False,REAL,REAL,E2_AUGMENTED_TRAIN_REAL_TEST,RealTest,Random Forest,Good,0.015742,0.847982,0.136276
2026-06-24,16.000000,GEDİZ,Good,False,REAL,REAL,E2_AUGMENTED_TRAIN_REAL_TEST,RealTest,Random Forest,Good,0.028286,0.816472,0.155243
2026-06-24,17.000000,ŞİRİNYER,Good,False,REAL,REAL,E2_AUGMENTED_TRAIN_REAL_TEST,RealTest,Random Forest,Good,0.027594,0.814024,0.158382
2026-06-24,18.000000,BUCA,Good,False,REAL,REAL,E2_AUGMENTED_TRAIN_REAL_TEST,RealTest,Random Forest,Good,0.028853,0.816685,0.154462
2026-06-24,19.000000,GÜLÇEŞME,Good,False,REAL,REAL,E2_AUGMENTED_TRAIN_REAL_TEST,RealTest,Random Forest,Good,0.029744,0.810869,0.159387
2026-06-24,20.000000,GÜLTEPE,Good,False,REAL,REAL,E2_AUGMENTED_TRAIN_REAL_TEST,RealTest,Random Forest,Good,0.033317,0.823283,0.143399
2026-06-24,21.000000,ALTINDAĞ,Good,False,REAL,REAL,E2_AUGMENTED_TRAIN_REAL_TEST,RealTest,Random Forest,Good,0.028505,0.821288,0.150207
2026-06-24,22.000000,ÇAMDİBİ,Good,False,REAL,REAL,E2_AUGMENTED_TRAIN_REAL_TEST,RealTest,Random Forest,Good,0.029180,0.817656,0.153163
2026-06-24,23.000000,IŞIKKENT,Good,False,REAL,REAL,E2_AUGMENTED_TRAIN_REAL_TEST,RealTest,Random Forest,Good,0.029180,0.819708,0.151111
2026-06-24,24.000000,PINARBAŞI,Good,False,REAL,REAL,E2_AUGMENTED_TRAIN_REAL_TEST,RealTest,Random Forest,Good,0.029043,0.820316,0.150641
2026-06-24,25.000000,EVKA-3,Good,False,REAL,REAL,E2_AUGMENTED_TRAIN_REAL_TEST,RealTest,Random Forest,Good,0.028505,0.818770,0.152726
2026-06-24,26.000000,BORNOVA,Good,False,REAL,REAL,E2_AUGMENTED_TRAIN_REAL_TEST,RealTest,Random Forest,Good,0.028134,0.814661,0.157205
2026-06-24,27.000000,ATATÜRK MAH,Good,False,REAL,REAL,E2_AUGMENTED_TRAIN_REAL_TEST,RealTest,Random Forest,Good,0.033501,0.827224,0.139275
2026-06-24,28.000000,OSMANGAZİ,Good,False,REAL,REAL,E2_AUGMENTED_TRAIN_REAL_TEST,RealTest,Random Forest,Good,0.033166,0.825861,0.140973
2026-06-24,29.000000,ÖZKANLAR,Good,False,REAL,REAL,E2_AUGMENTED_TRAIN_REAL_TEST,RealTest,Random Forest,Good,0.033166,0.823443,0.143390
2026-06-24,30.000000,MANAVKUYU,Good,False,REAL,REAL,E2_AUGMENTED_TRAIN_REAL_TEST,RealTest,Random Forest,Good,0.033501,0.826118,0.140381
2026-06-24,32.000000,EGEKENT,Good,False,REAL,REAL,E2_AUGMENTED_TRAIN_REAL_TEST,RealTest,Random Forest,Good,0.044523,0.790370,0.165107
2026-06-24,33.000000,BALATÇIK,Good,False,REAL,REAL,E2_AUGMENTED_TRAIN_REAL_TEST,RealTest,Random Forest,Good,0.035538,0.798884,0.165577
2026-06-24,34.000000,ÇİĞLİ,Good,False,REAL,REAL,E2_AUGMENTED_TRAIN_REAL_TEST,RealTest,Random Forest,Good,0.035212,0.828274,0.136514
2026-06-24,35.000000,BOSTANLI,Good,False,REAL,REAL,E2_AUGMENTED_TRAIN_REAL_TEST,RealTest,Random Forest,Good,0.034241,0.822262,0.143496
2026-06-24,36.000000,ŞEMİKLER,Good,False,REAL,REAL,E2_AUGMENTED_TRAIN_REAL_TEST,RealTest,Random Forest,Good,0.033957,0.824910,0.141133
2026-06-24,37.000000,KARŞIYAKA,Good,False,REAL,REAL,E2_AUGMENTED_TRAIN_REAL_TEST,RealTest,Random Forest,Good,0.035439,0.823813,0.140748
2026-06-24,38.000000,EVKA-2,Good,False,REAL,REAL,E2_AUGMENTED_TRAIN_REAL_TEST,RealTest,Random Forest,Good,0.033166,0.825564,0.141270
2026-06-24,39.000000,ÖRNEKKÖY,Good,False,REAL,REAL,E2_AUGMENTED_TRAIN_REAL_TEST,RealTest,Random Forest,Good,0.032303,0.823346,0.144350
2026-06-24,40.000000,GÜMÜŞPALA,Good,False,REAL,REAL,E2_AUGMENTED_TRAIN_REAL_TEST,RealTest,Random Forest,Good,0.035890,0.819482,0.144628
2026-07-01,41.000000,DOĞANÇAY,Good,False,REAL,REAL,E2_AUGMENTED_TRAIN_REAL_TEST,RealTest,Random Forest,Good,0.035535,0.832272,0.132193
2026-07-01,42.000000,YAMANLAR,Good,False,REAL,REAL,E2_AUGMENTED_TRAIN_REAL_TEST,RealTest,Random Forest,Good,0.033517,0.834646,0.131837
2026-07-01,43.000000,POSTACI MAH,Good,False,REAL,REAL,E2_AUGMENTED_TRAIN_REAL_TEST,RealTest,Random Forest,Good,0.033215,0.826851,0.139934
2026-07-01,44.000000,YAMAÇ MAH,Good,False,REAL,REAL,E2_AUGMENTED_TRAIN_REAL_TEST,RealTest,Random Forest,Good,0.034841,0.837061,0.128098
2026-07-01,45.000000,CUMHURİYET MAH,Good,False,REAL,REAL,E2_AUGMENTED_TRAIN_REAL_TEST,RealTest,Random Forest,Good,0.031747,0.833357,0.134896
2026-07-01,46.000000,GÜZELTEPE,Good,False,REAL,REAL,E2_AUGMENTED_TRAIN_REAL_TEST,RealTest,Random Forest,Good,0.032220,0.832807,0.134973
2026-07-01,47.000000,EVKA-5,Good,False,REAL,REAL,E2_AUGMENTED_TRAIN_REAL_TEST,RealTest,Random Forest,Good,0.034581,0.816801,0.148618
2026-07-01,48.000000,EGEKENT-2,Good,False,REAL,REAL,E2_AUGMENTED_TRAIN_REAL_TEST,RealTest,Random Forest,Good,0.034332,0.819508,0.146160
2026-07-01,49.000000,ALAYBEY,Good,False,REAL,REAL,E2_AUGMENTED_TRAIN_REAL_TEST,RealTest,Random Forest,Good,0.032220,0.832807,0.134973
2026-07-01,50.000000,CENGİZHAN,Good,False,REAL,REAL,E2_AUGMENTED_TRAIN_REAL_TEST,RealTest,Random Forest,Good,0.032220,0.832807,0.134973
2026-07-01,51.000000,ÇAY MAH,Good,False,REAL,REAL,E2_AUGMENTED_TRAIN_REAL_TEST,RealTest,Random Forest,Good,0.032371,0.832507,0.135122
2026-07-01,52.000000,İZYUVA,Good,False,REAL,REAL,E2_AUGMENTED_TRAIN_REAL_TEST,RealTest,Random Forest,Good,0.017026,0.864496,0.118478
2026-07-01,53.000000,NALDÖKEN,Good,False,REAL,REAL,E2_AUGMENTED_TRAIN_REAL_TEST,RealTest,Random Forest,Good,0.016153,0.865253,0.118593
2026-07-01,54.000000,YEŞİLÇAM,Good,False,REAL,REAL,E2_AUGMENTED_TRAIN_REAL_TEST,RealTest,Random Forest,Good,0.014641,0.847993,0.137366
2026-07-01,55.000000,MEVLANA,Good,False,REAL,REAL,E2_AUGMENTED_TRAIN_REAL_TEST,RealTest,Random Forest,Good,0.020552,0.852146,0.127302
2026-07-01,56.000000,YEŞİLOVA,Good,False,REAL,REAL,E2_AUGMENTED_TRAIN_REAL_TEST,RealTest,Random Forest,Good,0.018566,0.861005,0.120429
2026-07-01,57.000000,MERSİNLİ,Good,False,REAL,REAL,E2_AUGMENTED_TRAIN_REAL_TEST,RealTest,Random Forest,Good,0.018566,0.858529,0.122905
2026-07-01,59.000000,ÇANKAYA,Good,False,REAL,REAL,E2_AUGMENTED_TRAIN_REAL_TEST,RealTest,Random Forest,Good,0.037537,0.833362,0.129101
2026-07-01,60.000000,TOROS,Good,False,REAL,REAL,E2_AUGMENTED_TRAIN_REAL_TEST,RealTest,Random Forest,Good,0.035749,0.826112,0.138139
2026-07-01,61.000000,LEVENT,Good,False,REAL,REAL,E2_AUGMENTED_TRAIN_REAL_TEST,RealTest,Random Forest,Good,0.037545,0.832578,0.129877
2026-07-01,62.000000,UFUK MAH,Good,False,REAL,REAL,E2_AUGMENTED_TRAIN_REAL_TEST,RealTest,Random Forest,Good,0.035840,0.827213,0.136948
2026-07-01,63.000000,EVKA-1,Good,False,REAL,REAL,E2_AUGMENTED_TRAIN_REAL_TEST,RealTest,Random Forest,Good,0.027640,0.827649,0.144710
2026-07-01,64.000000,ADATEPE,Good,False,REAL,REAL,E2_AUGMENTED_TRAIN_REAL_TEST,RealTest,Random Forest,Good,0.029226,0.820626,0.150148
2026-07-01,65.000000,KURUÇEŞME,Good,False,REAL,REAL,E2_AUGMENTED_TRAIN_REAL_TEST,RealTest,Random Forest,Good,0.025562,0.825182,0.149256
2026-07-01,66.000000,KOZAĞAÇ,Good,False,REAL,REAL,E2_AUGMENTED_TRAIN_REAL_TEST,RealTest,Random Forest,Good,0.027594,0.818328,0.154078
2026-07-01,67.000000,ÇAMLIKULE,Good,False,REAL,REAL,E2_AUGMENTED_TRAIN_REAL_TEST,RealTest,Random Forest,Good,0.027449,0.828491,0.144060
2026-07-01,68.000000,AKINCILAR,Good,False,REAL,REAL,E2_AUGMENTED_TRAIN_REAL_TEST,RealTest,Random Forest,Good,0.024481,0.837453,0.138066
2026-07-01,69.000000,UĞUR MUMCU MAH,Good,False,REAL,REAL,E2_AUGMENTED_TRAIN_REAL_TEST,RealTest,Random Forest,Good,0.015969,0.830970,0.153061
2026-07-01,70.000000,ÇAMLIK MAH,Good,False,REAL,REAL,E2_AUGMENTED_TRAIN_REAL_TEST,RealTest,Random Forest,Good,0.015624,0.844388,0.139988
2026-07-01,71.000000,AKTEPE,Good,False,REAL,REAL,E2_AUGMENTED_TRAIN_REAL_TEST,RealTest,Random Forest,Good,0.015520,0.813005,0.171475
2026-07-01,72.000000,9 EYLÜL MAH,Good,False,REAL,REAL,E2_AUGMENTED_TRAIN_REAL_TEST,RealTest,Random Forest,Good,0.015763,0.847475,0.136762
2026-07-01,73.000000,BEYAZEVLER,Good,False,REAL,REAL,E2_AUGMENTED_TRAIN_REAL_TEST,RealTest,Random Forest,Good,0.016798,0.856655,0.126547
2026-07-01,74.000000,UZUNDERE,Good,False,REAL,REAL,E2_AUGMENTED_TRAIN_REAL_TEST,RealTest,Random Forest,Good,0.018592,0.859252,0.122156
2026-07-01,75.000000,CENNETÇEŞME,Good,False,REAL,REAL,E2_AUGMENTED_TRAIN_REAL_TEST,RealTest,Random Forest,Good,0.019952,0.851576,0.128472
2026-07-01,76.000000,GÜZELBAHÇE,Good,False,REAL,REAL,E2_AUGMENTED_TRAIN_REAL_TEST,RealTest,Random Forest,Good,0.031833,0.829482,0.138685
2026-07-01,78.000000,İNCİRALTI,Good,False,REAL,REAL,E2_AUGMENTED_TRAIN_REAL_TEST,RealTest,Random Forest,Good,0.021612,0.837930,0.140457
2026-07-01,79.000000,ESENDERE,Good,False,REAL,REAL,E2_AUGMENTED_TRAIN_REAL_TEST,RealTest,Random Forest,Good,0.019696,0.861042,0.119263
2026-07-01,80.000000,KADİFEKALE,Good,False,REAL,REAL,E2_AUGMENTED_TRAIN_REAL_TEST,RealTest,Random Forest,Good,0.023988,0.829327,0.146685
2026-07-08,2.000000,YENİŞEHİR,Good,False,REAL,REAL,E2_AUGMENTED_TRAIN_REAL_TEST,RealTest,Random Forest,Good,0.033895,0.811835,0.154270
2026-07-08,3.000000,KONAK,Good,False,REAL,REAL,E2_AUGMENTED_TRAIN_REAL_TEST,RealTest,Random Forest,Good,0.037726,0.799160,0.163114
2026-07-08,4.000000,GÜZELBAHÇE,Good,False,REAL,REAL,E2_AUGMENTED_TRAIN_REAL_TEST,RealTest,Random Forest,Good,0.021563,0.848138,0.130299
2026-07-08,5.000000,NARLIDERE,Good,False,REAL,REAL,E2_AUGMENTED_TRAIN_REAL_TEST,RealTest,Random Forest,Good,0.021533,0.839645,0.138823
2026-07-08,6.000000,BALÇOVA,Good,False,REAL,REAL,E2_AUGMENTED_TRAIN_REAL_TEST,RealTest,Random Forest,Good,0.021533,0.841834,0.136633
2026-07-08,7.000000,ÜÇKUYULAR,Good,False,REAL,REAL,E2_AUGMENTED_TRAIN_REAL_TEST,RealTest,Random Forest,Good,0.021533,0.840602,0.137866
2026-07-08,8.000000,GÜZELYALI,Good,False,REAL,REAL,E2_AUGMENTED_TRAIN_REAL_TEST,RealTest,Random Forest,Good,0.021533,0.842461,0.136006
2026-07-08,9.000000,HATAY,Good,False,REAL,REAL,E2_AUGMENTED_TRAIN_REAL_TEST,RealTest,Random Forest,Good,0.016613,0.850133,0.133254
2026-07-08,11.000000,YEŞİLYURT,Good,False,REAL,REAL,E2_AUGMENTED_TRAIN_REAL_TEST,RealTest,Random Forest,Good,0.015498,0.839546,0.144957
2026-07-08,13.000000,KARABAĞLAR,Good,False,REAL,REAL,E2_AUGMENTED_TRAIN_REAL_TEST,RealTest,Random Forest,Good,0.016785,0.846371,0.136844
2026-07-08,14.000000,ESKİ İZMİR,Good,False,REAL,REAL,E2_AUGMENTED_TRAIN_REAL_TEST,RealTest,Random Forest,Good,0.016645,0.845632,0.137723
2026-07-08,15.000000,GAZİEMİR,Good,False,REAL,REAL,E2_AUGMENTED_TRAIN_REAL_TEST,RealTest,Random Forest,Good,0.016727,0.846655,0.136617
2026-07-08,16.000000,GEDİZ,Good,False,REAL,REAL,E2_AUGMENTED_TRAIN_REAL_TEST,RealTest,Random Forest,Good,0.026557,0.826225,0.147217
2026-07-08,17.000000,ŞİRİNYER,Good,False,REAL,REAL,E2_AUGMENTED_TRAIN_REAL_TEST,RealTest,Random Forest,Good,0.027203,0.822361,0.150437
2026-07-08,18.000000,BUCA,Good,False,REAL,REAL,E2_AUGMENTED_TRAIN_REAL_TEST,RealTest,Random Forest,Good,0.027203,0.822361,0.150437
2026-07-08,19.000000,GÜLÇEŞME,Good,False,REAL,REAL,E2_AUGMENTED_TRAIN_REAL_TEST,RealTest,Random Forest,Good,0.026629,0.830158,0.143213
2026-07-08,20.000000,GÜLTEPE,Good,False,REAL,REAL,E2_AUGMENTED_TRAIN_REAL_TEST,RealTest,Random Forest,Good,0.026946,0.817790,0.155264
2026-07-08,21.000000,ALTINDAĞ,Good,False,REAL,REAL,E2_AUGMENTED_TRAIN_REAL_TEST,RealTest,Random Forest,Good,0.024898,0.844546,0.130556
2026-07-08,22.000000,ÇAMDİBİ,Good,False,REAL,REAL,E2_AUGMENTED_TRAIN_REAL_TEST,RealTest,Random Forest,Good,0.026832,0.845459,0.127708
2026-07-08,23.000000,IŞIKKENT,Good,False,REAL,REAL,E2_AUGMENTED_TRAIN_REAL_TEST,RealTest,Random Forest,Good,0.031653,0.830722,0.137625
2026-07-08,24.000000,PINARBAŞI,Good,False,REAL,REAL,E2_AUGMENTED_TRAIN_REAL_TEST,RealTest,Random Forest,Good,0.023844,0.842197,0.133959
2026-07-08,25.000000,EVKA-3,Good,False,REAL,REAL,E2_AUGMENTED_TRAIN_REAL_TEST,RealTest,Random Forest,Good,0.030868,0.835176,0.133956
2026-07-08,26.000000,BORNOVA,Good,False,REAL,REAL,E2_AUGMENTED_TRAIN_REAL_TEST,RealTest,Random Forest,Good,0.023946,0.848088,0.127966
2026-07-08,27.000000,ATATÜRK MAH,Good,False,REAL,REAL,E2_AUGMENTED_TRAIN_REAL_TEST,RealTest,Random Forest,Good,0.036057,0.796443,0.167500
2026-07-08,28.000000,OSMANGAZİ,Good,False,REAL,REAL,E2_AUGMENTED_TRAIN_REAL_TEST,RealTest,Random Forest,Good,0.035997,0.821211,0.142792
2026-07-08,29.000000,ÖZKANLAR,Good,False,REAL,REAL,E2_AUGMENTED_TRAIN_REAL_TEST,RealTest,Random Forest,Good,0.038903,0.799305,0.161792
2026-07-08,30.000000,MANAVKUYU,Good,False,REAL,REAL,E2_AUGMENTED_TRAIN_REAL_TEST,RealTest,Random Forest,Good,0.062249,0.761919,0.175832
2026-07-08,32.000000,EGEKENT,Good,False,REAL,REAL,E2_AUGMENTED_TRAIN_REAL_TEST,RealTest,Random Forest,Good,0.046775,0.722938,0.230287
2026-07-08,33.000000,BALATÇIK,Good,False,REAL,REAL,E2_AUGMENTED_TRAIN_REAL_TEST,RealTest,Random Forest,Good,0.044136,0.726520,0.229344
2026-07-08,34.000000,ÇİĞLİ,Good,False,REAL,REAL,E2_AUGMENTED_TRAIN_REAL_TEST,RealTest,Random Forest,Good,0.048678,0.724322,0.227001
2026-07-08,35.000000,BOSTANLI,Good,False,REAL,REAL,E2_AUGMENTED_TRAIN_REAL_TEST,RealTest,Random Forest,Good,0.034504,0.821507,0.143989
2026-07-08,36.000000,ŞEMİKLER,Good,False,REAL,REAL,E2_AUGMENTED_TRAIN_REAL_TEST,RealTest,Random Forest,Good,0.033893,0.812707,0.153401
2026-07-08,37.000000,KARŞIYAKA,Good,False,REAL,REAL,E2_AUGMENTED_TRAIN_REAL_TEST,RealTest,Random Forest,Good,0.034504,0.819827,0.145670
2026-07-08,38.000000,EVKA-2,Good,False,REAL,REAL,E2_AUGMENTED_TRAIN_REAL_TEST,RealTest,Random Forest,Good,0.034504,0.820275,0.145221
2026-07-08,39.000000,ÖRNEKKÖY,Good,False,REAL,REAL,E2_AUGMENTED_TRAIN_REAL_TEST,RealTest,Random Forest,Good,0.035111,0.818632,0.146257
2026-07-08,40.000000,GÜMÜŞPALA,Good,False,REAL,REAL,E2_AUGMENTED_TRAIN_REAL_TEST,RealTest,Random Forest,Good,0.036142,0.821012,0.142846
2026-07-22,41.000000,DOĞANÇAY,Good,False,REAL,REAL,E2_AUGMENTED_TRAIN_REAL_TEST,RealTest,Random Forest,Good,0.034594,0.821357,0.144050
2026-07-22,42.000000,YAMANLAR,Good,False,REAL,REAL,E2_AUGMENTED_TRAIN_REAL_TEST,RealTest,Random Forest,Good,0.034594,0.821224,0.144182
2026-07-22,43.000000,POSTACI MAH,Good,False,REAL,REAL,E2_AUGMENTED_TRAIN_REAL_TEST,RealTest,Random Forest,Good,0.036351,0.817124,0.146525
2026-07-22,44.000000,YAMAÇ MAH,Good,False,REAL,REAL,E2_AUGMENTED_TRAIN_REAL_TEST,RealTest,Random Forest,Good,0.036291,0.809771,0.153938
2026-07-22,46.000000,GÜZELTEPE,Good,False,REAL,REAL,E2_AUGMENTED_TRAIN_REAL_TEST,RealTest,Random Forest,Good,0.045811,0.717110,0.237079
2026-07-22,47.000000,EVKA-5,Good,False,REAL,REAL,E2_AUGMENTED_TRAIN_REAL_TEST,RealTest,Random Forest,Good,0.046750,0.725380,0.227870
2026-07-22,48.000000,EGEKENT-2,Good,False,REAL,REAL,E2_AUGMENTED_TRAIN_REAL_TEST,RealTest,Random Forest,Good,0.045811,0.716797,0.237392
2026-07-22,51.000000,ÇAY MAH,Good,False,REAL,REAL,E2_AUGMENTED_TRAIN_REAL_TEST,RealTest,Random Forest,Good,0.033892,0.819524,0.146583
2026-07-22,52.000000,İZYUVA,Good,False,REAL,REAL,E2_AUGMENTED_TRAIN_REAL_TEST,RealTest,Random Forest,Good,0.013134,0.846519,0.140347
2026-07-22,54.000000,YEŞİLÇAM,Good,False,REAL,REAL,E2_AUGMENTED_TRAIN_REAL_TEST,RealTest,Random Forest,Good,0.016271,0.857332,0.126397
2026-07-22,55.000000,MEVLANA,Good,False,REAL,REAL,E2_AUGMENTED_TRAIN_REAL_TEST,RealTest,Random Forest,Good,0.024406,0.838407,0.137187
2026-07-22,57.000000,MERSİNLİ,Good,False,REAL,REAL,E2_AUGMENTED_TRAIN_REAL_TEST,RealTest,Random Forest,Good,0.034982,0.816203,0.148814
2026-07-22,59.000000,ÇANKAYA,Good,False,REAL,REAL,E2_AUGMENTED_TRAIN_REAL_TEST,RealTest,Random Forest,Good,0.033892,0.814418,0.151690
2026-07-22,60.000000,TOROS,Good,False,REAL,REAL,E2_AUGMENTED_TRAIN_REAL_TEST,RealTest,Random Forest,Good,0.036953,0.814811,0.148236
2026-07-22,62.000000,UFUK MAH,Good,False,REAL,REAL,E2_AUGMENTED_TRAIN_REAL_TEST,RealTest,Random Forest,Good,0.034948,0.813365,0.151687
2026-07-22,67.000000,ÇAMLIKULE,Good,False,REAL,REAL,E2_AUGMENTED_TRAIN_REAL_TEST,RealTest,Random Forest,Good,0.019648,0.841483,0.138869
2026-07-22,70.000000,ÇAMLIK MAH,Good,False,REAL,REAL,E2_AUGMENTED_TRAIN_REAL_TEST,RealTest,Random Forest,Good,0.011746,0.838796,0.149458
2026-07-22,72.000000,9 EYLÜL MAH,Good,False,REAL,REAL,E2_AUGMENTED_TRAIN_REAL_TEST,RealTest,Random Forest,Good,0.017279,0.854010,0.128710
2026-07-22,73.000000,BEYAZEVLER,Good,False,REAL,REAL,E2_AUGMENTED_TRAIN_REAL_TEST,RealTest,Random Forest,Good,0.018885,0.864811,0.116304
2026-07-22,75.000000,CENNETÇEŞME,Good,False,REAL,REAL,E2_AUGMENTED_TRAIN_REAL_TEST,RealTest,Random Forest,Good,0.017437,0.860799,0.121764
2026-07-22,78.000000,İNCİRALTI,Good,False,REAL,REAL,E2_AUGMENTED_TRAIN_REAL_TEST,RealTest,Random Forest,Good,0.021609,0.845329,0.133062
2026-07-22,80.000000,KADİFEKALE,Good,False,REAL,REAL,E2_AUGMENTED_TRAIN_REAL_TEST,RealTest,Random Forest,Good,0.012510,0.859049,0.128441
2026-07-29,2.000000,YENİŞEHİR,Good,False,REAL,REAL,E2_AUGMENTED_TRAIN_REAL_TEST,RealTest,Random Forest,Good,0.035076,0.818652,0.146272
2026-07-29,3.000000,KONAK,Good,False,REAL,REAL,E2_AUGMENTED_TRAIN_REAL_TEST,RealTest,Random Forest,Good,0.036067,0.819691,0.144242
2026-07-29,4.000000,GÜZELBAHÇE,Good,False,REAL,REAL,E2_AUGMENTED_TRAIN_REAL_TEST,RealTest,Random Forest,Good,0.024370,0.840743,0.134887
2026-07-29,5.000000,NARLIDERE,Good,False,REAL,REAL,E2_AUGMENTED_TRAIN_REAL_TEST,RealTest,Random Forest,Good,0.024394,0.845123,0.130483
2026-07-29,7.000000,ÜÇKUYULAR,Good,False,REAL,REAL,E2_AUGMENTED_TRAIN_REAL_TEST,RealTest,Random Forest,Good,0.024370,0.846261,0.129369
2026-07-29,8.000000,GÜZELYALI,Good,False,REAL,REAL,E2_AUGMENTED_TRAIN_REAL_TEST,RealTest,Random Forest,Good,0.025055,0.839451,0.135494
2026-07-29,14.000000,ESKİ İZMİR,Good,False,REAL,REAL,E2_AUGMENTED_TRAIN_REAL_TEST,RealTest,Random Forest,Good,0.016828,0.865057,0.118115
2026-07-29,15.000000,GAZİEMİR,Good,False,REAL,REAL,E2_AUGMENTED_TRAIN_REAL_TEST,RealTest,Random Forest,Good,0.017097,0.859640,0.123263
2026-07-29,16.000000,GEDİZ,Good,False,REAL,REAL,E2_AUGMENTED_TRAIN_REAL_TEST,RealTest,Random Forest,Good,0.022561,0.845412,0.132028
2026-07-29,17.000000,ŞİRİNYER,Good,False,REAL,REAL,E2_AUGMENTED_TRAIN_REAL_TEST,RealTest,Random Forest,Good,0.017154,0.846394,0.136452
2026-07-29,19.000000,GÜLÇEŞME,Good,False,REAL,REAL,E2_AUGMENTED_TRAIN_REAL_TEST,RealTest,Random Forest,Good,0.017154,0.846394,0.136452
2026-07-29,20.000000,GÜLTEPE,Good,False,REAL,REAL,E2_AUGMENTED_TRAIN_REAL_TEST,RealTest,Random Forest,Good,0.021376,0.845720,0.132904
2026-07-29,21.000000,ALTINDAĞ,Good,False,REAL,REAL,E2_AUGMENTED_TRAIN_REAL_TEST,RealTest,Random Forest,Good,0.015872,0.843379,0.140749
2026-07-29,22.000000,ÇAMDİBİ,Good,False,REAL,REAL,E2_AUGMENTED_TRAIN_REAL_TEST,RealTest,Random Forest,Good,0.016142,0.847617,0.136241
2026-07-29,23.000000,IŞIKKENT,Good,False,REAL,REAL,E2_AUGMENTED_TRAIN_REAL_TEST,RealTest,Random Forest,Good,0.013218,0.845612,0.141171
2026-07-29,25.000000,EVKA-3,Good,False,REAL,REAL,E2_AUGMENTED_TRAIN_REAL_TEST,RealTest,Random Forest,Good,0.014965,0.847698,0.137336
2026-07-29,26.000000,BORNOVA,Good,False,REAL,REAL,E2_AUGMENTED_TRAIN_REAL_TEST,RealTest,Random Forest,Good,0.016027,0.845123,0.138850
2026-07-29,27.000000,ATATÜRK MAH,Good,False,REAL,REAL,E2_AUGMENTED_TRAIN_REAL_TEST,RealTest,Random Forest,Good,0.033443,0.816447,0.150110
2026-07-29,28.000000,OSMANGAZİ,Good,False,REAL,REAL,E2_AUGMENTED_TRAIN_REAL_TEST,RealTest,Random Forest,Good,0.033270,0.815564,0.151167
2026-07-29,29.000000,ÖZKANLAR,Good,False,REAL,REAL,E2_AUGMENTED_TRAIN_REAL_TEST,RealTest,Random Forest,Good,0.033759,0.819005,0.147235
2026-07-29,30.000000,MANAVKUYU,Good,False,REAL,REAL,E2_AUGMENTED_TRAIN_REAL_TEST,RealTest,Random Forest,Good,0.033807,0.823077,0.143116
2026-07-29,32.000000,EGEKENT,Good,False,REAL,REAL,E2_AUGMENTED_TRAIN_REAL_TEST,RealTest,Random Forest,Good,0.037227,0.733056,0.229718
2026-07-29,33.000000,BALATÇIK,Good,False,REAL,REAL,E2_AUGMENTED_TRAIN_REAL_TEST,RealTest,Random Forest,Good,0.037520,0.735367,0.227113
2026-07-29,34.000000,ÇİĞLİ,Good,False,REAL,REAL,E2_AUGMENTED_TRAIN_REAL_TEST,RealTest,Random Forest,Good,0.037830,0.821951,0.140219
2026-07-29,35.000000,BOSTANLI,Good,False,REAL,REAL,E2_AUGMENTED_TRAIN_REAL_TEST,RealTest,Random Forest,Good,0.034594,0.824296,0.141111
2026-07-29,38.000000,EVKA-2,Good,False,REAL,REAL,E2_AUGMENTED_TRAIN_REAL_TEST,RealTest,Random Forest,Good,0.036908,0.823763,0.139329
2026-07-29,39.000000,ÖRNEKKÖY,Good,False,REAL,REAL,E2_AUGMENTED_TRAIN_REAL_TEST,RealTest,Random Forest,Good,0.035439,0.814806,0.149755
2026-07-29,40.000000,GÜMÜŞPALA,Good,False,REAL,REAL,E2_AUGMENTED_TRAIN_REAL_TEST,RealTest,Random Forest,Good,0.040706,0.803463,0.155831
2026-06-17,41.000000,DOĞANÇAY,Caution,True,MULTI_PARAMETER_SUBSTANDARD,TEST,E3B_AUGMENTED_TRAIN_SYNTHETIC_TEST,SyntheticTest,Random Forest,Caution,0.999655,0.000000,0.000345
2026-07-29,17.000000,ŞİRİNYER,Caution,True,MULTI_PARAMETER_SUBSTANDARD,TEST,E3B_AUGMENTED_TRAIN_SYNTHETIC_TEST,SyntheticTest,Random Forest,Caution,0.999143,0.000000,0.000857
2026-06-17,73.000000,BEYAZEVLER,Caution,True,NITRITE_SUBSTANDARD,TEST,E3B_AUGMENTED_TRAIN_SYNTHETIC_TEST,SyntheticTest,Random Forest,Caution,0.651790,0.101284,0.246926
2026-06-17,53.000000,NALDÖKEN,Caution,True,MULTI_PARAMETER_SUBSTANDARD,TEST,E3B_AUGMENTED_TRAIN_SYNTHETIC_TEST,SyntheticTest,Random Forest,Caution,0.999143,0.000000,0.000857
2026-06-10,38.000000,EVKA-2,Caution,True,NITRITE_SUBSTANDARD,TEST,E3B_AUGMENTED_TRAIN_SYNTHETIC_TEST,SyntheticTest,Random Forest,Caution,0.672479,0.108681,0.218840
2026-07-01,74.000000,UZUNDERE,Caution,True,NITRITE_SUBSTANDARD,TEST,E3B_AUGMENTED_TRAIN_SYNTHETIC_TEST,SyntheticTest,Random Forest,Caution,0.820063,0.080817,0.099120
2026-07-22,43.000000,POSTACI MAH,Caution,True,NITRITE_SUBSTANDARD,TEST,E3B_AUGMENTED_TRAIN_SYNTHETIC_TEST,SyntheticTest,Random Forest,Caution,0.784411,0.099710,0.115879
2026-07-29,34.000000,ÇİĞLİ,Caution,True,AMMONIUM_NEAR_STANDARD,TEST,E3B_AUGMENTED_TRAIN_SYNTHETIC_TEST,SyntheticTest,Random Forest,Caution,0.992353,0.007198,0.000449
2026-06-10,8.000000,GÜZELYALI,Caution,True,AMMONIUM_NEAR_STANDARD,TEST,E3B_AUGMENTED_TRAIN_SYNTHETIC_TEST,SyntheticTest,Random Forest,Caution,0.994162,0.005489,0.000349
2026-06-10,9.000000,HATAY,Caution,True,NITRITE_SUBSTANDARD,TEST,E3B_AUGMENTED_TRAIN_SYNTHETIC_TEST,SyntheticTest,Random Forest,Caution,0.794015,0.082395,0.123590
2026-07-22,70.000000,ÇAMLIK MAH,Caution,True,AMMONIUM_NEAR_STANDARD,TEST,E3B_AUGMENTED_TRAIN_SYNTHETIC_TEST,SyntheticTest,Random Forest,Caution,0.987717,0.011971,0.000312
2026-06-10,3.000000,KONAK,Caution,True,NITRITE_SUBSTANDARD,TEST,E3B_AUGMENTED_TRAIN_SYNTHETIC_TEST,SyntheticTest,Random Forest,Caution,0.766325,0.085684,0.147991
2026-06-17,54.000000,YEŞİLÇAM,Caution,True,NITRITE_SUBSTANDARD,TEST,E3B_AUGMENTED_TRAIN_SYNTHETIC_TEST,SyntheticTest,Random Forest,Caution,0.832590,0.065745,0.101665
2026-07-22,59.000000,ÇANKAYA,Caution,True,MULTI_PARAMETER_SUBSTANDARD,TEST,E3B_AUGMENTED_TRAIN_SYNTHETIC_TEST,SyntheticTest,Random Forest,Caution,1.000000,0.000000,0.000000
2026-06-17,49.000000,ALAYBEY,Caution,True,AMMONIUM_NEAR_STANDARD,TEST,E3B_AUGMENTED_TRAIN_SYNTHETIC_TEST,SyntheticTest,Random Forest,Caution,0.995060,0.004940,0.000000
2026-07-01,48.000000,EGEKENT-2,Caution,True,MULTI_PARAMETER_SUBSTANDARD,TEST,E3B_AUGMENTED_TRAIN_SYNTHETIC_TEST,SyntheticTest,Random Forest,Caution,0.999188,0.000000,0.000812
2026-06-24,38.000000,EVKA-2,Caution,True,NITRITE_SUBSTANDARD,TEST,E3B_AUGMENTED_TRAIN_SYNTHETIC_TEST,SyntheticTest,Random Forest,Caution,0.811572,0.071315,0.117113
2026-06-24,34.000000,ÇİĞLİ,Caution,True,MULTI_PARAMETER_SUBSTANDARD,TEST,E3B_AUGMENTED_TRAIN_SYNTHETIC_TEST,SyntheticTest,Random Forest,Caution,1.000000,0.000000,0.000000
2026-07-01,47.000000,EVKA-5,Caution,True,AMMONIUM_NEAR_STANDARD,TEST,E3B_AUGMENTED_TRAIN_SYNTHETIC_TEST,SyntheticTest,Random Forest,Caution,0.992353,0.007198,0.000449
2026-06-10,16.000000,GEDİZ,Caution,True,MULTI_PARAMETER_SUBSTANDARD,TEST,E3B_AUGMENTED_TRAIN_SYNTHETIC_TEST,SyntheticTest,Random Forest,Caution,0.996204,0.000000,0.003796
2026-06-17,54.000000,YEŞİLÇAM,Caution,True,MULTI_PARAMETER_SUBSTANDARD,TEST,E3B_AUGMENTED_TRAIN_SYNTHETIC_TEST,SyntheticTest,Random Forest,Caution,0.996204,0.000000,0.003796
2026-07-22,54.000000,YEŞİLÇAM,Caution,True,MULTI_PARAMETER_SUBSTANDARD,TEST,E3B_AUGMENTED_TRAIN_SYNTHETIC_TEST,SyntheticTest,Random Forest,Caution,0.999655,0.000000,0.000345
2026-06-10,9.000000,HATAY,Caution,True,AMMONIUM_NEAR_STANDARD,TEST,E3B_AUGMENTED_TRAIN_SYNTHETIC_TEST,SyntheticTest,Random Forest,Caution,0.993964,0.006036,0.000000
2026-06-24,37.000000,KARŞIYAKA,Caution,True,NITRITE_SUBSTANDARD,TEST,E3B_AUGMENTED_TRAIN_SYNTHETIC_TEST,SyntheticTest,Random Forest,Caution,0.779949,0.094652,0.125399
2026-06-24,27.000000,ATATÜRK MAH,Caution,True,AMMONIUM_NEAR_STANDARD,TEST,E3B_AUGMENTED_TRAIN_SYNTHETIC_TEST,SyntheticTest,Random Forest,Caution,0.992353,0.007198,0.000449
2026-07-01,45.000000,CUMHURİYET MAH,Caution,True,MULTI_PARAMETER_SUBSTANDARD,TEST,E3B_AUGMENTED_TRAIN_SYNTHETIC_TEST,SyntheticTest,Random Forest,Caution,1.000000,0.000000,0.000000
2026-06-17,67.000000,ÇAMLIKULE,Caution,True,MULTI_PARAMETER_SUBSTANDARD,TEST,E3B_AUGMENTED_TRAIN_SYNTHETIC_TEST,SyntheticTest,Random Forest,Caution,0.999143,0.000000,0.000857
2026-07-08,18.000000,BUCA,Caution,True,MULTI_PARAMETER_SUBSTANDARD,TEST,E3B_AUGMENTED_TRAIN_SYNTHETIC_TEST,SyntheticTest,Random Forest,Caution,0.996204,0.000000,0.003796
2026-06-10,5.000000,NARLIDERE,Caution,True,AMMONIUM_NEAR_STANDARD,TEST,E3B_AUGMENTED_TRAIN_SYNTHETIC_TEST,SyntheticTest,Random Forest,Caution,0.994162,0.005489,0.000349
2026-06-17,42.000000,YAMANLAR,Caution,True,NITRITE_SUBSTANDARD,TEST,E3B_AUGMENTED_TRAIN_SYNTHETIC_TEST,SyntheticTest,Random Forest,Caution,0.762118,0.089122,0.148760
2026-06-24,33.000000,BALATÇIK,Caution,True,NITRITE_SUBSTANDARD,TEST,E3B_AUGMENTED_TRAIN_SYNTHETIC_TEST,SyntheticTest,Random Forest,Caution,0.652510,0.108094,0.239396
2026-06-10,40.000000,GÜMÜŞPALA,Caution,True,MULTI_PARAMETER_SUBSTANDARD,TEST,E3B_AUGMENTED_TRAIN_SYNTHETIC_TEST,SyntheticTest,Random Forest,Caution,0.984285,0.000803,0.014912
2026-06-10,2.000000,YENİŞEHİR,Caution,True,MULTI_PARAMETER_SUBSTANDARD,TEST,E3B_AUGMENTED_TRAIN_SYNTHETIC_TEST,SyntheticTest,Random Forest,Caution,1.000000,0.000000,0.000000
2026-06-17,41.000000,DOĞANÇAY,Caution,True,MULTI_PARAMETER_SUBSTANDARD,TEST,E3B_AUGMENTED_TRAIN_SYNTHETIC_TEST,SyntheticTest,Random Forest,Caution,1.000000,0.000000,0.000000
2026-06-24,15.000000,GAZİEMİR,Caution,True,NITRITE_SUBSTANDARD,TEST,E3B_AUGMENTED_TRAIN_SYNTHETIC_TEST,SyntheticTest,Random Forest,Caution,0.811633,0.085931,0.102435
2026-06-10,15.000000,GAZİEMİR,Caution,True,MULTI_PARAMETER_SUBSTANDARD,TEST,E3B_AUGMENTED_TRAIN_SYNTHETIC_TEST,SyntheticTest,Random Forest,Caution,1.000000,0.000000,0.000000
2026-06-17,51.000000,ÇAY MAH,Caution,True,NITRITE_SUBSTANDARD,TEST,E3B_AUGMENTED_TRAIN_SYNTHETIC_TEST,SyntheticTest,Random Forest,Caution,0.764321,0.089801,0.145878
2026-07-22,67.000000,ÇAMLIKULE,Caution,True,NITRITE_SUBSTANDARD,TEST,E3B_AUGMENTED_TRAIN_SYNTHETIC_TEST,SyntheticTest,Random Forest,Caution,0.855393,0.064985,0.079622
2026-07-08,30.000000,MANAVKUYU,Caution,True,NITRITE_SUBSTANDARD,TEST,E3B_AUGMENTED_TRAIN_SYNTHETIC_TEST,SyntheticTest,Random Forest,Caution,0.821609,0.063670,0.114721
2026-06-17,69.000000,UĞUR MUMCU MAH,Caution,True,NITRITE_SUBSTANDARD,TEST,E3B_AUGMENTED_TRAIN_SYNTHETIC_TEST,SyntheticTest,Random Forest,Caution,0.832935,0.075765,0.091299
2026-07-22,43.000000,POSTACI MAH,Caution,True,AMMONIUM_NEAR_STANDARD,TEST,E3B_AUGMENTED_TRAIN_SYNTHETIC_TEST,SyntheticTest,Random Forest,Caution,0.995060,0.004940,0.000000
2026-07-08,4.000000,GÜZELBAHÇE,Caution,True,NITRITE_SUBSTANDARD,TEST,E3B_AUGMENTED_TRAIN_SYNTHETIC_TEST,SyntheticTest,Random Forest,Caution,0.815379,0.075725,0.108896
2026-06-24,35.000000,BOSTANLI,Caution,True,NITRITE_SUBSTANDARD,TEST,E3B_AUGMENTED_TRAIN_SYNTHETIC_TEST,SyntheticTest,Random Forest,Caution,0.778569,0.086711,0.134720
2026-07-01,68.000000,AKINCILAR,Caution,True,AMMONIUM_NEAR_STANDARD,TEST,E3B_AUGMENTED_TRAIN_SYNTHETIC_TEST,SyntheticTest,Random Forest,Caution,0.990070,0.009272,0.000658
2026-06-17,70.000000,ÇAMLIK MAH,Caution,True,MULTI_PARAMETER_SUBSTANDARD,TEST,E3B_AUGMENTED_TRAIN_SYNTHETIC_TEST,SyntheticTest,Random Forest,Caution,1.000000,0.000000,0.000000
2026-07-22,55.000000,MEVLANA,Caution,True,AMMONIUM_NEAR_STANDARD,TEST,E3B_AUGMENTED_TRAIN_SYNTHETIC_TEST,SyntheticTest,Random Forest,Caution,0.987165,0.011956,0.000879
2026-07-29,32.000000,EGEKENT,Caution,True,AMMONIUM_NEAR_STANDARD,TEST,E3B_AUGMENTED_TRAIN_SYNTHETIC_TEST,SyntheticTest,Random Forest,Caution,0.980083,0.009972,0.009944
2026-06-24,34.000000,ÇİĞLİ,Caution,True,MULTI_PARAMETER_SUBSTANDARD,TEST,E3B_AUGMENTED_TRAIN_SYNTHETIC_TEST,SyntheticTest,Random Forest,Caution,1.000000,0.000000,0.000000
2026-06-10,17.000000,ŞİRİNYER,Caution,True,NITRITE_SUBSTANDARD,TEST,E3B_AUGMENTED_TRAIN_SYNTHETIC_TEST,SyntheticTest,Random Forest,Caution,0.832093,0.065643,0.102264
2026-06-17,64.000000,ADATEPE,Caution,True,AMMONIUM_NEAR_STANDARD,TEST,E3B_AUGMENTED_TRAIN_SYNTHETIC_TEST,SyntheticTest,Random Forest,Caution,0.988343,0.010896,0.000761
2026-07-29,32.000000,EGEKENT,Caution,True,NITRITE_SUBSTANDARD,TEST,E3B_AUGMENTED_TRAIN_SYNTHETIC_TEST,SyntheticTest,Random Forest,Caution,0.690514,0.102486,0.207000
2026-06-10,26.000000,BORNOVA,Caution,True,AMMONIUM_NEAR_STANDARD,TEST,E3B_AUGMENTED_TRAIN_SYNTHETIC_TEST,SyntheticTest,Random Forest,Caution,0.988343,0.010896,0.000761
2026-07-08,6.000000,BALÇOVA,Caution,True,NITRITE_SUBSTANDARD,TEST,E3B_AUGMENTED_TRAIN_SYNTHETIC_TEST,SyntheticTest,Random Forest,Caution,0.811477,0.075384,0.113139
2026-06-10,19.000000,GÜLÇEŞME,Caution,True,MULTI_PARAMETER_SUBSTANDARD,TEST,E3B_AUGMENTED_TRAIN_SYNTHETIC_TEST,SyntheticTest,Random Forest,Caution,0.996204,0.000000,0.003796
2026-07-08,20.000000,GÜLTEPE,Caution,True,MULTI_PARAMETER_SUBSTANDARD,TEST,E3B_AUGMENTED_TRAIN_SYNTHETIC_TEST,SyntheticTest,Random Forest,Caution,0.996204,0.000000,0.003796
2026-06-24,34.000000,ÇİĞLİ,Caution,True,NITRITE_SUBSTANDARD,TEST,E3B_AUGMENTED_TRAIN_SYNTHETIC_TEST,SyntheticTest,Random Forest,Caution,0.788908,0.088435,0.122656
2026-06-10,24.000000,PINARBAŞI,Caution,True,NITRITE_SUBSTANDARD,TEST,E3B_AUGMENTED_TRAIN_SYNTHETIC_TEST,SyntheticTest,Random Forest,Caution,0.837912,0.062340,0.099748
2026-07-01,78.000000,İNCİRALTI,Caution,True,NITRITE_SUBSTANDARD,TEST,E3B_AUGMENTED_TRAIN_SYNTHETIC_TEST,SyntheticTest,Random Forest,Caution,0.803116,0.085393,0.111491
2026-07-08,30.000000,MANAVKUYU,Caution,True,AMMONIUM_NEAR_STANDARD,TEST,E3B_AUGMENTED_TRAIN_SYNTHETIC_TEST,SyntheticTest,Random Forest,Caution,0.992266,0.007457,0.000277
2026-06-24,20.000000,GÜLTEPE,Caution,True,NITRITE_SUBSTANDARD,TEST,E3B_AUGMENTED_TRAIN_SYNTHETIC_TEST,SyntheticTest,Random Forest,Caution,0.789599,0.088394,0.122007
2026-07-08,4.000000,GÜZELBAHÇE,Caution,True,AMMONIUM_NEAR_STANDARD,TEST,E3B_AUGMENTED_TRAIN_SYNTHETIC_TEST,SyntheticTest,Random Forest,Caution,0.993153,0.006497,0.000349
2026-07-08,27.000000,ATATÜRK MAH,Caution,True,MULTI_PARAMETER_SUBSTANDARD,TEST,E3B_AUGMENTED_TRAIN_SYNTHETIC_TEST,SyntheticTest,Random Forest,Caution,0.999300,0.000000,0.000700
2026-06-17,42.000000,YAMANLAR,Caution,True,NITRITE_SUBSTANDARD,TEST,E3B_AUGMENTED_TRAIN_SYNTHETIC_TEST,SyntheticTest,Random Forest,Caution,0.758932,0.089122,0.151946
2026-07-22,55.000000,MEVLANA,Caution,True,AMMONIUM_NEAR_STANDARD,TEST,E3B_AUGMENTED_TRAIN_SYNTHETIC_TEST,SyntheticTest,Random Forest,Caution,0.987165,0.011956,0.000879
2026-07-08,28.000000,OSMANGAZİ,Caution,True,MULTI_PARAMETER_SUBSTANDARD,TEST,E3B_AUGMENTED_TRAIN_SYNTHETIC_TEST,SyntheticTest,Random Forest,Caution,1.000000,0.000000,0.000000
2026-07-08,33.000000,BALATÇIK,Caution,True,NITRITE_SUBSTANDARD,TEST,E3B_AUGMENTED_TRAIN_SYNTHETIC_TEST,SyntheticTest,Random Forest,Caution,0.711374,0.091871,0.196755
2026-07-29,25.000000,EVKA-3,Caution,True,NITRITE_SUBSTANDARD,TEST,E3B_AUGMENTED_TRAIN_SYNTHETIC_TEST,SyntheticTest,Random Forest,Caution,0.861695,0.056459,0.081846
2026-06-24,5.000000,NARLIDERE,Caution,True,MULTI_PARAMETER_SUBSTANDARD,TEST,E3B_AUGMENTED_TRAIN_SYNTHETIC_TEST,SyntheticTest,Random Forest,Caution,1.000000,0.000000,0.000000
2026-06-10,2.000000,YENİŞEHİR,Caution,True,NITRITE_SUBSTANDARD,TEST,E3B_AUGMENTED_TRAIN_SYNTHETIC_TEST,SyntheticTest,Random Forest,Caution,0.731130,0.104224,0.164646
2026-06-10,22.000000,ÇAMDİBİ,Caution,True,NITRITE_SUBSTANDARD,TEST,E3B_AUGMENTED_TRAIN_SYNTHETIC_TEST,SyntheticTest,Random Forest,Caution,0.834546,0.062161,0.103292
2026-06-10,3.000000,KONAK,Caution,True,AMMONIUM_NEAR_STANDARD,TEST,E3B_AUGMENTED_TRAIN_SYNTHETIC_TEST,SyntheticTest,Random Forest,Caution,0.995060,0.004940,0.000000
2026-06-10,29.000000,ÖZKANLAR,Caution,True,MULTI_PARAMETER_SUBSTANDARD,TEST,E3B_AUGMENTED_TRAIN_SYNTHETIC_TEST,SyntheticTest,Random Forest,Caution,0.984630,0.000803,0.014567
2026-07-01,56.000000,YEŞİLOVA,Caution,True,NITRITE_SUBSTANDARD,TEST,E3B_AUGMENTED_TRAIN_SYNTHETIC_TEST,SyntheticTest,Random Forest,Caution,0.800671,0.091893,0.107436
2026-06-17,59.000000,ÇANKAYA,Caution,True,NITRITE_SUBSTANDARD,TEST,E3B_AUGMENTED_TRAIN_SYNTHETIC_TEST,SyntheticTest,Random Forest,Caution,0.844473,0.069131,0.086397
2026-06-24,2.000000,YENİŞEHİR,Caution,True,MULTI_PARAMETER_SUBSTANDARD,TEST,E3B_AUGMENTED_TRAIN_SYNTHETIC_TEST,SyntheticTest,Random Forest,Caution,0.998899,0.000000,0.001101
2026-06-17,61.000000,LEVENT,Caution,True,NITRITE_SUBSTANDARD,TEST,E3B_AUGMENTED_TRAIN_SYNTHETIC_TEST,SyntheticTest,Random Forest,Caution,0.774334,0.101826,0.123840
2026-07-29,21.000000,ALTINDAĞ,Caution,True,AMMONIUM_NEAR_STANDARD,TEST,E3B_AUGMENTED_TRAIN_SYNTHETIC_TEST,SyntheticTest,Random Forest,Caution,0.985010,0.011760,0.003231
2026-06-24,9.000000,HATAY,Caution,True,AMMONIUM_NEAR_STANDARD,TEST,E3B_AUGMENTED_TRAIN_SYNTHETIC_TEST,SyntheticTest,Random Forest,Caution,0.995330,0.004670,0.000000
2026-07-22,41.000000,DOĞANÇAY,Caution,True,MULTI_PARAMETER_SUBSTANDARD,TEST,E3B_AUGMENTED_TRAIN_SYNTHETIC_TEST,SyntheticTest,Random Forest,Caution,0.998899,0.000000,0.001101
2026-06-10,15.000000,GAZİEMİR,Caution,True,NITRITE_SUBSTANDARD,TEST,E3B_AUGMENTED_TRAIN_SYNTHETIC_TEST,SyntheticTest,Random Forest,Caution,0.779822,0.090527,0.129650
2026-06-17,47.000000,EVKA-5,Caution,True,NITRITE_SUBSTANDARD,TEST,E3B_AUGMENTED_TRAIN_SYNTHETIC_TEST,SyntheticTest,Random Forest,Caution,0.675090,0.103876,0.221034
2026-06-17,69.000000,UĞUR MUMCU MAH,Caution,True,NITRITE_SUBSTANDARD,TEST,E3B_AUGMENTED_TRAIN_SYNTHETIC_TEST,SyntheticTest,Random Forest,Caution,0.860214,0.060409,0.079377
2026-06-17,57.000000,MERSİNLİ,Caution,True,NITRITE_SUBSTANDARD,TEST,E3B_AUGMENTED_TRAIN_SYNTHETIC_TEST,SyntheticTest,Random Forest,Caution,0.841739,0.060400,0.097861
2026-07-01,47.000000,EVKA-5,Caution,True,MULTI_PARAMETER_SUBSTANDARD,TEST,E3B_AUGMENTED_TRAIN_SYNTHETIC_TEST,SyntheticTest,Random Forest,Caution,0.999655,0.000000,0.000345
2026-07-08,27.000000,ATATÜRK MAH,Caution,True,AMMONIUM_NEAR_STANDARD,TEST,E3B_AUGMENTED_TRAIN_SYNTHETIC_TEST,SyntheticTest,Random Forest,Caution,0.993748,0.005902,0.000349
2026-07-29,38.000000,EVKA-2,Caution,True,NITRITE_SUBSTANDARD,TEST,E3B_AUGMENTED_TRAIN_SYNTHETIC_TEST,SyntheticTest,Random Forest,Caution,0.798215,0.091803,0.109982
2026-06-17,69.000000,UĞUR MUMCU MAH,Caution,True,AMMONIUM_NEAR_STANDARD,TEST,E3B_AUGMENTED_TRAIN_SYNTHETIC_TEST,SyntheticTest,Random Forest,Caution,0.995330,0.004670,0.000000
2026-06-10,2.000000,YENİŞEHİR,Caution,True,MULTI_PARAMETER_SUBSTANDARD,TEST,E3B_AUGMENTED_TRAIN_SYNTHETIC_TEST,SyntheticTest,Random Forest,Caution,0.999655,0.000000,0.000345
2026-07-08,15.000000,GAZİEMİR,Caution,True,AMMONIUM_NEAR_STANDARD,TEST,E3B_AUGMENTED_TRAIN_SYNTHETIC_TEST,SyntheticTest,Random Forest,Caution,0.996433,0.003567,0.000000
2026-07-29,14.000000,ESKİ İZMİR,Caution,True,MULTI_PARAMETER_SUBSTANDARD,TEST,E3B_AUGMENTED_TRAIN_SYNTHETIC_TEST,SyntheticTest,Random Forest,Caution,0.999655,0.000000,0.000345
2026-06-24,29.000000,ÖZKANLAR,Caution,True,MULTI_PARAMETER_SUBSTANDARD,TEST,E3B_AUGMENTED_TRAIN_SYNTHETIC_TEST,SyntheticTest,Random Forest,Caution,1.000000,0.000000,0.000000
2026-07-08,27.000000,ATATÜRK MAH,Caution,True,NITRITE_SUBSTANDARD,TEST,E3B_AUGMENTED_TRAIN_SYNTHETIC_TEST,SyntheticTest,Random Forest,Caution,0.805025,0.073860,0.121115
2026-06-10,30.000000,MANAVKUYU,Caution,True,AMMONIUM_NEAR_STANDARD,TEST,E3B_AUGMENTED_TRAIN_SYNTHETIC_TEST,SyntheticTest,Random Forest,Caution,0.982791,0.007713,0.009496
2026-07-29,25.000000,EVKA-3,Caution,True,MULTI_PARAMETER_SUBSTANDARD,TEST,E3B_AUGMENTED_TRAIN_SYNTHETIC_TEST,SyntheticTest,Random Forest,Caution,0.998039,0.000000,0.001961
2026-07-22,59.000000,ÇANKAYA,Caution,True,NITRITE_SUBSTANDARD,TEST,E3B_AUGMENTED_TRAIN_SYNTHETIC_TEST,SyntheticTest,Random Forest,Caution,0.787071,0.097365,0.115565
2026-07-08,3.000000,KONAK,Caution,True,NITRITE_SUBSTANDARD,TEST,E3B_AUGMENTED_TRAIN_SYNTHETIC_TEST,SyntheticTest,Random Forest,Caution,0.782229,0.105515,0.112256
2026-07-08,24.000000,PINARBAŞI,Caution,True,NITRITE_SUBSTANDARD,TEST,E3B_AUGMENTED_TRAIN_SYNTHETIC_TEST,SyntheticTest,Random Forest,Caution,0.773428,0.086277,0.140295
2026-07-01,74.000000,UZUNDERE,Caution,True,NITRITE_SUBSTANDARD,TEST,E3B_AUGMENTED_TRAIN_SYNTHETIC_TEST,SyntheticTest,Random Forest,Caution,0.801045,0.083938,0.115017
2026-06-24,4.000000,GÜZELBAHÇE,Caution,True,MULTI_PARAMETER_SUBSTANDARD,TEST,E3B_AUGMENTED_TRAIN_SYNTHETIC_TEST,SyntheticTest,Random Forest,Caution,1.000000,0.000000,0.000000
2026-07-08,4.000000,GÜZELBAHÇE,Caution,True,MULTI_PARAMETER_SUBSTANDARD,TEST,E3B_AUGMENTED_TRAIN_SYNTHETIC_TEST,SyntheticTest,Random Forest,Caution,1.000000,0.000000,0.000000
2026-06-17,56.000000,YEŞİLOVA,Caution,True,MULTI_PARAMETER_SUBSTANDARD,TEST,E3B_AUGMENTED_TRAIN_SYNTHETIC_TEST,SyntheticTest,Random Forest,Caution,0.997062,0.000000,0.002938
2026-07-29,38.000000,EVKA-2,Caution,True,NITRITE_SUBSTANDARD,TEST,E3B_AUGMENTED_TRAIN_SYNTHETIC_TEST,SyntheticTest,Random Forest,Caution,0.790311,0.095257,0.114432
2026-06-17,74.000000,UZUNDERE,Caution,True,MULTI_PARAMETER_SUBSTANDARD,TEST,E3B_AUGMENTED_TRAIN_SYNTHETIC_TEST,SyntheticTest,Random Forest,Caution,1.000000,0.000000,0.000000
2026-07-29,30.000000,MANAVKUYU,Caution,True,AMMONIUM_NEAR_STANDARD,TEST,E3B_AUGMENTED_TRAIN_SYNTHETIC_TEST,SyntheticTest,Random Forest,Caution,0.995060,0.004940,0.000000
2026-07-29,22.000000,ÇAMDİBİ,Caution,True,NITRITE_SUBSTANDARD,TEST,E3B_AUGMENTED_TRAIN_SYNTHETIC_TEST,SyntheticTest,Random Forest,Caution,0.852706,0.061619,0.085675
2026-07-08,40.000000,GÜMÜŞPALA,Caution,True,MULTI_PARAMETER_SUBSTANDARD,TEST,E3B_AUGMENTED_TRAIN_SYNTHETIC_TEST,SyntheticTest,Random Forest,Caution,1.000000,0.000000,0.000000
2026-07-01,42.000000,YAMANLAR,Caution,True,MULTI_PARAMETER_SUBSTANDARD,TEST,E3B_AUGMENTED_TRAIN_SYNTHETIC_TEST,SyntheticTest,Random Forest,Caution,1.000000,0.000000,0.000000
2026-07-01,79.000000,ESENDERE,Caution,True,AMMONIUM_NEAR_STANDARD,TEST,E3B_AUGMENTED_TRAIN_SYNTHETIC_TEST,SyntheticTest,Random Forest,Caution,0.991257,0.008295,0.000449
2026-07-08,8.000000,GÜZELYALI,Caution,True,AMMONIUM_NEAR_STANDARD,TEST,E3B_AUGMENTED_TRAIN_SYNTHETIC_TEST,SyntheticTest,Random Forest,Caution,0.993153,0.006497,0.000349
2026-06-24,39.000000,ÖRNEKKÖY,Caution,True,NITRITE_SUBSTANDARD,TEST,E3B_AUGMENTED_TRAIN_SYNTHETIC_TEST,SyntheticTest,Random Forest,Caution,0.790834,0.083177,0.125989
2026-06-24,20.000000,GÜLTEPE,Caution,True,AMMONIUM_NEAR_STANDARD,TEST,E3B_AUGMENTED_TRAIN_SYNTHETIC_TEST,SyntheticTest,Random Forest,Caution,0.997531,0.002469,0.000000
2026-06-10,20.000000,GÜLTEPE,Caution,True,AMMONIUM_NEAR_STANDARD,TEST,E3B_AUGMENTED_TRAIN_SYNTHETIC_TEST,SyntheticTest,Random Forest,Caution,0.991727,0.005309,0.002964
2026-06-17,79.000000,ESENDERE,Caution,True,AMMONIUM_NEAR_STANDARD,TEST,E3B_AUGMENTED_TRAIN_SYNTHETIC_TEST,SyntheticTest,Random Forest,Caution,0.995330,0.004670,0.000000
2026-06-17,57.000000,MERSİNLİ,Caution,True,NITRITE_SUBSTANDARD,TEST,E3B_AUGMENTED_TRAIN_SYNTHETIC_TEST,SyntheticTest,Random Forest,Caution,0.841310,0.061201,0.097489
2026-07-01,46.000000,GÜZELTEPE,Caution,True,AMMONIUM_NEAR_STANDARD,TEST,E3B_AUGMENTED_TRAIN_SYNTHETIC_TEST,SyntheticTest,Random Forest,Caution,0.992353,0.007198,0.000449
2026-07-01,75.000000,CENNETÇEŞME,Caution,True,AMMONIUM_NEAR_STANDARD,TEST,E3B_AUGMENTED_TRAIN_SYNTHETIC_TEST,SyntheticTest,Random Forest,Caution,0.991257,0.008295,0.000449
2026-07-29,22.000000,ÇAMDİBİ,Caution,True,MULTI_PARAMETER_SUBSTANDARD,TEST,E3B_AUGMENTED_TRAIN_SYNTHETIC_TEST,SyntheticTest,Random Forest,Caution,0.996667,0.002158,0.001176
2026-07-29,23.000000,IŞIKKENT,Risk,True,COLIFORM_FAIL_FAST,TEST,E3B_AUGMENTED_TRAIN_SYNTHETIC_TEST,SyntheticTest,Random Forest,Risk,0.000820,0.231108,0.768072
2026-07-29,2.000000,YENİŞEHİR,Risk,True,C_PERFRINGENS_FAIL_FAST,TEST,E3B_AUGMENTED_TRAIN_SYNTHETIC_TEST,SyntheticTest,Random Forest,Risk,0.005697,0.134334,0.859968
2026-07-29,17.000000,ŞİRİNYER,Risk,True,E_COLI_FAIL_FAST,TEST,E3B_AUGMENTED_TRAIN_SYNTHETIC_TEST,SyntheticTest,Random Forest,Risk,0.000925,0.171852,0.827223
2026-07-08,22.000000,ÇAMDİBİ,Risk,True,E_COLI_FAIL_FAST,TEST,E3B_AUGMENTED_TRAIN_SYNTHETIC_TEST,SyntheticTest,Random Forest,Risk,0.000319,0.138563,0.861118
2026-06-24,23.000000,IŞIKKENT,Risk,True,COLIFORM_FAIL_FAST,TEST,E3B_AUGMENTED_TRAIN_SYNTHETIC_TEST,SyntheticTest,Random Forest,Risk,0.006159,0.231715,0.762126
2026-07-29,20.000000,GÜLTEPE,Risk,True,COLIFORM_FAIL_FAST,TEST,E3B_AUGMENTED_TRAIN_SYNTHETIC_TEST,SyntheticTest,Random Forest,Risk,0.004705,0.258396,0.736899
2026-07-08,32.000000,EGEKENT,Risk,True,COLIFORM_FAIL_FAST,TEST,E3B_AUGMENTED_TRAIN_SYNTHETIC_TEST,SyntheticTest,Random Forest,Risk,0.012664,0.188036,0.799300
2026-07-08,20.000000,GÜLTEPE,Risk,True,NITRITE_FAIL_FAST,TEST,E3B_AUGMENTED_TRAIN_SYNTHETIC_TEST,SyntheticTest,Random Forest,Risk,0.133617,0.077503,0.788880
2026-07-29,34.000000,ÇİĞLİ,Risk,True,NITRITE_FAIL_FAST,TEST,E3B_AUGMENTED_TRAIN_SYNTHETIC_TEST,SyntheticTest,Random Forest,Risk,0.236818,0.091051,0.672131
2026-07-01,57.000000,MERSİNLİ,Risk,True,NITRITE_FAIL_FAST,TEST,E3B_AUGMENTED_TRAIN_SYNTHETIC_TEST,SyntheticTest,Random Forest,Risk,0.124959,0.093177,0.781863
2026-07-29,21.000000,ALTINDAĞ,Risk,True,NITRITE_FAIL_FAST,TEST,E3B_AUGMENTED_TRAIN_SYNTHETIC_TEST,SyntheticTest,Random Forest,Risk,0.117135,0.079566,0.803298
2026-06-10,37.000000,KARŞIYAKA,Risk,True,ARSENIC_FAIL_FAST,TEST,E3B_AUGMENTED_TRAIN_SYNTHETIC_TEST,SyntheticTest,Random Forest,Risk,0.009336,0.195831,0.794834
2026-06-10,23.000000,IŞIKKENT,Risk,True,NITRITE_FAIL_FAST,TEST,E3B_AUGMENTED_TRAIN_SYNTHETIC_TEST,SyntheticTest,Random Forest,Risk,0.122939,0.082127,0.794934
2026-06-10,19.000000,GÜLÇEŞME,Risk,True,C_PERFRINGENS_FAIL_FAST,TEST,E3B_AUGMENTED_TRAIN_SYNTHETIC_TEST,SyntheticTest,Random Forest,Risk,0.009989,0.147890,0.842120
2026-06-17,76.000000,GÜZELBAHÇE,Risk,True,C_PERFRINGENS_FAIL_FAST,TEST,E3B_AUGMENTED_TRAIN_SYNTHETIC_TEST,SyntheticTest,Random Forest,Risk,0.000947,0.105449,0.893604
2026-07-08,30.000000,MANAVKUYU,Risk,True,ARSENIC_FAIL_FAST,TEST,E3B_AUGMENTED_TRAIN_SYNTHETIC_TEST,SyntheticTest,Random Forest,Risk,0.009800,0.229338,0.760863
2026-07-29,7.000000,ÜÇKUYULAR,Risk,True,C_PERFRINGENS_FAIL_FAST,TEST,E3B_AUGMENTED_TRAIN_SYNTHETIC_TEST,SyntheticTest,Random Forest,Risk,0.001379,0.107118,0.891503
2026-06-24,26.000000,BORNOVA,Risk,True,E_COLI_FAIL_FAST,TEST,E3B_AUGMENTED_TRAIN_SYNTHETIC_TEST,SyntheticTest,Random Forest,Risk,0.004926,0.165066,0.830008
2026-07-01,49.000000,ALAYBEY,Risk,True,C_PERFRINGENS_FAIL_FAST,TEST,E3B_AUGMENTED_TRAIN_SYNTHETIC_TEST,SyntheticTest,Random Forest,Risk,0.004274,0.111311,0.884415
2026-07-22,52.000000,İZYUVA,Risk,True,C_PERFRINGENS_FAIL_FAST,TEST,E3B_AUGMENTED_TRAIN_SYNTHETIC_TEST,SyntheticTest,Random Forest,Risk,0.002970,0.144047,0.852983
2026-06-17,45.000000,CUMHURİYET MAH,Risk,True,C_PERFRINGENS_FAIL_FAST,TEST,E3B_AUGMENTED_TRAIN_SYNTHETIC_TEST,SyntheticTest,Random Forest,Risk,0.003093,0.127391,0.869516
2026-06-17,42.000000,YAMANLAR,Risk,True,NITRITE_FAIL_FAST,TEST,E3B_AUGMENTED_TRAIN_SYNTHETIC_TEST,SyntheticTest,Random Forest,Risk,0.215193,0.089801,0.695006
2026-06-17,61.000000,LEVENT,Risk,True,C_PERFRINGENS_FAIL_FAST,TEST,E3B_AUGMENTED_TRAIN_SYNTHETIC_TEST,SyntheticTest,Random Forest,Risk,0.003855,0.134954,0.861191
2026-07-29,30.000000,MANAVKUYU,Risk,True,ARSENIC_FAIL_FAST,TEST,E3B_AUGMENTED_TRAIN_SYNTHETIC_TEST,SyntheticTest,Random Forest,Risk,0.003330,0.193680,0.802989
2026-06-17,43.000000,POSTACI MAH,Risk,True,E_COLI_FAIL_FAST,TEST,E3B_AUGMENTED_TRAIN_SYNTHETIC_TEST,SyntheticTest,Random Forest,Risk,0.001942,0.153777,0.844281
2026-06-17,80.000000,KADİFEKALE,Risk,True,C_PERFRINGENS_FAIL_FAST,TEST,E3B_AUGMENTED_TRAIN_SYNTHETIC_TEST,SyntheticTest,Random Forest,Risk,0.001735,0.113428,0.884837
2026-07-29,30.000000,MANAVKUYU,Risk,True,ARSENIC_FAIL_FAST,TEST,E3B_AUGMENTED_TRAIN_SYNTHETIC_TEST,SyntheticTest,Random Forest,Risk,0.003330,0.193680,0.802989
2026-07-01,62.000000,UFUK MAH,Risk,True,C_PERFRINGENS_FAIL_FAST,TEST,E3B_AUGMENTED_TRAIN_SYNTHETIC_TEST,SyntheticTest,Random Forest,Risk,0.004954,0.121612,0.873435
2026-06-10,39.000000,ÖRNEKKÖY,Risk,True,E_COLI_FAIL_FAST,TEST,E3B_AUGMENTED_TRAIN_SYNTHETIC_TEST,SyntheticTest,Random Forest,Risk,0.002562,0.149054,0.848384
2026-06-17,43.000000,POSTACI MAH,Risk,True,NITRITE_FAIL_FAST,TEST,E3B_AUGMENTED_TRAIN_SYNTHETIC_TEST,SyntheticTest,Random Forest,Risk,0.214798,0.088038,0.697164
2026-07-01,69.000000,UĞUR MUMCU MAH,Risk,True,C_PERFRINGENS_FAIL_FAST,TEST,E3B_AUGMENTED_TRAIN_SYNTHETIC_TEST,SyntheticTest,Random Forest,Risk,0.000122,0.115973,0.883905
2026-07-22,48.000000,EGEKENT-2,Risk,True,COLIFORM_FAIL_FAST,TEST,E3B_AUGMENTED_TRAIN_SYNTHETIC_TEST,SyntheticTest,Random Forest,Risk,0.010975,0.182496,0.806529
2026-07-01,47.000000,EVKA-5,Risk,True,COLIFORM_FAIL_FAST,TEST,E3B_AUGMENTED_TRAIN_SYNTHETIC_TEST,SyntheticTest,Random Forest,Risk,0.005223,0.190937,0.803840
2026-06-17,55.000000,MEVLANA,Risk,True,NITRITE_FAIL_FAST,TEST,E3B_AUGMENTED_TRAIN_SYNTHETIC_TEST,SyntheticTest,Random Forest,Risk,0.129309,0.077658,0.793033
2026-07-01,50.000000,CENGİZHAN,Risk,True,E_COLI_FAIL_FAST,TEST,E3B_AUGMENTED_TRAIN_SYNTHETIC_TEST,SyntheticTest,Random Forest,Risk,0.000763,0.162121,0.837116
2026-06-24,16.000000,GEDİZ,Risk,True,NITRITE_FAIL_FAST,TEST,E3B_AUGMENTED_TRAIN_SYNTHETIC_TEST,SyntheticTest,Random Forest,Risk,0.126569,0.080368,0.793063
2026-07-01,71.000000,AKTEPE,Risk,True,E_COLI_FAIL_FAST,TEST,E3B_AUGMENTED_TRAIN_SYNTHETIC_TEST,SyntheticTest,Random Forest,Risk,0.000895,0.173937,0.825168
2026-07-29,23.000000,IŞIKKENT,Risk,True,E_COLI_FAIL_FAST,TEST,E3B_AUGMENTED_TRAIN_SYNTHETIC_TEST,SyntheticTest,Random Forest,Risk,0.000925,0.161202,0.837872
2026-06-10,33.000000,BALATÇIK,Risk,True,C_PERFRINGENS_FAIL_FAST,TEST,E3B_AUGMENTED_TRAIN_SYNTHETIC_TEST,SyntheticTest,Random Forest,Risk,0.010241,0.121318,0.868441
2026-07-01,47.000000,EVKA-5,Risk,True,NITRITE_FAIL_FAST,TEST,E3B_AUGMENTED_TRAIN_SYNTHETIC_TEST,SyntheticTest,Random Forest,Risk,0.213700,0.093644,0.692656
2026-06-24,23.000000,IŞIKKENT,Risk,True,COLIFORM_FAIL_FAST,TEST,E3B_AUGMENTED_TRAIN_SYNTHETIC_TEST,SyntheticTest,Random Forest,Risk,0.003576,0.206740,0.789684
2026-07-01,75.000000,CENNETÇEŞME,Risk,True,C_PERFRINGENS_FAIL_FAST,TEST,E3B_AUGMENTED_TRAIN_SYNTHETIC_TEST,SyntheticTest,Random Forest,Risk,0.001114,0.135508,0.863377
2026-07-29,23.000000,IŞIKKENT,Risk,True,C_PERFRINGENS_FAIL_FAST,TEST,E3B_AUGMENTED_TRAIN_SYNTHETIC_TEST,SyntheticTest,Random Forest,Risk,0.002441,0.138288,0.859271
2026-06-10,23.000000,IŞIKKENT,Risk,True,NITRITE_FAIL_FAST,TEST,E3B_AUGMENTED_TRAIN_SYNTHETIC_TEST,SyntheticTest,Random Forest,Risk,0.124013,0.082127,0.793860
2026-06-24,4.000000,GÜZELBAHÇE,Risk,True,COLIFORM_FAIL_FAST,TEST,E3B_AUGMENTED_TRAIN_SYNTHETIC_TEST,SyntheticTest,Random Forest,Risk,0.002397,0.205937,0.791666
2026-07-08,16.000000,GEDİZ,Risk,True,NITRITE_FAIL_FAST,TEST,E3B_AUGMENTED_TRAIN_SYNTHETIC_TEST,SyntheticTest,Random Forest,Risk,0.140950,0.085469,0.773580
2026-07-08,9.000000,HATAY,Risk,True,NITRITE_FAIL_FAST,TEST,E3B_AUGMENTED_TRAIN_SYNTHETIC_TEST,SyntheticTest,Random Forest,Risk,0.116472,0.093472,0.790056
2026-07-08,21.000000,ALTINDAĞ,Risk,True,E_COLI_FAIL_FAST,TEST,E3B_AUGMENTED_TRAIN_SYNTHETIC_TEST,SyntheticTest,Random Forest,Risk,0.000319,0.136713,0.862968
2026-06-10,6.000000,BALÇOVA,Risk,True,C_PERFRINGENS_FAIL_FAST,TEST,E3B_AUGMENTED_TRAIN_SYNTHETIC_TEST,SyntheticTest,Random Forest,Risk,0.001905,0.116216,0.881879
2026-06-17,76.000000,GÜZELBAHÇE,Risk,True,C_PERFRINGENS_FAIL_FAST,TEST,E3B_AUGMENTED_TRAIN_SYNTHETIC_TEST,SyntheticTest,Random Forest,Risk,0.000947,0.110835,0.888217
2026-06-24,34.000000,ÇİĞLİ,Risk,True,NITRITE_FAIL_FAST,TEST,E3B_AUGMENTED_TRAIN_SYNTHETIC_TEST,SyntheticTest,Random Forest,Risk,0.244480,0.088435,0.667084
2026-06-10,22.000000,ÇAMDİBİ,Risk,True,E_COLI_FAIL_FAST,TEST,E3B_AUGMENTED_TRAIN_SYNTHETIC_TEST,SyntheticTest,Random Forest,Risk,0.002554,0.162210,0.835236
2026-07-08,21.000000,ALTINDAĞ,Risk,True,ARSENIC_FAIL_FAST,TEST,E3B_AUGMENTED_TRAIN_SYNTHETIC_TEST,SyntheticTest,Random Forest,Risk,0.002566,0.198022,0.799412
2026-07-08,3.000000,KONAK,Risk,True,E_COLI_FAIL_FAST,TEST,E3B_AUGMENTED_TRAIN_SYNTHETIC_TEST,SyntheticTest,Random Forest,Risk,0.003148,0.148995,0.847857
2026-06-24,27.000000,ATATÜRK MAH,Risk,True,ARSENIC_FAIL_FAST,TEST,E3B_AUGMENTED_TRAIN_SYNTHETIC_TEST,SyntheticTest,Random Forest,Risk,0.002456,0.201435,0.796109
2026-06-10,36.000000,ŞEMİKLER,Risk,True,C_PERFRINGENS_FAIL_FAST,TEST,E3B_AUGMENTED_TRAIN_SYNTHETIC_TEST,SyntheticTest,Random Forest,Risk,0.008054,0.133354,0.858592
2026-07-29,33.000000,BALATÇIK,Risk,True,NITRITE_FAIL_FAST,TEST,E3B_AUGMENTED_TRAIN_SYNTHETIC_TEST,SyntheticTest,Random Forest,Risk,0.205340,0.090490,0.704170
2026-06-17,70.000000,ÇAMLIK MAH,Risk,True,E_COLI_FAIL_FAST,TEST,E3B_AUGMENTED_TRAIN_SYNTHETIC_TEST,SyntheticTest,Random Forest,Risk,0.000895,0.172010,0.827095
2026-07-01,57.000000,MERSİNLİ,Risk,True,NITRITE_FAIL_FAST,TEST,E3B_AUGMENTED_TRAIN_SYNTHETIC_TEST,SyntheticTest,Random Forest,Risk,0.112556,0.093177,0.794266
2026-07-22,67.000000,ÇAMLIKULE,Risk,True,C_PERFRINGENS_FAIL_FAST,TEST,E3B_AUGMENTED_TRAIN_SYNTHETIC_TEST,SyntheticTest,Random Forest,Risk,0.005163,0.170642,0.824195
2026-07-22,47.000000,EVKA-5,Risk,True,E_COLI_FAIL_FAST,TEST,E3B_AUGMENTED_TRAIN_SYNTHETIC_TEST,SyntheticTest,Random Forest,Risk,0.005925,0.138703,0.855372
2026-07-08,16.000000,GEDİZ,Risk,True,COLIFORM_FAIL_FAST,TEST,E3B_AUGMENTED_TRAIN_SYNTHETIC_TEST,SyntheticTest,Random Forest,Risk,0.005159,0.235069,0.759772
2026-07-22,75.000000,CENNETÇEŞME,Risk,True,C_PERFRINGENS_FAIL_FAST,TEST,E3B_AUGMENTED_TRAIN_SYNTHETIC_TEST,SyntheticTest,Random Forest,Risk,0.000196,0.115520,0.884284
2026-07-22,42.000000,YAMANLAR,Risk,True,E_COLI_FAIL_FAST,TEST,E3B_AUGMENTED_TRAIN_SYNTHETIC_TEST,SyntheticTest,Random Forest,Risk,0.000444,0.147360,0.852196
2026-06-10,28.000000,OSMANGAZİ,Risk,True,COLIFORM_FAIL_FAST,TEST,E3B_AUGMENTED_TRAIN_SYNTHETIC_TEST,SyntheticTest,Random Forest,Risk,0.008821,0.198528,0.792651
2026-06-24,18.000000,BUCA,Risk,True,COLIFORM_FAIL_FAST,TEST,E3B_AUGMENTED_TRAIN_SYNTHETIC_TEST,SyntheticTest,Random Forest,Risk,0.004931,0.225649,0.769420
2026-06-24,13.000000,KARABAĞLAR,Risk,True,NITRITE_FAIL_FAST,TEST,E3B_AUGMENTED_TRAIN_SYNTHETIC_TEST,SyntheticTest,Random Forest,Risk,0.117962,0.089204,0.792834
2026-06-17,69.000000,UĞUR MUMCU MAH,Risk,True,NITRITE_FAIL_FAST,TEST,E3B_AUGMENTED_TRAIN_SYNTHETIC_TEST,SyntheticTest,Random Forest,Risk,0.129489,0.089402,0.781108
2026-06-24,22.000000,ÇAMDİBİ,Risk,True,C_PERFRINGENS_FAIL_FAST,TEST,E3B_AUGMENTED_TRAIN_SYNTHETIC_TEST,SyntheticTest,Random Forest,Risk,0.009989,0.142303,0.847708
2026-06-10,5.000000,NARLIDERE,Risk,True,E_COLI_FAIL_FAST,TEST,E3B_AUGMENTED_TRAIN_SYNTHETIC_TEST,SyntheticTest,Random Forest,Risk,0.003953,0.166973,0.829074
2026-06-17,49.000000,ALAYBEY,Risk,True,E_COLI_FAIL_FAST,TEST,E3B_AUGMENTED_TRAIN_SYNTHETIC_TEST,SyntheticTest,Random Forest,Risk,0.000808,0.147238,0.851954
2026-07-08,24.000000,PINARBAŞI,Risk,True,COLIFORM_FAIL_FAST,TEST,E3B_AUGMENTED_TRAIN_SYNTHETIC_TEST,SyntheticTest,Random Forest,Risk,0.002213,0.198059,0.799727
2026-06-10,25.000000,EVKA-3,Risk,True,E_COLI_FAIL_FAST,TEST,E3B_AUGMENTED_TRAIN_SYNTHETIC_TEST,SyntheticTest,Random Forest,Risk,0.002554,0.162747,0.834700
2026-07-08,28.000000,OSMANGAZİ,Risk,True,NITRITE_FAIL_FAST,TEST,E3B_AUGMENTED_TRAIN_SYNTHETIC_TEST,SyntheticTest,Random Forest,Risk,0.240205,0.093095,0.666700
2026-07-29,35.000000,BOSTANLI,Risk,True,E_COLI_FAIL_FAST,TEST,E3B_AUGMENTED_TRAIN_SYNTHETIC_TEST,SyntheticTest,Random Forest,Risk,0.000444,0.147838,0.851718
2026-07-01,70.000000,ÇAMLIK MAH,Risk,True,NITRITE_FAIL_FAST,TEST,E3B_AUGMENTED_TRAIN_SYNTHETIC_TEST,SyntheticTest,Random Forest,Risk,0.115541,0.100716,0.783743
2026-07-08,15.000000,GAZİEMİR,Risk,True,NITRITE_FAIL_FAST,TEST,E3B_AUGMENTED_TRAIN_SYNTHETIC_TEST,SyntheticTest,Random Forest,Risk,0.125483,0.092292,0.782224
2026-07-01,48.000000,EGEKENT-2,Risk,True,NITRITE_FAIL_FAST,TEST,E3B_AUGMENTED_TRAIN_SYNTHETIC_TEST,SyntheticTest,Random Forest,Risk,0.226701,0.093987,0.679312
2026-06-17,72.000000,9 EYLÜL MAH,Risk,True,ARSENIC_FAIL_FAST,TEST,E3B_AUGMENTED_TRAIN_SYNTHETIC_TEST,SyntheticTest,Random Forest,Risk,0.004855,0.200515,0.794630
2026-07-01,80.000000,KADİFEKALE,Risk,True,ARSENIC_FAIL_FAST,TEST,E3B_AUGMENTED_TRAIN_SYNTHETIC_TEST,SyntheticTest,Random Forest,Risk,0.012276,0.219814,0.767910
2026-06-24,16.000000,GEDİZ,Risk,True,E_COLI_FAIL_FAST,TEST,E3B_AUGMENTED_TRAIN_SYNTHETIC_TEST,SyntheticTest,Random Forest,Risk,0.004284,0.162672,0.833044
2026-06-24,18.000000,BUCA,Risk,True,E_COLI_FAIL_FAST,TEST,E3B_AUGMENTED_TRAIN_SYNTHETIC_TEST,SyntheticTest,Random Forest,Risk,0.004284,0.165136,0.830579
2026-07-29,19.000000,GÜLÇEŞME,Risk,True,NITRITE_FAIL_FAST,TEST,E3B_AUGMENTED_TRAIN_SYNTHETIC_TEST,SyntheticTest,Random Forest,Risk,0.138140,0.075602,0.786258
2026-06-10,39.000000,ÖRNEKKÖY,Risk,True,ARSENIC_FAIL_FAST,TEST,E3B_AUGMENTED_TRAIN_SYNTHETIC_TEST,SyntheticTest,Random Forest,Risk,0.004762,0.195770,0.799469
2026-07-08,32.000000,EGEKENT,Risk,True,ARSENIC_FAIL_FAST,TEST,E3B_AUGMENTED_TRAIN_SYNTHETIC_TEST,SyntheticTest,Random Forest,Risk,0.006650,0.195197,0.798152
2026-06-10,29.000000,ÖZKANLAR,Risk,True,NITRITE_FAIL_FAST,TEST,E3B_AUGMENTED_TRAIN_SYNTHETIC_TEST,SyntheticTest,Random Forest,Risk,0.189753,0.102651,0.707596
2026-07-08,27.000000,ATATÜRK MAH,Risk,True,C_PERFRINGENS_FAIL_FAST,TEST,E3B_AUGMENTED_TRAIN_SYNTHETIC_TEST,SyntheticTest,Random Forest,Risk,0.013119,0.164033,0.822848
2026-06-10,28.000000,OSMANGAZİ,Risk,True,C_PERFRINGENS_FAIL_FAST,TEST,E3B_AUGMENTED_TRAIN_SYNTHETIC_TEST,SyntheticTest,Random Forest,Risk,0.006345,0.130742,0.862913
2026-07-08,17.000000,ŞİRİNYER,Risk,True,NITRITE_FAIL_FAST,TEST,E3B_AUGMENTED_TRAIN_SYNTHETIC_TEST,SyntheticTest,Random Forest,Risk,0.133433,0.083082,0.783485
2026-07-01,66.000000,KOZAĞAÇ,Risk,True,NITRITE_FAIL_FAST,TEST,E3B_AUGMENTED_TRAIN_SYNTHETIC_TEST,SyntheticTest,Random Forest,Risk,0.130729,0.078926,0.790345
2026-06-24,40.000000,GÜMÜŞPALA,Risk,True,COLIFORM_FAIL_FAST,TEST,E3B_AUGMENTED_TRAIN_SYNTHETIC_TEST,SyntheticTest,Random Forest,Risk,0.006216,0.199385,0.794400
2026-06-10,14.000000,ESKİ İZMİR,Risk,True,ARSENIC_FAIL_FAST,TEST,E3B_AUGMENTED_TRAIN_SYNTHETIC_TEST,SyntheticTest,Random Forest,Risk,0.003707,0.201175,0.795118
2026-06-24,30.000000,MANAVKUYU,Risk,True,C_PERFRINGENS_FAIL_FAST,TEST,E3B_AUGMENTED_TRAIN_SYNTHETIC_TEST,SyntheticTest,Random Forest,Risk,0.005900,0.129770,0.864330
2026-06-24,38.000000,EVKA-2,Risk,True,C_PERFRINGENS_FAIL_FAST,TEST,E3B_AUGMENTED_TRAIN_SYNTHETIC_TEST,SyntheticTest,Random Forest,Risk,0.005900,0.130816,0.863284
2026-07-08,5.000000,NARLIDERE,Risk,True,ARSENIC_FAIL_FAST,TEST,E3B_AUGMENTED_TRAIN_SYNTHETIC_TEST,SyntheticTest,Random Forest,Risk,0.008287,0.196405,0.795308
2026-07-29,14.000000,ESKİ İZMİR,Risk,True,E_COLI_FAIL_FAST,TEST,E3B_AUGMENTED_TRAIN_SYNTHETIC_TEST,SyntheticTest,Random Forest,Risk,0.000895,0.172148,0.826957
2026-06-10,35.000000,BOSTANLI,Risk,True,COLIFORM_FAIL_FAST,TEST,E3B_AUGMENTED_TRAIN_SYNTHETIC_TEST,SyntheticTest,Random Forest,Risk,0.011741,0.238723,0.749536
2026-07-01,70.000000,ÇAMLIK MAH,Risk,True,C_PERFRINGENS_FAIL_FAST,TEST,E3B_AUGMENTED_TRAIN_SYNTHETIC_TEST,SyntheticTest,Random Forest,Risk,0.000122,0.123226,0.876652
2026-07-01,63.000000,EVKA-1,Risk,True,ARSENIC_FAIL_FAST,TEST,E3B_AUGMENTED_TRAIN_SYNTHETIC_TEST,SyntheticTest,Random Forest,Risk,0.015685,0.198899,0.785416
2026-06-17,74.000000,UZUNDERE,Risk,True,NITRITE_FAIL_FAST,TEST,E3B_AUGMENTED_TRAIN_SYNTHETIC_TEST,SyntheticTest,Random Forest,Risk,0.118136,0.086261,0.795604
2026-06-10,22.000000,ÇAMDİBİ,Risk,True,COLIFORM_FAIL_FAST,TEST,E3B_AUGMENTED_TRAIN_SYNTHETIC_TEST,SyntheticTest,Random Forest,Risk,0.001490,0.215534,0.782976
2026-07-08,38.000000,EVKA-2,Risk,True,E_COLI_FAIL_FAST,TEST,E3B_AUGMENTED_TRAIN_SYNTHETIC_TEST,SyntheticTest,Random Forest,Risk,0.000808,0.149250,0.849942
2026-06-10,24.000000,PINARBAŞI,Risk,True,COLIFORM_FAIL_FAST,TEST,E3B_AUGMENTED_TRAIN_SYNTHETIC_TEST,SyntheticTest,Random Forest,Risk,0.002749,0.232452,0.764799
2026-07-29,20.000000,GÜLTEPE,Risk,True,NITRITE_FAIL_FAST,TEST,E3B_AUGMENTED_TRAIN_SYNTHETIC_TEST,SyntheticTest,Random Forest,Risk,0.145254,0.080758,0.773989
2026-07-29,16.000000,GEDİZ,Risk,True,NITRITE_FAIL_FAST,TEST,E3B_AUGMENTED_TRAIN_SYNTHETIC_TEST,SyntheticTest,Random Forest,Risk,0.139323,0.082300,0.778378
2026-07-01,56.000000,YEŞİLOVA,Risk,True,E_COLI_FAIL_FAST,TEST,E3B_AUGMENTED_TRAIN_SYNTHETIC_TEST,SyntheticTest,Random Forest,Risk,0.001245,0.162857,0.835898
2026-06-17,75.000000,CENNETÇEŞME,Risk,True,C_PERFRINGENS_FAIL_FAST,TEST,E3B_AUGMENTED_TRAIN_SYNTHETIC_TEST,SyntheticTest,Random Forest,Risk,0.002114,0.125283,0.872602
2026-06-17,76.000000,GÜZELBAHÇE,Risk,True,NITRITE_FAIL_FAST,TEST,E3B_AUGMENTED_TRAIN_SYNTHETIC_TEST,SyntheticTest,Random Forest,Risk,0.139224,0.083711,0.777065
2026-06-17,44.000000,YAMAÇ MAH,Risk,True,NITRITE_FAIL_FAST,TEST,E3B_AUGMENTED_TRAIN_SYNTHETIC_TEST,SyntheticTest,Random Forest,Risk,0.220518,0.089801,0.689681
2026-07-01,41.000000,DOĞANÇAY,Risk,True,ARSENIC_FAIL_FAST,TEST,E3B_AUGMENTED_TRAIN_SYNTHETIC_TEST,SyntheticTest,Random Forest,Risk,0.003263,0.196193,0.800544
2026-07-01,47.000000,EVKA-5,Risk,True,ARSENIC_FAIL_FAST,TEST,E3B_AUGMENTED_TRAIN_SYNTHETIC_TEST,SyntheticTest,Random Forest,Risk,0.003330,0.194835,0.801835
2026-07-08,37.000000,KARŞIYAKA,Risk,True,ARSENIC_FAIL_FAST,TEST,E3B_AUGMENTED_TRAIN_SYNTHETIC_TEST,SyntheticTest,Random Forest,Risk,0.003330,0.189553,0.807117
2026-06-10,19.000000,GÜLÇEŞME,Risk,True,COLIFORM_FAIL_FAST,TEST,E3B_AUGMENTED_TRAIN_SYNTHETIC_TEST,SyntheticTest,Random Forest,Risk,0.006159,0.232040,0.761801
2026-06-10,28.000000,OSMANGAZİ,Risk,True,COLIFORM_FAIL_FAST,TEST,E3B_AUGMENTED_TRAIN_SYNTHETIC_TEST,SyntheticTest,Random Forest,Risk,0.008821,0.198528,0.792651
2026-07-08,7.000000,ÜÇKUYULAR,Risk,True,COLIFORM_FAIL_FAST,TEST,E3B_AUGMENTED_TRAIN_SYNTHETIC_TEST,SyntheticTest,Random Forest,Risk,0.001761,0.202773,0.795466
2026-06-10,3.000000,KONAK,Risk,True,COLIFORM_FAIL_FAST,TEST,E3B_AUGMENTED_TRAIN_SYNTHETIC_TEST,SyntheticTest,Random Forest,Risk,0.007407,0.213320,0.779273
2026-07-08,24.000000,PINARBAŞI,Risk,True,E_COLI_FAIL_FAST,TEST,E3B_AUGMENTED_TRAIN_SYNTHETIC_TEST,SyntheticTest,Random Forest,Risk,0.000319,0.131415,0.868266
2026-06-17,61.000000,LEVENT,Good,False,REAL,REAL,E3_AUGMENTED_TRAIN_MIXED_TEST,MixedTest,Random Forest,Good,0.031895,0.803239,0.164866
2026-06-17,69.000000,UĞUR MUMCU MAH,Good,False,REAL,REAL,E3_AUGMENTED_TRAIN_MIXED_TEST,MixedTest,Random Forest,Good,0.016798,0.856342,0.126860
2026-06-10,38.000000,EVKA-2,Good,False,REAL,REAL,E3_AUGMENTED_TRAIN_MIXED_TEST,MixedTest,Random Forest,Good,0.035531,0.721182,0.243287
2026-07-22,55.000000,MEVLANA,Caution,True,AMMONIUM_NEAR_STANDARD,TEST,E3_AUGMENTED_TRAIN_MIXED_TEST,MixedTest,Random Forest,Caution,0.987165,0.011956,0.000879
2026-06-17,79.000000,ESENDERE,Good,False,REAL,REAL,E3_AUGMENTED_TRAIN_MIXED_TEST,MixedTest,Random Forest,Good,0.016968,0.843333,0.139699
2026-07-29,33.000000,BALATÇIK,Good,False,REAL,REAL,E3_AUGMENTED_TRAIN_MIXED_TEST,MixedTest,Random Forest,Good,0.037520,0.735367,0.227113
2026-07-29,5.000000,NARLIDERE,Good,False,REAL,REAL,E3_AUGMENTED_TRAIN_MIXED_TEST,MixedTest,Random Forest,Good,0.024394,0.845123,0.130483
2026-06-10,13.000000,KARABAĞLAR,Good,False,REAL,REAL,E3_AUGMENTED_TRAIN_MIXED_TEST,MixedTest,Random Forest,Good,0.017177,0.854563,0.128260
2026-07-01,48.000000,EGEKENT-2,Risk,True,NITRITE_FAIL_FAST,TEST,E3_AUGMENTED_TRAIN_MIXED_TEST,MixedTest,Random Forest,Risk,0.226701,0.093987,0.679312
2026-07-29,38.000000,EVKA-2,Good,False,REAL,REAL,E3_AUGMENTED_TRAIN_MIXED_TEST,MixedTest,Random Forest,Good,0.036908,0.823763,0.139329
2026-06-24,5.000000,NARLIDERE,Good,False,REAL,REAL,E3_AUGMENTED_TRAIN_MIXED_TEST,MixedTest,Random Forest,Good,0.020658,0.848384,0.130957
2026-06-17,80.000000,KADİFEKALE,Good,False,REAL,REAL,E3_AUGMENTED_TRAIN_MIXED_TEST,MixedTest,Random Forest,Good,0.018121,0.856682,0.125197
2026-07-01,75.000000,CENNETÇEŞME,Caution,True,AMMONIUM_NEAR_STANDARD,TEST,E3_AUGMENTED_TRAIN_MIXED_TEST,MixedTest,Random Forest,Caution,0.991257,0.008295,0.000449
2026-06-24,11.000000,YEŞİLYURT,Good,False,REAL,REAL,E3_AUGMENTED_TRAIN_MIXED_TEST,MixedTest,Random Forest,Good,0.016873,0.851972,0.131155
2026-07-29,32.000000,EGEKENT,Caution,True,NITRITE_SUBSTANDARD,TEST,E3_AUGMENTED_TRAIN_MIXED_TEST,MixedTest,Random Forest,Caution,0.690514,0.102486,0.207000
2026-06-24,15.000000,GAZİEMİR,Caution,True,NITRITE_SUBSTANDARD,TEST,E3_AUGMENTED_TRAIN_MIXED_TEST,MixedTest,Random Forest,Caution,0.811633,0.085931,0.102435
2026-07-01,47.000000,EVKA-5,Risk,True,ARSENIC_FAIL_FAST,TEST,E3_AUGMENTED_TRAIN_MIXED_TEST,MixedTest,Random Forest,Risk,0.003330,0.194835,0.801835
2026-06-17,76.000000,GÜZELBAHÇE,Risk,True,NITRITE_FAIL_FAST,TEST,E3_AUGMENTED_TRAIN_MIXED_TEST,MixedTest,Random Forest,Risk,0.139224,0.083711,0.777065
2026-07-29,35.000000,BOSTANLI,Risk,True,E_COLI_FAIL_FAST,TEST,E3_AUGMENTED_TRAIN_MIXED_TEST,MixedTest,Random Forest,Risk,0.000444,0.147838,0.851718
2026-06-24,4.000000,GÜZELBAHÇE,Good,False,REAL,REAL,E3_AUGMENTED_TRAIN_MIXED_TEST,MixedTest,Random Forest,Good,0.020783,0.854331,0.124885
2026-06-10,2.000000,YENİŞEHİR,Good,False,REAL,REAL,E3_AUGMENTED_TRAIN_MIXED_TEST,MixedTest,Random Forest,Good,0.035792,0.782886,0.181322
2026-06-24,23.000000,IŞIKKENT,Good,False,REAL,REAL,E3_AUGMENTED_TRAIN_MIXED_TEST,MixedTest,Random Forest,Good,0.029180,0.819708,0.151111
2026-06-10,15.000000,GAZİEMİR,Good,False,REAL,REAL,E3_AUGMENTED_TRAIN_MIXED_TEST,MixedTest,Random Forest,Good,0.017824,0.855548,0.126628
2026-07-22,42.000000,YAMANLAR,Risk,True,E_COLI_FAIL_FAST,TEST,E3_AUGMENTED_TRAIN_MIXED_TEST,MixedTest,Random Forest,Risk,0.000444,0.147360,0.852196
2026-06-24,3.000000,KONAK,Good,False,REAL,REAL,E3_AUGMENTED_TRAIN_MIXED_TEST,MixedTest,Random Forest,Good,0.033660,0.820343,0.145996
2026-07-01,72.000000,9 EYLÜL MAH,Good,False,REAL,REAL,E3_AUGMENTED_TRAIN_MIXED_TEST,MixedTest,Random Forest,Good,0.015763,0.847475,0.136762
2026-07-22,41.000000,DOĞANÇAY,Caution,True,MULTI_PARAMETER_SUBSTANDARD,TEST,E3_AUGMENTED_TRAIN_MIXED_TEST,MixedTest,Random Forest,Caution,0.998899,0.000000,0.001101
2026-07-29,14.000000,ESKİ İZMİR,Caution,True,MULTI_PARAMETER_SUBSTANDARD,TEST,E3_AUGMENTED_TRAIN_MIXED_TEST,MixedTest,Random Forest,Caution,0.999655,0.000000,0.000345
2026-06-10,35.000000,BOSTANLI,Good,False,REAL,REAL,E3_AUGMENTED_TRAIN_MIXED_TEST,MixedTest,Random Forest,Good,0.034761,0.715298,0.249942
2026-07-08,21.000000,ALTINDAĞ,Risk,True,ARSENIC_FAIL_FAST,TEST,E3_AUGMENTED_TRAIN_MIXED_TEST,MixedTest,Random Forest,Risk,0.002566,0.198022,0.799412
2026-07-08,29.000000,ÖZKANLAR,Good,False,REAL,REAL,E3_AUGMENTED_TRAIN_MIXED_TEST,MixedTest,Random Forest,Good,0.038903,0.799305,0.161792
2026-07-01,69.000000,UĞUR MUMCU MAH,Good,False,REAL,REAL,E3_AUGMENTED_TRAIN_MIXED_TEST,MixedTest,Random Forest,Good,0.015969,0.830970,0.153061
2026-07-22,48.000000,EGEKENT-2,Risk,True,COLIFORM_FAIL_FAST,TEST,E3_AUGMENTED_TRAIN_MIXED_TEST,MixedTest,Random Forest,Risk,0.010975,0.182496,0.806529
2026-06-24,20.000000,GÜLTEPE,Good,False,REAL,REAL,E3_AUGMENTED_TRAIN_MIXED_TEST,MixedTest,Random Forest,Good,0.033317,0.823283,0.143399
2026-06-10,22.000000,ÇAMDİBİ,Good,False,REAL,REAL,E3_AUGMENTED_TRAIN_MIXED_TEST,MixedTest,Random Forest,Good,0.021553,0.826284,0.152163
2026-06-17,44.000000,YAMAÇ MAH,Good,False,REAL,REAL,E3_AUGMENTED_TRAIN_MIXED_TEST,MixedTest,Random Forest,Good,0.034588,0.812065,0.153347
2026-06-24,7.000000,ÜÇKUYULAR,Good,False,REAL,REAL,E3_AUGMENTED_TRAIN_MIXED_TEST,MixedTest,Random Forest,Good,0.029999,0.830930,0.139070
2026-06-17,76.000000,GÜZELBAHÇE,Good,False,REAL,REAL,E3_AUGMENTED_TRAIN_MIXED_TEST,MixedTest,Random Forest,Good,0.021594,0.848111,0.130295
2026-07-01,64.000000,ADATEPE,Good,False,REAL,REAL,E3_AUGMENTED_TRAIN_MIXED_TEST,MixedTest,Random Forest,Good,0.029226,0.820626,0.150148
2026-07-22,54.000000,YEŞİLÇAM,Good,False,REAL,REAL,E3_AUGMENTED_TRAIN_MIXED_TEST,MixedTest,Random Forest,Good,0.016271,0.857332,0.126397
2026-06-24,32.000000,EGEKENT,Good,False,REAL,REAL,E3_AUGMENTED_TRAIN_MIXED_TEST,MixedTest,Random Forest,Good,0.044523,0.790370,0.165107
2026-07-08,2.000000,YENİŞEHİR,Good,False,REAL,REAL,E3_AUGMENTED_TRAIN_MIXED_TEST,MixedTest,Random Forest,Good,0.033895,0.811835,0.154270
2026-06-10,19.000000,GÜLÇEŞME,Risk,True,C_PERFRINGENS_FAIL_FAST,TEST,E3_AUGMENTED_TRAIN_MIXED_TEST,MixedTest,Random Forest,Risk,0.009989,0.147890,0.842120
2026-07-01,63.000000,EVKA-1,Risk,True,ARSENIC_FAIL_FAST,TEST,E3_AUGMENTED_TRAIN_MIXED_TEST,MixedTest,Random Forest,Risk,0.015685,0.198899,0.785416
2026-07-01,56.000000,YEŞİLOVA,Risk,True,E_COLI_FAIL_FAST,TEST,E3_AUGMENTED_TRAIN_MIXED_TEST,MixedTest,Random Forest,Risk,0.001245,0.162857,0.835898
2026-06-17,69.000000,UĞUR MUMCU MAH,Caution,True,AMMONIUM_NEAR_STANDARD,TEST,E3_AUGMENTED_TRAIN_MIXED_TEST,MixedTest,Random Forest,Caution,0.995330,0.004670,0.000000
2026-06-17,42.000000,YAMANLAR,Caution,True,NITRITE_SUBSTANDARD,TEST,E3_AUGMENTED_TRAIN_MIXED_TEST,MixedTest,Random Forest,Caution,0.758932,0.089122,0.151946
2026-07-08,37.000000,KARŞIYAKA,Risk,True,ARSENIC_FAIL_FAST,TEST,E3_AUGMENTED_TRAIN_MIXED_TEST,MixedTest,Random Forest,Risk,0.003330,0.189553,0.807117
2026-06-24,27.000000,ATATÜRK MAH,Risk,True,ARSENIC_FAIL_FAST,TEST,E3_AUGMENTED_TRAIN_MIXED_TEST,MixedTest,Random Forest,Risk,0.002456,0.201435,0.796109
2026-07-01,75.000000,CENNETÇEŞME,Risk,True,C_PERFRINGENS_FAIL_FAST,TEST,E3_AUGMENTED_TRAIN_MIXED_TEST,MixedTest,Random Forest,Risk,0.001114,0.135508,0.863377
2026-07-29,16.000000,GEDİZ,Risk,True,NITRITE_FAIL_FAST,TEST,E3_AUGMENTED_TRAIN_MIXED_TEST,MixedTest,Random Forest,Risk,0.139323,0.082300,0.778378
2026-06-17,59.000000,ÇANKAYA,Caution,True,NITRITE_SUBSTANDARD,TEST,E3_AUGMENTED_TRAIN_MIXED_TEST,MixedTest,Random Forest,Caution,0.844473,0.069131,0.086397
2026-07-08,37.000000,KARŞIYAKA,Good,False,REAL,REAL,E3_AUGMENTED_TRAIN_MIXED_TEST,MixedTest,Random Forest,Good,0.034504,0.819827,0.145670
2026-06-24,34.000000,ÇİĞLİ,Caution,True,NITRITE_SUBSTANDARD,TEST,E3_AUGMENTED_TRAIN_MIXED_TEST,MixedTest,Random Forest,Caution,0.788908,0.088435,0.122656
2026-07-22,54.000000,YEŞİLÇAM,Caution,True,MULTI_PARAMETER_SUBSTANDARD,TEST,E3_AUGMENTED_TRAIN_MIXED_TEST,MixedTest,Random Forest,Caution,0.999655,0.000000,0.000345
2026-07-01,63.000000,EVKA-1,Good,False,REAL,REAL,E3_AUGMENTED_TRAIN_MIXED_TEST,MixedTest,Random Forest,Good,0.027640,0.827649,0.144710
2026-06-24,6.000000,BALÇOVA,Good,False,REAL,REAL,E3_AUGMENTED_TRAIN_MIXED_TEST,MixedTest,Random Forest,Good,0.028515,0.835954,0.135531
2026-07-29,19.000000,GÜLÇEŞME,Risk,True,NITRITE_FAIL_FAST,TEST,E3_AUGMENTED_TRAIN_MIXED_TEST,MixedTest,Random Forest,Risk,0.138140,0.075602,0.786258
2026-07-08,9.000000,HATAY,Risk,True,NITRITE_FAIL_FAST,TEST,E3_AUGMENTED_TRAIN_MIXED_TEST,MixedTest,Random Forest,Risk,0.116472,0.093472,0.790056
2026-06-17,61.000000,LEVENT,Risk,True,C_PERFRINGENS_FAIL_FAST,TEST,E3_AUGMENTED_TRAIN_MIXED_TEST,MixedTest,Random Forest,Risk,0.003855,0.134954,0.861191
2026-07-08,8.000000,GÜZELYALI,Good,False,REAL,REAL,E3_AUGMENTED_TRAIN_MIXED_TEST,MixedTest,Random Forest,Good,0.021533,0.842461,0.136006
2026-06-24,5.000000,NARLIDERE,Caution,True,MULTI_PARAMETER_SUBSTANDARD,TEST,E3_AUGMENTED_TRAIN_MIXED_TEST,MixedTest,Random Forest,Caution,1.000000,0.000000,0.000000
2026-06-17,44.000000,YAMAÇ MAH,Risk,True,NITRITE_FAIL_FAST,TEST,E3_AUGMENTED_TRAIN_MIXED_TEST,MixedTest,Random Forest,Risk,0.220518,0.089801,0.689681
2026-07-08,32.000000,EGEKENT,Good,False,REAL,REAL,E3_AUGMENTED_TRAIN_MIXED_TEST,MixedTest,Random Forest,Good,0.046775,0.722938,0.230287
2026-07-08,17.000000,ŞİRİNYER,Risk,True,NITRITE_FAIL_FAST,TEST,E3_AUGMENTED_TRAIN_MIXED_TEST,MixedTest,Random Forest,Risk,0.133433,0.083082,0.783485
2026-07-01,44.000000,YAMAÇ MAH,Good,False,REAL,REAL,E3_AUGMENTED_TRAIN_MIXED_TEST,MixedTest,Random Forest,Good,0.034841,0.837061,0.128098
2026-07-22,57.000000,MERSİNLİ,Good,False,REAL,REAL,E3_AUGMENTED_TRAIN_MIXED_TEST,MixedTest,Random Forest,Good,0.034982,0.816203,0.148814
2026-07-01,55.000000,MEVLANA,Good,False,REAL,REAL,E3_AUGMENTED_TRAIN_MIXED_TEST,MixedTest,Random Forest,Good,0.020552,0.852146,0.127302
2026-07-08,27.000000,ATATÜRK MAH,Caution,True,NITRITE_SUBSTANDARD,TEST,E3_AUGMENTED_TRAIN_MIXED_TEST,MixedTest,Random Forest,Caution,0.805025,0.073860,0.121115
2026-07-08,16.000000,GEDİZ,Risk,True,COLIFORM_FAIL_FAST,TEST,E3_AUGMENTED_TRAIN_MIXED_TEST,MixedTest,Random Forest,Risk,0.005159,0.235069,0.759772
2026-06-10,19.000000,GÜLÇEŞME,Good,False,REAL,REAL,E3_AUGMENTED_TRAIN_MIXED_TEST,MixedTest,Random Forest,Good,0.028853,0.812554,0.158593
2026-06-24,16.000000,GEDİZ,Risk,True,NITRITE_FAIL_FAST,TEST,E3_AUGMENTED_TRAIN_MIXED_TEST,MixedTest,Random Forest,Risk,0.126569,0.080368,0.793063
2026-07-01,70.000000,ÇAMLIK MAH,Risk,True,NITRITE_FAIL_FAST,TEST,E3_AUGMENTED_TRAIN_MIXED_TEST,MixedTest,Random Forest,Risk,0.115541,0.100716,0.783743
2026-06-10,23.000000,IŞIKKENT,Good,False,REAL,REAL,E3_AUGMENTED_TRAIN_MIXED_TEST,MixedTest,Random Forest,Good,0.023971,0.825610,0.150418
2026-06-10,2.000000,YENİŞEHİR,Caution,True,NITRITE_SUBSTANDARD,TEST,E3_AUGMENTED_TRAIN_MIXED_TEST,MixedTest,Random Forest,Caution,0.731130,0.104224,0.164646
2026-06-24,9.000000,HATAY,Caution,True,AMMONIUM_NEAR_STANDARD,TEST,E3_AUGMENTED_TRAIN_MIXED_TEST,MixedTest,Random Forest,Caution,0.995330,0.004670,0.000000
2026-06-17,62.000000,UFUK MAH,Good,False,REAL,REAL,E3_AUGMENTED_TRAIN_MIXED_TEST,MixedTest,Random Forest,Good,0.032042,0.809020,0.158937
2026-06-17,49.000000,ALAYBEY,Caution,True,AMMONIUM_NEAR_STANDARD,TEST,E3_AUGMENTED_TRAIN_MIXED_TEST,MixedTest,Random Forest,Caution,0.995060,0.004940,0.000000
2026-07-08,4.000000,GÜZELBAHÇE,Caution,True,NITRITE_SUBSTANDARD,TEST,E3_AUGMENTED_TRAIN_MIXED_TEST,MixedTest,Random Forest,Caution,0.815379,0.075725,0.108896
2026-07-29,21.000000,ALTINDAĞ,Caution,True,AMMONIUM_NEAR_STANDARD,TEST,E3_AUGMENTED_TRAIN_MIXED_TEST,MixedTest,Random Forest,Caution,0.985010,0.011760,0.003231
2026-06-10,24.000000,PINARBAŞI,Risk,True,COLIFORM_FAIL_FAST,TEST,E3_AUGMENTED_TRAIN_MIXED_TEST,MixedTest,Random Forest,Risk,0.002749,0.232452,0.764799
2026-06-10,19.000000,GÜLÇEŞME,Risk,True,COLIFORM_FAIL_FAST,TEST,E3_AUGMENTED_TRAIN_MIXED_TEST,MixedTest,Random Forest,Risk,0.006159,0.232040,0.761801
2026-06-10,6.000000,BALÇOVA,Risk,True,C_PERFRINGENS_FAIL_FAST,TEST,E3_AUGMENTED_TRAIN_MIXED_TEST,MixedTest,Random Forest,Risk,0.001905,0.116216,0.881879
2026-06-10,29.000000,ÖZKANLAR,Good,False,REAL,REAL,E3_AUGMENTED_TRAIN_MIXED_TEST,MixedTest,Random Forest,Good,0.033822,0.724580,0.241599
2026-07-22,78.000000,İNCİRALTI,Good,False,REAL,REAL,E3_AUGMENTED_TRAIN_MIXED_TEST,MixedTest,Random Forest,Good,0.021609,0.845329,0.133062
2026-06-10,38.000000,EVKA-2,Caution,True,NITRITE_SUBSTANDARD,TEST,E3_AUGMENTED_TRAIN_MIXED_TEST,MixedTest,Random Forest,Caution,0.672479,0.108681,0.218840
2026-07-08,7.000000,ÜÇKUYULAR,Good,False,REAL,REAL,E3_AUGMENTED_TRAIN_MIXED_TEST,MixedTest,Random Forest,Good,0.021533,0.840602,0.137866
2026-06-17,47.000000,EVKA-5,Good,False,REAL,REAL,E3_AUGMENTED_TRAIN_MIXED_TEST,MixedTest,Random Forest,Good,0.033513,0.734945,0.231543
2026-07-01,47.000000,EVKA-5,Risk,True,NITRITE_FAIL_FAST,TEST,E3_AUGMENTED_TRAIN_MIXED_TEST,MixedTest,Random Forest,Risk,0.213700,0.093644,0.692656
2026-06-24,13.000000,KARABAĞLAR,Risk,True,NITRITE_FAIL_FAST,TEST,E3_AUGMENTED_TRAIN_MIXED_TEST,MixedTest,Random Forest,Risk,0.117962,0.089204,0.792834
2026-06-17,56.000000,YEŞİLOVA,Caution,True,MULTI_PARAMETER_SUBSTANDARD,TEST,E3_AUGMENTED_TRAIN_MIXED_TEST,MixedTest,Random Forest,Caution,0.997062,0.000000,0.002938
2026-06-17,41.000000,DOĞANÇAY,Caution,True,MULTI_PARAMETER_SUBSTANDARD,TEST,E3_AUGMENTED_TRAIN_MIXED_TEST,MixedTest,Random Forest,Caution,0.999655,0.000000,0.000345
2026-07-22,59.000000,ÇANKAYA,Good,False,REAL,REAL,E3_AUGMENTED_TRAIN_MIXED_TEST,MixedTest,Random Forest,Good,0.033892,0.814418,0.151690
2026-06-10,14.000000,ESKİ İZMİR,Risk,True,ARSENIC_FAIL_FAST,TEST,E3_AUGMENTED_TRAIN_MIXED_TEST,MixedTest,Random Forest,Risk,0.003707,0.201175,0.795118
2026-06-10,3.000000,KONAK,Caution,True,AMMONIUM_NEAR_STANDARD,TEST,E3_AUGMENTED_TRAIN_MIXED_TEST,MixedTest,Random Forest,Caution,0.995060,0.004940,0.000000
2026-06-10,26.000000,BORNOVA,Good,False,REAL,REAL,E3_AUGMENTED_TRAIN_MIXED_TEST,MixedTest,Random Forest,Good,0.021667,0.831782,0.146551
2026-06-17,49.000000,ALAYBEY,Risk,True,E_COLI_FAIL_FAST,TEST,E3_AUGMENTED_TRAIN_MIXED_TEST,MixedTest,Random Forest,Risk,0.000808,0.147238,0.851954
2026-06-17,51.000000,ÇAY MAH,Good,False,REAL,REAL,E3_AUGMENTED_TRAIN_MIXED_TEST,MixedTest,Random Forest,Good,0.034933,0.810176,0.154891
2026-07-08,28.000000,OSMANGAZİ,Good,False,REAL,REAL,E3_AUGMENTED_TRAIN_MIXED_TEST,MixedTest,Random Forest,Good,0.035997,0.821211,0.142792
2026-07-01,49.000000,ALAYBEY,Risk,True,C_PERFRINGENS_FAIL_FAST,TEST,E3_AUGMENTED_TRAIN_MIXED_TEST,MixedTest,Random Forest,Risk,0.004274,0.111311,0.884415
2026-07-01,48.000000,EGEKENT-2,Caution,True,MULTI_PARAMETER_SUBSTANDARD,TEST,E3_AUGMENTED_TRAIN_MIXED_TEST,MixedTest,Random Forest,Caution,0.999188,0.000000,0.000812
2026-07-08,24.000000,PINARBAŞI,Good,False,REAL,REAL,E3_AUGMENTED_TRAIN_MIXED_TEST,MixedTest,Random Forest,Good,0.023844,0.842197,0.133959
2026-06-17,63.000000,EVKA-1,Good,False,REAL,REAL,E3_AUGMENTED_TRAIN_MIXED_TEST,MixedTest,Random Forest,Good,0.023280,0.824148,0.152573
2026-07-08,33.000000,BALATÇIK,Caution,True,NITRITE_SUBSTANDARD,TEST,E3_AUGMENTED_TRAIN_MIXED_TEST,MixedTest,Random Forest,Caution,0.711374,0.091871,0.196755
2026-07-01,48.000000,EGEKENT-2,Good,False,REAL,REAL,E3_AUGMENTED_TRAIN_MIXED_TEST,MixedTest,Random Forest,Good,0.034332,0.819508,0.146160
2026-07-29,23.000000,IŞIKKENT,Risk,True,C_PERFRINGENS_FAIL_FAST,TEST,E3_AUGMENTED_TRAIN_MIXED_TEST,MixedTest,Random Forest,Risk,0.002441,0.138288,0.859271
2026-06-10,28.000000,OSMANGAZİ,Good,False,REAL,REAL,E3_AUGMENTED_TRAIN_MIXED_TEST,MixedTest,Random Forest,Good,0.033822,0.722119,0.244059
2026-06-10,21.000000,ALTINDAĞ,Good,False,REAL,REAL,E3_AUGMENTED_TRAIN_MIXED_TEST,MixedTest,Random Forest,Good,0.023280,0.824660,0.152060
2026-06-17,72.000000,9 EYLÜL MAH,Good,False,REAL,REAL,E3_AUGMENTED_TRAIN_MIXED_TEST,MixedTest,Random Forest,Good,0.016942,0.847013,0.136045
2026-07-29,21.000000,ALTINDAĞ,Risk,True,NITRITE_FAIL_FAST,TEST,E3_AUGMENTED_TRAIN_MIXED_TEST,MixedTest,Random Forest,Risk,0.117135,0.079566,0.803298
2026-06-24,16.000000,GEDİZ,Good,False,REAL,REAL,E3_AUGMENTED_TRAIN_MIXED_TEST,MixedTest,Random Forest,Good,0.028286,0.816472,0.155243
2026-06-10,36.000000,ŞEMİKLER,Good,False,REAL,REAL,E3_AUGMENTED_TRAIN_MIXED_TEST,MixedTest,Random Forest,Good,0.035305,0.721894,0.242801
2026-06-24,14.000000,ESKİ İZMİR,Good,False,REAL,REAL,E3_AUGMENTED_TRAIN_MIXED_TEST,MixedTest,Random Forest,Good,0.017431,0.845712,0.136857
2026-07-08,15.000000,GAZİEMİR,Caution,True,AMMONIUM_NEAR_STANDARD,TEST,E3_AUGMENTED_TRAIN_MIXED_TEST,MixedTest,Random Forest,Caution,0.996433,0.003567,0.000000
2026-06-17,53.000000,NALDÖKEN,Caution,True,MULTI_PARAMETER_SUBSTANDARD,TEST,E3_AUGMENTED_TRAIN_MIXED_TEST,MixedTest,Random Forest,Caution,0.999143,0.000000,0.000857
2026-07-29,21.000000,ALTINDAĞ,Good,False,REAL,REAL,E3_AUGMENTED_TRAIN_MIXED_TEST,MixedTest,Random Forest,Good,0.015872,0.843379,0.140749
2026-07-01,57.000000,MERSİNLİ,Good,False,REAL,REAL,E3_AUGMENTED_TRAIN_MIXED_TEST,MixedTest,Random Forest,Good,0.018566,0.858529,0.122905
2026-06-24,24.000000,PINARBAŞI,Good,False,REAL,REAL,E3_AUGMENTED_TRAIN_MIXED_TEST,MixedTest,Random Forest,Good,0.029043,0.820316,0.150641
2026-06-10,35.000000,BOSTANLI,Risk,True,COLIFORM_FAIL_FAST,TEST,E3_AUGMENTED_TRAIN_MIXED_TEST,MixedTest,Random Forest,Risk,0.011741,0.238723,0.749536
2026-07-08,6.000000,BALÇOVA,Caution,True,NITRITE_SUBSTANDARD,TEST,E3_AUGMENTED_TRAIN_MIXED_TEST,MixedTest,Random Forest,Caution,0.811477,0.075384,0.113139
2026-06-24,38.000000,EVKA-2,Risk,True,C_PERFRINGENS_FAIL_FAST,TEST,E3_AUGMENTED_TRAIN_MIXED_TEST,MixedTest,Random Forest,Risk,0.005900,0.130816,0.863284
2026-07-01,47.000000,EVKA-5,Risk,True,COLIFORM_FAIL_FAST,TEST,E3_AUGMENTED_TRAIN_MIXED_TEST,MixedTest,Random Forest,Risk,0.005223,0.190937,0.803840
2026-07-08,28.000000,OSMANGAZİ,Risk,True,NITRITE_FAIL_FAST,TEST,E3_AUGMENTED_TRAIN_MIXED_TEST,MixedTest,Random Forest,Risk,0.240205,0.093095,0.666700
2026-07-22,52.000000,İZYUVA,Good,False,REAL,REAL,E3_AUGMENTED_TRAIN_MIXED_TEST,MixedTest,Random Forest,Good,0.013134,0.846519,0.140347
2026-06-24,35.000000,BOSTANLI,Good,False,REAL,REAL,E3_AUGMENTED_TRAIN_MIXED_TEST,MixedTest,Random Forest,Good,0.034241,0.822262,0.143496
2026-06-24,34.000000,ÇİĞLİ,Caution,True,MULTI_PARAMETER_SUBSTANDARD,TEST,E3_AUGMENTED_TRAIN_MIXED_TEST,MixedTest,Random Forest,Caution,1.000000,0.000000,0.000000
2026-07-01,74.000000,UZUNDERE,Caution,True,NITRITE_SUBSTANDARD,TEST,E3_AUGMENTED_TRAIN_MIXED_TEST,MixedTest,Random Forest,Caution,0.801045,0.083938,0.115017
2026-06-10,7.000000,ÜÇKUYULAR,Good,False,REAL,REAL,E3_AUGMENTED_TRAIN_MIXED_TEST,MixedTest,Random Forest,Good,0.024882,0.834022,0.141096
2026-07-01,47.000000,EVKA-5,Good,False,REAL,REAL,E3_AUGMENTED_TRAIN_MIXED_TEST,MixedTest,Random Forest,Good,0.034581,0.816801,0.148618
2026-06-17,50.000000,CENGİZHAN,Good,False,REAL,REAL,E3_AUGMENTED_TRAIN_MIXED_TEST,MixedTest,Random Forest,Good,0.032965,0.807315,0.159720
2026-06-10,20.000000,GÜLTEPE,Good,False,REAL,REAL,E3_AUGMENTED_TRAIN_MIXED_TEST,MixedTest,Random Forest,Good,0.037763,0.791522,0.170715
2026-06-10,39.000000,ÖRNEKKÖY,Risk,True,ARSENIC_FAIL_FAST,TEST,E3_AUGMENTED_TRAIN_MIXED_TEST,MixedTest,Random Forest,Risk,0.004762,0.195770,0.799469
2026-07-29,38.000000,EVKA-2,Caution,True,NITRITE_SUBSTANDARD,TEST,E3_AUGMENTED_TRAIN_MIXED_TEST,MixedTest,Random Forest,Caution,0.790311,0.095257,0.114432
2026-06-10,5.000000,NARLIDERE,Good,False,REAL,REAL,E3_AUGMENTED_TRAIN_MIXED_TEST,MixedTest,Random Forest,Good,0.027600,0.839792,0.132608
2026-07-08,13.000000,KARABAĞLAR,Good,False,REAL,REAL,E3_AUGMENTED_TRAIN_MIXED_TEST,MixedTest,Random Forest,Good,0.016785,0.846371,0.136844
2026-06-17,66.000000,KOZAĞAÇ,Good,False,REAL,REAL,E3_AUGMENTED_TRAIN_MIXED_TEST,MixedTest,Random Forest,Good,0.021451,0.830058,0.148492
2026-07-01,41.000000,DOĞANÇAY,Good,False,REAL,REAL,E3_AUGMENTED_TRAIN_MIXED_TEST,MixedTest,Random Forest,Good,0.035535,0.832272,0.132193
2026-07-08,28.000000,OSMANGAZİ,Caution,True,MULTI_PARAMETER_SUBSTANDARD,TEST,E3_AUGMENTED_TRAIN_MIXED_TEST,MixedTest,Random Forest,Caution,1.000000,0.000000,0.000000
2026-06-10,29.000000,ÖZKANLAR,Risk,True,NITRITE_FAIL_FAST,TEST,E3_AUGMENTED_TRAIN_MIXED_TEST,MixedTest,Random Forest,Risk,0.189753,0.102651,0.707596
2026-06-10,34.000000,ÇİĞLİ,Good,False,REAL,REAL,E3_AUGMENTED_TRAIN_MIXED_TEST,MixedTest,Random Forest,Good,0.034688,0.778381,0.186932
2026-06-24,34.000000,ÇİĞLİ,Risk,True,NITRITE_FAIL_FAST,TEST,E3_AUGMENTED_TRAIN_MIXED_TEST,MixedTest,Random Forest,Risk,0.244480,0.088435,0.667084
2026-06-17,47.000000,EVKA-5,Caution,True,NITRITE_SUBSTANDARD,TEST,E3_AUGMENTED_TRAIN_MIXED_TEST,MixedTest,Random Forest,Caution,0.675090,0.103876,0.221034
2026-06-10,30.000000,MANAVKUYU,Good,False,REAL,REAL,E3_AUGMENTED_TRAIN_MIXED_TEST,MixedTest,Random Forest,Good,0.030334,0.738550,0.231116
2026-06-10,9.000000,HATAY,Good,False,REAL,REAL,E3_AUGMENTED_TRAIN_MIXED_TEST,MixedTest,Random Forest,Good,0.018433,0.859288,0.122279
2026-07-08,15.000000,GAZİEMİR,Risk,True,NITRITE_FAIL_FAST,TEST,E3_AUGMENTED_TRAIN_MIXED_TEST,MixedTest,Random Forest,Risk,0.125483,0.092292,0.782224
2026-06-24,39.000000,ÖRNEKKÖY,Good,False,REAL,REAL,E3_AUGMENTED_TRAIN_MIXED_TEST,MixedTest,Random Forest,Good,0.032303,0.823346,0.144350
2026-07-22,70.000000,ÇAMLIK MAH,Caution,True,AMMONIUM_NEAR_STANDARD,TEST,E3_AUGMENTED_TRAIN_MIXED_TEST,MixedTest,Random Forest,Caution,0.987717,0.011971,0.000312
2026-06-10,28.000000,OSMANGAZİ,Risk,True,C_PERFRINGENS_FAIL_FAST,TEST,E3_AUGMENTED_TRAIN_MIXED_TEST,MixedTest,Random Forest,Risk,0.006345,0.130742,0.862913
2026-07-01,49.000000,ALAYBEY,Good,False,REAL,REAL,E3_AUGMENTED_TRAIN_MIXED_TEST,MixedTest,Random Forest,Good,0.032220,0.832807,0.134973
2026-07-01,45.000000,CUMHURİYET MAH,Good,False,REAL,REAL,E3_AUGMENTED_TRAIN_MIXED_TEST,MixedTest,Random Forest,Good,0.031747,0.833357,0.134896
2026-07-08,33.000000,BALATÇIK,Good,False,REAL,REAL,E3_AUGMENTED_TRAIN_MIXED_TEST,MixedTest,Random Forest,Good,0.044136,0.726520,0.229344
2026-07-08,9.000000,HATAY,Good,False,REAL,REAL,E3_AUGMENTED_TRAIN_MIXED_TEST,MixedTest,Random Forest,Good,0.016613,0.850133,0.133254
2026-06-10,3.000000,KONAK,Caution,True,NITRITE_SUBSTANDARD,TEST,E3_AUGMENTED_TRAIN_MIXED_TEST,MixedTest,Random Forest,Caution,0.766325,0.085684,0.147991
2026-06-17,57.000000,MERSİNLİ,Caution,True,NITRITE_SUBSTANDARD,TEST,E3_AUGMENTED_TRAIN_MIXED_TEST,MixedTest,Random Forest,Caution,0.841310,0.061201,0.097489
2026-07-08,32.000000,EGEKENT,Risk,True,COLIFORM_FAIL_FAST,TEST,E3_AUGMENTED_TRAIN_MIXED_TEST,MixedTest,Random Forest,Risk,0.012664,0.188036,0.799300
2026-07-01,42.000000,YAMANLAR,Caution,True,MULTI_PARAMETER_SUBSTANDARD,TEST,E3_AUGMENTED_TRAIN_MIXED_TEST,MixedTest,Random Forest,Caution,1.000000,0.000000,0.000000
2026-07-22,42.000000,YAMANLAR,Good,False,REAL,REAL,E3_AUGMENTED_TRAIN_MIXED_TEST,MixedTest,Random Forest,Good,0.034594,0.821224,0.144182
2026-06-24,26.000000,BORNOVA,Risk,True,E_COLI_FAIL_FAST,TEST,E3_AUGMENTED_TRAIN_MIXED_TEST,MixedTest,Random Forest,Risk,0.004926,0.165066,0.830008
2026-06-24,22.000000,ÇAMDİBİ,Risk,True,C_PERFRINGENS_FAIL_FAST,TEST,E3_AUGMENTED_TRAIN_MIXED_TEST,MixedTest,Random Forest,Risk,0.009989,0.142303,0.847708
2026-07-01,73.000000,BEYAZEVLER,Good,False,REAL,REAL,E3_AUGMENTED_TRAIN_MIXED_TEST,MixedTest,Random Forest,Good,0.016798,0.856655,0.126547
2026-07-08,21.000000,ALTINDAĞ,Risk,True,E_COLI_FAIL_FAST,TEST,E3_AUGMENTED_TRAIN_MIXED_TEST,MixedTest,Random Forest,Risk,0.000319,0.136713,0.862968
2026-06-24,38.000000,EVKA-2,Caution,True,NITRITE_SUBSTANDARD,TEST,E3_AUGMENTED_TRAIN_MIXED_TEST,MixedTest,Random Forest,Caution,0.811572,0.071315,0.117113
2026-07-08,38.000000,EVKA-2,Good,False,REAL,REAL,E3_AUGMENTED_TRAIN_MIXED_TEST,MixedTest,Random Forest,Good,0.034504,0.820275,0.145221
2026-07-29,17.000000,ŞİRİNYER,Risk,True,E_COLI_FAIL_FAST,TEST,E3_AUGMENTED_TRAIN_MIXED_TEST,MixedTest,Random Forest,Risk,0.000925,0.171852,0.827223
2026-07-22,59.000000,ÇANKAYA,Caution,True,MULTI_PARAMETER_SUBSTANDARD,TEST,E3_AUGMENTED_TRAIN_MIXED_TEST,MixedTest,Random Forest,Caution,1.000000,0.000000,0.000000
2026-07-29,30.000000,MANAVKUYU,Risk,True,ARSENIC_FAIL_FAST,TEST,E3_AUGMENTED_TRAIN_MIXED_TEST,MixedTest,Random Forest,Risk,0.003330,0.193680,0.802989
2026-06-24,40.000000,GÜMÜŞPALA,Good,False,REAL,REAL,E3_AUGMENTED_TRAIN_MIXED_TEST,MixedTest,Random Forest,Good,0.035890,0.819482,0.144628
2026-07-01,69.000000,UĞUR MUMCU MAH,Risk,True,C_PERFRINGENS_FAIL_FAST,TEST,E3_AUGMENTED_TRAIN_MIXED_TEST,MixedTest,Random Forest,Risk,0.000122,0.115973,0.883905
2026-07-01,78.000000,İNCİRALTI,Good,False,REAL,REAL,E3_AUGMENTED_TRAIN_MIXED_TEST,MixedTest,Random Forest,Good,0.021612,0.837930,0.140457
2026-07-29,34.000000,ÇİĞLİ,Good,False,REAL,REAL,E3_AUGMENTED_TRAIN_MIXED_TEST,MixedTest,Random Forest,Good,0.037830,0.821951,0.140219
2026-07-08,6.000000,BALÇOVA,Good,False,REAL,REAL,E3_AUGMENTED_TRAIN_MIXED_TEST,MixedTest,Random Forest,Good,0.021533,0.841834,0.136633
2026-06-10,36.000000,ŞEMİKLER,Risk,True,C_PERFRINGENS_FAIL_FAST,TEST,E3_AUGMENTED_TRAIN_MIXED_TEST,MixedTest,Random Forest,Risk,0.008054,0.133354,0.858592
2026-07-22,67.000000,ÇAMLIKULE,Good,False,REAL,REAL,E3_AUGMENTED_TRAIN_MIXED_TEST,MixedTest,Random Forest,Good,0.019648,0.841483,0.138869
2026-06-24,13.000000,KARABAĞLAR,Good,False,REAL,REAL,E3_AUGMENTED_TRAIN_MIXED_TEST,MixedTest,Random Forest,Good,0.017557,0.847574,0.134869
2026-07-29,8.000000,GÜZELYALI,Good,False,REAL,REAL,E3_AUGMENTED_TRAIN_MIXED_TEST,MixedTest,Random Forest,Good,0.025055,0.839451,0.135494
2026-07-08,21.000000,ALTINDAĞ,Good,False,REAL,REAL,E3_AUGMENTED_TRAIN_MIXED_TEST,MixedTest,Random Forest,Good,0.024898,0.844546,0.130556
2026-07-29,29.000000,ÖZKANLAR,Good,False,REAL,REAL,E3_AUGMENTED_TRAIN_MIXED_TEST,MixedTest,Random Forest,Good,0.033759,0.819005,0.147235
2026-07-01,74.000000,UZUNDERE,Caution,True,NITRITE_SUBSTANDARD,TEST,E3_AUGMENTED_TRAIN_MIXED_TEST,MixedTest,Random Forest,Caution,0.820063,0.080817,0.099120
2026-06-24,2.000000,YENİŞEHİR,Good,False,REAL,REAL,E3_AUGMENTED_TRAIN_MIXED_TEST,MixedTest,Random Forest,Good,0.033975,0.814635,0.151390
2026-07-22,47.000000,EVKA-5,Risk,True,E_COLI_FAIL_FAST,TEST,E3_AUGMENTED_TRAIN_MIXED_TEST,MixedTest,Random Forest,Risk,0.005925,0.138703,0.855372
2026-07-29,4.000000,GÜZELBAHÇE,Good,False,REAL,REAL,E3_AUGMENTED_TRAIN_MIXED_TEST,MixedTest,Random Forest,Good,0.024370,0.840743,0.134887
2026-07-22,52.000000,İZYUVA,Risk,True,C_PERFRINGENS_FAIL_FAST,TEST,E3_AUGMENTED_TRAIN_MIXED_TEST,MixedTest,Random Forest,Risk,0.002970,0.144047,0.852983
2026-07-01,50.000000,CENGİZHAN,Good,False,REAL,REAL,E3_AUGMENTED_TRAIN_MIXED_TEST,MixedTest,Random Forest,Good,0.032220,0.832807,0.134973
2026-06-10,5.000000,NARLIDERE,Caution,True,AMMONIUM_NEAR_STANDARD,TEST,E3_AUGMENTED_TRAIN_MIXED_TEST,MixedTest,Random Forest,Caution,0.994162,0.005489,0.000349
2026-06-17,45.000000,CUMHURİYET MAH,Risk,True,C_PERFRINGENS_FAIL_FAST,TEST,E3_AUGMENTED_TRAIN_MIXED_TEST,MixedTest,Random Forest,Risk,0.003093,0.127391,0.869516
2026-07-29,23.000000,IŞIKKENT,Good,False,REAL,REAL,E3_AUGMENTED_TRAIN_MIXED_TEST,MixedTest,Random Forest,Good,0.013218,0.845612,0.141171
2026-06-24,4.000000,GÜZELBAHÇE,Caution,True,MULTI_PARAMETER_SUBSTANDARD,TEST,E3_AUGMENTED_TRAIN_MIXED_TEST,MixedTest,Random Forest,Caution,1.000000,0.000000,0.000000
2026-07-29,26.000000,BORNOVA,Good,False,REAL,REAL,E3_AUGMENTED_TRAIN_MIXED_TEST,MixedTest,Random Forest,Good,0.016027,0.845123,0.138850
2026-07-01,47.000000,EVKA-5,Caution,True,MULTI_PARAMETER_SUBSTANDARD,TEST,E3_AUGMENTED_TRAIN_MIXED_TEST,MixedTest,Random Forest,Caution,0.999655,0.000000,0.000345
2026-07-22,75.000000,CENNETÇEŞME,Good,False,REAL,REAL,E3_AUGMENTED_TRAIN_MIXED_TEST,MixedTest,Random Forest,Good,0.017437,0.860799,0.121764
2026-07-01,57.000000,MERSİNLİ,Risk,True,NITRITE_FAIL_FAST,TEST,E3_AUGMENTED_TRAIN_MIXED_TEST,MixedTest,Random Forest,Risk,0.124959,0.093177,0.781863
2026-07-08,27.000000,ATATÜRK MAH,Risk,True,C_PERFRINGENS_FAIL_FAST,TEST,E3_AUGMENTED_TRAIN_MIXED_TEST,MixedTest,Random Forest,Risk,0.013119,0.164033,0.822848
2026-06-17,41.000000,DOĞANÇAY,Good,False,REAL,REAL,E3_AUGMENTED_TRAIN_MIXED_TEST,MixedTest,Random Forest,Good,0.034526,0.811154,0.154320
2026-07-01,71.000000,AKTEPE,Good,False,REAL,REAL,E3_AUGMENTED_TRAIN_MIXED_TEST,MixedTest,Random Forest,Good,0.015520,0.813005,0.171475
2026-07-08,8.000000,GÜZELYALI,Caution,True,AMMONIUM_NEAR_STANDARD,TEST,E3_AUGMENTED_TRAIN_MIXED_TEST,MixedTest,Random Forest,Caution,0.993153,0.006497,0.000349
2026-07-29,7.000000,ÜÇKUYULAR,Good,False,REAL,REAL,E3_AUGMENTED_TRAIN_MIXED_TEST,MixedTest,Random Forest,Good,0.024370,0.846261,0.129369
2026-06-10,40.000000,GÜMÜŞPALA,Caution,True,MULTI_PARAMETER_SUBSTANDARD,TEST,E3_AUGMENTED_TRAIN_MIXED_TEST,MixedTest,Random Forest,Caution,0.984285,0.000803,0.014912
2026-06-10,2.000000,YENİŞEHİR,Caution,True,MULTI_PARAMETER_SUBSTANDARD,TEST,E3_AUGMENTED_TRAIN_MIXED_TEST,MixedTest,Random Forest,Caution,1.000000,0.000000,0.000000
2026-06-17,65.000000,KURUÇEŞME,Good,False,REAL,REAL,E3_AUGMENTED_TRAIN_MIXED_TEST,MixedTest,Random Forest,Good,0.014840,0.832563,0.152597
2026-07-01,42.000000,YAMANLAR,Good,False,REAL,REAL,E3_AUGMENTED_TRAIN_MIXED_TEST,MixedTest,Random Forest,Good,0.033517,0.834646,0.131837
2026-07-08,18.000000,BUCA,Caution,True,MULTI_PARAMETER_SUBSTANDARD,TEST,E3_AUGMENTED_TRAIN_MIXED_TEST,MixedTest,Random Forest,Caution,0.996204,0.000000,0.003796
2026-07-08,5.000000,NARLIDERE,Risk,True,ARSENIC_FAIL_FAST,TEST,E3_AUGMENTED_TRAIN_MIXED_TEST,MixedTest,Random Forest,Risk,0.008287,0.196405,0.795308
2026-06-10,8.000000,GÜZELYALI,Good,False,REAL,REAL,E3_AUGMENTED_TRAIN_MIXED_TEST,MixedTest,Random Forest,Good,0.025852,0.825814,0.148333
2026-07-29,22.000000,ÇAMDİBİ,Caution,True,NITRITE_SUBSTANDARD,TEST,E3_AUGMENTED_TRAIN_MIXED_TEST,MixedTest,Random Forest,Caution,0.852706,0.061619,0.085675
2026-06-24,29.000000,ÖZKANLAR,Caution,True,MULTI_PARAMETER_SUBSTANDARD,TEST,E3_AUGMENTED_TRAIN_MIXED_TEST,MixedTest,Random Forest,Caution,1.000000,0.000000,0.000000
2026-07-08,14.000000,ESKİ İZMİR,Good,False,REAL,REAL,E3_AUGMENTED_TRAIN_MIXED_TEST,MixedTest,Random Forest,Good,0.016645,0.845632,0.137723
2026-07-08,4.000000,GÜZELBAHÇE,Good,False,REAL,REAL,E3_AUGMENTED_TRAIN_MIXED_TEST,MixedTest,Random Forest,Good,0.021563,0.848138,0.130299
2026-07-08,34.000000,ÇİĞLİ,Good,False,REAL,REAL,E3_AUGMENTED_TRAIN_MIXED_TEST,MixedTest,Random Forest,Good,0.048678,0.724322,0.227001
2026-07-22,41.000000,DOĞANÇAY,Good,False,REAL,REAL,E3_AUGMENTED_TRAIN_MIXED_TEST,MixedTest,Random Forest,Good,0.034594,0.821357,0.144050
2026-06-10,14.000000,ESKİ İZMİR,Good,False,REAL,REAL,E3_AUGMENTED_TRAIN_MIXED_TEST,MixedTest,Random Forest,Good,0.018433,0.859288,0.122279
2026-07-08,20.000000,GÜLTEPE,Risk,True,NITRITE_FAIL_FAST,TEST,E3_AUGMENTED_TRAIN_MIXED_TEST,MixedTest,Random Forest,Risk,0.133617,0.077503,0.788880
2026-06-24,34.000000,ÇİĞLİ,Good,False,REAL,REAL,E3_AUGMENTED_TRAIN_MIXED_TEST,MixedTest,Random Forest,Good,0.035212,0.828274,0.136514
2026-06-24,9.000000,HATAY,Good,False,REAL,REAL,E3_AUGMENTED_TRAIN_MIXED_TEST,MixedTest,Random Forest,Good,0.015742,0.849786,0.134472
2026-06-17,43.000000,POSTACI MAH,Good,False,REAL,REAL,E3_AUGMENTED_TRAIN_MIXED_TEST,MixedTest,Random Forest,Good,0.033611,0.815015,0.151373
2026-07-08,4.000000,GÜZELBAHÇE,Caution,True,AMMONIUM_NEAR_STANDARD,TEST,E3_AUGMENTED_TRAIN_MIXED_TEST,MixedTest,Random Forest,Caution,0.993153,0.006497,0.000349
2026-07-08,23.000000,IŞIKKENT,Good,False,REAL,REAL,E3_AUGMENTED_TRAIN_MIXED_TEST,MixedTest,Random Forest,Good,0.031653,0.830722,0.137625
2026-07-01,66.000000,KOZAĞAÇ,Risk,True,NITRITE_FAIL_FAST,TEST,E3_AUGMENTED_TRAIN_MIXED_TEST,MixedTest,Random Forest,Risk,0.130729,0.078926,0.790345
2026-06-24,18.000000,BUCA,Risk,True,COLIFORM_FAIL_FAST,TEST,E3_AUGMENTED_TRAIN_MIXED_TEST,MixedTest,Random Forest,Risk,0.004931,0.225649,0.769420
2026-07-22,62.000000,UFUK MAH,Good,False,REAL,REAL,E3_AUGMENTED_TRAIN_MIXED_TEST,MixedTest,Random Forest,Good,0.034948,0.813365,0.151687
2026-07-01,68.000000,AKINCILAR,Caution,True,AMMONIUM_NEAR_STANDARD,TEST,E3_AUGMENTED_TRAIN_MIXED_TEST,MixedTest,Random Forest,Caution,0.990070,0.009272,0.000658
2026-07-29,32.000000,EGEKENT,Good,False,REAL,REAL,E3_AUGMENTED_TRAIN_MIXED_TEST,MixedTest,Random Forest,Good,0.037227,0.733056,0.229718
2026-07-29,23.000000,IŞIKKENT,Risk,True,COLIFORM_FAIL_FAST,TEST,E3_AUGMENTED_TRAIN_MIXED_TEST,MixedTest,Random Forest,Risk,0.000820,0.231108,0.768072
2026-07-22,55.000000,MEVLANA,Good,False,REAL,REAL,E3_AUGMENTED_TRAIN_MIXED_TEST,MixedTest,Random Forest,Good,0.024406,0.838407,0.137187
2026-06-24,19.000000,GÜLÇEŞME,Good,False,REAL,REAL,E3_AUGMENTED_TRAIN_MIXED_TEST,MixedTest,Random Forest,Good,0.029744,0.810869,0.159387
2026-07-01,79.000000,ESENDERE,Good,False,REAL,REAL,E3_AUGMENTED_TRAIN_MIXED_TEST,MixedTest,Random Forest,Good,0.019696,0.861042,0.119263
2026-07-08,19.000000,GÜLÇEŞME,Good,False,REAL,REAL,E3_AUGMENTED_TRAIN_MIXED_TEST,MixedTest,Random Forest,Good,0.026629,0.830158,0.143213
2026-06-24,40.000000,GÜMÜŞPALA,Risk,True,COLIFORM_FAIL_FAST,TEST,E3_AUGMENTED_TRAIN_MIXED_TEST,MixedTest,Random Forest,Risk,0.006216,0.199385,0.794400
2026-07-01,80.000000,KADİFEKALE,Good,False,REAL,REAL,E3_AUGMENTED_TRAIN_MIXED_TEST,MixedTest,Random Forest,Good,0.023988,0.829327,0.146685
2026-06-10,4.000000,GÜZELBAHÇE,Good,False,REAL,REAL,E3_AUGMENTED_TRAIN_MIXED_TEST,MixedTest,Random Forest,Good,0.027600,0.839741,0.132659
2026-06-24,22.000000,ÇAMDİBİ,Good,False,REAL,REAL,E3_AUGMENTED_TRAIN_MIXED_TEST,MixedTest,Random Forest,Good,0.029180,0.817656,0.153163
2026-06-17,80.000000,KADİFEKALE,Risk,True,C_PERFRINGENS_FAIL_FAST,TEST,E3_AUGMENTED_TRAIN_MIXED_TEST,MixedTest,Random Forest,Risk,0.001735,0.113428,0.884837
2026-06-17,75.000000,CENNETÇEŞME,Good,False,REAL,REAL,E3_AUGMENTED_TRAIN_MIXED_TEST,MixedTest,Random Forest,Good,0.017464,0.845281,0.137255
2026-07-08,30.000000,MANAVKUYU,Caution,True,NITRITE_SUBSTANDARD,TEST,E3_AUGMENTED_TRAIN_MIXED_TEST,MixedTest,Random Forest,Caution,0.821609,0.063670,0.114721
2026-07-01,54.000000,YEŞİLÇAM,Good,False,REAL,REAL,E3_AUGMENTED_TRAIN_MIXED_TEST,MixedTest,Random Forest,Good,0.014641,0.847993,0.137366
2026-06-17,79.000000,ESENDERE,Caution,True,AMMONIUM_NEAR_STANDARD,TEST,E3_AUGMENTED_TRAIN_MIXED_TEST,MixedTest,Random Forest,Caution,0.995330,0.004670,0.000000
2026-06-24,26.000000,BORNOVA,Good,False,REAL,REAL,E3_AUGMENTED_TRAIN_MIXED_TEST,MixedTest,Random Forest,Good,0.028134,0.814661,0.157205
2026-07-01,75.000000,CENNETÇEŞME,Good,False,REAL,REAL,E3_AUGMENTED_TRAIN_MIXED_TEST,MixedTest,Random Forest,Good,0.019952,0.851576,0.128472
2026-06-24,23.000000,IŞIKKENT,Risk,True,COLIFORM_FAIL_FAST,TEST,E3_AUGMENTED_TRAIN_MIXED_TEST,MixedTest,Random Forest,Risk,0.006159,0.231715,0.762126
2026-06-17,74.000000,UZUNDERE,Caution,True,MULTI_PARAMETER_SUBSTANDARD,TEST,E3_AUGMENTED_TRAIN_MIXED_TEST,MixedTest,Random Forest,Caution,1.000000,0.000000,0.000000
2026-06-10,16.000000,GEDİZ,Caution,True,MULTI_PARAMETER_SUBSTANDARD,TEST,E3_AUGMENTED_TRAIN_MIXED_TEST,MixedTest,Random Forest,Caution,0.996204,0.000000,0.003796
2026-06-24,27.000000,ATATÜRK MAH,Good,False,REAL,REAL,E3_AUGMENTED_TRAIN_MIXED_TEST,MixedTest,Random Forest,Good,0.033501,0.827224,0.139275
2026-07-29,2.000000,YENİŞEHİR,Risk,True,C_PERFRINGENS_FAIL_FAST,TEST,E3_AUGMENTED_TRAIN_MIXED_TEST,MixedTest,Random Forest,Risk,0.005697,0.134334,0.859968
2026-06-17,74.000000,UZUNDERE,Good,False,REAL,REAL,E3_AUGMENTED_TRAIN_MIXED_TEST,MixedTest,Random Forest,Good,0.016250,0.857572,0.126178
2026-06-10,27.000000,ATATÜRK MAH,Good,False,REAL,REAL,E3_AUGMENTED_TRAIN_MIXED_TEST,MixedTest,Random Forest,Good,0.037290,0.773078,0.189631
2026-06-17,42.000000,YAMANLAR,Good,False,REAL,REAL,E3_AUGMENTED_TRAIN_MIXED_TEST,MixedTest,Random Forest,Good,0.034588,0.809238,0.156173
2026-07-01,76.000000,GÜZELBAHÇE,Good,False,REAL,REAL,E3_AUGMENTED_TRAIN_MIXED_TEST,MixedTest,Random Forest,Good,0.031833,0.829482,0.138685
2026-07-01,53.000000,NALDÖKEN,Good,False,REAL,REAL,E3_AUGMENTED_TRAIN_MIXED_TEST,MixedTest,Random Forest,Good,0.016153,0.865253,0.118593
2026-07-08,40.000000,GÜMÜŞPALA,Good,False,REAL,REAL,E3_AUGMENTED_TRAIN_MIXED_TEST,MixedTest,Random Forest,Good,0.036142,0.821012,0.142846
2026-07-22,73.000000,BEYAZEVLER,Good,False,REAL,REAL,E3_AUGMENTED_TRAIN_MIXED_TEST,MixedTest,Random Forest,Good,0.018885,0.864811,0.116304
2026-07-08,39.000000,ÖRNEKKÖY,Good,False,REAL,REAL,E3_AUGMENTED_TRAIN_MIXED_TEST,MixedTest,Random Forest,Good,0.035111,0.818632,0.146257
2026-06-17,73.000000,BEYAZEVLER,Good,False,REAL,REAL,E3_AUGMENTED_TRAIN_MIXED_TEST,MixedTest,Random Forest,Good,0.018073,0.849256,0.132671
2026-06-17,54.000000,YEŞİLÇAM,Caution,True,NITRITE_SUBSTANDARD,TEST,E3_AUGMENTED_TRAIN_MIXED_TEST,MixedTest,Random Forest,Caution,0.832590,0.065745,0.101665
2026-06-17,69.000000,UĞUR MUMCU MAH,Risk,True,NITRITE_FAIL_FAST,TEST,E3_AUGMENTED_TRAIN_MIXED_TEST,MixedTest,Random Forest,Risk,0.129489,0.089402,0.781108
2026-07-01,62.000000,UFUK MAH,Risk,True,C_PERFRINGENS_FAIL_FAST,TEST,E3_AUGMENTED_TRAIN_MIXED_TEST,MixedTest,Random Forest,Risk,0.004954,0.121612,0.873435
2026-06-17,70.000000,ÇAMLIK MAH,Caution,True,MULTI_PARAMETER_SUBSTANDARD,TEST,E3_AUGMENTED_TRAIN_MIXED_TEST,MixedTest,Random Forest,Caution,1.000000,0.000000,0.000000
2026-07-08,3.000000,KONAK,Caution,True,NITRITE_SUBSTANDARD,TEST,E3_AUGMENTED_TRAIN_MIXED_TEST,MixedTest,Random Forest,Caution,0.782229,0.105515,0.112256
2026-07-29,32.000000,EGEKENT,Caution,True,AMMONIUM_NEAR_STANDARD,TEST,E3_AUGMENTED_TRAIN_MIXED_TEST,MixedTest,Random Forest,Caution,0.980083,0.009972,0.009944
2026-07-29,20.000000,GÜLTEPE,Risk,True,NITRITE_FAIL_FAST,TEST,E3_AUGMENTED_TRAIN_MIXED_TEST,MixedTest,Random Forest,Risk,0.145254,0.080758,0.773989
2026-07-22,67.000000,ÇAMLIKULE,Risk,True,C_PERFRINGENS_FAIL_FAST,TEST,E3_AUGMENTED_TRAIN_MIXED_TEST,MixedTest,Random Forest,Risk,0.005163,0.170642,0.824195
2026-07-01,56.000000,YEŞİLOVA,Good,False,REAL,REAL,E3_AUGMENTED_TRAIN_MIXED_TEST,MixedTest,Random Forest,Good,0.018566,0.861005,0.120429
2026-06-10,24.000000,PINARBAŞI,Caution,True,NITRITE_SUBSTANDARD,TEST,E3_AUGMENTED_TRAIN_MIXED_TEST,MixedTest,Random Forest,Caution,0.837912,0.062340,0.099748
2026-07-29,27.000000,ATATÜRK MAH,Good,False,REAL,REAL,E3_AUGMENTED_TRAIN_MIXED_TEST,MixedTest,Random Forest,Good,0.033443,0.816447,0.150110
2026-06-10,23.000000,IŞIKKENT,Risk,True,NITRITE_FAIL_FAST,TEST,E3_AUGMENTED_TRAIN_MIXED_TEST,MixedTest,Random Forest,Risk,0.124013,0.082127,0.793860
2026-07-29,22.000000,ÇAMDİBİ,Good,False,REAL,REAL,E3_AUGMENTED_TRAIN_MIXED_TEST,MixedTest,Random Forest,Good,0.016142,0.847617,0.136241
2026-07-01,61.000000,LEVENT,Good,False,REAL,REAL,E3_AUGMENTED_TRAIN_MIXED_TEST,MixedTest,Random Forest,Good,0.037545,0.832578,0.129877
2026-07-08,16.000000,GEDİZ,Risk,True,NITRITE_FAIL_FAST,TEST,E3_AUGMENTED_TRAIN_MIXED_TEST,MixedTest,Random Forest,Risk,0.140950,0.085469,0.773580
2026-07-29,33.000000,BALATÇIK,Risk,True,NITRITE_FAIL_FAST,TEST,E3_AUGMENTED_TRAIN_MIXED_TEST,MixedTest,Random Forest,Risk,0.205340,0.090490,0.704170
2026-07-01,70.000000,ÇAMLIK MAH,Risk,True,C_PERFRINGENS_FAIL_FAST,TEST,E3_AUGMENTED_TRAIN_MIXED_TEST,MixedTest,Random Forest,Risk,0.000122,0.123226,0.876652
2026-07-08,22.000000,ÇAMDİBİ,Risk,True,E_COLI_FAIL_FAST,TEST,E3_AUGMENTED_TRAIN_MIXED_TEST,MixedTest,Random Forest,Risk,0.000319,0.138563,0.861118
2026-07-22,67.000000,ÇAMLIKULE,Caution,True,NITRITE_SUBSTANDARD,TEST,E3_AUGMENTED_TRAIN_MIXED_TEST,MixedTest,Random Forest,Caution,0.855393,0.064985,0.079622
2026-07-08,4.000000,GÜZELBAHÇE,Caution,True,MULTI_PARAMETER_SUBSTANDARD,TEST,E3_AUGMENTED_TRAIN_MIXED_TEST,MixedTest,Random Forest,Caution,1.000000,0.000000,0.000000
2026-07-22,43.000000,POSTACI MAH,Caution,True,AMMONIUM_NEAR_STANDARD,TEST,E3_AUGMENTED_TRAIN_MIXED_TEST,MixedTest,Random Forest,Caution,0.995060,0.004940,0.000000
2026-06-10,37.000000,KARŞIYAKA,Risk,True,ARSENIC_FAIL_FAST,TEST,E3_AUGMENTED_TRAIN_MIXED_TEST,MixedTest,Random Forest,Risk,0.009336,0.195831,0.794834
2026-06-10,25.000000,EVKA-3,Risk,True,E_COLI_FAIL_FAST,TEST,E3_AUGMENTED_TRAIN_MIXED_TEST,MixedTest,Random Forest,Risk,0.002554,0.162747,0.834700
2026-07-01,43.000000,POSTACI MAH,Good,False,REAL,REAL,E3_AUGMENTED_TRAIN_MIXED_TEST,MixedTest,Random Forest,Good,0.033215,0.826851,0.139934
2026-07-08,36.000000,ŞEMİKLER,Good,False,REAL,REAL,E3_AUGMENTED_TRAIN_MIXED_TEST,MixedTest,Random Forest,Good,0.033893,0.812707,0.153401
2026-06-10,19.000000,GÜLÇEŞME,Caution,True,MULTI_PARAMETER_SUBSTANDARD,TEST,E3_AUGMENTED_TRAIN_MIXED_TEST,MixedTest,Random Forest,Caution,0.996204,0.000000,0.003796
2026-07-08,27.000000,ATATÜRK MAH,Caution,True,AMMONIUM_NEAR_STANDARD,TEST,E3_AUGMENTED_TRAIN_MIXED_TEST,MixedTest,Random Forest,Caution,0.993748,0.005902,0.000349
2026-06-24,23.000000,IŞIKKENT,Risk,True,COLIFORM_FAIL_FAST,TEST,E3_AUGMENTED_TRAIN_MIXED_TEST,MixedTest,Random Forest,Risk,0.003576,0.206740,0.789684
2026-06-10,22.000000,ÇAMDİBİ,Risk,True,COLIFORM_FAIL_FAST,TEST,E3_AUGMENTED_TRAIN_MIXED_TEST,MixedTest,Random Forest,Risk,0.001490,0.215534,0.782976
2026-07-29,30.000000,MANAVKUYU,Risk,True,ARSENIC_FAIL_FAST,TEST,E3_AUGMENTED_TRAIN_MIXED_TEST,MixedTest,Random Forest,Risk,0.003330,0.193680,0.802989
2026-07-29,40.000000,GÜMÜŞPALA,Good,False,REAL,REAL,E3_AUGMENTED_TRAIN_MIXED_TEST,MixedTest,Random Forest,Good,0.040706,0.803463,0.155831
2026-07-01,78.000000,İNCİRALTI,Caution,True,NITRITE_SUBSTANDARD,TEST,E3_AUGMENTED_TRAIN_MIXED_TEST,MixedTest,Random Forest,Caution,0.803116,0.085393,0.111491
2026-07-08,20.000000,GÜLTEPE,Good,False,REAL,REAL,E3_AUGMENTED_TRAIN_MIXED_TEST,MixedTest,Random Forest,Good,0.026946,0.817790,0.155264
2026-07-01,68.000000,AKINCILAR,Good,False,REAL,REAL,E3_AUGMENTED_TRAIN_MIXED_TEST,MixedTest,Random Forest,Good,0.024481,0.837453,0.138066
2026-07-22,60.000000,TOROS,Good,False,REAL,REAL,E3_AUGMENTED_TRAIN_MIXED_TEST,MixedTest,Random Forest,Good,0.036953,0.814811,0.148236
2026-06-24,27.000000,ATATÜRK MAH,Caution,True,AMMONIUM_NEAR_STANDARD,TEST,E3_AUGMENTED_TRAIN_MIXED_TEST,MixedTest,Random Forest,Caution,0.992353,0.007198,0.000449
2026-07-29,39.000000,ÖRNEKKÖY,Good,False,REAL,REAL,E3_AUGMENTED_TRAIN_MIXED_TEST,MixedTest,Random Forest,Good,0.035439,0.814806,0.149755
2026-07-01,46.000000,GÜZELTEPE,Good,False,REAL,REAL,E3_AUGMENTED_TRAIN_MIXED_TEST,MixedTest,Random Forest,Good,0.032220,0.832807,0.134973
2026-07-01,51.000000,ÇAY MAH,Good,False,REAL,REAL,E3_AUGMENTED_TRAIN_MIXED_TEST,MixedTest,Random Forest,Good,0.032371,0.832507,0.135122
2026-07-01,57.000000,MERSİNLİ,Risk,True,NITRITE_FAIL_FAST,TEST,E3_AUGMENTED_TRAIN_MIXED_TEST,MixedTest,Random Forest,Risk,0.112556,0.093177,0.794266
2026-07-29,28.000000,OSMANGAZİ,Good,False,REAL,REAL,E3_AUGMENTED_TRAIN_MIXED_TEST,MixedTest,Random Forest,Good,0.033270,0.815564,0.151167
2026-06-10,39.000000,ÖRNEKKÖY,Risk,True,E_COLI_FAIL_FAST,TEST,E3_AUGMENTED_TRAIN_MIXED_TEST,MixedTest,Random Forest,Risk,0.002562,0.149054,0.848384
2026-06-17,57.000000,MERSİNLİ,Caution,True,NITRITE_SUBSTANDARD,TEST,E3_AUGMENTED_TRAIN_MIXED_TEST,MixedTest,Random Forest,Caution,0.841739,0.060400,0.097861
2026-07-01,59.000000,ÇANKAYA,Good,False,REAL,REAL,E3_AUGMENTED_TRAIN_MIXED_TEST,MixedTest,Random Forest,Good,0.037537,0.833362,0.129101
2026-06-10,26.000000,BORNOVA,Caution,True,AMMONIUM_NEAR_STANDARD,TEST,E3_AUGMENTED_TRAIN_MIXED_TEST,MixedTest,Random Forest,Caution,0.988343,0.010896,0.000761
2026-07-29,23.000000,IŞIKKENT,Risk,True,E_COLI_FAIL_FAST,TEST,E3_AUGMENTED_TRAIN_MIXED_TEST,MixedTest,Random Forest,Risk,0.000925,0.161202,0.837872
2026-06-24,38.000000,EVKA-2,Good,False,REAL,REAL,E3_AUGMENTED_TRAIN_MIXED_TEST,MixedTest,Random Forest,Good,0.033166,0.825564,0.141270
2026-07-08,7.000000,ÜÇKUYULAR,Risk,True,COLIFORM_FAIL_FAST,TEST,E3_AUGMENTED_TRAIN_MIXED_TEST,MixedTest,Random Forest,Risk,0.001761,0.202773,0.795466
2026-06-10,29.000000,ÖZKANLAR,Caution,True,MULTI_PARAMETER_SUBSTANDARD,TEST,E3_AUGMENTED_TRAIN_MIXED_TEST,MixedTest,Random Forest,Caution,0.984630,0.000803,0.014567
2026-07-01,65.000000,KURUÇEŞME,Good,False,REAL,REAL,E3_AUGMENTED_TRAIN_MIXED_TEST,MixedTest,Random Forest,Good,0.025562,0.825182,0.149256
2026-07-01,79.000000,ESENDERE,Caution,True,AMMONIUM_NEAR_STANDARD,TEST,E3_AUGMENTED_TRAIN_MIXED_TEST,MixedTest,Random Forest,Caution,0.991257,0.008295,0.000449
2026-06-17,49.000000,ALAYBEY,Good,False,REAL,REAL,E3_AUGMENTED_TRAIN_MIXED_TEST,MixedTest,Random Forest,Good,0.034308,0.812972,0.152720
2026-06-24,18.000000,BUCA,Risk,True,E_COLI_FAIL_FAST,TEST,E3_AUGMENTED_TRAIN_MIXED_TEST,MixedTest,Random Forest,Risk,0.004284,0.165136,0.830579
2026-06-17,71.000000,AKTEPE,Good,False,REAL,REAL,E3_AUGMENTED_TRAIN_MIXED_TEST,MixedTest,Random Forest,Good,0.015498,0.839516,0.144986
2026-06-17,64.000000,ADATEPE,Caution,True,AMMONIUM_NEAR_STANDARD,TEST,E3_AUGMENTED_TRAIN_MIXED_TEST,MixedTest,Random Forest,Caution,0.988343,0.010896,0.000761
2026-06-24,15.000000,GAZİEMİR,Good,False,REAL,REAL,E3_AUGMENTED_TRAIN_MIXED_TEST,MixedTest,Random Forest,Good,0.015742,0.847982,0.136276
2026-06-10,8.000000,GÜZELYALI,Caution,True,AMMONIUM_NEAR_STANDARD,TEST,E3_AUGMENTED_TRAIN_MIXED_TEST,MixedTest,Random Forest,Caution,0.994162,0.005489,0.000349
2026-07-22,43.000000,POSTACI MAH,Good,False,REAL,REAL,E3_AUGMENTED_TRAIN_MIXED_TEST,MixedTest,Random Forest,Good,0.036351,0.817124,0.146525
2026-07-08,15.000000,GAZİEMİR,Good,False,REAL,REAL,E3_AUGMENTED_TRAIN_MIXED_TEST,MixedTest,Random Forest,Good,0.016727,0.846655,0.136617
2026-06-10,16.000000,GEDİZ,Good,False,REAL,REAL,E3_AUGMENTED_TRAIN_MIXED_TEST,MixedTest,Random Forest,Good,0.028286,0.816942,0.154773
2026-06-10,40.000000,GÜMÜŞPALA,Good,False,REAL,REAL,E3_AUGMENTED_TRAIN_MIXED_TEST,MixedTest,Random Forest,Good,0.034005,0.739161,0.226834
2026-06-10,33.000000,BALATÇIK,Good,False,REAL,REAL,E3_AUGMENTED_TRAIN_MIXED_TEST,MixedTest,Random Forest,Good,0.042925,0.663725,0.293351
2026-07-08,26.000000,BORNOVA,Good,False,REAL,REAL,E3_AUGMENTED_TRAIN_MIXED_TEST,MixedTest,Random Forest,Good,0.023946,0.848088,0.127966
2026-07-01,74.000000,UZUNDERE,Good,False,REAL,REAL,E3_AUGMENTED_TRAIN_MIXED_TEST,MixedTest,Random Forest,Good,0.018592,0.859252,0.122156
2026-06-17,43.000000,POSTACI MAH,Risk,True,E_COLI_FAIL_FAST,TEST,E3_AUGMENTED_TRAIN_MIXED_TEST,MixedTest,Random Forest,Risk,0.001942,0.153777,0.844281
2026-06-10,2.000000,YENİŞEHİR,Caution,True,MULTI_PARAMETER_SUBSTANDARD,TEST,E3_AUGMENTED_TRAIN_MIXED_TEST,MixedTest,Random Forest,Caution,0.999655,0.000000,0.000345
2026-07-29,25.000000,EVKA-3,Good,False,REAL,REAL,E3_AUGMENTED_TRAIN_MIXED_TEST,MixedTest,Random Forest,Good,0.014965,0.847698,0.137336
2026-06-24,25.000000,EVKA-3,Good,False,REAL,REAL,E3_AUGMENTED_TRAIN_MIXED_TEST,MixedTest,Random Forest,Good,0.028505,0.818770,0.152726
2026-06-17,56.000000,YEŞİLOVA,Good,False,REAL,REAL,E3_AUGMENTED_TRAIN_MIXED_TEST,MixedTest,Random Forest,Good,0.030794,0.814153,0.155054
2026-07-22,43.000000,POSTACI MAH,Caution,True,NITRITE_SUBSTANDARD,TEST,E3_AUGMENTED_TRAIN_MIXED_TEST,MixedTest,Random Forest,Caution,0.784411,0.099710,0.115879
2026-06-17,55.000000,MEVLANA,Risk,True,NITRITE_FAIL_FAST,TEST,E3_AUGMENTED_TRAIN_MIXED_TEST,MixedTest,Random Forest,Risk,0.129309,0.077658,0.793033
2026-07-29,20.000000,GÜLTEPE,Risk,True,COLIFORM_FAIL_FAST,TEST,E3_AUGMENTED_TRAIN_MIXED_TEST,MixedTest,Random Forest,Risk,0.004705,0.258396,0.736899
2026-07-08,35.000000,BOSTANLI,Good,False,REAL,REAL,E3_AUGMENTED_TRAIN_MIXED_TEST,MixedTest,Random Forest,Good,0.034504,0.821507,0.143989
2026-06-17,46.000000,GÜZELTEPE,Good,False,REAL,REAL,E3_AUGMENTED_TRAIN_MIXED_TEST,MixedTest,Random Forest,Good,0.032965,0.808850,0.158185
2026-06-17,76.000000,GÜZELBAHÇE,Risk,True,C_PERFRINGENS_FAIL_FAST,TEST,E3_AUGMENTED_TRAIN_MIXED_TEST,MixedTest,Random Forest,Risk,0.000947,0.105449,0.893604
2026-07-29,2.000000,YENİŞEHİR,Good,False,REAL,REAL,E3_AUGMENTED_TRAIN_MIXED_TEST,MixedTest,Random Forest,Good,0.035076,0.818652,0.146272
2026-06-10,17.000000,ŞİRİNYER,Caution,True,NITRITE_SUBSTANDARD,TEST,E3_AUGMENTED_TRAIN_MIXED_TEST,MixedTest,Random Forest,Caution,0.832093,0.065643,0.102264
2026-06-17,54.000000,YEŞİLÇAM,Caution,True,MULTI_PARAMETER_SUBSTANDARD,TEST,E3_AUGMENTED_TRAIN_MIXED_TEST,MixedTest,Random Forest,Caution,0.996204,0.000000,0.003796
2026-06-24,4.000000,GÜZELBAHÇE,Risk,True,COLIFORM_FAIL_FAST,TEST,E3_AUGMENTED_TRAIN_MIXED_TEST,MixedTest,Random Forest,Risk,0.002397,0.205937,0.791666
2026-06-10,6.000000,BALÇOVA,Good,False,REAL,REAL,E3_AUGMENTED_TRAIN_MIXED_TEST,MixedTest,Random Forest,Good,0.025852,0.825504,0.148644
2026-06-10,9.000000,HATAY,Caution,True,AMMONIUM_NEAR_STANDARD,TEST,E3_AUGMENTED_TRAIN_MIXED_TEST,MixedTest,Random Forest,Caution,0.993964,0.006036,0.000000
2026-07-08,24.000000,PINARBAŞI,Risk,True,COLIFORM_FAIL_FAST,TEST,E3_AUGMENTED_TRAIN_MIXED_TEST,MixedTest,Random Forest,Risk,0.002213,0.198059,0.799727
2026-06-24,30.000000,MANAVKUYU,Good,False,REAL,REAL,E3_AUGMENTED_TRAIN_MIXED_TEST,MixedTest,Random Forest,Good,0.033501,0.826118,0.140381
2026-07-29,30.000000,MANAVKUYU,Good,False,REAL,REAL,E3_AUGMENTED_TRAIN_MIXED_TEST,MixedTest,Random Forest,Good,0.033807,0.823077,0.143116
2026-06-10,22.000000,ÇAMDİBİ,Risk,True,E_COLI_FAIL_FAST,TEST,E3_AUGMENTED_TRAIN_MIXED_TEST,MixedTest,Random Forest,Risk,0.002554,0.162210,0.835236
2026-07-29,15.000000,GAZİEMİR,Good,False,REAL,REAL,E3_AUGMENTED_TRAIN_MIXED_TEST,MixedTest,Random Forest,Good,0.017097,0.859640,0.123263
2026-07-08,27.000000,ATATÜRK MAH,Good,False,REAL,REAL,E3_AUGMENTED_TRAIN_MIXED_TEST,MixedTest,Random Forest,Good,0.036057,0.796443,0.167500
2026-06-24,28.000000,OSMANGAZİ,Good,False,REAL,REAL,E3_AUGMENTED_TRAIN_MIXED_TEST,MixedTest,Random Forest,Good,0.033166,0.825861,0.140973
2026-07-08,30.000000,MANAVKUYU,Caution,True,AMMONIUM_NEAR_STANDARD,TEST,E3_AUGMENTED_TRAIN_MIXED_TEST,MixedTest,Random Forest,Caution,0.992266,0.007457,0.000277
2026-07-29,17.000000,ŞİRİNYER,Good,False,REAL,REAL,E3_AUGMENTED_TRAIN_MIXED_TEST,MixedTest,Random Forest,Good,0.017154,0.846394,0.136452
2026-06-17,67.000000,ÇAMLIKULE,Good,False,REAL,REAL,E3_AUGMENTED_TRAIN_MIXED_TEST,MixedTest,Random Forest,Good,0.020223,0.828982,0.150796
2026-06-17,52.000000,İZYUVA,Good,False,REAL,REAL,E3_AUGMENTED_TRAIN_MIXED_TEST,MixedTest,Random Forest,Good,0.028505,0.819973,0.151523
2026-06-10,37.000000,KARŞIYAKA,Good,False,REAL,REAL,E3_AUGMENTED_TRAIN_MIXED_TEST,MixedTest,Random Forest,Good,0.035531,0.721182,0.243287
2026-06-17,41.000000,DOĞANÇAY,Caution,True,MULTI_PARAMETER_SUBSTANDARD,TEST,E3_AUGMENTED_TRAIN_MIXED_TEST,MixedTest,Random Forest,Caution,1.000000,0.000000,0.000000
2026-07-29,25.000000,EVKA-3,Caution,True,MULTI_PARAMETER_SUBSTANDARD,TEST,E3_AUGMENTED_TRAIN_MIXED_TEST,MixedTest,Random Forest,Caution,0.998039,0.000000,0.001961
2026-07-22,70.000000,ÇAMLIK MAH,Good,False,REAL,REAL,E3_AUGMENTED_TRAIN_MIXED_TEST,MixedTest,Random Forest,Good,0.011746,0.838796,0.149458
2026-06-10,5.000000,NARLIDERE,Risk,True,E_COLI_FAIL_FAST,TEST,E3_AUGMENTED_TRAIN_MIXED_TEST,MixedTest,Random Forest,Risk,0.003953,0.166973,0.829074
2026-06-10,32.000000,EGEKENT,Good,False,REAL,REAL,E3_AUGMENTED_TRAIN_MIXED_TEST,MixedTest,Random Forest,Good,0.036845,0.684247,0.278908
2026-07-29,7.000000,ÜÇKUYULAR,Risk,True,C_PERFRINGENS_FAIL_FAST,TEST,E3_AUGMENTED_TRAIN_MIXED_TEST,MixedTest,Random Forest,Risk,0.001379,0.107118,0.891503
2026-07-29,35.000000,BOSTANLI,Good,False,REAL,REAL,E3_AUGMENTED_TRAIN_MIXED_TEST,MixedTest,Random Forest,Good,0.034594,0.824296,0.141111
2026-06-17,67.000000,ÇAMLIKULE,Caution,True,MULTI_PARAMETER_SUBSTANDARD,TEST,E3_AUGMENTED_TRAIN_MIXED_TEST,MixedTest,Random Forest,Caution,0.999143,0.000000,0.000857
2026-07-08,20.000000,GÜLTEPE,Caution,True,MULTI_PARAMETER_SUBSTANDARD,TEST,E3_AUGMENTED_TRAIN_MIXED_TEST,MixedTest,Random Forest,Caution,0.996204,0.000000,0.003796
2026-07-08,18.000000,BUCA,Good,False,REAL,REAL,E3_AUGMENTED_TRAIN_MIXED_TEST,MixedTest,Random Forest,Good,0.027203,0.822361,0.150437
2026-06-17,76.000000,GÜZELBAHÇE,Risk,True,C_PERFRINGENS_FAIL_FAST,TEST,E3_AUGMENTED_TRAIN_MIXED_TEST,MixedTest,Random Forest,Risk,0.000947,0.110835,0.888217
2026-07-01,70.000000,ÇAMLIK MAH,Good,False,REAL,REAL,E3_AUGMENTED_TRAIN_MIXED_TEST,MixedTest,Random Forest,Good,0.015624,0.844388,0.139988
2026-06-17,68.000000,AKINCILAR,Good,False,REAL,REAL,E3_AUGMENTED_TRAIN_MIXED_TEST,MixedTest,Random Forest,Good,0.021210,0.830744,0.148046
2026-07-01,67.000000,ÇAMLIKULE,Good,False,REAL,REAL,E3_AUGMENTED_TRAIN_MIXED_TEST,MixedTest,Random Forest,Good,0.027449,0.828491,0.144060
2026-07-01,60.000000,TOROS,Good,False,REAL,REAL,E3_AUGMENTED_TRAIN_MIXED_TEST,MixedTest,Random Forest,Good,0.035749,0.826112,0.138139
2026-07-29,14.000000,ESKİ İZMİR,Risk,True,E_COLI_FAIL_FAST,TEST,E3_AUGMENTED_TRAIN_MIXED_TEST,MixedTest,Random Forest,Risk,0.000895,0.172148,0.826957
2026-06-10,11.000000,YEŞİLYURT,Good,False,REAL,REAL,E3_AUGMENTED_TRAIN_MIXED_TEST,MixedTest,Random Forest,Good,0.017298,0.854727,0.127975
2026-06-10,30.000000,MANAVKUYU,Caution,True,AMMONIUM_NEAR_STANDARD,TEST,E3_AUGMENTED_TRAIN_MIXED_TEST,MixedTest,Random Forest,Caution,0.982791,0.007713,0.009496
2026-06-10,3.000000,KONAK,Risk,True,COLIFORM_FAIL_FAST,TEST,E3_AUGMENTED_TRAIN_MIXED_TEST,MixedTest,Random Forest,Risk,0.007407,0.213320,0.779273
2026-06-17,70.000000,ÇAMLIK MAH,Good,False,REAL,REAL,E3_AUGMENTED_TRAIN_MIXED_TEST,MixedTest,Random Forest,Good,0.018073,0.847821,0.134106
2026-07-29,25.000000,EVKA-3,Caution,True,NITRITE_SUBSTANDARD,TEST,E3_AUGMENTED_TRAIN_MIXED_TEST,MixedTest,Random Forest,Caution,0.861695,0.056459,0.081846
2026-06-10,18.000000,BUCA,Good,False,REAL,REAL,E3_AUGMENTED_TRAIN_MIXED_TEST,MixedTest,Random Forest,Good,0.028505,0.817568,0.153928
2026-07-08,11.000000,YEŞİLYURT,Good,False,REAL,REAL,E3_AUGMENTED_TRAIN_MIXED_TEST,MixedTest,Random Forest,Good,0.015498,0.839546,0.144957
2026-06-17,45.000000,CUMHURİYET MAH,Good,False,REAL,REAL,E3_AUGMENTED_TRAIN_MIXED_TEST,MixedTest,Random Forest,Good,0.034308,0.813104,0.152588
2026-06-24,16.000000,GEDİZ,Risk,True,E_COLI_FAIL_FAST,TEST,E3_AUGMENTED_TRAIN_MIXED_TEST,MixedTest,Random Forest,Risk,0.004284,0.162672,0.833044
2026-06-17,43.000000,POSTACI MAH,Risk,True,NITRITE_FAIL_FAST,TEST,E3_AUGMENTED_TRAIN_MIXED_TEST,MixedTest,Random Forest,Risk,0.214798,0.088038,0.697164
2026-07-29,19.000000,GÜLÇEŞME,Good,False,REAL,REAL,E3_AUGMENTED_TRAIN_MIXED_TEST,MixedTest,Random Forest,Good,0.017154,0.846394,0.136452
2026-07-22,55.000000,MEVLANA,Caution,True,AMMONIUM_NEAR_STANDARD,TEST,E3_AUGMENTED_TRAIN_MIXED_TEST,MixedTest,Random Forest,Caution,0.987165,0.011956,0.000879
2026-06-17,70.000000,ÇAMLIK MAH,Risk,True,E_COLI_FAIL_FAST,TEST,E3_AUGMENTED_TRAIN_MIXED_TEST,MixedTest,Random Forest,Risk,0.000895,0.172010,0.827095
2026-07-08,3.000000,KONAK,Risk,True,E_COLI_FAIL_FAST,TEST,E3_AUGMENTED_TRAIN_MIXED_TEST,MixedTest,Random Forest,Risk,0.003148,0.148995,0.847857
2026-07-29,30.000000,MANAVKUYU,Caution,True,AMMONIUM_NEAR_STANDARD,TEST,E3_AUGMENTED_TRAIN_MIXED_TEST,MixedTest,Random Forest,Caution,0.995060,0.004940,0.000000
2026-06-17,73.000000,BEYAZEVLER,Caution,True,NITRITE_SUBSTANDARD,TEST,E3_AUGMENTED_TRAIN_MIXED_TEST,MixedTest,Random Forest,Caution,0.651790,0.101284,0.246926
2026-07-29,3.000000,KONAK,Good,False,REAL,REAL,E3_AUGMENTED_TRAIN_MIXED_TEST,MixedTest,Random Forest,Good,0.036067,0.819691,0.144242
2026-07-29,14.000000,ESKİ İZMİR,Good,False,REAL,REAL,E3_AUGMENTED_TRAIN_MIXED_TEST,MixedTest,Random Forest,Good,0.016828,0.865057,0.118115
2026-07-08,27.000000,ATATÜRK MAH,Caution,True,MULTI_PARAMETER_SUBSTANDARD,TEST,E3_AUGMENTED_TRAIN_MIXED_TEST,MixedTest,Random Forest,Caution,0.999300,0.000000,0.000700
2026-06-17,72.000000,9 EYLÜL MAH,Risk,True,ARSENIC_FAIL_FAST,TEST,E3_AUGMENTED_TRAIN_MIXED_TEST,MixedTest,Random Forest,Risk,0.004855,0.200515,0.794630
2026-06-24,34.000000,ÇİĞLİ,Caution,True,MULTI_PARAMETER_SUBSTANDARD,TEST,E3_AUGMENTED_TRAIN_MIXED_TEST,MixedTest,Random Forest,Caution,1.000000,0.000000,0.000000
2026-06-17,75.000000,CENNETÇEŞME,Risk,True,C_PERFRINGENS_FAIL_FAST,TEST,E3_AUGMENTED_TRAIN_MIXED_TEST,MixedTest,Random Forest,Risk,0.002114,0.125283,0.872602
2026-07-01,80.000000,KADİFEKALE,Risk,True,ARSENIC_FAIL_FAST,TEST,E3_AUGMENTED_TRAIN_MIXED_TEST,MixedTest,Random Forest,Risk,0.012276,0.219814,0.767910
2026-06-10,22.000000,ÇAMDİBİ,Caution,True,NITRITE_SUBSTANDARD,TEST,E3_AUGMENTED_TRAIN_MIXED_TEST,MixedTest,Random Forest,Caution,0.834546,0.062161,0.103292
2026-07-29,22.000000,ÇAMDİBİ,Caution,True,MULTI_PARAMETER_SUBSTANDARD,TEST,E3_AUGMENTED_TRAIN_MIXED_TEST,MixedTest,Random Forest,Caution,0.996667,0.002158,0.001176
2026-06-10,15.000000,GAZİEMİR,Caution,True,MULTI_PARAMETER_SUBSTANDARD,TEST,E3_AUGMENTED_TRAIN_MIXED_TEST,MixedTest,Random Forest,Caution,1.000000,0.000000,0.000000
2026-07-22,72.000000,9 EYLÜL MAH,Good,False,REAL,REAL,E3_AUGMENTED_TRAIN_MIXED_TEST,MixedTest,Random Forest,Good,0.017279,0.854010,0.128710
2026-07-08,17.000000,ŞİRİNYER,Good,False,REAL,REAL,E3_AUGMENTED_TRAIN_MIXED_TEST,MixedTest,Random Forest,Good,0.027203,0.822361,0.150437
2026-06-17,48.000000,EGEKENT-2,Good,False,REAL,REAL,E3_AUGMENTED_TRAIN_MIXED_TEST,MixedTest,Random Forest,Good,0.047220,0.722525,0.230255
2026-07-29,20.000000,GÜLTEPE,Good,False,REAL,REAL,E3_AUGMENTED_TRAIN_MIXED_TEST,MixedTest,Random Forest,Good,0.021376,0.845720,0.132904
2026-07-22,48.000000,EGEKENT-2,Good,False,REAL,REAL,E3_AUGMENTED_TRAIN_MIXED_TEST,MixedTest,Random Forest,Good,0.045811,0.716797,0.237392
2026-06-17,61.000000,LEVENT,Caution,True,NITRITE_SUBSTANDARD,TEST,E3_AUGMENTED_TRAIN_MIXED_TEST,MixedTest,Random Forest,Caution,0.774334,0.101826,0.123840
2026-07-01,45.000000,CUMHURİYET MAH,Caution,True,MULTI_PARAMETER_SUBSTANDARD,TEST,E3_AUGMENTED_TRAIN_MIXED_TEST,MixedTest,Random Forest,Caution,1.000000,0.000000,0.000000
2026-06-24,36.000000,ŞEMİKLER,Good,False,REAL,REAL,E3_AUGMENTED_TRAIN_MIXED_TEST,MixedTest,Random Forest,Good,0.033957,0.824910,0.141133
2026-06-17,59.000000,ÇANKAYA,Good,False,REAL,REAL,E3_AUGMENTED_TRAIN_MIXED_TEST,MixedTest,Random Forest,Good,0.037312,0.808745,0.153942
2026-06-10,33.000000,BALATÇIK,Risk,True,C_PERFRINGENS_FAIL_FAST,TEST,E3_AUGMENTED_TRAIN_MIXED_TEST,MixedTest,Random Forest,Risk,0.010241,0.121318,0.868441
2026-06-10,3.000000,KONAK,Good,False,REAL,REAL,E3_AUGMENTED_TRAIN_MIXED_TEST,MixedTest,Random Forest,Good,0.035131,0.793163,0.171706
2026-06-10,28.000000,OSMANGAZİ,Risk,True,COLIFORM_FAIL_FAST,TEST,E3_AUGMENTED_TRAIN_MIXED_TEST,MixedTest,Random Forest,Risk,0.008821,0.198528,0.792651
2026-07-08,38.000000,EVKA-2,Risk,True,E_COLI_FAIL_FAST,TEST,E3_AUGMENTED_TRAIN_MIXED_TEST,MixedTest,Random Forest,Risk,0.000808,0.149250,0.849942
2026-06-17,54.000000,YEŞİLÇAM,Good,False,REAL,REAL,E3_AUGMENTED_TRAIN_MIXED_TEST,MixedTest,Random Forest,Good,0.026920,0.818383,0.154697
2026-06-24,8.000000,GÜZELYALI,Good,False,REAL,REAL,E3_AUGMENTED_TRAIN_MIXED_TEST,MixedTest,Random Forest,Good,0.023083,0.847012,0.129905
2026-07-22,80.000000,KADİFEKALE,Good,False,REAL,REAL,E3_AUGMENTED_TRAIN_MIXED_TEST,MixedTest,Random Forest,Good,0.012510,0.859049,0.128441
2026-06-10,39.000000,ÖRNEKKÖY,Good,False,REAL,REAL,E3_AUGMENTED_TRAIN_MIXED_TEST,MixedTest,Random Forest,Good,0.033594,0.742938,0.223468
2026-06-17,42.000000,YAMANLAR,Caution,True,NITRITE_SUBSTANDARD,TEST,E3_AUGMENTED_TRAIN_MIXED_TEST,MixedTest,Random Forest,Caution,0.762118,0.089122,0.148760
2026-07-08,30.000000,MANAVKUYU,Risk,True,ARSENIC_FAIL_FAST,TEST,E3_AUGMENTED_TRAIN_MIXED_TEST,MixedTest,Random Forest,Risk,0.009800,0.229338,0.760863
2026-06-24,21.000000,ALTINDAĞ,Good,False,REAL,REAL,E3_AUGMENTED_TRAIN_MIXED_TEST,MixedTest,Random Forest,Good,0.028505,0.821288,0.150207
2026-07-08,40.000000,GÜMÜŞPALA,Caution,True,MULTI_PARAMETER_SUBSTANDARD,TEST,E3_AUGMENTED_TRAIN_MIXED_TEST,MixedTest,Random Forest,Caution,1.000000,0.000000,0.000000
2026-06-24,30.000000,MANAVKUYU,Risk,True,C_PERFRINGENS_FAIL_FAST,TEST,E3_AUGMENTED_TRAIN_MIXED_TEST,MixedTest,Random Forest,Risk,0.005900,0.129770,0.864330
2026-06-17,57.000000,MERSİNLİ,Good,False,REAL,REAL,E3_AUGMENTED_TRAIN_MIXED_TEST,MixedTest,Random Forest,Good,0.032552,0.808926,0.158522
2026-06-10,20.000000,GÜLTEPE,Caution,True,AMMONIUM_NEAR_STANDARD,TEST,E3_AUGMENTED_TRAIN_MIXED_TEST,MixedTest,Random Forest,Caution,0.991727,0.005309,0.002964
2026-06-24,33.000000,BALATÇIK,Caution,True,NITRITE_SUBSTANDARD,TEST,E3_AUGMENTED_TRAIN_MIXED_TEST,MixedTest,Random Forest,Caution,0.652510,0.108094,0.239396
2026-07-29,34.000000,ÇİĞLİ,Caution,True,AMMONIUM_NEAR_STANDARD,TEST,E3_AUGMENTED_TRAIN_MIXED_TEST,MixedTest,Random Forest,Caution,0.992353,0.007198,0.000449
2026-06-10,17.000000,ŞİRİNYER,Good,False,REAL,REAL,E3_AUGMENTED_TRAIN_MIXED_TEST,MixedTest,Random Forest,Good,0.028853,0.813454,0.157693
2026-06-17,69.000000,UĞUR MUMCU MAH,Caution,True,NITRITE_SUBSTANDARD,TEST,E3_AUGMENTED_TRAIN_MIXED_TEST,MixedTest,Random Forest,Caution,0.860214,0.060409,0.079377
2026-06-24,18.000000,BUCA,Good,False,REAL,REAL,E3_AUGMENTED_TRAIN_MIXED_TEST,MixedTest,Random Forest,Good,0.028853,0.816685,0.154462
2026-07-01,71.000000,AKTEPE,Risk,True,E_COLI_FAIL_FAST,TEST,E3_AUGMENTED_TRAIN_MIXED_TEST,MixedTest,Random Forest,Risk,0.000895,0.173937,0.825168
2026-06-17,69.000000,UĞUR MUMCU MAH,Caution,True,NITRITE_SUBSTANDARD,TEST,E3_AUGMENTED_TRAIN_MIXED_TEST,MixedTest,Random Forest,Caution,0.832935,0.075765,0.091299
2026-07-08,22.000000,ÇAMDİBİ,Good,False,REAL,REAL,E3_AUGMENTED_TRAIN_MIXED_TEST,MixedTest,Random Forest,Good,0.026832,0.845459,0.127708
2026-07-22,59.000000,ÇANKAYA,Caution,True,NITRITE_SUBSTANDARD,TEST,E3_AUGMENTED_TRAIN_MIXED_TEST,MixedTest,Random Forest,Caution,0.787071,0.097365,0.115565
2026-07-01,41.000000,DOĞANÇAY,Risk,True,ARSENIC_FAIL_FAST,TEST,E3_AUGMENTED_TRAIN_MIXED_TEST,MixedTest,Random Forest,Risk,0.003263,0.196193,0.800544
2026-07-01,66.000000,KOZAĞAÇ,Good,False,REAL,REAL,E3_AUGMENTED_TRAIN_MIXED_TEST,MixedTest,Random Forest,Good,0.027594,0.818328,0.154078
2026-07-01,56.000000,YEŞİLOVA,Caution,True,NITRITE_SUBSTANDARD,TEST,E3_AUGMENTED_TRAIN_MIXED_TEST,MixedTest,Random Forest,Caution,0.800671,0.091893,0.107436
2026-06-17,74.000000,UZUNDERE,Risk,True,NITRITE_FAIL_FAST,TEST,E3_AUGMENTED_TRAIN_MIXED_TEST,MixedTest,Random Forest,Risk,0.118136,0.086261,0.795604
2026-07-29,38.000000,EVKA-2,Caution,True,NITRITE_SUBSTANDARD,TEST,E3_AUGMENTED_TRAIN_MIXED_TEST,MixedTest,Random Forest,Caution,0.798215,0.091803,0.109982
2026-06-10,9.000000,HATAY,Caution,True,NITRITE_SUBSTANDARD,TEST,E3_AUGMENTED_TRAIN_MIXED_TEST,MixedTest,Random Forest,Caution,0.794015,0.082395,0.123590
2026-06-17,60.000000,TOROS,Good,False,REAL,REAL,E3_AUGMENTED_TRAIN_MIXED_TEST,MixedTest,Random Forest,Good,0.030649,0.802822,0.166529
2026-06-10,23.000000,IŞIKKENT,Risk,True,NITRITE_FAIL_FAST,TEST,E3_AUGMENTED_TRAIN_MIXED_TEST,MixedTest,Random Forest,Risk,0.122939,0.082127,0.794934
2026-06-17,55.000000,MEVLANA,Good,False,REAL,REAL,E3_AUGMENTED_TRAIN_MIXED_TEST,MixedTest,Random Forest,Good,0.026687,0.819849,0.153464
2026-07-08,30.000000,MANAVKUYU,Good,False,REAL,REAL,E3_AUGMENTED_TRAIN_MIXED_TEST,MixedTest,Random Forest,Good,0.062249,0.761919,0.175832
2026-07-22,47.000000,EVKA-5,Good,False,REAL,REAL,E3_AUGMENTED_TRAIN_MIXED_TEST,MixedTest,Random Forest,Good,0.046750,0.725380,0.227870
2026-06-10,28.000000,OSMANGAZİ,Risk,True,COLIFORM_FAIL_FAST,TEST,E3_AUGMENTED_TRAIN_MIXED_TEST,MixedTest,Random Forest,Risk,0.008821,0.198528,0.792651
2026-07-22,44.000000,YAMAÇ MAH,Good,False,REAL,REAL,E3_AUGMENTED_TRAIN_MIXED_TEST,MixedTest,Random Forest,Good,0.036291,0.809771,0.153938
2026-07-08,25.000000,EVKA-3,Good,False,REAL,REAL,E3_AUGMENTED_TRAIN_MIXED_TEST,MixedTest,Random Forest,Good,0.030868,0.835176,0.133956
2026-06-17,64.000000,ADATEPE,Good,False,REAL,REAL,E3_AUGMENTED_TRAIN_MIXED_TEST,MixedTest,Random Forest,Good,0.017460,0.835104,0.147436
2026-06-17,53.000000,NALDÖKEN,Good,False,REAL,REAL,E3_AUGMENTED_TRAIN_MIXED_TEST,MixedTest,Random Forest,Good,0.021472,0.843679,0.134849
2026-06-24,20.000000,GÜLTEPE,Caution,True,AMMONIUM_NEAR_STANDARD,TEST,E3_AUGMENTED_TRAIN_MIXED_TEST,MixedTest,Random Forest,Caution,0.997531,0.002469,0.000000
2026-07-29,17.000000,ŞİRİNYER,Caution,True,MULTI_PARAMETER_SUBSTANDARD,TEST,E3_AUGMENTED_TRAIN_MIXED_TEST,MixedTest,Random Forest,Caution,0.999143,0.000000,0.000857
2026-07-01,47.000000,EVKA-5,Caution,True,AMMONIUM_NEAR_STANDARD,TEST,E3_AUGMENTED_TRAIN_MIXED_TEST,MixedTest,Random Forest,Caution,0.992353,0.007198,0.000449
2026-06-10,25.000000,EVKA-3,Good,False,REAL,REAL,E3_AUGMENTED_TRAIN_MIXED_TEST,MixedTest,Random Forest,Good,0.022722,0.828882,0.148396
2026-06-10,15.000000,GAZİEMİR,Caution,True,NITRITE_SUBSTANDARD,TEST,E3_AUGMENTED_TRAIN_MIXED_TEST,MixedTest,Random Forest,Caution,0.779822,0.090527,0.129650
2026-07-08,16.000000,GEDİZ,Good,False,REAL,REAL,E3_AUGMENTED_TRAIN_MIXED_TEST,MixedTest,Random Forest,Good,0.026557,0.826225,0.147217
2026-06-24,35.000000,BOSTANLI,Caution,True,NITRITE_SUBSTANDARD,TEST,E3_AUGMENTED_TRAIN_MIXED_TEST,MixedTest,Random Forest,Caution,0.778569,0.086711,0.134720
2026-07-22,51.000000,ÇAY MAH,Good,False,REAL,REAL,E3_AUGMENTED_TRAIN_MIXED_TEST,MixedTest,Random Forest,Good,0.033892,0.819524,0.146583
2026-07-01,50.000000,CENGİZHAN,Risk,True,E_COLI_FAIL_FAST,TEST,E3_AUGMENTED_TRAIN_MIXED_TEST,MixedTest,Random Forest,Risk,0.000763,0.162121,0.837116
2026-06-24,20.000000,GÜLTEPE,Caution,True,NITRITE_SUBSTANDARD,TEST,E3_AUGMENTED_TRAIN_MIXED_TEST,MixedTest,Random Forest,Caution,0.789599,0.088394,0.122007
2026-07-22,75.000000,CENNETÇEŞME,Risk,True,C_PERFRINGENS_FAIL_FAST,TEST,E3_AUGMENTED_TRAIN_MIXED_TEST,MixedTest,Random Forest,Risk,0.000196,0.115520,0.884284
2026-06-24,39.000000,ÖRNEKKÖY,Caution,True,NITRITE_SUBSTANDARD,TEST,E3_AUGMENTED_TRAIN_MIXED_TEST,MixedTest,Random Forest,Caution,0.790834,0.083177,0.125989
2026-06-24,37.000000,KARŞIYAKA,Caution,True,NITRITE_SUBSTANDARD,TEST,E3_AUGMENTED_TRAIN_MIXED_TEST,MixedTest,Random Forest,Caution,0.779949,0.094652,0.125399
2026-06-24,2.000000,YENİŞEHİR,Caution,True,MULTI_PARAMETER_SUBSTANDARD,TEST,E3_AUGMENTED_TRAIN_MIXED_TEST,MixedTest,Random Forest,Caution,0.998899,0.000000,0.001101
2026-07-08,3.000000,KONAK,Good,False,REAL,REAL,E3_AUGMENTED_TRAIN_MIXED_TEST,MixedTest,Random Forest,Good,0.037726,0.799160,0.163114
2026-07-01,62.000000,UFUK MAH,Good,False,REAL,REAL,E3_AUGMENTED_TRAIN_MIXED_TEST,MixedTest,Random Forest,Good,0.035840,0.827213,0.136948
2026-07-08,5.000000,NARLIDERE,Good,False,REAL,REAL,E3_AUGMENTED_TRAIN_MIXED_TEST,MixedTest,Random Forest,Good,0.021533,0.839645,0.138823
2026-07-29,34.000000,ÇİĞLİ,Risk,True,NITRITE_FAIL_FAST,TEST,E3_AUGMENTED_TRAIN_MIXED_TEST,MixedTest,Random Forest,Risk,0.236818,0.091051,0.672131
2026-06-24,29.000000,ÖZKANLAR,Good,False,REAL,REAL,E3_AUGMENTED_TRAIN_MIXED_TEST,MixedTest,Random Forest,Good,0.033166,0.823443,0.143390
2026-06-17,42.000000,YAMANLAR,Risk,True,NITRITE_FAIL_FAST,TEST,E3_AUGMENTED_TRAIN_MIXED_TEST,MixedTest,Random Forest,Risk,0.215193,0.089801,0.695006
2026-06-24,17.000000,ŞİRİNYER,Good,False,REAL,REAL,E3_AUGMENTED_TRAIN_MIXED_TEST,MixedTest,Random Forest,Good,0.027594,0.814024,0.158382
2026-07-08,24.000000,PINARBAŞI,Caution,True,NITRITE_SUBSTANDARD,TEST,E3_AUGMENTED_TRAIN_MIXED_TEST,MixedTest,Random Forest,Caution,0.773428,0.086277,0.140295
2026-07-29,16.000000,GEDİZ,Good,False,REAL,REAL,E3_AUGMENTED_TRAIN_MIXED_TEST,MixedTest,Random Forest,Good,0.022561,0.845412,0.132028
2026-07-01,52.000000,İZYUVA,Good,False,REAL,REAL,E3_AUGMENTED_TRAIN_MIXED_TEST,MixedTest,Random Forest,Good,0.017026,0.864496,0.118478
2026-07-08,24.000000,PINARBAŞI,Risk,True,E_COLI_FAIL_FAST,TEST,E3_AUGMENTED_TRAIN_MIXED_TEST,MixedTest,Random Forest,Risk,0.000319,0.131415,0.868266
2026-06-10,24.000000,PINARBAŞI,Good,False,REAL,REAL,E3_AUGMENTED_TRAIN_MIXED_TEST,MixedTest,Random Forest,Good,0.021457,0.825057,0.153486
2026-07-22,46.000000,GÜZELTEPE,Good,False,REAL,REAL,E3_AUGMENTED_TRAIN_MIXED_TEST,MixedTest,Random Forest,Good,0.045811,0.717110,0.237079
2026-06-17,78.000000,İNCİRALTI,Good,False,REAL,REAL,E3_AUGMENTED_TRAIN_MIXED_TEST,MixedTest,Random Forest,Good,0.021594,0.850476,0.127931
2026-06-24,37.000000,KARŞIYAKA,Good,False,REAL,REAL,E3_AUGMENTED_TRAIN_MIXED_TEST,MixedTest,Random Forest,Good,0.035439,0.823813,0.140748
2026-06-17,51.000000,ÇAY MAH,Caution,True,NITRITE_SUBSTANDARD,TEST,E3_AUGMENTED_TRAIN_MIXED_TEST,MixedTest,Random Forest,Caution,0.764321,0.089801,0.145878
2026-07-01,46.000000,GÜZELTEPE,Caution,True,AMMONIUM_NEAR_STANDARD,TEST,E3_AUGMENTED_TRAIN_MIXED_TEST,MixedTest,Random Forest,Caution,0.992353,0.007198,0.000449
2026-07-08,32.000000,EGEKENT,Risk,True,ARSENIC_FAIL_FAST,TEST,E3_AUGMENTED_TRAIN_MIXED_TEST,MixedTest,Random Forest,Risk,0.006650,0.195197,0.798152
2026-06-24,33.000000,BALATÇIK,Good,False,REAL,REAL,E3_AUGMENTED_TRAIN_MIXED_TEST,MixedTest,Random Forest,Good,0.035538,0.798884,0.165577
